  0
SECTION
  2
HEADER
  9
$ACADVER
  1
AC1024
  9
$ACADMAINTVER
 70
     6
  9
$DWGCODEPAGE
  3
ANSI_1252
  9
$INSBASE
 10
0.0
 20
0.0
 30
0.0
  9
$EXTMIN
 10
-691.141902155487
 20
-140.748792544279
 30
0.0
  9
$EXTMAX
 10
840.399701117934
 20
499.709174350583
 30
0.0
  9
$LIMMIN
 10
0.0
 20
0.0
  9
$LIMMAX
 10
420.0
 20
297.0
  9
$ORTHOMODE
 70
     0
  9
$REGENMODE
 70
     1
  9
$FILLMODE
 70
     1
  9
$QTEXTMODE
 70
     0
  9
$MIRRTEXT
 70
     1
  9
$LTSCALE
 40
5.0
  9
$ATTMODE
 70
     1
  9
$TEXTSIZE
 40
2.5
  9
$TRACEWID
 40
1.0
  9
$TEXTSTYLE
  7
Standard
  9
$CLAYER
  8
0
  9
$CELTYPE
  6
ByLayer
  9
$CECOLOR
 62
   256
  9
$CELTSCALE
 40
1.0
  9
$DISPSILH
 70
     0
  9
$DIMSCALE
 40
1.0
  9
$DIMASZ
 40
2.5
  9
$DIMEXO
 40
0.625
  9
$DIMDLI
 40
3.75
  9
$DIMRND
 40
0.0
  9
$DIMDLE
 40
0.0
  9
$DIMEXE
 40
1.25
  9
$DIMTP
 40
0.0
  9
$DIMTM
 40
0.0
  9
$DIMTXT
 40
2.5
  9
$DIMCEN
 40
2.5
  9
$DIMTSZ
 40
0.0
  9
$DIMTOL
 70
     0
  9
$DIMLIM
 70
     0
  9
$DIMTIH
 70
     0
  9
$DIMTOH
 70
     0
  9
$DIMSE1
 70
     0
  9
$DIMSE2
 70
     0
  9
$DIMTAD
 70
     1
  9
$DIMZIN
 70
     8
  9
$DIMBLK
  1

  9
$DIMASO
 70
     1
  9
$DIMSHO
 70
     1
  9
$DIMPOST
  1

  9
$DIMAPOST
  1

  9
$DIMALT
 70
     0
  9
$DIMALTD
 70
     3
  9
$DIMALTF
 40
0.03937007874
  9
$DIMLFAC
 40
1.0
  9
$DIMTOFL
 70
     1
  9
$DIMTVP
 40
0.0
  9
$DIMTIX
 70
     0
  9
$DIMSOXD
 70
     0
  9
$DIMSAH
 70
     0
  9
$DIMBLK1
  1

  9
$DIMBLK2
  1

  9
$DIMSTYLE
  2
ISO-25
  9
$DIMCLRD
 70
     0
  9
$DIMCLRE
 70
     0
  9
$DIMCLRT
 70
     0
  9
$DIMTFAC
 40
1.0
  9
$DIMGAP
 40
0.625
  9
$DIMJUST
 70
     0
  9
$DIMSD1
 70
     0
  9
$DIMSD2
 70
     0
  9
$DIMTOLJ
 70
     0
  9
$DIMTZIN
 70
     8
  9
$DIMALTZ
 70
     0
  9
$DIMALTTZ
 70
     0
  9
$DIMUPT
 70
     0
  9
$DIMDEC
 70
     2
  9
$DIMTDEC
 70
     2
  9
$DIMALTU
 70
     2
  9
$DIMALTTD
 70
     3
  9
$DIMTXSTY
  7
Standard
  9
$DIMAUNIT
 70
     0
  9
$DIMADEC
 70
     0
  9
$DIMALTRND
 40
0.0
  9
$DIMAZIN
 70
     0
  9
$DIMDSEP
 70
    44
  9
$DIMATFIT
 70
     3
  9
$DIMFRAC
 70
     0
  9
$DIMLDRBLK
  1

  9
$DIMLUNIT
 70
     2
  9
$DIMLWD
 70
    -2
  9
$DIMLWE
 70
    -2
  9
$DIMTMOVE
 70
     0
  9
$DIMFXL
 40
1.0
  9
$DIMFXLON
 70
     0
  9
$DIMJOGANG
 40
0.785398163397
  9
$DIMTFILL
 70
     0
  9
$DIMTFILLCLR
 70
     0
  9
$DIMARCSYM
 70
     0
  9
$DIMLTYPE
  6

  9
$DIMLTEX1
  6

  9
$DIMLTEX2
  6

  9
$DIMTXTDIRECTION
 70
     0
  9
$LUNITS
 70
     2
  9
$LUPREC
 70
     4
  9
$SKETCHINC
 40
1.0
  9
$FILLETRAD
 40
10.0
  9
$AUNITS
 70
     0
  9
$AUPREC
 70
     0
  9
$MENU
  1
.
  9
$ELEVATION
 40
0.0
  9
$PELEVATION
 40
0.0
  9
$THICKNESS
 40
0.0
  9
$LIMCHECK
 70
     0
  9
$CHAMFERA
 40
0.0
  9
$CHAMFERB
 40
0.0
  9
$CHAMFERC
 40
0.0
  9
$CHAMFERD
 40
0.0
  9
$SKPOLY
 70
     0
  9
$TDCREATE
 40
2458002.484542928
  9
$TDUCREATE
 40
2458002.401209595
  9
$TDUPDATE
 40
2458002.48454618
  9
$TDUUPDATE
 40
2458002.401212847
  9
$TDINDWG
 40
0.0000000116
  9
$TDUSRTIMER
 40
0.0000000116
  9
$USRTIMER
 70
     1
  9
$ANGBASE
 50
0.0
  9
$ANGDIR
 70
     0
  9
$PDMODE
 70
     2
  9
$PDSIZE
 40
1.0
  9
$PLINEWID
 40
0.0
  9
$SPLFRAME
 70
     0
  9
$SPLINETYPE
 70
     6
  9
$SPLINESEGS
 70
     8
  9
$HANDSEED
  5
347
  9
$SURFTAB1
 70
     6
  9
$SURFTAB2
 70
     6
  9
$SURFTYPE
 70
     6
  9
$SURFU
 70
     6
  9
$SURFV
 70
     6
  9
$UCSBASE
  2

  9
$UCSNAME
  2

  9
$UCSORG
 10
0.0
 20
0.0
 30
0.0
  9
$UCSXDIR
 10
1.0
 20
0.0
 30
0.0
  9
$UCSYDIR
 10
0.0
 20
1.0
 30
0.0
  9
$UCSORTHOREF
  2

  9
$UCSORTHOVIEW
 70
     0
  9
$UCSORGTOP
 10
0.0
 20
0.0
 30
0.0
  9
$UCSORGBOTTOM
 10
0.0
 20
0.0
 30
0.0
  9
$UCSORGLEFT
 10
0.0
 20
0.0
 30
0.0
  9
$UCSORGRIGHT
 10
0.0
 20
0.0
 30
0.0
  9
$UCSORGFRONT
 10
0.0
 20
0.0
 30
0.0
  9
$UCSORGBACK
 10
0.0
 20
0.0
 30
0.0
  9
$PUCSBASE
  2

  9
$PUCSNAME
  2

  9
$PUCSORG
 10
0.0
 20
0.0
 30
0.0
  9
$PUCSXDIR
 10
1.0
 20
0.0
 30
0.0
  9
$PUCSYDIR
 10
0.0
 20
1.0
 30
0.0
  9
$PUCSORTHOREF
  2

  9
$PUCSORTHOVIEW
 70
     0
  9
$PUCSORGTOP
 10
0.0
 20
0.0
 30
0.0
  9
$PUCSORGBOTTOM
 10
0.0
 20
0.0
 30
0.0
  9
$PUCSORGLEFT
 10
0.0
 20
0.0
 30
0.0
  9
$PUCSORGRIGHT
 10
0.0
 20
0.0
 30
0.0
  9
$PUCSORGFRONT
 10
0.0
 20
0.0
 30
0.0
  9
$PUCSORGBACK
 10
0.0
 20
0.0
 30
0.0
  9
$USERI1
 70
     0
  9
$USERI2
 70
     0
  9
$USERI3
 70
     0
  9
$USERI4
 70
     0
  9
$USERI5
 70
     0
  9
$USERR1
 40
0.0
  9
$USERR2
 40
0.0
  9
$USERR3
 40
0.0
  9
$USERR4
 40
0.0
  9
$USERR5
 40
0.0
  9
$WORLDVIEW
 70
     1
  9
$SHADEDGE
 70
     3
  9
$SHADEDIF
 70
    70
  9
$TILEMODE
 70
     1
  9
$MAXACTVP
 70
    64
  9
$PINSBASE
 10
0.0
 20
0.0
 30
0.0
  9
$PLIMCHECK
 70
     0
  9
$PEXTMIN
 10
1.000000000000E+20
 20
1.000000000000E+20
 30
1.000000000000E+20
  9
$PEXTMAX
 10
-1.000000000000E+20
 20
-1.000000000000E+20
 30
-1.000000000000E+20
  9
$PLIMMIN
 10
0.0
 20
0.0
  9
$PLIMMAX
 10
420.0
 20
297.0
  9
$UNITMODE
 70
     0
  9
$VISRETAIN
 70
     1
  9
$PLINEGEN
 70
     0
  9
$PSLTSCALE
 70
     1
  9
$TREEDEPTH
 70
  3020
  9
$CMLSTYLE
  2
Standard
  9
$CMLJUST
 70
     0
  9
$CMLSCALE
 40
20.0
  9
$PROXYGRAPHICS
 70
     1
  9
$MEASUREMENT
 70
     1
  9
$CELWEIGHT
370
    -1
  9
$ENDCAPS
280
     0
  9
$JOINSTYLE
280
     0
  9
$LWDISPLAY
290
     0
  9
$INSUNITS
 70
     4
  9
$HYPERLINKBASE
  1

  9
$STYLESHEET
  1

  9
$XEDIT
290
     1
  9
$CEPSNTYPE
380
     0
  9
$PSTYLEMODE
290
     1
  9
$FINGERPRINTGUID
  2
{A7519385-93B2-4726-A056-DCC9DFCC7D00}
  9
$VERSIONGUID
  2
{FAEB1C32-E019-11D5-929B-00C0DF256EC4}
  9
$EXTNAMES
290
     1
  9
$PSVPSCALE
 40
0.0
  9
$OLESTARTUP
290
     0
  9
$SORTENTS
280
   127
  9
$INDEXCTL
280
     0
  9
$HIDETEXT
280
     1
  9
$XCLIPFRAME
280
     2
  9
$HALOGAP
280
     0
  9
$OBSCOLOR
 70
   257
  9
$OBSLTYPE
280
     0
  9
$INTERSECTIONDISPLAY
280
     0
  9
$INTERSECTIONCOLOR
 70
   257
  9
$DIMASSOC
280
     2
  9
$PROJECTNAME
  1

  9
$CAMERADISPLAY
290
     0
  9
$LENSLENGTH
 40
50.0
  9
$CAMERAHEIGHT
 40
0.0
  9
$STEPSPERSEC
 40
2.0
  9
$STEPSIZE
 40
6.0
  9
$3DDWFPREC
 40
2.0
  9
$PSOLWIDTH
 40
5.0
  9
$PSOLHEIGHT
 40
80.0
  9
$LOFTANG1
 40
1.570796326795
  9
$LOFTANG2
 40
1.570796326795
  9
$LOFTMAG1
 40
0.0
  9
$LOFTMAG2
 40
0.0
  9
$LOFTPARAM
 70
     7
  9
$LOFTNORMALS
280
     1
  9
$LATITUDE
 40
37.795
  9
$LONGITUDE
 40
-122.394
  9
$NORTHDIRECTION
 40
0.0
  9
$TIMEZONE
 70
 -8000
  9
$LIGHTGLYPHDISPLAY
280
     1
  9
$TILEMODELIGHTSYNCH
280
     1
  9
$CMATERIAL
347
44
  9
$SOLIDHIST
280
     0
  9
$SHOWHIST
280
     1
  9
$DWFFRAME
280
     2
  9
$DGNFRAME
280
     2
  9
$REALWORLDSCALE
290
     1
  9
$INTERFERECOLOR
 62
   256
  9
$CSHADOW
280
     0
  9
$SHADOWPLANELOCATION
 40
0.0
  0
ENDSEC
  0
SECTION
  2
CLASSES
  0
CLASS
  1
ACDBDICTIONARYWDFLT
  2
AcDbDictionaryWithDefault
  3
ObjectDBX Classes
 90
        0
 91
        4
280
     0
281
     0
  0
CLASS
  1
VISUALSTYLE
  2
AcDbVisualStyle
  3
ObjectDBX Classes
 90
     4095
 91
        4
280
     0
281
     0
  0
CLASS
  1
MATERIAL
  2
AcDbMaterial
  3
ObjectDBX Classes
 90
     1153
 91
        4
280
     0
281
     0
  0
CLASS
  1
SCALE
  2
AcDbScale
  3
ObjectDBX Classes
 90
     1153
 91
        4
280
     0
281
     0
  0
CLASS
  1
TABLESTYLE
  2
AcDbTableStyle
  3
ObjectDBX Classes
 90
     4095
 91
        4
280
     0
281
     0
  0
CLASS
  1
MLEADERSTYLE
  2
AcDbMLeaderStyle
  3
ACDB_MLEADERSTYLE_CLASS
 90
     4095
 91
        4
280
     0
281
     0
  0
CLASS
  1
SUN
  2
AcDbSun
  3
SCENEOE
 90
     1153
 91
        4
280
     0
281
     0
  0
CLASS
  1
WIPEOUT
  2
AcDbWipeout
  3
WipeOut|AutoCAD Express Tool|expresstools@autodesk.com
 90
      127
 91
        4
280
     0
281
     1
  0
CLASS
  1
DICTIONARYVAR
  2
AcDbDictionaryVar
  3
ObjectDBX Classes
 90
        0
 91
        4
280
     0
281
     0
  0
CLASS
  1
CELLSTYLEMAP
  2
AcDbCellStyleMap
  3
ObjectDBX Classes
 90
     1152
 91
        4
280
     0
281
     0
  0
CLASS
  1
WIPEOUTVARIABLES
  2
AcDbWipeoutVariables
  3
WipeOut|AutoCAD Express Tool|expresstools@autodesk.com
 90
        0
 91
        4
280
     0
281
     0
  0
ENDSEC
  0
SECTION
  2
TABLES
  0
TABLE
  2
VPORT
  5
8
330
0
100
AcDbSymbolTable
 70
     1
  0
VPORT
  5
29
330
8
100
AcDbSymbolTableRecord
100
AcDbViewportTableRecord
  2
*Active
 70
     0
 10
0.0
 20
0.0
 11
1.0
 21
1.0
 12
74.628899481224
 22
179.480190903152
 13
0.0
 23
0.0
 14
10.0
 24
10.0
 15
10.0
 25
10.0
 16
0.0
 26
0.0
 36
1.0
 17
0.0
 27
0.0
 37
0.0
 40
640.457966894862
 41
2.391322588583
 42
50.0
 43
0.0
 44
0.0
 50
0.0
 51
0.0
 71
     0
 72
   100
 73
     1
 74
     3
 75
     0
 76
     0
 77
     0
 78
     0
281
     0
 65
     1
110
0.0
120
0.0
130
0.0
111
1.0
121
0.0
131
0.0
112
0.0
122
1.0
132
0.0
 79
     0
146
0.0
348
2F
 60
     3
 61
     5
292
     1
282
     1
141
0.0
142
0.0
 63
   250
361
6D
  0
ENDTAB
  0
TABLE
  2
LTYPE
  5
5
330
0
100
AcDbSymbolTable
 70
     4
  0
LTYPE
  5
14
330
5
100
AcDbSymbolTableRecord
100
AcDbLinetypeTableRecord
  2
ByBlock
 70
     0
  3

 72
    65
 73
     0
 40
0.0
  0
LTYPE
  5
15
330
5
100
AcDbSymbolTableRecord
100
AcDbLinetypeTableRecord
  2
ByLayer
 70
     0
  3

 72
    65
 73
     0
 40
0.0
  0
LTYPE
  5
16
330
5
100
AcDbSymbolTableRecord
100
AcDbLinetypeTableRecord
  2
Continuous
 70
     0
  3
Solid line
 72
    65
 73
     0
 40
0.0
  0
LTYPE
  5
6E
330
5
100
AcDbSymbolTableRecord
100
AcDbLinetypeTableRecord
  2
AUSGEZOGEN
 70
     0
  3

 72
    65
 73
     0
 40
0.0
  0
LTYPE
  5
6F
330
5
100
AcDbSymbolTableRecord
100
AcDbLinetypeTableRecord
  2
DASHED
 70
     0
  3

 72
    65
 73
     2
 40
0.75
 49
0.5
 74
     0
 49
-0.25
 74
     0
  0
LTYPE
  5
71
330
5
100
AcDbSymbolTableRecord
100
AcDbLinetypeTableRecord
  2
DASHDOT
 70
     0
  3

 72
    65
 73
     4
 40
1.0
 49
0.5
 74
     0
 49
-0.25
 74
     0
 49
0.0
 74
     0
 49
-0.25
 74
     0
  0
ENDTAB
  0
TABLE
  2
LAYER
  5
2
330
0
100
AcDbSymbolTable
 70
     6
  0
LAYER
  5
10
330
2
100
AcDbSymbolTableRecord
100
AcDbLayerTableRecord
  2
0
 70
     0
 62
     7
  6
Continuous
370
    -3
390
F
347
46
  0
LAYER
  5
73
330
2
100
AcDbSymbolTableRecord
100
AcDbLayerTableRecord
  2
Layer5
 70
     0
 62
     7
  6
Continuous
370
    -3
390
F
347
46
  0
LAYER
  5
74
330
2
100
AcDbSymbolTableRecord
100
AcDbLayerTableRecord
  2
Layer10
 70
     0
 62
     3
420
    65280
  6
Continuous
370
    -3
390
F
347
46
  0
LAYER
  5
75
330
2
100
AcDbSymbolTableRecord
100
AcDbLayerTableRecord
  2
Layer11
 70
     0
 62
     1
420
 16711680
  6
Continuous
370
    -3
390
F
347
46
  0
LAYER
  5
76
330
2
100
AcDbSymbolTableRecord
100
AcDbLayerTableRecord
  2
Layer12
 70
     0
 62
     6
420
 16711935
  6
Continuous
370
    -3
390
F
347
46
  0
LAYER
  5
77
330
2
100
AcDbSymbolTableRecord
100
AcDbLayerTableRecord
  2
Layer30
 70
     0
 62
     7
  6
Continuous
370
    -3
390
F
347
46
  0
ENDTAB
  0
TABLE
  2
STYLE
  5
3
330
0
100
AcDbSymbolTable
 70
     3
  0
STYLE
  5
11
330
3
100
AcDbSymbolTableRecord
100
AcDbTextStyleTableRecord
  2
Standard
 70
     0
 40
0.0
 41
1.0
 50
0.0
 71
     0
 42
2.5
  3
txt
  4

  0
STYLE
  5
70
330
3
100
AcDbSymbolTableRecord
100
AcDbTextStyleTableRecord
  2
Arial
 70
     0
 40
0.0
 41
1.0
 50
0.0
 71
     0
 42
2.5
  3
arial.ttf
  4

1001
ACAD
1000
Arial
1071
        0
  0
STYLE
  5
72
330
3
100
AcDbSymbolTableRecord
100
AcDbTextStyleTableRecord
  2
Toleranzfont
 70
     0
 40
0.0
 41
1.0
 50
0.0
 71
     0
 42
2.5
  3
IGES1003.SHX
  4

  0
ENDTAB
  0
TABLE
  2
VIEW
  5
6
330
0
100
AcDbSymbolTable
 70
     0
  0
ENDTAB
  0
TABLE
  2
UCS
  5
7
330
0
100
AcDbSymbolTable
 70
     0
  0
ENDTAB
  0
TABLE
  2
APPID
  5
9
330
0
100
AcDbSymbolTable
 70
     1
  0
APPID
  5
12
330
9
100
AcDbSymbolTableRecord
100
AcDbRegAppTableRecord
  2
ACAD
 70
     0
  0
ENDTAB
  0
TABLE
  2
DIMSTYLE
  5
A
330
0
100
AcDbSymbolTable
 70
     1
100
AcDbDimStyleTable
  0
DIMSTYLE
105
27
102
{ACAD_REACTORS
330
AD
330
B7
330
C1
330
D2
330
EB
330
F5
330
12B
330
135
330
13F
330
149
330
15B
330
16B
330
175
330
2AA
330
2B4
330
2C1
330
2D2
330
2DF
330
2EC
330
2FF
330
309
102
}
330
A
100
AcDbSymbolTableRecord
100
AcDbDimStyleTableRecord
  2
ISO-25
 70
     0
 41
2.5
 42
0.625
 43
3.75
 44
1.25
 73
     0
 74
     0
 77
     1
 78
     8
140
2.5
141
2.5
143
0.03937007874
147
0.625
171
     3
172
     1
178
     0
271
     2
272
     2
274
     3
278
    44
283
     0
284
     8
340
11
  0
ENDTAB
  0
TABLE
  2
BLOCK_RECORD
  5
1
330
0
100
AcDbSymbolTable
 70
    25
  0
BLOCK_RECORD
  5
1F
330
1
100
AcDbSymbolTableRecord
100
AcDbBlockTableRecord
  2
*Model_Space
340
22
 70
     0
280
     1
281
     0
  0
BLOCK_RECORD
  5
1B
330
1
100
AcDbSymbolTableRecord
100
AcDbBlockTableRecord
  2
*Paper_Space
340
1E
 70
     0
280
     1
281
     0
  0
BLOCK_RECORD
  5
23
330
1
100
AcDbSymbolTableRecord
100
AcDbBlockTableRecord
  2
*Paper_Space0
340
26
 70
     0
280
     1
281
     0
  0
BLOCK_RECORD
  5
A4
330
1
100
AcDbSymbolTableRecord
100
AcDbBlockTableRecord
  2
*D1
340
0
 70
     0
280
     1
281
     0
  0
BLOCK_RECORD
  5
AE
330
1
100
AcDbSymbolTableRecord
100
AcDbBlockTableRecord
  2
*D2
340
0
 70
     0
280
     1
281
     0
  0
BLOCK_RECORD
  5
B8
330
1
100
AcDbSymbolTableRecord
100
AcDbBlockTableRecord
  2
*D3
340
0
 70
     0
280
     1
281
     0
  0
BLOCK_RECORD
  5
C9
330
1
100
AcDbSymbolTableRecord
100
AcDbBlockTableRecord
  2
*D4
340
0
 70
     0
280
     1
281
     0
  0
BLOCK_RECORD
  5
E2
330
1
100
AcDbSymbolTableRecord
100
AcDbBlockTableRecord
  2
*D5
340
0
 70
     0
280
     1
281
     0
  0
BLOCK_RECORD
  5
EC
330
1
100
AcDbSymbolTableRecord
100
AcDbBlockTableRecord
  2
*D6
340
0
 70
     0
280
     1
281
     0
  0
BLOCK_RECORD
  5
122
330
1
100
AcDbSymbolTableRecord
100
AcDbBlockTableRecord
  2
*D7
340
0
 70
     0
280
     1
281
     0
  0
BLOCK_RECORD
  5
12C
330
1
100
AcDbSymbolTableRecord
100
AcDbBlockTableRecord
  2
*D8
340
0
 70
     0
280
     1
281
     0
  0
BLOCK_RECORD
  5
136
330
1
100
AcDbSymbolTableRecord
100
AcDbBlockTableRecord
  2
*D9
340
0
 70
     0
280
     1
281
     0
  0
BLOCK_RECORD
  5
140
330
1
100
AcDbSymbolTableRecord
100
AcDbBlockTableRecord
  2
*D10
340
0
 70
     0
280
     1
281
     0
  0
BLOCK_RECORD
  5
152
330
1
100
AcDbSymbolTableRecord
100
AcDbBlockTableRecord
  2
*D11
340
0
 70
     0
280
     1
281
     0
  0
BLOCK_RECORD
  5
162
330
1
100
AcDbSymbolTableRecord
100
AcDbBlockTableRecord
  2
*D12
340
0
 70
     0
280
     1
281
     0
  0
BLOCK_RECORD
  5
16C
330
1
100
AcDbSymbolTableRecord
100
AcDbBlockTableRecord
  2
*D13
340
0
 70
     0
280
     1
281
     0
  0
BLOCK_RECORD
  5
18D
330
1
100
AcDbSymbolTableRecord
100
AcDbBlockTableRecord
  2
ukb-a4_nNn013
340
0
102
{BLKREFS
331
290
102
}
 70
     0
280
     1
281
     0
  0
BLOCK_RECORD
  5
190
330
1
100
AcDbSymbolTableRecord
100
AcDbBlockTableRecord
  2
ukb-a4_nNn014
340
0
102
{BLKREFS
331
28F
102
}
 70
     0
280
     1
281
     0
  0
BLOCK_RECORD
  5
193
330
1
100
AcDbSymbolTableRecord
100
AcDbBlockTableRecord
  2
ukb-logo_nNn015
340
0
102
{BLKREFS
331
28E
102
}
 70
     0
280
     1
281
     0
  0
BLOCK_RECORD
  5
2A1
330
1
100
AcDbSymbolTableRecord
100
AcDbBlockTableRecord
  2
*D17
340
0
 70
     0
280
     1
281
     0
  0
BLOCK_RECORD
  5
2AB
330
1
100
AcDbSymbolTableRecord
100
AcDbBlockTableRecord
  2
*D18
340
0
 70
     0
280
     1
281
     0
  0
BLOCK_RECORD
  5
2B7
330
1
100
AcDbSymbolTableRecord
100
AcDbBlockTableRecord
  2
*D19
340
0
 70
     0
280
     1
281
     0
  0
BLOCK_RECORD
  5
2C6
330
1
100
AcDbSymbolTableRecord
100
AcDbBlockTableRecord
  2
*D20
340
0
 70
     0
280
     1
281
     0
  0
BLOCK_RECORD
  5
2D3
330
1
100
AcDbSymbolTableRecord
100
AcDbBlockTableRecord
  2
*D21
340
0
 70
     0
280
     1
281
     0
  0
BLOCK_RECORD
  5
2E0
330
1
100
AcDbSymbolTableRecord
100
AcDbBlockTableRecord
  2
*D22
340
0
 70
     0
280
     1
281
     0
  0
BLOCK_RECORD
  5
2F6
330
1
100
AcDbSymbolTableRecord
100
AcDbBlockTableRecord
  2
*D23
340
0
 70
     0
280
     1
281
     0
  0
BLOCK_RECORD
  5
300
330
1
100
AcDbSymbolTableRecord
100
AcDbBlockTableRecord
  2
*D24
340
0
 70
     0
280
     1
281
     0
  0
ENDTAB
  0
ENDSEC
  0
SECTION
  2
BLOCKS
  0
BLOCK
  5
20
330
1F
100
AcDbEntity
  8
0
100
AcDbBlockBegin
  2
*Model_Space
 70
     0
 10
0.0
 20
0.0
 30
0.0
  3
*Model_Space
  1

  0
ENDBLK
  5
21
330
1F
100
AcDbEntity
  8
0
100
AcDbBlockEnd
  0
BLOCK
  5
1C
330
1B
100
AcDbEntity
 67
     1
  8
0
100
AcDbBlockBegin
  2
*Paper_Space
 70
     0
 10
0.0
 20
0.0
 30
0.0
  3
*Paper_Space
  1

  0
ENDBLK
  5
1D
330
1B
100
AcDbEntity
 67
     1
  8
0
100
AcDbBlockEnd
  0
BLOCK
  5
24
330
23
100
AcDbEntity
  8
0
100
AcDbBlockBegin
  2
*Paper_Space0
 70
     0
 10
0.0
 20
0.0
 30
0.0
  3
*Paper_Space0
  1

  0
ENDBLK
  5
25
330
23
100
AcDbEntity
  8
0
100
AcDbBlockEnd
  0
BLOCK
  5
A5
330
A4
100
AcDbEntity
  8
0
100
AcDbBlockBegin
  2
*D1
 70
     1
 10
0.0
 20
0.0
 30
0.0
  3
*D1
  1

  0
HATCH
  5
A7
330
A4
100
AcDbEntity
  8
Layer5
  6
AUSGEZOGEN
 62
     4
420
    65535
370
    18
100
AcDbHatch
 10
0.0
 20
0.0
 30
0.0
210
0.0
220
0.0
230
1.0
  2
SOLID
 70
     1
 71
     0
 91
        1
 92
        2
 72
     0
 73
     1
 93
        3
 10
-87.682
 20
280.0
 10
-91.182
 20
280.7
 10
-91.182
 20
279.3
 97
        0
 75
     0
 76
     1
 98
        0
  0
HATCH
  5
A8
330
A4
100
AcDbEntity
  8
Layer5
  6
AUSGEZOGEN
 62
     4
420
    65535
370
    18
100
AcDbHatch
 10
0.0
 20
0.0
 30
0.0
210
0.0
220
0.0
230
1.0
  2
SOLID
 70
     1
 71
     0
 91
        1
 92
        2
 72
     0
 73
     1
 93
        3
 10
-123.636
 20
280.0
 10
-120.136
 20
279.3
 10
-120.136
 20
280.7
 97
        0
 75
     0
 76
     1
 98
        0
  0
LINE
  5
A9
330
A4
100
AcDbEntity
  8
Layer5
  6
AUSGEZOGEN
 62
     4
420
    65535
370
    18
100
AcDbLine
 10
-120.136
 20
280.0
 30
0.0
 11
-91.182
 21
280.0
 31
0.0
  0
LINE
  5
AA
330
A4
100
AcDbEntity
  8
Layer5
  6
AUSGEZOGEN
 62
     4
420
    65535
370
    18
100
AcDbLine
 10
-123.636
 20
244.943
 30
0.0
 11
-123.636
 21
282.5
 31
0.0
  0
LINE
  5
AB
330
A4
100
AcDbEntity
  8
Layer5
  6
AUSGEZOGEN
 62
     4
420
    65535
370
    18
100
AcDbLine
 10
-87.682
 20
244.943
 30
0.0
 11
-87.682
 21
282.5
 31
0.0
  0
TEXT
  5
AC
330
A4
100
AcDbEntity
  8
Layer5
  6
AUSGEZOGEN
 62
     4
420
    65535
370
    18
100
AcDbText
 10
-107.886272727273
 20
284.1
 30
0.0
 40
3.5
  1
36
 41
0.820056232427
  7
Arial
 72
     5
 11
-103.431727272727
 21
284.1
 31
0.0
100
AcDbText
  0
ENDBLK
  5
A6
330
A4
100
AcDbEntity
  8
0
100
AcDbBlockEnd
  0
BLOCK
  5
AF
330
AE
100
AcDbEntity
  8
0
100
AcDbBlockBegin
  2
*D2
 70
     1
 10
0.0
 20
0.0
 30
0.0
  3
*D2
  1

  0
HATCH
  5
B1
330
AE
100
AcDbEntity
  8
Layer5
  6
AUSGEZOGEN
 62
     4
420
    65535
370
    18
100
AcDbHatch
 10
0.0
 20
0.0
 30
0.0
210
0.0
220
0.0
230
1.0
  2
SOLID
 70
     1
 71
     0
 91
        1
 92
        2
 72
     0
 73
     1
 93
        3
 10
-123.636
 20
280.0
 10
-127.136
 20
280.7
 10
-127.136
 20
279.3
 97
        0
 75
     0
 76
     1
 98
        0
  0
HATCH
  5
B2
330
AE
100
AcDbEntity
  8
Layer5
  6
AUSGEZOGEN
 62
     4
420
    65535
370
    18
100
AcDbHatch
 10
0.0
 20
0.0
 30
0.0
210
0.0
220
0.0
230
1.0
  2
SOLID
 70
     1
 71
     0
 91
        1
 92
        2
 72
     0
 73
     1
 93
        3
 10
-144.105
 20
280.0
 10
-140.605
 20
279.3
 10
-140.605
 20
280.7
 97
        0
 75
     0
 76
     1
 98
        0
  0
LINE
  5
B3
330
AE
100
AcDbEntity
  8
Layer5
  6
AUSGEZOGEN
 62
     4
420
    65535
370
    18
100
AcDbLine
 10
-140.605
 20
280.0
 30
0.0
 11
-127.136
 21
280.0
 31
0.0
  0
LINE
  5
B4
330
AE
100
AcDbEntity
  8
Layer5
  6
AUSGEZOGEN
 62
     4
420
    65535
370
    18
100
AcDbLine
 10
-144.105
 20
246.943
 30
0.0
 11
-144.105
 21
282.5
 31
0.0
  0
LINE
  5
B5
330
AE
100
AcDbEntity
  8
Layer5
  6
AUSGEZOGEN
 62
     4
420
    65535
370
    18
100
AcDbLine
 10
-123.636
 20
244.943
 30
0.0
 11
-123.636
 21
282.5
 31
0.0
  0
TEXT
  5
B6
330
AE
100
AcDbEntity
  8
Layer5
  6
AUSGEZOGEN
 62
     4
420
    65535
370
    18
100
AcDbText
 10
-137.768227272727
 20
284.1
 30
0.0
 40
3.5
  1
20.5
 41
0.820056232427
  7
Arial
 72
     5
 11
-129.972772727273
 21
284.1
 31
0.0
100
AcDbText
  0
ENDBLK
  5
B0
330
AE
100
AcDbEntity
  8
0
100
AcDbBlockEnd
  0
BLOCK
  5
B9
330
B8
100
AcDbEntity
  8
0
100
AcDbBlockBegin
  2
*D3
 70
     1
 10
0.0
 20
0.0
 30
0.0
  3
*D3
  1

  0
HATCH
  5
BB
330
B8
100
AcDbEntity
  8
Layer5
  6
AUSGEZOGEN
 62
     4
420
    65535
370
    18
100
AcDbHatch
 10
0.0
 20
0.0
 30
0.0
210
0.0
220
0.0
230
1.0
  2
SOLID
 70
     1
 71
     0
 91
        1
 92
        2
 72
     0
 73
     1
 93
        3
 10
-67.2129
 20
280.0
 10
-70.7129
 20
280.7
 10
-70.7129
 20
279.3
 97
        0
 75
     0
 76
     1
 98
        0
  0
HATCH
  5
BC
330
B8
100
AcDbEntity
  8
Layer5
  6
AUSGEZOGEN
 62
     4
420
    65535
370
    18
100
AcDbHatch
 10
0.0
 20
0.0
 30
0.0
210
0.0
220
0.0
230
1.0
  2
SOLID
 70
     1
 71
     0
 91
        1
 92
        2
 72
     0
 73
     1
 93
        3
 10
-87.682
 20
280.0
 10
-84.182
 20
279.3
 10
-84.182
 20
280.7
 97
        0
 75
     0
 76
     1
 98
        0
  0
LINE
  5
BD
330
B8
100
AcDbEntity
  8
Layer5
  6
AUSGEZOGEN
 62
     4
420
    65535
370
    18
100
AcDbLine
 10
-84.182
 20
280.0
 30
0.0
 11
-70.7129
 21
280.0
 31
0.0
  0
LINE
  5
BE
330
B8
100
AcDbEntity
  8
Layer5
  6
AUSGEZOGEN
 62
     4
420
    65535
370
    18
100
AcDbLine
 10
-87.682
 20
244.943
 30
0.0
 11
-87.682
 21
282.5
 31
0.0
  0
LINE
  5
BF
330
B8
100
AcDbEntity
  8
Layer5
  6
AUSGEZOGEN
 62
     4
420
    65535
370
    18
100
AcDbLine
 10
-67.2129
 20
246.943
 30
0.0
 11
-67.2129
 21
282.5
 31
0.0
  0
TEXT
  5
C0
330
B8
100
AcDbEntity
  8
Layer5
  6
AUSGEZOGEN
 62
     4
420
    65535
370
    18
100
AcDbText
 10
-81.345177272727
 20
284.1
 30
0.0
 40
3.5
  1
20.5
 41
0.820056232427
  7
Arial
 72
     5
 11
-73.549722727273
 21
284.1
 31
0.0
100
AcDbText
  0
ENDBLK
  5
BA
330
B8
100
AcDbEntity
  8
0
100
AcDbBlockEnd
  0
BLOCK
  5
CA
330
C9
100
AcDbEntity
  8
0
100
AcDbBlockBegin
  2
*D4
 70
     1
 10
0.0
 20
0.0
 30
0.0
  3
*D4
  1

  0
HATCH
  5
CC
330
C9
100
AcDbEntity
  8
Layer5
  6
AUSGEZOGEN
 62
     4
420
    65535
370
    18
100
AcDbHatch
 10
0.0
 20
0.0
 30
0.0
210
0.0
220
0.0
230
1.0
  2
SOLID
 70
     1
 71
     0
 91
        1
 92
        2
 72
     0
 73
     1
 93
        3
 10
-139.5928349233903
 20
236.1891179292962
 10
-137.1352260066983
 20
233.6006515083056
 10
-136.3287088383705
 20
234.7449985086479
 97
        0
 75
     0
 76
     1
 98
        0
  0
HATCH
  5
CD
330
C9
100
AcDbEntity
  8
Layer5
  6
AUSGEZOGEN
 62
     4
420
    65535
370
    18
100
AcDbHatch
 10
0.0
 20
0.0
 30
0.0
210
0.0
220
0.0
230
1.0
  2
SOLID
 70
     1
 71
     0
 91
        1
 92
        2
 72
     0
 73
     1
 93
        3
 10
-126.5145834909059
 20
226.9717788626927
 10
-128.9721924075979
 20
229.5602452836833
 10
-129.7787095759257
 20
228.415898283341
 97
        0
 75
     0
 76
     1
 98
        0
  0
LINE
  5
CE
330
C9
100
AcDbEntity
  8
Layer5
  6
AUSGEZOGEN
 62
     4
420
    65535
370
    18
100
AcDbLine
 10
-129.375450991762
 20
228.988071783512
 30
0.0
 11
-136.731967422534
 21
234.172825008477
 31
0.0
  0
LINE
  5
CF
330
C9
100
AcDbEntity
  8
Layer5
  6
AUSGEZOGEN
 62
     4
420
    65535
370
    18
100
AcDbLine
 10
-117.096874283758
 20
240.334330466698
 30
0.0
 11
-127.954792720063
 21
224.928302076367
 31
0.0
  0
LINE
  5
D0
330
C9
100
AcDbEntity
  8
Layer5
  6
AUSGEZOGEN
 62
     4
420
    65535
370
    18
100
AcDbLine
 10
-130.175125716242
 20
249.551669533302
 30
0.0
 11
-141.033044152547
 21
234.145641142971
 31
0.0
  0
TEXT
  5
D1
330
C9
100
AcDbEntity
  8
Layer5
  6
AUSGEZOGEN
 62
     4
420
    65535
370
    18
100
AcDbText
 10
-132.362747731009
 20
236.109431043121
 30
0.0
 40
3.5
  1
%%c16
 50
324.824440841094
 41
0.442821953458
  7
Arial
 72
     5
 11
-129.020784411653
 21
233.754069608017
 31
0.0
100
AcDbText
  0
ENDBLK
  5
CB
330
C9
100
AcDbEntity
  8
0
100
AcDbBlockEnd
  0
BLOCK
  5
E3
330
E2
100
AcDbEntity
  8
0
100
AcDbBlockBegin
  2
*D5
 70
     1
 10
0.0
 20
0.0
 30
0.0
  3
*D5
  1

  0
HATCH
  5
E5
330
E2
100
AcDbEntity
  8
Layer5
  6
AUSGEZOGEN
 62
     4
420
    65535
370
    18
100
AcDbHatch
 10
0.0
 20
0.0
 30
0.0
210
0.0
220
0.0
230
1.0
  2
SOLID
 70
     1
 71
     0
 91
        1
 92
        2
 72
     0
 73
     1
 93
        3
 10
-35.0
 20
252.943
 10
-35.7
 20
249.443
 10
-34.3
 20
249.443
 97
        0
 75
     0
 76
     1
 98
        0
  0
HATCH
  5
E6
330
E2
100
AcDbEntity
  8
Layer5
  6
AUSGEZOGEN
 62
     4
420
    65535
370
    18
100
AcDbHatch
 10
0.0
 20
0.0
 30
0.0
210
0.0
220
0.0
230
1.0
  2
SOLID
 70
     1
 71
     0
 91
        1
 92
        2
 72
     0
 73
     1
 93
        3
 10
-35.0
 20
92.943
 10
-34.3
 20
96.443
 10
-35.7
 20
96.443
 97
        0
 75
     0
 76
     1
 98
        0
  0
LINE
  5
E7
330
E2
100
AcDbEntity
  8
Layer5
  6
AUSGEZOGEN
 62
     4
420
    65535
370
    18
100
AcDbLine
 10
-35.0
 20
96.443
 30
0.0
 11
-35.0
 21
249.443
 31
0.0
  0
LINE
  5
E8
330
E2
100
AcDbEntity
  8
Layer5
  6
AUSGEZOGEN
 62
     4
420
    65535
370
    18
100
AcDbLine
 10
-57.2129
 20
92.943
 30
0.0
 11
-32.5
 21
92.943
 31
0.0
  0
LINE
  5
E9
330
E2
100
AcDbEntity
  8
Layer5
  6
AUSGEZOGEN
 62
     4
420
    65535
370
    18
100
AcDbLine
 10
-87.682
 20
252.943
 30
0.0
 11
-32.5
 21
252.943
 31
0.0
  0
TEXT
  5
EA
330
E2
100
AcDbEntity
  8
Layer5
  6
AUSGEZOGEN
 62
     4
420
    65535
370
    18
100
AcDbText
 10
-39.1
 20
169.602090909091
 30
0.0
 40
3.5
  1
160
 50
90.0
 41
0.820056232427
  7
Arial
 72
     5
 11
-39.1
 21
176.283909090909
 31
0.0
100
AcDbText
  0
ENDBLK
  5
E4
330
E2
100
AcDbEntity
  8
0
100
AcDbBlockEnd
  0
BLOCK
  5
ED
330
EC
100
AcDbEntity
  8
0
100
AcDbBlockBegin
  2
*D6
 70
     1
 10
0.0
 20
0.0
 30
0.0
  3
*D6
  1

  0
HATCH
  5
EF
330
EC
100
AcDbEntity
  8
Layer5
  6
AUSGEZOGEN
 62
     4
420
    65535
370
    18
100
AcDbHatch
 10
0.0
 20
0.0
 30
0.0
210
0.0
220
0.0
230
1.0
  2
SOLID
 70
     1
 71
     0
 91
        1
 92
        2
 72
     0
 73
     1
 93
        3
 10
-57.2129
 20
290.0
 10
-60.7129
 20
290.7
 10
-60.7129
 20
289.3
 97
        0
 75
     0
 76
     1
 98
        0
  0
HATCH
  5
F0
330
EC
100
AcDbEntity
  8
Layer5
  6
AUSGEZOGEN
 62
     4
420
    65535
370
    18
100
AcDbHatch
 10
0.0
 20
0.0
 30
0.0
210
0.0
220
0.0
230
1.0
  2
SOLID
 70
     1
 71
     0
 91
        1
 92
        2
 72
     0
 73
     1
 93
        3
 10
-154.105
 20
290.0
 10
-150.605
 20
289.3
 10
-150.605
 20
290.7
 97
        0
 75
     0
 76
     1
 98
        0
  0
LINE
  5
F1
330
EC
100
AcDbEntity
  8
Layer5
  6
AUSGEZOGEN
 62
     4
420
    65535
370
    18
100
AcDbLine
 10
-150.605
 20
290.0
 30
0.0
 11
-60.7129
 21
290.0
 31
0.0
  0
LINE
  5
F2
330
EC
100
AcDbEntity
  8
Layer5
  6
AUSGEZOGEN
 62
     4
420
    65535
370
    18
100
AcDbLine
 10
-154.105
 20
204.943
 30
0.0
 11
-154.105
 21
292.5
 31
0.0
  0
LINE
  5
F3
330
EC
100
AcDbEntity
  8
Layer5
  6
AUSGEZOGEN
 62
     4
420
    65535
370
    18
100
AcDbLine
 10
-57.2129
 20
204.943
 30
0.0
 11
-57.2129
 21
292.5
 31
0.0
  0
TEXT
  5
F4
330
EC
100
AcDbEntity
  8
Layer5
  6
AUSGEZOGEN
 62
     4
420
    65535
370
    18
100
AcDbText
 10
-109.556677272727
 20
294.1
 30
0.0
 40
3.5
  1
96.9
 41
0.820056232427
  7
Arial
 72
     5
 11
-101.761222727273
 21
294.1
 31
0.0
100
AcDbText
  0
ENDBLK
  5
EE
330
EC
100
AcDbEntity
  8
0
100
AcDbBlockEnd
  0
BLOCK
  5
123
330
122
100
AcDbEntity
  8
0
100
AcDbBlockBegin
  2
*D7
 70
     1
 10
0.0
 20
0.0
 30
0.0
  3
*D7
  1

  0
HATCH
  5
125
330
122
100
AcDbEntity
  8
Layer5
  6
AUSGEZOGEN
 62
     4
420
    65535
370
    18
100
AcDbHatch
 10
0.0
 20
0.0
 30
0.0
210
0.0
220
0.0
230
1.0
  2
SOLID
 70
     1
 71
     0
 91
        1
 92
        2
 72
     0
 73
     1
 93
        3
 10
258.1297
 20
252.943
 10
257.4297
 20
249.443
 10
258.8297
 20
249.443
 97
        0
 75
     0
 76
     1
 98
        0
  0
HATCH
  5
126
330
122
100
AcDbEntity
  8
Layer5
  6
AUSGEZOGEN
 62
     4
420
    65535
370
    18
100
AcDbHatch
 10
0.0
 20
0.0
 30
0.0
210
0.0
220
0.0
230
1.0
  2
SOLID
 70
     1
 71
     0
 91
        1
 92
        2
 72
     0
 73
     1
 93
        3
 10
258.1297
 20
162.94302
 10
258.8297
 20
166.44302
 10
257.4297
 20
166.44302
 97
        0
 75
     0
 76
     1
 98
        0
  0
LINE
  5
127
330
122
100
AcDbEntity
  8
Layer5
  6
AUSGEZOGEN
 62
     4
420
    65535
370
    18
100
AcDbLine
 10
258.1297
 20
166.44302
 30
0.0
 11
258.1297
 21
249.443
 31
0.0
  0
LINE
  5
128
330
122
100
AcDbEntity
  8
Layer5
  6
AUSGEZOGEN
 62
     4
420
    65535
370
    18
100
AcDbLine
 10
248.656497826087
 20
162.94302
 30
0.0
 11
260.6297
 21
162.94302
 31
0.0
  0
LINE
  5
129
330
122
100
AcDbEntity
  8
Layer5
  6
AUSGEZOGEN
 62
     4
420
    65535
370
    18
100
AcDbLine
 10
287.341
 20
252.943
 30
0.0
 11
255.6297
 21
252.943
 31
0.0
  0
TEXT
  5
12A
330
122
100
AcDbEntity
  8
Layer5
  6
AUSGEZOGEN
 62
     4
420
    65535
370
    18
100
AcDbText
 10
254.0297
 20
205.715737272727
 30
0.0
 40
3.5
  1
90
 50
90.0
 41
0.820056232427
  7
Arial
 72
     5
 11
254.0297
 21
210.170282727273
 31
0.0
100
AcDbText
  0
ENDBLK
  5
124
330
122
100
AcDbEntity
  8
0
100
AcDbBlockEnd
  0
BLOCK
  5
12D
330
12C
100
AcDbEntity
  8
0
100
AcDbBlockBegin
  2
*D8
 70
     1
 10
0.0
 20
0.0
 30
0.0
  3
*D8
  1

  0
HATCH
  5
12F
330
12C
100
AcDbEntity
  8
Layer5
  6
AUSGEZOGEN
 62
     4
420
    65535
370
    18
100
AcDbHatch
 10
0.0
 20
0.0
 30
0.0
210
0.0
220
0.0
230
1.0
  2
SOLID
 70
     1
 71
     0
 91
        1
 92
        2
 72
     0
 73
     1
 93
        3
 10
-160.0
 20
252.943
 10
-160.7
 20
249.443
 10
-159.3
 20
249.443
 97
        0
 75
     0
 76
     1
 98
        0
  0
HATCH
  5
130
330
12C
100
AcDbEntity
  8
Layer5
  6
AUSGEZOGEN
 62
     4
420
    65535
370
    18
100
AcDbHatch
 10
0.0
 20
0.0
 30
0.0
210
0.0
220
0.0
230
1.0
  2
SOLID
 70
     1
 71
     0
 91
        1
 92
        2
 72
     0
 73
     1
 93
        3
 10
-160.0
 20
251.943
 10
-159.3
 20
255.443
 10
-160.7
 20
255.443
 97
        0
 75
     0
 76
     1
 98
        0
  0
LINE
  5
131
330
12C
100
AcDbEntity
  8
Layer5
  6
AUSGEZOGEN
 62
     4
420
    65535
370
    18
100
AcDbLine
 10
-160.0
 20
255.443
 30
0.0
 11
-160.0
 21
249.443
 31
0.0
  0
LINE
  5
132
330
12C
100
AcDbEntity
  8
Layer5
  6
AUSGEZOGEN
 62
     4
420
    65535
370
    18
100
AcDbLine
 10
-139.105
 20
251.943
 30
0.0
 11
-162.5
 21
251.943
 31
0.0
  0
LINE
  5
133
330
12C
100
AcDbEntity
  8
Layer5
  6
AUSGEZOGEN
 62
     4
420
    65535
370
    18
100
AcDbLine
 10
-123.636
 20
252.943
 30
0.0
 11
-162.5
 21
252.943
 31
0.0
  0
TEXT
  5
134
330
12C
100
AcDbEntity
  8
Layer5
  6
AUSGEZOGEN
 62
     4
420
    65535
370
    18
100
AcDbText
 10
-164.1
 20
251.329363636364
 30
0.0
 40
3.5
  1
1
 50
90.0
 41
0.820056232427
  7
Arial
 72
     5
 11
-164.1
 21
253.556636363636
 31
0.0
100
AcDbText
  0
ENDBLK
  5
12E
330
12C
100
AcDbEntity
  8
0
100
AcDbBlockEnd
  0
BLOCK
  5
137
330
136
100
AcDbEntity
  8
0
100
AcDbBlockBegin
  2
*D9
 70
     1
 10
0.0
 20
0.0
 30
0.0
  3
*D9
  1

  0
HATCH
  5
139
330
136
100
AcDbEntity
  8
Layer5
  6
AUSGEZOGEN
 62
     4
420
    65535
370
    18
100
AcDbHatch
 10
0.0
 20
0.0
 30
0.0
210
0.0
220
0.0
230
1.0
  2
SOLID
 70
     1
 71
     0
 91
        1
 92
        2
 72
     0
 73
     1
 93
        3
 10
106.456
 20
251.943
 10
107.156
 20
255.443
 10
105.756
 20
255.443
 97
        0
 75
     0
 76
     1
 98
        0
  0
HATCH
  5
13A
330
136
100
AcDbEntity
  8
Layer5
  6
AUSGEZOGEN
 62
     4
420
    65535
370
    18
100
AcDbHatch
 10
0.0
 20
0.0
 30
0.0
210
0.0
220
0.0
230
1.0
  2
SOLID
 70
     1
 71
     0
 91
        1
 92
        2
 72
     0
 73
     1
 93
        3
 10
106.456
 20
252.943
 10
105.756
 20
249.443
 10
107.156
 20
249.443
 97
        0
 75
     0
 76
     1
 98
        0
  0
LINE
  5
13B
330
136
100
AcDbEntity
  8
Layer5
  6
AUSGEZOGEN
 62
     4
420
    65535
370
    18
100
AcDbLine
 10
106.456
 20
249.443
 30
0.0
 11
106.456
 21
255.443
 31
0.0
  0
LINE
  5
13C
330
136
100
AcDbEntity
  8
Layer5
  6
AUSGEZOGEN
 62
     4
420
    65535
370
    18
100
AcDbLine
 10
151.881
 20
252.943
 30
0.0
 11
103.956
 21
252.943
 31
0.0
  0
LINE
  5
13D
330
136
100
AcDbEntity
  8
Layer5
  6
AUSGEZOGEN
 62
     4
420
    65535
370
    18
100
AcDbLine
 10
136.412
 20
251.943
 30
0.0
 11
103.956
 21
251.943
 31
0.0
  0
TEXT
  5
13E
330
136
100
AcDbEntity
  8
Layer5
  6
AUSGEZOGEN
 62
     4
420
    65535
370
    18
100
AcDbText
 10
102.356
 20
251.329363636364
 30
0.0
 40
3.5
  1
1
 50
90.0
 41
0.820056232427
  7
Arial
 72
     5
 11
102.356
 21
253.556636363636
 31
0.0
100
AcDbText
  0
ENDBLK
  5
138
330
136
100
AcDbEntity
  8
0
100
AcDbBlockEnd
  0
BLOCK
  5
141
330
140
100
AcDbEntity
  8
0
100
AcDbBlockBegin
  2
*D10
 70
     1
 10
0.0
 20
0.0
 30
0.0
  3
*D10
  1

  0
HATCH
  5
143
330
140
100
AcDbEntity
  8
Layer5
  6
AUSGEZOGEN
 62
     4
420
    65535
370
    18
100
AcDbHatch
 10
0.0
 20
0.0
 30
0.0
210
0.0
220
0.0
230
1.0
  2
SOLID
 70
     1
 71
     0
 91
        1
 92
        2
 72
     0
 73
     1
 93
        3
 10
21.36423
 20
300.0
 10
17.86423
 20
300.7
 10
17.86423
 20
299.3
 97
        0
 75
     0
 76
     1
 98
        0
  0
HATCH
  5
144
330
140
100
AcDbEntity
  8
Layer5
  6
AUSGEZOGEN
 62
     4
420
    65535
370
    18
100
AcDbHatch
 10
0.0
 20
0.0
 30
0.0
210
0.0
220
0.0
230
1.0
  2
SOLID
 70
     1
 71
     0
 91
        1
 92
        2
 72
     0
 73
     1
 93
        3
 10
-232.682
 20
300.0
 10
-229.182
 20
299.3
 10
-229.182
 20
300.7
 97
        0
 75
     0
 76
     1
 98
        0
  0
LINE
  5
145
330
140
100
AcDbEntity
  8
Layer5
  6
AUSGEZOGEN
 62
     4
420
    65535
370
    18
100
AcDbLine
 10
-229.182
 20
300.0
 30
0.0
 11
17.86423
 21
300.0
 31
0.0
  0
LINE
  5
146
330
140
100
AcDbEntity
  8
Layer5
  6
AUSGEZOGEN
 62
     4
420
    65535
370
    18
100
AcDbLine
 10
-232.682
 20
162.94302
 30
0.0
 11
-232.682
 21
302.5
 31
0.0
  0
LINE
  5
147
330
140
100
AcDbEntity
  8
Layer5
  6
AUSGEZOGEN
 62
     4
420
    65535
370
    18
100
AcDbLine
 10
21.36423
 20
162.94302
 30
0.0
 11
21.36423
 21
302.5
 31
0.0
  0
TEXT
  5
148
330
140
100
AcDbEntity
  8
Layer5
  6
AUSGEZOGEN
 62
     4
420
    65535
370
    18
100
AcDbText
 10
-108.999794090909
 20
304.1
 30
0.0
 40
3.5
  1
254
 41
0.820056232427
  7
Arial
 72
     5
 11
-102.317975909091
 21
304.1
 31
0.0
100
AcDbText
  0
ENDBLK
  5
142
330
140
100
AcDbEntity
  8
0
100
AcDbBlockEnd
  0
BLOCK
  5
153
330
152
100
AcDbEntity
  8
0
100
AcDbBlockBegin
  2
*D11
 70
     1
 10
0.0
 20
0.0
 30
0.0
  3
*D11
  1

  0
HATCH
  5
155
330
152
100
AcDbEntity
  8
Layer5
  6
AUSGEZOGEN
 62
     4
420
    65535
370
    18
100
AcDbHatch
 10
0.0
 20
0.0
 30
0.0
210
0.0
220
0.0
230
1.0
  2
SOLID
 70
     1
 71
     0
 91
        1
 92
        2
 72
     0
 73
     1
 93
        3
 10
-93.659
 20
265.0
 10
-97.159
 20
265.7
 10
-97.159
 20
264.3
 97
        0
 75
     0
 76
     1
 98
        0
  0
HATCH
  5
156
330
152
100
AcDbEntity
  8
Layer5
  6
AUSGEZOGEN
 62
     4
420
    65535
370
    18
100
AcDbHatch
 10
0.0
 20
0.0
 30
0.0
210
0.0
220
0.0
230
1.0
  2
SOLID
 70
     1
 71
     0
 91
        1
 92
        2
 72
     0
 73
     1
 93
        3
 10
-117.659
 20
265.0
 10
-114.159
 20
264.3
 10
-114.159
 20
265.7
 97
        0
 75
     0
 76
     1
 98
        0
  0
LINE
  5
157
330
152
100
AcDbEntity
  8
Layer5
  6
AUSGEZOGEN
 62
     4
420
    65535
370
    18
100
AcDbLine
 10
-114.159
 20
265.0
 30
0.0
 11
-97.159
 21
265.0
 31
0.0
  0
LINE
  5
158
330
152
100
AcDbEntity
  8
Layer5
  6
AUSGEZOGEN
 62
     4
420
    65535
370
    18
100
AcDbLine
 10
-117.659
 20
250.260468476634
 30
0.0
 11
-117.659
 21
267.5
 31
0.0
  0
LINE
  5
159
330
152
100
AcDbEntity
  8
Layer5
  6
AUSGEZOGEN
 62
     4
420
    65535
370
    18
100
AcDbLine
 10
-93.659
 20
250.260468476634
 30
0.0
 11
-93.659
 21
267.5
 31
0.0
  0
TEXT
  5
15A
330
152
100
AcDbEntity
  8
Layer5
  6
AUSGEZOGEN
 62
     4
420
    65535
370
    18
100
AcDbText
 10
-108.575666666667
 20
269.1
 30
0.0
 40
3.5
  1
25
 41
1.073883161512
  7
Arial
 72
     5
 11
-102.742333333333
 21
269.1
 31
0.0
100
AcDbText
  0
ENDBLK
  5
154
330
152
100
AcDbEntity
  8
0
100
AcDbBlockEnd
  0
BLOCK
  5
163
330
162
100
AcDbEntity
  8
0
100
AcDbBlockBegin
  2
*D12
 70
     1
 10
0.0
 20
0.0
 30
0.0
  3
*D12
  1

  0
HATCH
  5
165
330
162
100
AcDbEntity
  8
Layer5
  6
AUSGEZOGEN
 62
     4
420
    65535
370
    18
100
AcDbHatch
 10
0.0
 20
0.0
 30
0.0
210
0.0
220
0.0
230
1.0
  2
SOLID
 70
     1
 71
     0
 91
        1
 92
        2
 72
     0
 73
     1
 93
        3
 10
-232.682
 20
52.943
 10
-231.982
 20
56.443
 10
-233.382
 20
56.443
 97
        0
 75
     0
 76
     1
 98
        0
  0
HATCH
  5
166
330
162
100
AcDbEntity
  8
Layer5
  6
AUSGEZOGEN
 62
     4
420
    65535
370
    18
100
AcDbHatch
 10
0.0
 20
0.0
 30
0.0
210
0.0
220
0.0
230
1.0
  2
SOLID
 70
     1
 71
     0
 91
        1
 92
        2
 72
     0
 73
     1
 93
        3
 10
-232.682
 20
92.943
 10
-233.382
 20
89.443
 10
-231.982
 20
89.443
 97
        0
 75
     0
 76
     1
 98
        0
  0
LINE
  5
167
330
162
100
AcDbEntity
  8
Layer5
  6
AUSGEZOGEN
 62
     4
420
    65535
370
    18
100
AcDbLine
 10
-232.682
 20
89.443
 30
0.0
 11
-232.682
 21
56.443
 31
0.0
  0
LINE
  5
168
330
162
100
AcDbEntity
  8
Layer5
  6
AUSGEZOGEN
 62
     4
420
    65535
370
    18
100
AcDbLine
 10
-203.621
 20
92.943
 30
0.0
 11
-235.182
 21
92.943
 31
0.0
  0
LINE
  5
169
330
162
100
AcDbEntity
  8
Layer5
  6
AUSGEZOGEN
 62
     4
420
    65535
370
    18
100
AcDbLine
 10
-218.621
 20
52.943
 30
0.0
 11
-235.182
 21
52.943
 31
0.0
  0
TEXT
  5
16A
330
162
100
AcDbEntity
  8
Layer5
  6
AUSGEZOGEN
 62
     4
420
    65535
370
    18
100
AcDbText
 10
-235.482
 20
70.715727272727
 30
0.0
 40
3.5
  1
40
 50
90.0
 41
0.820056232427
  7
Arial
 72
     5
 11
-235.482
 21
75.170272727273
 31
0.0
100
AcDbText
  0
ENDBLK
  5
164
330
162
100
AcDbEntity
  8
0
100
AcDbBlockEnd
  0
BLOCK
  5
16D
330
16C
100
AcDbEntity
  8
0
100
AcDbBlockBegin
  2
*D13
 70
     1
 10
0.0
 20
0.0
 30
0.0
  3
*D13
  1

  0
HATCH
  5
16F
330
16C
100
AcDbEntity
  8
Layer30
  6
AUSGEZOGEN
 62
     4
420
    65535
370
    18
100
AcDbHatch
 10
0.0
 20
0.0
 30
0.0
210
0.0
220
0.0
230
1.0
  2
SOLID
 70
     1
 71
     0
 91
        1
 92
        2
 72
     0
 73
     1
 93
        3
 10
25.0
 20
107.943
 10
24.3
 20
104.443
 10
25.7
 20
104.443
 97
        0
 75
     0
 76
     1
 98
        0
  0
HATCH
  5
170
330
16C
100
AcDbEntity
  8
Layer30
  6
AUSGEZOGEN
 62
     4
420
    65535
370
    18
100
AcDbHatch
 10
0.0
 20
0.0
 30
0.0
210
0.0
220
0.0
230
1.0
  2
SOLID
 70
     1
 71
     0
 91
        1
 92
        2
 72
     0
 73
     1
 93
        3
 10
25.0
 20
92.943
 10
25.7
 20
96.443
 10
24.3
 20
96.443
 97
        0
 75
     0
 76
     1
 98
        0
  0
LINE
  5
171
330
16C
100
AcDbEntity
  8
Layer30
  6
AUSGEZOGEN
 62
     4
420
    65535
370
    18
100
AcDbLine
 10
25.0
 20
96.443
 30
0.0
 11
25.0
 21
104.443
 31
0.0
  0
LINE
  5
172
330
16C
100
AcDbEntity
  8
Layer30
  6
AUSGEZOGEN
 62
     4
420
    65535
370
    18
100
AcDbLine
 10
-6.3736
 20
92.943
 30
0.0
 11
27.5
 21
92.943
 31
0.0
  0
LINE
  5
173
330
16C
100
AcDbEntity
  8
Layer30
  6
AUSGEZOGEN
 62
     4
420
    65535
370
    18
100
AcDbLine
 10
-6.3736
 20
107.943
 30
0.0
 11
27.5
 21
107.943
 31
0.0
  0
TEXT
  5
174
330
16C
100
AcDbEntity
  8
Layer30
  6
AUSGEZOGEN
 62
     4
420
    65535
370
    18
100
AcDbText
 10
23.25
 20
98.215727272727
 30
0.0
 40
3.5
  1
15
 50
90.0
 41
0.820056232427
  7
Arial
 72
     5
 11
23.25
 21
102.670272727273
 31
0.0
100
AcDbText
  0
ENDBLK
  5
16E
330
16C
100
AcDbEntity
  8
0
100
AcDbBlockEnd
  0
BLOCK
  5
18E
330
18D
100
AcDbEntity
  8
0
100
AcDbBlockBegin
  2
ukb-a4_nNn013
 70
     0
 10
0.0
 20
0.0
 30
0.0
  3
ukb-a4_nNn013
  1

  0
INSERT
  5
28F
330
18D
100
AcDbEntity
  8
0
100
AcDbBlockReference
  2
ukb-a4_nNn014
 10
0.0
 20
0.0
 30
0.0
  0
ENDBLK
  5
18F
330
18D
100
AcDbEntity
  8
0
100
AcDbBlockEnd
  0
BLOCK
  5
191
330
190
100
AcDbEntity
  8
0
100
AcDbBlockBegin
  2
ukb-a4_nNn014
 70
     0
 10
0.0
 20
0.0
 30
0.0
  3
ukb-a4_nNn014
  1

  0
INSERT
  5
28E
330
190
100
AcDbEntity
  8
0
100
AcDbBlockReference
  2
ukb-logo_nNn015
 10
0.0
 20
0.0
 30
0.0
  0
ENDBLK
  5
192
330
190
100
AcDbEntity
  8
0
100
AcDbBlockEnd
  0
BLOCK
  5
194
330
193
100
AcDbEntity
  8
0
100
AcDbBlockBegin
  2
ukb-logo_nNn015
 70
     0
 10
0.0
 20
0.0
 30
0.0
  3
ukb-logo_nNn015
  1

  0
LINE
  5
196
330
193
100
AcDbEntity
  8
Layer11
  6
AUSGEZOGEN
 62
     7
370
    50
100
AcDbLine
 10
354.028315968066
 20
-104.418888057752
 30
0.0
 11
354.499073871845
 21
-105.958667779993
 31
0.0
  0
LINE
  5
197
330
193
100
AcDbEntity
  8
Layer11
  6
AUSGEZOGEN
 62
     7
370
    50
100
AcDbLine
 10
354.220709082171
 20
-104.511524639364
 30
0.0
 11
354.381630161363
 21
-105.037873772606
 31
0.0
  0
LINE
  5
198
330
193
100
AcDbEntity
  8
Layer11
  6
AUSGEZOGEN
 62
     7
370
    50
100
AcDbLine
 10
354.423977017787
 20
-105.17638409883
 30
0.0
 11
354.606773273097
 21
-105.77428370916
 31
0.0
  0
LWPOLYLINE
  5
199
330
193
100
AcDbEntity
  8
Layer11
  6
AUSGEZOGEN
 62
     7
370
    50
100
AcDbPolyline
 90
      280
 70
     0
 43
0.0
 10
354.949411552951
 20
-104.924857586273
 10
354.954912030096
 20
-104.926059127287
 10
354.960410893324
 20
-104.927262915734
 10
354.965906528713
 20
-104.92847119905
 10
354.97139732235
 20
-104.929686224669
 10
354.976881660312
 20
-104.930910240026
 10
354.982357928682
 20
-104.932145492554
 10
354.987824513544
 20
-104.933394229688
 10
354.993279800978
 20
-104.934658698863
 10
354.998722177065
 20
-104.935941147512
 10
355.004150027886
 20
-104.93724382307
 10
355.009561739526
 20
-104.938568972972
 10
355.014955698063
 20
-104.93991884465
 10
355.020330289583
 20
-104.941295685542
 10
355.025683900163
 20
-104.94270174308
 10
355.031014915887
 20
-104.944139264698
 10
355.036321722837
 20
-104.945610497831
 10
355.041602707093
 20
-104.947117689914
 10
355.04685625474
 20
-104.94866308838
 10
355.052080751855
 20
-104.950248940665
 10
355.057274584526
 20
-104.951877494202
 10
355.062436138829
 20
-104.953550996424
 10
355.067563800847
 20
-104.955271694769
 10
355.072655956663
 20
-104.957041836669
 10
355.077710992359
 20
-104.958863669559
 10
355.082727294015
 20
-104.960739440872
 10
355.087703247715
 20
-104.962671398044
 10
355.092637239537
 20
-104.964661788508
 10
355.097527655568
 20
-104.9667128597
 10
355.102372881884
 20
-104.968826859053
 10
355.10717130457
 20
-104.971006034002
 10
355.111921309708
 20
-104.973252631981
 10
355.116621615114
 20
-104.975568551305
 10
355.121272265555
 20
-104.977954293812
 10
355.125873637528
 20
-104.980410012221
 10
355.130426107535
 20
-104.982935859251
 10
355.134930052078
 20
-104.985531987619
 10
355.139385847657
 20
-104.988198550046
 10
355.143793870772
 20
-104.99093569925
 10
355.148154497924
 20
-104.99374358795
 10
355.152468105611
 20
-104.996622368863
 10
355.156735070337
 20
-104.999572194711
 10
355.160955768601
 20
-105.00259321821
 10
355.165130576903
 20
-105.005685592079
 10
355.169259871746
 20
-105.008849469038
 10
355.173344029627
 20
-105.012085001806
 10
355.177383427046
 20
-105.015392343099
 10
355.18137844051
 20
-105.018771645638
 10
355.185329446513
 20
-105.022223062143
 10
355.18923682156
 20
-105.02574674533
 10
355.193100942146
 20
-105.029342847919
 10
355.196922184776
 20
-105.033011522628
 10
355.200700925951
 20
-105.036752922178
 10
355.204437542169
 20
-105.040567199285
 10
355.208132409931
 20
-105.044454506668
 10
355.21178590574
 20
-105.048414997048
 10
355.215398406092
 20
-105.052448823142
 10
355.218970287491
 20
-105.05655613767
 10
355.222501926437
 20
-105.060737093349
 10
355.225993699431
 20
-105.064991842898
 10
355.22944598297
 20
-105.069320539037
 10
355.232859153559
 20
-105.073723334484
 10
355.236233587697
 20
-105.078200381959
 10
355.239569398246
 20
-105.082751154499
 10
355.24286564351
 20
-105.08737240643
 10
355.24612111816
 20
-105.092060212398
 10
355.249334616863
 20
-105.096810647045
 10
355.252504934286
 20
-105.101619785019
 10
355.255630865097
 20
-105.106483700963
 10
355.258711203964
 20
-105.111398469522
 10
355.261744745556
 20
-105.116360165342
 10
355.264730284538
 20
-105.121364863068
 10
355.267666615581
 20
-105.126408637345
 10
355.27055253335
 20
-105.131487562817
 10
355.273386832514
 20
-105.136597714129
 10
355.276168307741
 20
-105.141735165927
 10
355.278895753698
 20
-105.146895992857
 10
355.281567965054
 20
-105.152076269562
 10
355.284183736476
 20
-105.157272070686
 10
355.286741862634
 20
-105.162479470878
 10
355.289241138191
 20
-105.167694544779
 10
355.291680357818
 20
-105.172913367036
 10
355.294058316184
 20
-105.178132012294
 10
355.296373807953
 20
-105.183346555197
 10
355.298625627795
 20
-105.188553070391
 10
355.300812570378
 20
-105.193747632521
 10
355.30293343037
 20
-105.198926316231
 10
355.304987002439
 20
-105.204085196167
 10
355.306972081251
 20
-105.209220346974
 10
355.308887461475
 20
-105.214327843296
 10
355.31073193778
 20
-105.219403759778
 10
355.312504304831
 20
-105.224444171067
 10
355.314203357297
 20
-105.229445151806
 10
355.315827889847
 20
-105.23440277664
 10
355.317377114572
 20
-105.239314096394
 10
355.318851913271
 20
-105.244180066602
 10
355.320253585162
 20
-105.249002618978
 10
355.321583429468
 20
-105.253783685235
 10
355.322842745407
 20
-105.258525197089
 10
355.324032832205
 20
-105.263229086251
 10
355.325154989079
 20
-105.267897284437
 10
355.326210515254
 20
-105.27253172336
 10
355.327200709946
 20
-105.277134334733
 10
355.328126872381
 20
-105.28170705027
 10
355.328990301776
 20
-105.286251801685
 10
355.329792297356
 20
-105.290770520693
 10
355.33053415834
 20
-105.295265139006
 10
355.33121718395
 20
-105.299737588338
 10
355.331842673408
 20
-105.304189800403
 10
355.332411925931
 20
-105.308623706915
 10
355.332926240744
 20
-105.313041239587
 10
355.333386917068
 20
-105.317444330134
 10
355.333795254123
 20
-105.321834910268
 10
355.334152551128
 20
-105.326214911704
 10
355.33446010731
 20
-105.330586266156
 10
355.334719221883
 20
-105.334950905337
 10
355.334931194075
 20
-105.339310760961
 10
355.335097323101
 20
-105.343667764742
 10
355.335218908187
 20
-105.348023848393
 10
355.335297248552
 20
-105.352380943628
 10
355.335333643416
 20
-105.356740982161
 10
355.335329392003
 20
-105.361105895706
 10
355.335285793532
 20
-105.365477615976
 10
355.335204147223
 20
-105.369858074686
 10
355.3350857523
 20
-105.374249203548
 10
355.334931584856
 20
-105.378652449612
 10
355.334741328468
 20
-105.383067321261
 10
355.334514343593
 20
-105.387492842218
 10
355.334249990681
 20
-105.391928036202
 10
355.333947630186
 20
-105.396371926932
 10
355.33360662256
 20
-105.40082353813
 10
355.333226328258
 20
-105.405281893514
 10
355.332806107728
 20
-105.409746016806
 10
355.332345321427
 20
-105.414214931724
 10
355.331843329805
 20
-105.41868766199
 10
355.331299493315
 20
-105.423163231323
 10
355.330713172411
 20
-105.427640663444
 10
355.330083727546
 20
-105.432118982071
 10
355.329410519169
 20
-105.436597210926
 10
355.328692907737
 20
-105.441074373728
 10
355.327930253701
 20
-105.445549494199
 10
355.327121917511
 20
-105.450021596056
 10
355.326267259625
 20
-105.454489703022
 10
355.325365640492
 20
-105.458952838815
 10
355.324416420566
 20
-105.463410027156
 10
355.323418960299
 20
-105.467860291765
 10
355.322372620145
 20
-105.472302656361
 10
355.321276760555
 20
-105.476736144666
 10
355.320130741981
 20
-105.481159780398
 10
355.318933924879
 20
-105.485572587279
 10
355.317685669696
 20
-105.489973589028
 10
355.316385336892
 20
-105.494361809364
 10
355.315032286913
 20
-105.498736272009
 10
355.313625880217
 20
-105.503096000682
 10
355.312165477253
 20
-105.507440019105
 10
355.310650438474
 20
-105.511767350996
 10
355.309080492514
 20
-105.516077024143
 10
355.307456840719
 20
-105.520368082609
 10
355.305781052615
 20
-105.524639574524
 10
355.304054697732
 20
-105.52889054802
 10
355.302279345593
 20
-105.533120051226
 10
355.300456565725
 20
-105.537327132274
 10
355.298587927657
 20
-105.541510839294
 10
355.296675000913
 20
-105.545670220416
 10
355.294719355021
 20
-105.549804323769
 10
355.292722559509
 20
-105.553912197486
 10
355.2906861839
 20
-105.557992889697
 10
355.288611797725
 20
-105.562045448532
 10
355.286500970509
 20
-105.566068922122
 10
355.284355271777
 20
-105.570062358597
 10
355.282176271058
 20
-105.574024806088
 10
355.279965537877
 20
-105.577955312726
 10
355.277724641761
 20
-105.58185292664
 10
355.275455152238
 20
-105.585716695961
 10
355.273158638833
 20
-105.589545668821
 10
355.270836671072
 20
-105.593338893348
 10
355.268490818484
 20
-105.597095417676
 10
355.266122650595
 20
-105.600814289932
 10
355.263733736931
 20
-105.604494558248
 10
355.26132564702
 20
-105.608135270754
 10
355.258899950386
 20
-105.611735475582
 10
355.25645821656
 20
-105.615294220861
 10
355.254002015065
 20
-105.618810554723
 10
355.251532915427
 20
-105.622283525297
 10
355.249052487176
 20
-105.625712180713
 10
355.246562299835
 20
-105.629095569104
 10
355.244063922936
 20
-105.632432738598
 10
355.241558564658
 20
-105.635723054425
 10
355.239045987812
 20
-105.638967150202
 10
355.236525593868
 20
-105.642165976643
 10
355.233996784293
 20
-105.645320484464
 10
355.231458960554
 20
-105.64843162438
 10
355.228911524119
 20
-105.651500347105
 10
355.226353876457
 20
-105.654527603356
 10
355.223785419035
 20
-105.657514343846
 10
355.22120555332
 20
-105.66046151929
 10
355.218613680782
 20
-105.663370080405
 10
355.216009202886
 20
-105.666240977906
 10
355.213391521102
 20
-105.669075162505
 10
355.210760036895
 20
-105.67187358492
 10
355.208114151738
 20
-105.674637195864
 10
355.205453267092
 20
-105.677366946054
 10
355.20277678443
 20
-105.680063786203
 10
355.200084105218
 20
-105.682728667029
 10
355.197374630923
 20
-105.685362539243
 10
355.194647763016
 20
-105.687966353563
 10
355.19190290296
 20
-105.690541060703
 10
355.189139452227
 20
-105.693087611378
 10
355.186356812283
 20
-105.695606956304
 10
355.183554384596
 20
-105.698100046195
 10
355.180731570632
 20
-105.700567831765
 10
355.177887771861
 20
-105.703011263731
 10
355.175022389751
 20
-105.705431292807
 10
355.172134825769
 20
-105.707828869708
 10
355.169224481382
 20
-105.710204945151
 10
355.16629075806
 20
-105.712560469848
 10
355.163333057268
 20
-105.714896394516
 10
355.160350780476
 20
-105.717213669868
 10
355.157343120904
 20
-105.719513169342
 10
355.154308438787
 20
-105.721795457259
 10
355.151244886111
 20
-105.724061020657
 10
355.148150614863
 20
-105.726310346579
 10
355.145023777033
 20
-105.728543922065
 10
355.141862524608
 20
-105.730762234158
 10
355.138665009572
 20
-105.732965769896
 10
355.135429383916
 20
-105.735155016322
 10
355.132153799625
 20
-105.737330460477
 10
355.128836408687
 20
-105.739492589402
 10
355.125475363091
 20
-105.741641890138
 10
355.122068814821
 20
-105.743778849725
 10
355.118614915868
 20
-105.745903955205
 10
355.115111818217
 20
-105.74801769362
 10
355.111557673858
 20
-105.750120552008
 10
355.107950634774
 20
-105.752213017413
 10
355.104288852956
 20
-105.754295576875
 10
355.10057048039
 20
-105.756368717435
 10
355.096793669063
 20
-105.758432926134
 10
355.092956570963
 20
-105.760488690014
 10
355.089057338079
 20
-105.762536496115
 10
355.085094122395
 20
-105.764576831477
 10
355.081065075902
 20
-105.766610183143
 10
355.076968350583
 20
-105.768637038153
 10
355.072802098428
 20
-105.770657883549
 10
355.068564471425
 20
-105.77267320637
 10
355.06425362156
 20
-105.77468349366
 10
355.05986770082
 20
-105.776689232457
 10
355.055404861196
 20
-105.778690909804
 10
355.05086325467
 20
-105.780689012741
 10
355.046241033233
 20
-105.782684028311
 10
355.041537100222
 20
-105.784676376359
 10
355.036753364381
 20
-105.786666207961
 10
355.031892485804
 20
-105.788653607
 10
355.026957124585
 20
-105.790638657355
 10
355.02194994082
 20
-105.792621442909
 10
355.016873594599
 20
-105.794602047543
 10
355.011730746023
 20
-105.796580555139
 10
355.00652405518
 20
-105.798557049578
 10
355.001256182168
 20
-105.800531614742
 10
354.995929787081
 20
-105.802504334512
 10
354.990547530011
 20
-105.804475292771
 10
354.985112071056
 20
-105.806444573398
 10
354.979626070308
 20
-105.808412260277
 10
354.974092187862
 20
-105.810378437288
 10
354.968513083812
 20
-105.812343188312
 10
354.962891418251
 20
-105.814306597233
 10
354.957229851276
 20
-105.816268747931
 10
354.95153104298
 20
-105.818229724287
 10
354.945797653458
 20
-105.820189610183
 10
354.940032342804
 20
-105.8221484895
 10
354.934237771111
 20
-105.824106446122
 10
354.928416598476
 20
-105.826063563927
 10
354.922571484991
 20
-105.828019926799
 10
354.916705090751
 20
-105.829975618619
 10
354.910820075851
 20
-105.831930723268
 10
354.904919100385
 20
-105.833885324628
 10
354.899004824447
 20
-105.83583950658
 10
354.893079908132
 20
-105.837793353006
 10
354.887147011534
 20
-105.839746947788
 10
354.881208794746
 20
-105.841700374805
 10
354.875267917865
 20
-105.843653717942
  0
LWPOLYLINE
  5
19A
330
193
100
AcDbEntity
  8
Layer11
  6
AUSGEZOGEN
 62
     7
370
    50
100
AcDbPolyline
 90
      435
 70
     0
 43
0.0
 10
354.220709082171
 20
-104.511524639364
 10
354.227824402446
 20
-104.509315871192
 10
354.234935426745
 20
-104.507108625158
 10
354.242037859094
 20
-104.504904423403
 10
354.249127403517
 20
-104.502704788066
 10
354.256199764039
 20
-104.500511241285
 10
354.263250644686
 20
-104.498325305202
 10
354.270275749481
 20
-104.496148501954
 10
354.277270782448
 20
-104.493982353682
 10
354.284231447617
 20
-104.491828382523
 10
354.291153449005
 20
-104.489688110618
 10
354.298032490644
 20
-104.487563060105
 10
354.304864276555
 20
-104.485454753125
 10
354.311644510763
 20
-104.483364711816
 10
354.318368897293
 20
-104.481294458318
 10
354.325033140171
 20
-104.47924551477
 10
354.33163294342
 20
-104.47721940331
 10
354.338164011066
 20
-104.475217646081
 10
354.344622047133
 20
-104.473241765218
 10
354.351002755646
 20
-104.471293282862
 10
354.35730184063
 20
-104.469373721153
 10
354.363515006109
 20
-104.467484602229
 10
354.369637956112
 20
-104.46562744823
 10
354.375666394657
 20
-104.463803781297
 10
354.381596025773
 20
-104.462015123565
 10
354.387422553484
 20
-104.460262997177
 10
354.393141681814
 20
-104.458548924271
 10
354.398749114789
 20
-104.456874426986
 10
354.404240556434
 20
-104.455241027462
 10
354.409611710773
 20
-104.453650247838
 10
354.414858281831
 20
-104.452103610252
 10
354.419975973631
 20
-104.450602636845
 10
354.424961953319
 20
-104.449148432293
 10
354.429819240495
 20
-104.44774043142
 10
354.434552317886
 20
-104.446377651584
 10
354.439165668215
 20
-104.445059110147
 10
354.443663774204
 20
-104.443783824469
 10
354.448051118576
 20
-104.442550811911
 10
354.452332184054
 20
-104.441359089831
 10
354.456511453362
 20
-104.440207675592
 10
354.46059340922
 20
-104.439095586553
 10
354.464582534354
 20
-104.438021840075
 10
354.468483311486
 20
-104.436985453517
 10
354.472300223339
 20
-104.43598544424
 10
354.476037752635
 20
-104.435020829605
 10
354.479700382097
 20
-104.434090626972
 10
354.48329259445
 20
-104.4331938537
 10
354.486818872414
 20
-104.432329527151
 10
354.490283698715
 20
-104.431496664683
 10
354.493691556072
 20
-104.43069428366
 10
354.497046927212
 20
-104.42992140144
 10
354.500354294856
 20
-104.429177035383
 10
354.503618141727
 20
-104.428460202849
 10
354.506842950548
 20
-104.427769921201
 10
354.510033204044
 20
-104.427105207797
 10
354.513193384934
 20
-104.426465079996
 10
354.516327975944
 20
-104.425848555162
 10
354.519441459794
 20
-104.425254650652
 10
354.52253831921
 20
-104.424682383829
 10
354.525623036914
 20
-104.424130772051
 10
354.528700095627
 20
-104.42359883268
 10
354.531773978075
 20
-104.423085583076
 10
354.534849166979
 20
-104.422590040597
 10
354.537929236867
 20
-104.422111430595
 10
354.541014129474
 20
-104.421649810371
 10
354.544102878343
 20
-104.421205445218
 10
354.547194517014
 20
-104.420778600426
 10
354.55028807903
 20
-104.420369541288
 10
354.553382597929
 20
-104.419978533095
 10
354.556477107257
 20
-104.419605841136
 10
354.559570640551
 20
-104.419251730706
 10
354.562662231352
 20
-104.418916467096
 10
354.565750913204
 20
-104.418600315596
 10
354.568835719643
 20
-104.418303541498
 10
354.571915684217
 20
-104.418026410094
 10
354.574989840461
 20
-104.417769186675
 10
354.578057221919
 20
-104.417532136533
 10
354.581116862133
 20
-104.417315524958
 10
354.584167794641
 20
-104.417119617244
 10
354.587209052989
 20
-104.41694467868
 10
354.590239670712
 20
-104.416790974559
 10
354.593258681354
 20
-104.416658770173
 10
354.596265118457
 20
-104.416548330812
 10
354.599258015562
 20
-104.416459921768
 10
354.602236406208
 20
-104.416393808333
 10
354.605199323938
 20
-104.416350255798
 10
354.608145802291
 20
-104.416329529455
 10
354.611074874811
 20
-104.416331894594
 10
354.613985575037
 20
-104.416357616508
 10
354.616876936511
 20
-104.416406960489
 10
354.619747992773
 20
-104.416480191827
 10
354.622597777365
 20
-104.416577575815
 10
354.62542532383
 20
-104.416699377743
 10
354.628229665705
 20
-104.416845862903
 10
354.631010098901
 20
-104.417017252415
 10
354.6337669688
 20
-104.417213590717
 10
354.636500883151
 20
-104.417434878075
 10
354.639212449702
 20
-104.417681114754
 10
354.641902276202
 20
-104.417952301021
 10
354.644570970402
 20
-104.418248437139
 10
354.64721914005
 20
-104.418569523378
 10
354.649847392893
 20
-104.418915560002
 10
354.652456336684
 20
-104.419286547276
 10
354.655046579172
 20
-104.419682485468
 10
354.657618728103
 20
-104.420103374841
 10
354.660173391229
 20
-104.420549215664
 10
354.662711176296
 20
-104.421020008202
 10
354.665232691056
 20
-104.421515752719
 10
354.667738543256
 20
-104.422036449482
 10
354.670229340649
 20
-104.422582098759
 10
354.672705690981
 20
-104.423152700812
 10
354.675168202001
 20
-104.423748255911
 10
354.677617481459
 20
-104.424368764319
 10
354.680054137103
 20
-104.425014226304
 10
354.682478776684
 20
-104.425684642129
 10
354.68489200795
 20
-104.426380012063
 10
354.687294438653
 20
-104.42710033637
 10
354.689686676535
 20
-104.427845615317
 10
354.692069329354
 20
-104.42861584917
 10
354.694443004854
 20
-104.429411038193
 10
354.696808310782
 20
-104.430231182654
 10
354.699165854894
 20
-104.431076282818
 10
354.701516244934
 20
-104.431946338951
 10
354.703860088652
 20
-104.432841351319
 10
354.706197993797
 20
-104.433761320188
 10
354.708530426102
 20
-104.434706231088
 10
354.710857283213
 20
-104.435676010606
 10
354.713178320763
 20
-104.436670570593
 10
354.715493294385
 20
-104.437689822901
 10
354.717801959705
 20
-104.438733679381
 10
354.72010407236
 20
-104.439802051885
 10
354.722399387978
 20
-104.440894852262
 10
354.724687662189
 20
-104.442011992366
 10
354.726968650626
 20
-104.443153384047
 10
354.729242108921
 20
-104.444318939156
 10
354.731507792702
 20
-104.445508569544
 10
354.733765457602
 20
-104.446722187065
 10
354.736014859253
 20
-104.447959703566
 10
354.738255753284
 20
-104.449221030902
 10
354.740487895328
 20
-104.450506080922
 10
354.742711041014
 20
-104.45181476548
 10
354.744924945975
 20
-104.453146996424
 10
354.747129365842
 20
-104.454502685607
 10
354.749324056244
 20
-104.45588174488
 10
354.751508772814
 20
-104.457284086095
 10
354.753683271183
 20
-104.458709621102
 10
354.755847306982
 20
-104.460158261752
 10
354.758000635841
 20
-104.461629919899
 10
354.760143013391
 20
-104.463124507391
 10
354.762274195266
 20
-104.464641936082
 10
354.764393937094
 20
-104.466182117821
 10
354.766501994507
 20
-104.467744964461
 10
354.768598123137
 20
-104.469330387852
 10
354.770682078612
 20
-104.470938299846
 10
354.772753616568
 20
-104.472568612296
 10
354.774812492633
 20
-104.474221237049
 10
354.77685845259
 20
-104.475896007384
 10
354.778891202834
 20
-104.477592442265
 10
354.780910439913
 20
-104.479309982082
 10
354.782915860371
 20
-104.481048067226
 10
354.784907160756
 20
-104.482806138085
 10
354.786884037616
 20
-104.484583635051
 10
354.788846187494
 20
-104.486379998512
 10
354.79079330694
 20
-104.488194668858
 10
354.792725092499
 20
-104.49002708648
 10
354.794641240718
 20
-104.491876691767
 10
354.796541448144
 20
-104.493742925109
 10
354.798425411322
 20
-104.495625226895
 10
354.8002928268
 20
-104.497523037515
 10
354.802143391124
 20
-104.49943579736
 10
354.80397680084
 20
-104.501362946819
 10
354.805792752497
 20
-104.503303926282
 10
354.807590942639
 20
-104.505258176138
 10
354.809371067815
 20
-104.507225136778
 10
354.811132824569
 20
-104.509204248592
 10
354.812875909447
 20
-104.511194951968
 10
354.814600018999
 20
-104.513196687297
 10
354.81630484977
 20
-104.515208894969
 10
354.817990098309
 20
-104.517231015372
 10
354.819655461157
 20
-104.519262488899
 10
354.821300634864
 20
-104.521302755938
 10
354.822925315977
 20
-104.523351256878
 10
354.82452920104
 20
-104.525407432109
 10
354.826111986604
 20
-104.527470722023
 10
354.827673369211
 20
-104.529540567008
 10
354.82921304541
 20
-104.531616407453
 10
354.83073071175
 20
-104.53369768375
 10
354.832226096804
 20
-104.535784059206
 10
354.833699057285
 20
-104.537876088808
 10
354.835149481929
 20
-104.539974550462
 10
354.836577259477
 20
-104.542080222072
 10
354.83798227867
 20
-104.544193881546
 10
354.83936442825
 20
-104.546316306787
 10
354.840723596952
 20
-104.5484482757
 10
354.84205967352
 20
-104.550590566193
 10
354.843372546691
 20
-104.552743956169
 10
354.844662105208
 20
-104.554909223535
 10
354.845928237808
 20
-104.557087146196
 10
354.847170833233
 20
-104.559278502056
 10
354.848389780222
 20
-104.561484069023
 10
354.849584967515
 20
-104.563704625
 10
354.850756283852
 20
-104.565940947894
 10
354.851903617973
 20
-104.568193815609
 10
354.853026858618
 20
-104.570464006052
 10
354.854125894528
 20
-104.572752297128
 10
354.855200614442
 20
-104.575059466742
 10
354.856250907098
 20
-104.577386292799
 10
354.85727666124
 20
-104.579733553205
 10
354.858277765605
 20
-104.582102025866
 10
354.859254108933
 20
-104.584492488686
 10
354.860205579964
 20
-104.586905719571
 10
354.861132067441
 20
-104.589342496428
 10
354.8620334601
 20
-104.59180359716
 10
354.862909646683
 20
-104.594289799673
 10
354.863760515929
 20
-104.596801881873
 10
354.864585956579
 20
-104.599340621666
 10
354.865385857373
 20
-104.601906796956
 10
354.866160107049
 20
-104.604501185649
 10
354.866908584461
 20
-104.607124244877
 10
354.86763112892
 20
-104.609775148679
 10
354.868327569841
 20
-104.612452750318
 10
354.868997736647
 20
-104.61515590306
 10
354.869641458758
 20
-104.617883460171
 10
354.870258565596
 20
-104.620634274914
 10
354.87084888658
 20
-104.623407200554
 10
354.871412251132
 20
-104.626201090356
 10
354.87194848867
 20
-104.629014797585
 10
354.872457428617
 20
-104.631847175507
 10
354.872938900393
 20
-104.634697077385
 10
354.873392733418
 20
-104.637563356483
 10
354.873818757111
 20
-104.640444866069
 10
354.874216800896
 20
-104.643340459405
 10
354.87458669419
 20
-104.646248989758
 10
354.874928266418
 20
-104.649169310391
 10
354.875241346996
 20
-104.652100274569
 10
354.875525765347
 20
-104.655040735557
 10
354.875781350889
 20
-104.657989546621
 10
354.876007933046
 20
-104.660945561025
 10
354.876205341238
 20
-104.663907632033
 10
354.876373404883
 20
-104.666874612912
 10
354.876511953402
 20
-104.669845356924
 10
354.876620816218
 20
-104.672818717336
 10
354.876699822751
 20
-104.675793547411
 10
354.876748802419
 20
-104.678768700415
 10
354.876767584645
 20
-104.681743029614
 10
354.876755998848
 20
-104.68471538827
 10
354.87671387445
 20
-104.68768462965
 10
354.87664104087
 20
-104.690649607018
 10
354.876537327529
 20
-104.693609173638
 10
354.87640256789
 20
-104.696562359762
 10
354.876236611586
 20
-104.699508903579
 10
354.876039312289
 20
-104.702448720269
 10
354.875810523672
 20
-104.705381725005
 10
354.87555009941
 20
-104.708307832965
 10
354.875257893178
 20
-104.711226959327
 10
354.874933758647
 20
-104.714139019266
 10
354.874577549494
 20
-104.717043927958
 10
354.87418911939
 20
-104.719941600582
 10
354.87376832201
 20
-104.722831952313
 10
354.873315011026
 20
-104.725714898328
 10
354.872829040116
 20
-104.728590353803
 10
354.872310262949
 20
-104.731458233916
 10
354.871758533202
 20
-104.734318453842
 10
354.871173704547
 20
-104.737170928759
 10
354.87055563066
 20
-104.740015573843
 10
354.869904165211
 20
-104.74285230427
 10
354.869219161876
 20
-104.745681035218
 10
354.868500474331
 20
-104.748501681863
 10
354.867747956247
 20
-104.751314159381
 10
354.866961461296
 20
-104.75411838295
 10
354.866140843156
 20
-104.756914267745
 10
354.865285955499
 20
-104.759701728944
 10
354.864396652
 20
-104.762480681722
 10
354.863472786328
 20
-104.765251041258
 10
354.862514212164
 20
-104.768012722727
 10
354.861520783176
 20
-104.770765641306
 10
354.860492353039
 20
-104.77350971217
 10
354.859428775428
 20
-104.776244850499
 10
354.858329904017
 20
-104.778970971467
 10
354.857195592478
 20
-104.781687990252
 10
354.856025935973
 20
-104.784395660883
 10
354.854821995598
 20
-104.787093092802
 10
354.853585073939
 20
-104.789779234305
 10
354.852316473578
 20
-104.792453033686
 10
354.851017497102
 20
-104.795113439241
 10
354.849689447096
 20
-104.797759399265
 10
354.848333626142
 20
-104.800389862052
 10
354.846951336822
 20
-104.8030037759
 10
354.845543881726
 20
-104.805600089102
 10
354.844112563437
 20
-104.808177749954
 10
354.842658684535
 20
-104.810735706751
 10
354.841183547607
 20
-104.813272907788
 10
354.839688455239
 20
-104.81578830136
 10
354.838174710014
 20
-104.818280835762
 10
354.836643614515
 20
-104.820749459292
 10
354.835096471328
 20
-104.823193120241
 10
354.833534583037
 20
-104.825610766906
 10
354.831959252224
 20
-104.828001347583
 10
354.830371781478
 20
-104.830363810566
 10
354.828773473379
 20
-104.832697104152
 10
354.827165630512
 20
-104.835000176633
 10
354.825549555462
 20
-104.837271976307
 10
354.823926550815
 20
-104.839511451468
 10
354.822297919153
 20
-104.841717550412
 10
354.820664963061
 20
-104.843889221433
 10
354.819028985123
 20
-104.846025412827
 10
354.817391287925
 20
-104.848125072889
 10
354.815753174047
 20
-104.850187149914
 10
354.814115946079
 20
-104.852210592197
 10
354.812480906601
 20
-104.854194348034
 10
354.810849358201
 20
-104.85613736572
 10
354.809222197795
 20
-104.85803899938
 10
354.807598699663
 20
-104.859900226464
 10
354.805977732414
 20
-104.861722430247
 10
354.80435816466
 20
-104.86350699401
 10
354.802738865012
 20
-104.865255301031
 10
354.80111870208
 20
-104.866968734588
 10
354.799496544478
 20
-104.86864867796
 10
354.797871260817
 20
-104.870296514424
 10
354.796241719707
 20
-104.871913627261
 10
354.794606789761
 20
-104.873501399748
 10
354.792965339592
 20
-104.875061215163
 10
354.791316237807
 20
-104.876594456784
 10
354.78965835302
 20
-104.878102507892
 10
354.787990553843
 20
-104.879586751764
 10
354.786311708889
 20
-104.881048571677
 10
354.784620686765
 20
-104.882489350912
 10
354.782916356086
 20
-104.883910472746
 10
354.781197585464
 20
-104.885313320457
 10
354.779463243507
 20
-104.886699277325
 10
354.777712198829
 20
-104.888069726627
 10
354.775943320041
 20
-104.889426051643
 10
354.774155475756
 20
-104.89076963565
 10
354.772347534581
 20
-104.892101861927
 10
354.770518365133
 20
-104.893424113752
 10
354.76866683602
 20
-104.894737774404
 10
354.766791815855
 20
-104.896044227163
 10
354.764892173249
 20
-104.897344855304
 10
354.762966776813
 20
-104.898641042108
 10
354.76101449516
 20
-104.899934170853
 10
354.759034196899
 20
-104.901225624817
 10
354.757024750645
 20
-104.902516787279
 10
354.754985268741
 20
-104.903808759773
 10
354.752915838468
 20
-104.90510151686
 10
354.750816790842
 20
-104.906394751354
 10
354.748688456879
 20
-104.907688156074
 10
354.746531167592
 20
-104.908981423833
 10
354.744345253999
 20
-104.91027424745
 10
354.742131047115
 20
-104.911566319739
 10
354.739888877954
 20
-104.912857333517
 10
354.737619077531
 20
-104.9141469816
 10
354.735321976863
 20
-104.915434956805
 10
354.732997906962
 20
-104.916720951947
 10
354.730647198849
 20
-104.918004659842
 10
354.728270183532
 20
-104.919285773307
 10
354.725867192032
 20
-104.920563985157
 10
354.723438555364
 20
-104.921838988209
 10
354.720984604539
 20
-104.923110475279
 10
354.718505670575
 20
-104.924378139182
 10
354.71600208449
 20
-104.925641672737
 10
354.713474177294
 20
-104.926900768756
 10
354.710922280005
 20
-104.928155120058
 10
354.708346723637
 20
-104.929404419459
 10
354.705747839209
 20
-104.930648359775
 10
354.703125957731
 20
-104.93188663382
 10
354.700481410222
 20
-104.933118934413
 10
354.697814527696
 20
-104.934344954368
 10
354.695125641167
 20
-104.935564386503
 10
354.692415081654
 20
-104.936776923632
 10
354.689683180168
 20
-104.937982258573
 10
354.686930267728
 20
-104.939180084141
 10
354.684156675347
 20
-104.940370093153
 10
354.681362734038
 20
-104.941551978423
 10
354.678548212698
 20
-104.942725697438
 10
354.675710631724
 20
-104.94389226635
 10
354.67284694939
 20
-104.945052965983
 10
354.669954123973
 20
-104.946209077158
 10
354.667029113747
 20
-104.947361880697
 10
354.66406887699
 20
-104.948512657423
 10
354.661070371975
 20
-104.949662688158
 10
354.658030556979
 20
-104.950813253725
 10
354.654946390276
 20
-104.951965634945
 10
354.651814830142
 20
-104.953121112641
 10
354.648632834855
 20
-104.954280967635
 10
354.645397362687
 20
-104.95544648075
 10
354.642105371915
 20
-104.956618932806
 10
354.638753820815
 20
-104.957799604628
 10
354.635339667661
 20
-104.958989777037
 10
354.63185987073
 20
-104.960190730854
 10
354.628311388297
 20
-104.961403746904
 10
354.624691178637
 20
-104.962630106007
 10
354.620996200025
 20
-104.963871088986
 10
354.617223410738
 20
-104.965127976664
 10
354.61336976905
 20
-104.966402049861
 10
354.609432233239
 20
-104.967694589402
 10
354.605407761577
 20
-104.969006876107
 10
354.601293312342
 20
-104.9703401908
 10
354.597085843811
 20
-104.971695814302
 10
354.592782314254
 20
-104.973075027436
 10
354.588379681951
 20
-104.974479111022
 10
354.583874905177
 20
-104.975909345887
 10
354.579264942206
 20
-104.977367012849
 10
354.574546751315
 20
-104.978853392731
 10
354.569717290779
 20
-104.980369766356
 10
354.564774640403
 20
-104.981917032934
 10
354.559721366121
 20
-104.983494565219
 10
354.554561155397
 20
-104.985101354356
 10
354.549297695692
 20
-104.986736391487
 10
354.543934674475
 20
-104.988398667755
 10
354.538475779204
 20
-104.990087174304
 10
354.532924697344
 20
-104.991800902277
 10
354.527285116359
 20
-104.993538842815
 10
354.521560723713
 20
-104.995299987064
 10
354.515755206869
 20
-104.997083326164
 10
354.509872253291
 20
-104.998887851261
 10
354.503915550442
 20
-105.000712553496
 10
354.497888785785
 20
-105.002556424013
 10
354.491795646785
 20
-105.004418453956
 10
354.485639820905
 20
-105.006297634465
 10
354.479424995607
 20
-105.008192956687
 10
354.473154858359
 20
-105.010103411762
 10
354.466833096618
 20
-105.012027990834
 10
354.460463397853
 20
-105.013965685047
 10
354.454049449523
 20
-105.015915485543
 10
354.447594939096
 20
-105.017876383465
 10
354.441103554034
 20
-105.019847369956
 10
354.4345789818
 20
-105.02182743616
 10
354.428024909856
 20
-105.02381557322
 10
354.42144502567
 20
-105.025810772278
 10
354.414843016701
 20
-105.027812024477
 10
354.408222570413
 20
-105.029818320962
 10
354.401587374274
 20
-105.031828652873
 10
354.394941115741
 20
-105.033842011356
 10
354.388287482283
 20
-105.035857387553
 10
354.381630161363
 20
-105.037873772606
  0
LWPOLYLINE
  5
19B
330
193
100
AcDbEntity
  8
Layer11
  6
AUSGEZOGEN
 62
     7
370
    50
100
AcDbPolyline
 90
      435
 70
     0
 43
0.0
 10
354.423977017787
 20
-105.17638409883
 10
354.430278429796
 20
-105.17444916113
 10
354.436577477178
 20
-105.172514998887
 10
354.442871795309
 20
-105.170582387555
 10
354.449159019558
 20
-105.168652102589
 10
354.455436785302
 20
-105.166724919449
 10
354.461702727913
 20
-105.164801613587
 10
354.467954482763
 20
-105.16288296046
 10
354.474189685229
 20
-105.160969735524
 10
354.480405970682
 20
-105.159062714234
 10
354.486600974497
 20
-105.157162672048
 10
354.492772332045
 20
-105.155270384419
 10
354.498917678702
 20
-105.153386626805
 10
354.505034649841
 20
-105.151512174661
 10
354.511120880834
 20
-105.149647803442
 10
354.517174007055
 20
-105.147794288605
 10
354.523191663879
 20
-105.145952405606
 10
354.529171486676
 20
-105.1441229299
 10
354.535111110825
 20
-105.142306636943
 10
354.541008171693
 20
-105.140504302191
 10
354.546860304658
 20
-105.138716701101
 10
354.552665145091
 20
-105.136944609127
 10
354.558420328369
 20
-105.135188801725
 10
354.56412348986
 20
-105.133450054352
 10
354.569772264942
 20
-105.131729142463
 10
354.575364288987
 20
-105.130026841513
 10
354.580897197368
 20
-105.128343926961
 10
354.586368625456
 20
-105.126681174259
 10
354.59177620863
 20
-105.125039358865
 10
354.59711758226
 20
-105.123419256234
 10
354.602390381721
 20
-105.121821641823
 10
354.607592242384
 20
-105.120247291086
 10
354.612721399848
 20
-105.118696846954
 10
354.6177784906
 20
-105.117170422238
 10
354.622764751348
 20
-105.11566799723
 10
354.627681418806
 20
-105.114189552214
 10
354.632529729685
 20
-105.112735067481
 10
354.637310920691
 20
-105.111304523315
 10
354.642026228539
 20
-105.109897900007
 10
354.646676889937
 20
-105.108515177842
 10
354.651264141596
 20
-105.10715633711
 10
354.655789220229
 20
-105.105821358096
 10
354.660253362543
 20
-105.10451022109
 10
354.66465780525
 20
-105.103222906378
 10
354.669003785061
 20
-105.101959394247
 10
354.673292538688
 20
-105.100719664988
 10
354.677525302837
 20
-105.099503698885
 10
354.681703314224
 20
-105.098311476228
 10
354.685827809555
 20
-105.097142977302
 10
354.689900025544
 20
-105.095998182396
 10
354.693921198899
 20
-105.094877071799
 10
354.697892566332
 20
-105.093779625797
 10
354.701815364555
 20
-105.092705824678
 10
354.705690830275
 20
-105.091655648729
 10
354.709520200204
 20
-105.090629078239
 10
354.713304711053
 20
-105.089626093493
 10
354.717045599533
 20
-105.088646674782
 10
354.720744102355
 20
-105.087690802392
 10
354.724401456228
 20
-105.08675845661
 10
354.728018897862
 20
-105.085849617724
 10
354.73159766397
 20
-105.084964266023
 10
354.73513899126
 20
-105.084102381792
 10
354.738644116446
 20
-105.083263945321
 10
354.742114097724
 20
-105.082448863455
 10
354.745549279247
 20
-105.081656749277
 10
354.748949826663
 20
-105.080887142431
 10
354.752315905607
 20
-105.080139582557
 10
354.755647681726
 20
-105.079413609295
 10
354.758945320662
 20
-105.078708762292
 10
354.762208988057
 20
-105.078024581186
 10
354.765438849554
 20
-105.07736060562
 10
354.768635070792
 20
-105.076716375235
 10
354.771797817417
 20
-105.076091429675
 10
354.774927255072
 20
-105.075485308581
 10
354.778023549396
 20
-105.074897551594
 10
354.781086866033
 20
-105.074327698358
 10
354.784117370626
 20
-105.073775288512
 10
354.787115228817
 20
-105.0732398617
 10
354.790080606248
 20
-105.072720957563
 10
354.793013668561
 20
-105.072218115743
 10
354.7959145814
 20
-105.071730875884
 10
354.798783510407
 20
-105.071258777625
 10
354.801620621223
 20
-105.070801360609
 10
354.804426079491
 20
-105.070358164478
 10
354.807200050855
 20
-105.069928728873
 10
354.809942700955
 20
-105.069512593438
 10
354.812654195434
 20
-105.069109297814
 10
354.815334699935
 20
-105.068718381643
 10
354.817984380101
 20
-105.068339384565
 10
354.820603401571
 20
-105.067971846224
 10
354.823191929994
 20
-105.067615306261
 10
354.825750131006
 20
-105.06726930432
 10
354.828278170251
 20
-105.06693338004
 10
354.830776213374
 20
-105.066607073064
 10
354.8332449301
 20
-105.066290162467
 10
354.835687006495
 20
-105.065983385051
 10
354.838105632711
 20
-105.065687717054
 10
354.840503998898
 20
-105.06540413471
 10
354.842885295208
 20
-105.065133614255
 10
354.845252711792
 20
-105.064877131924
 10
354.847609438799
 20
-105.064635663955
 10
354.849958666384
 20
-105.064410186581
 10
354.852303584694
 20
-105.06420167604
 10
354.854647383884
 20
-105.064011108567
 10
354.8569932541
 20
-105.063839460398
 10
354.859344385497
 20
-105.063687707768
 10
354.861703968225
 20
-105.063556826914
 10
354.864075192434
 20
-105.063447794069
 10
354.866461248276
 20
-105.063361585473
 10
354.868865325902
 20
-105.063299177358
 10
354.871290615464
 20
-105.063261545963
 10
354.87374030711
 20
-105.063249667521
 10
354.876217590994
 20
-105.063264518269
 10
354.878725657265
 20
-105.063307074442
 10
354.881267696077
 20
-105.063378312277
 10
354.883846897578
 20
-105.063479208008
 10
354.886466451919
 20
-105.063610737872
 10
354.889129549252
 20
-105.063773878106
 10
354.891839379729
 20
-105.063969604944
 10
354.894599133499
 20
-105.064198894622
 10
354.897412000715
 20
-105.064462723376
 10
354.900281171526
 20
-105.064762067441
 10
354.903209836086
 20
-105.065097903054
 10
354.906201184542
 20
-105.06547120645
 10
354.90925840705
 20
-105.065882953865
 10
354.912383549931
 20
-105.06633398449
 10
354.915574084215
 20
-105.066824589332
 10
354.918826337107
 20
-105.067354922357
 10
354.922136635807
 20
-105.06792513753
 10
354.92550130752
 20
-105.068535388812
 10
354.928916679448
 20
-105.069185830168
 10
354.932379078793
 20
-105.069876615562
 10
354.935884832761
 20
-105.070607898957
 10
354.939430268554
 20
-105.071379834319
 10
354.943011713375
 20
-105.072192575609
 10
354.946625494426
 20
-105.073046276793
 10
354.95026793891
 20
-105.073941091834
 10
354.953935374031
 20
-105.074877174697
 10
354.957624126992
 20
-105.075854679343
 10
354.961330524995
 20
-105.076873759739
 10
354.965050895244
 20
-105.077934569847
 10
354.968781564943
 20
-105.079037263632
 10
354.972518861294
 20
-105.080181995058
 10
354.976259111498
 20
-105.081368918087
 10
354.979998642761
 20
-105.082598186684
 10
354.983733782285
 20
-105.083869954813
 10
354.987460857274
 20
-105.085184376439
 10
354.991176194928
 20
-105.086541605523
 10
354.994876122455
 20
-105.087941796031
 10
354.998556967054
 20
-105.089385101926
 10
355.002215055927
 20
-105.090871677174
 10
355.005846716282
 20
-105.092401675735
 10
355.00944827532
 20
-105.093975251576
 10
355.01301606024
 20
-105.09559255866
 10
355.016546398252
 20
-105.09725375095
 10
355.020035616554
 20
-105.09895898241
 10
355.023480761171
 20
-105.100708370548
 10
355.02688175342
 20
-105.102501887046
 10
355.030239233431
 20
-105.104339467129
 10
355.03355384134
 20
-105.10622104602
 10
355.036826217285
 20
-105.108146558945
 10
355.040057001396
 20
-105.110115941128
 10
355.04324683381
 20
-105.112129127797
 10
355.046396354661
 20
-105.114186054174
 10
355.049506204083
 20
-105.116286655485
 10
355.052577022212
 20
-105.118430866954
 10
355.055609449184
 20
-105.120618623808
 10
355.05860412513
 20
-105.12284986127
 10
355.061561690189
 20
-105.125124514565
 10
355.064482784492
 20
-105.127442518919
 10
355.067368048174
 20
-105.129803809557
 10
355.070218121371
 20
-105.132208321702
 10
355.07303364422
 20
-105.134655990581
 10
355.075815256851
 20
-105.137146751419
 10
355.0785635994
 20
-105.13968053944
 10
355.081279312002
 20
-105.142257289868
 10
355.083963034795
 20
-105.144876937929
 10
355.086615407909
 20
-105.147539418849
 10
355.089237071481
 20
-105.150244667851
 10
355.091828665645
 20
-105.152992620162
 10
355.094390830535
 20
-105.155783211005
 10
355.096924206286
 20
-105.158616375606
 10
355.099429433034
 20
-105.161492049189
 10
355.101907150915
 20
-105.16441016698
 10
355.104358000059
 20
-105.167370664203
 10
355.106782620604
 20
-105.170373476084
 10
355.109181652683
 20
-105.173418537847
 10
355.111555448737
 20
-105.176505511432
 10
355.113903210429
 20
-105.179632965634
 10
355.116223851723
 20
-105.182799195962
 10
355.118516286586
 20
-105.186002497925
 10
355.120779428988
 20
-105.189241167035
 10
355.123012192893
 20
-105.1925134988
 10
355.125213492267
 20
-105.195817788728
 10
355.127382241081
 20
-105.199152332332
 10
355.129517353296
 20
-105.202515425119
 10
355.131617742886
 20
-105.205905362599
 10
355.133682323809
 20
-105.209320440283
 10
355.13571001004
 20
-105.212758953678
 10
355.137699715542
 20
-105.216219198295
 10
355.139650354282
 20
-105.219699469644
 10
355.141560840226
 20
-105.223198063234
 10
355.143430087345
 20
-105.226713274575
 10
355.145257009599
 20
-105.230243399175
 10
355.14704052096
 20
-105.233786732546
 10
355.148779535393
 20
-105.237341570196
 10
355.150472966867
 20
-105.240906207634
 10
355.152119729346
 20
-105.244478940371
 10
355.153718736798
 20
-105.248058063916
 10
355.155268903189
 20
-105.251641873778
 10
355.156769142486
 20
-105.255228665467
 10
355.158218368659
 20
-105.258816734493
 10
355.15961549567
 20
-105.262404376364
 10
355.160959437488
 20
-105.265989886593
 10
355.16224910808
 20
-105.269571560686
 10
355.163483421413
 20
-105.273147694154
 10
355.164661291454
 20
-105.276716582505
 10
355.165781632168
 20
-105.280276521251
 10
355.166843669225
 20
-105.28382617989
 10
355.167847875102
 20
-105.287365723882
 10
355.168795033973
 20
-105.290895692677
 10
355.169685930018
 20
-105.294416625724
 10
355.170521347413
 20
-105.297929062471
 10
355.171302070334
 20
-105.30143354237
 10
355.17202888296
 20
-105.304930604868
 10
355.172702569467
 20
-105.308420789416
 10
355.173323914034
 20
-105.311904635463
 10
355.173893700836
 20
-105.315382682459
 10
355.174412714052
 20
-105.318855469854
 10
355.174881737858
 20
-105.322323537094
 10
355.175301556432
 20
-105.325787423632
 10
355.17567295395
 20
-105.329247668918
 10
355.175996714592
 20
-105.332704812397
 10
355.176273622532
 20
-105.336159393523
 10
355.17650446195
 20
-105.339611951744
 10
355.176690017023
 20
-105.343063026508
 10
355.176831071924
 20
-105.346513157268
 10
355.176928410834
 20
-105.349962883469
 10
355.176982817932
 20
-105.353412744564
 10
355.176995077389
 20
-105.35686328
 10
355.176965973387
 20
-105.360315029227
 10
355.176896290104
 20
-105.363768531695
 10
355.176786811713
 20
-105.367224326855
 10
355.176638322395
 20
-105.370682954153
 10
355.176451606327
 20
-105.374144953043
 10
355.176227447683
 20
-105.377610862969
 10
355.175966630643
 20
-105.381081223384
 10
355.175669939385
 20
-105.384556573737
 10
355.175338158082
 20
-105.388037453478
 10
355.174971858942
 20
-105.391524195446
 10
355.174570766271
 20
-105.395016306039
 10
355.174134392406
 20
-105.398513085051
 10
355.173662249681
 20
-105.402013832271
 10
355.173153850432
 20
-105.40551784749
 10
355.172608706993
 20
-105.409024430497
 10
355.1720263317
 20
-105.412532881085
 10
355.171406236889
 20
-105.416042499042
 10
355.170747934894
 20
-105.419552584161
 10
355.17005093805
 20
-105.423062436231
 10
355.169314758692
 20
-105.426571355042
 10
355.168538909156
 20
-105.430078640386
 10
355.167722901777
 20
-105.433583592052
 10
355.16686624889
 20
-105.437085509832
 10
355.165968462831
 20
-105.440583693516
 10
355.165029055934
 20
-105.444077442893
 10
355.164047540533
 20
-105.447566057755
 10
355.163023428966
 20
-105.451048837894
 10
355.161956233567
 20
-105.454525083098
 10
355.160845466671
 20
-105.457994093158
 10
355.159690640612
 20
-105.461455167865
 10
355.158491267727
 20
-105.464907607009
 10
355.15724686035
 20
-105.468350710382
 10
355.155956930818
 20
-105.471783777772
 10
355.154620991463
 20
-105.475206108971
 10
355.153238554622
 20
-105.478617003771
 10
355.151809132631
 20
-105.48201576196
 10
355.150332237823
 20
-105.485401683329
 10
355.148807382537
 20
-105.48877406767
 10
355.147234079104
 20
-105.492132214771
 10
355.14561183986
 20
-105.495475424425
 10
355.143940640597
 20
-105.498802848683
 10
355.142222310928
 20
-105.502113048648
 10
355.140459143921
 20
-105.505404437679
 10
355.138653432645
 20
-105.508675429143
 10
355.136807470172
 20
-105.511924436401
 10
355.134923549566
 20
-105.515149872817
 10
355.133003963896
 20
-105.518350151753
 10
355.131051006236
 20
-105.521523686572
 10
355.12906696965
 20
-105.524668890638
 10
355.127054147208
 20
-105.527784177313
 10
355.12501483198
 20
-105.530867959961
 10
355.122951317035
 20
-105.533918651944
 10
355.120865895439
 20
-105.536934666625
 10
355.118760860263
 20
-105.539914417368
 10
355.116638504576
 20
-105.542856317535
 10
355.114501121447
 20
-105.545758780489
 10
355.112351003944
 20
-105.548620219593
 10
355.110190445135
 20
-105.551439048211
 10
355.108021738092
 20
-105.554213679705
 10
355.105847175879
 20
-105.556942527438
 10
355.103669051569
 20
-105.559624004773
 10
355.101489658228
 20
-105.562256525074
 10
355.099311288927
 20
-105.564838501702
 10
355.097136236735
 20
-105.567368348022
 10
355.094966794719
 20
-105.569844477396
 10
355.092805255949
 20
-105.572265303188
 10
355.090653913494
 20
-105.574629238759
 10
355.088515060421
 20
-105.576934697474
 10
355.086390989802
 20
-105.579180092695
 10
355.084283994702
 20
-105.581363837784
 10
355.082196368194
 20
-105.583484346105
 10
355.080129695423
 20
-105.585540707193
 10
355.078082729859
 20
-105.587534715265
 10
355.076053517052
 20
-105.58946884071
 10
355.074040102551
 20
-105.591345553917
 10
355.072040531901
 20
-105.593167325274
 10
355.070052850652
 20
-105.594936625172
 10
355.068075104355
 20
-105.596655923998
 10
355.066105338554
 20
-105.598327692142
 10
355.064141598803
 20
-105.599954399993
 10
355.062181930647
 20
-105.60153851794
 10
355.060224379635
 20
-105.603082516371
 10
355.058266991317
 20
-105.604588865675
 10
355.056307811241
 20
-105.606060036243
 10
355.054344884955
 20
-105.607498498463
 10
355.052376258009
 20
-105.608906722721
 10
355.05039997595
 20
-105.61028717941
 10
355.048414084326
 20
-105.611642338918
 10
355.046416628686
 20
-105.612974671632
 10
355.04440565458
 20
-105.614286647944
 10
355.042379207556
 20
-105.61558073824
 10
355.040335333164
 20
-105.61685941291
 10
355.038272076949
 20
-105.618125142345
 10
355.036187484462
 20
-105.619380396931
 10
355.034079601252
 20
-105.620627647058
 10
355.031946472866
 20
-105.621869363115
 10
355.029786144853
 20
-105.623108015492
 10
355.027596662762
 20
-105.624346074576
 10
355.025376072143
 20
-105.625586010758
 10
355.023122418541
 20
-105.626830294425
 10
355.020833747507
 20
-105.628081395967
 10
355.018508104591
 20
-105.629341785774
 10
355.01614404528
 20
-105.630613386732
 10
355.01374216482
 20
-105.631895931725
 10
355.011303568405
 20
-105.633188606134
 10
355.008829361223
 20
-105.634490595344
 10
355.006320648459
 20
-105.635801084733
 10
355.003778535309
 20
-105.637119259687
 10
355.001204126955
 20
-105.638444305587
 10
354.998598528591
 20
-105.639775407813
 10
354.995962845406
 20
-105.641111751749
 10
354.993298182584
 20
-105.642452522778
 10
354.990605645319
 20
-105.643796906279
 10
354.987886338799
 20
-105.645144087637
 10
354.985141368212
 20
-105.646493252233
 10
354.982371838749
 20
-105.64784358545
 10
354.979578855597
 20
-105.649194272668
 10
354.976763523944
 20
-105.650544499271
 10
354.973926948984
 20
-105.65189345064
 10
354.971070235901
 20
-105.653240312157
 10
354.968194489886
 20
-105.654584269207
 10
354.96530081613
 20
-105.655924507168
 10
354.962390319817
 20
-105.657260211424
 10
354.959464106141
 20
-105.658590567357
 10
354.956523280289
 20
-105.659914760349
 10
354.953568947451
 20
-105.661231975783
 10
354.950602212816
 20
-105.66254139904
 10
354.94762418157
 20
-105.663842215503
 10
354.944635958908
 20
-105.665133610552
 10
354.941638650013
 20
-105.666414769572
 10
354.938633360078
 20
-105.667684877943
 10
354.935621194289
 20
-105.668943121048
 10
354.932603257838
 20
-105.670188684269
 10
354.929579742511
 20
-105.671421174387
 10
354.926547186495
 20
-105.672641883779
 10
354.923501214569
 20
-105.673852526219
 10
354.92043745152
 20
-105.675054815482
 10
354.917351522127
 20
-105.676250465345
 10
354.914239051177
 20
-105.677441189584
 10
354.911095663451
 20
-105.678628701971
 10
354.907916983732
 20
-105.679814716284
 10
354.904698636805
 20
-105.681000946298
 10
354.90143624745
 20
-105.682189105788
 10
354.898125440452
 20
-105.683380908528
 10
354.894761840595
 20
-105.684578068296
 10
354.89134107266
 20
-105.685782298864
 10
354.887858761431
 20
-105.68699531401
 10
354.884310531692
 20
-105.688218827509
 10
354.880692008225
 20
-105.689454553136
 10
354.876998815813
 20
-105.690704204665
 10
354.873226579239
 20
-105.691969495872
 10
354.869370923287
 20
-105.693252140534
 10
354.86542747274
 20
-105.694553852425
 10
354.861391852381
 20
-105.69587634532
 10
354.857259686991
 20
-105.697221332995
 10
354.853026601355
 20
-105.698590529224
 10
354.848688220256
 20
-105.699985647783
 10
354.844240168479
 20
-105.701408402449
 10
354.839678070805
 20
-105.702860506995
 10
354.834997552014
 20
-105.704343675197
 10
354.830194236896
 20
-105.705859620832
 10
354.825263750228
 20
-105.707410057672
 10
354.820201716797
 20
-105.708996699495
 10
354.815003761383
 20
-105.710621260076
 10
354.809666992262
 20
-105.712284954482
 10
354.804194451656
 20
-105.713987002951
 10
354.798590665287
 20
-105.715726127017
 10
354.792860158865
 20
-105.717501048208
 10
354.78700745811
 20
-105.719310488057
 10
354.781037088737
 20
-105.721153168095
 10
354.774953576462
 20
-105.723027809853
 10
354.768761447002
 20
-105.724933134862
 10
354.762465226071
 20
-105.726867864654
 10
354.756069439387
 20
-105.728830720758
 10
354.749578612664
 20
-105.730820424708
 10
354.742997271622
 20
-105.732835698034
 10
354.736329941974
 20
-105.734875262267
 10
354.729581149435
 20
-105.736937838939
 10
354.722755419724
 20
-105.73902214958
 10
354.715857278556
 20
-105.741126915722
 10
354.708891251647
 20
-105.743250858895
 10
354.701861864713
 20
-105.745392700633
 10
354.694773643469
 20
-105.747551162463
 10
354.687631113631
 20
-105.749724965921
 10
354.680438800919
 20
-105.751912832535
 10
354.673201231044
 20
-105.754113483837
 10
354.665922929726
 20
-105.756325641358
 10
354.658608422679
 20
-105.758548026629
 10
354.651262235619
 20
-105.760779361181
 10
354.643888894263
 20
-105.763018366548
 10
354.636492924327
 20
-105.765263764257
 10
354.629078851525
 20
-105.767514275842
 10
354.621651201576
 20
-105.769768622833
 10
354.614214500194
 20
-105.772025526762
 10
354.606773273097
 20
-105.77428370916
  0
LWPOLYLINE
  5
19C
330
193
100
AcDbEntity
  8
Layer11
  6
AUSGEZOGEN
 62
     7
370
    50
100
AcDbPolyline
 90
      311
 70
     0
 43
0.0
 10
354.028315968066
 20
-104.418888057752
 10
354.042443395849
 20
-104.414511054913
 10
354.056558372782
 20
-104.410138220024
 10
354.070648448014
 20
-104.405773721032
 10
354.084701170699
 20
-104.401421725886
 10
354.098704089982
 20
-104.397086402536
 10
354.112644755018
 20
-104.39277191893
 10
354.126510714954
 20
-104.388482443015
 10
354.140289518941
 20
-104.384222142743
 10
354.153968716128
 20
-104.379995186061
 10
354.167535855668
 20
-104.375805740918
 10
354.180978486709
 20
-104.371657975262
 10
354.194284158403
 20
-104.367556057043
 10
354.207440419896
 20
-104.363504154209
 10
354.220434820343
 20
-104.35950643471
 10
354.233254908892
 20
-104.355567066494
 10
354.245888234693
 20
-104.351690217509
 10
354.258322346896
 20
-104.347880055704
 10
354.270544794652
 20
-104.344140749028
 10
354.282543127111
 20
-104.340476465431
 10
354.294304893423
 20
-104.336891372861
 10
354.305817642737
 20
-104.333389639265
 10
354.317068924205
 20
-104.329975432594
 10
354.328046286977
 20
-104.326652920798
 10
354.338737280203
 20
-104.323426271822
 10
354.349129453031
 20
-104.320299653617
 10
354.359210354613
 20
-104.31727723413
 10
354.3689675341
 20
-104.314363181313
 10
354.378388540641
 20
-104.311561663113
 10
354.387460923385
 20
-104.308876847478
 10
354.396172231485
 20
-104.306312902358
 10
354.404510014089
 20
-104.303873995701
 10
354.412466393598
 20
-104.30156293793
 10
354.420051785414
 20
-104.299377109358
 10
354.427281178187
 20
-104.297312532775
 10
354.434169560569
 20
-104.295365230969
 10
354.440731921215
 20
-104.293531226727
 10
354.446983248774
 20
-104.291806542839
 10
354.452938531899
 20
-104.290187202092
 10
354.458612759239
 20
-104.288669227274
 10
354.464020919448
 20
-104.287248641174
 10
354.469178001178
 20
-104.28592146658
 10
354.47409899308
 20
-104.284683726279
 10
354.478798883807
 20
-104.28353144306
 10
354.483292662008
 20
-104.282460639712
 10
354.487595316336
 20
-104.281467339022
 10
354.491721835444
 20
-104.280547563779
 10
354.495687207982
 20
-104.27969733677
 10
354.499506422603
 20
-104.278912680785
 10
354.503194467958
 20
-104.278189618611
 10
354.506766332699
 20
-104.277524173036
 10
354.510237005478
 20
-104.276912366848
 10
354.513621474948
 20
-104.276350222836
 10
354.516934729756
 20
-104.275833763789
 10
354.520191758558
 20
-104.275359012493
 10
354.523407550005
 20
-104.274921991738
 10
354.526597092749
 20
-104.274518724311
 10
354.529775375439
 20
-104.274145233
 10
354.532957386731
 20
-104.273797540594
 10
354.536158115274
 20
-104.273471669881
 10
354.539392549719
 20
-104.27316364365
 10
354.54267567872
 20
-104.272869484688
 10
354.54602249093
 20
-104.272585215784
 10
354.549444833891
 20
-104.272307681762
 10
354.552941990736
 20
-104.272037015602
 10
354.556510103492
 20
-104.271774172319
 10
354.560145314183
 20
-104.271520106928
 10
354.563843764834
 20
-104.271275774443
 10
354.567601597472
 20
-104.271042129883
 10
354.57141495412
 20
-104.27082012826
 10
354.575279976805
 20
-104.27061072459
 10
354.579192807553
 20
-104.270414873891
 10
354.583149588391
 20
-104.270233531176
 10
354.587146461339
 20
-104.270067651461
 10
354.591179568428
 20
-104.269918189761
 10
354.595245051682
 20
-104.269786101093
 10
354.599339053124
 20
-104.269672340471
 10
354.603457714782
 20
-104.26957786291
 10
354.607597178682
 20
-104.269503623427
 10
354.611753586849
 20
-104.269450577037
 10
354.615923081307
 20
-104.269419678754
 10
354.620101804083
 20
-104.269411883595
 10
354.6242858972
 20
-104.269428146576
 10
354.628471502689
 20
-104.26946942271
 10
354.632654762569
 20
-104.269536667015
 10
354.636831818871
 20
-104.269630834506
 10
354.640998813617
 20
-104.269752880196
 10
354.645151888832
 20
-104.269903759103
 10
354.649287186545
 20
-104.270084426242
 10
354.65340084878
 20
-104.270295836627
 10
354.65748901756
 20
-104.270538945275
 10
354.661547834912
 20
-104.270814707201
 10
354.665573442864
 20
-104.271124077421
 10
354.669561983439
 20
-104.271468010949
 10
354.673510492476
 20
-104.271847313494
 10
354.677419581056
 20
-104.272262193535
 10
354.681290754077
 20
-104.272712710244
 10
354.685125516437
 20
-104.273198922792
 10
354.688925373026
 20
-104.273720890353
 10
354.692691828747
 20
-104.274278672096
 10
354.696426388491
 20
-104.274872327193
 10
354.700130557158
 20
-104.275501914817
 10
354.703805839639
 20
-104.276167494139
 10
354.707453740834
 20
-104.276869124333
 10
354.711075765636
 20
-104.277606864567
 10
354.714673418943
 20
-104.278380774014
 10
354.718248205651
 20
-104.279190911848
 10
354.721801630654
 20
-104.280037337238
 10
354.725335198851
 20
-104.280920109358
 10
354.728850415137
 20
-104.281839287378
 10
354.732348784404
 20
-104.28279493047
 10
354.735831811553
 20
-104.283787097806
 10
354.739301001479
 20
-104.284815848559
 10
354.742757859074
 20
-104.285881241899
 10
354.746203889239
 20
-104.286983336998
 10
354.749640596867
 20
-104.288122193028
 10
354.753069486855
 20
-104.289297869162
 10
354.7564920641
 20
-104.29051042457
 10
354.759909833494
 20
-104.291759918425
 10
354.763324299938
 20
-104.293046409897
 10
354.766736968326
 20
-104.294369958159
 10
354.770149343553
 20
-104.295730622384
 10
354.773562930514
 20
-104.297128461742
 10
354.776979234106
 20
-104.298563535405
 10
354.780399759228
 20
-104.300035902545
 10
354.783825575356
 20
-104.301545566776
 10
354.787256010304
 20
-104.303092309476
 10
354.790689956473
 20
-104.304675856469
 10
354.794126306261
 20
-104.306295933575
 10
354.797563952067
 20
-104.307952266617
 10
354.801001786284
 20
-104.309644581415
 10
354.804438701316
 20
-104.311372603792
 10
354.80787358956
 20
-104.31313605957
 10
354.811305343414
 20
-104.314934674569
 10
354.814732855275
 20
-104.316768174612
 10
354.818155017543
 20
-104.318636285519
 10
354.821570722616
 20
-104.320538733115
 10
354.824978862893
 20
-104.322475243218
 10
354.828378330769
 20
-104.324445541651
 10
354.831768018645
 20
-104.326449354236
 10
354.835146818921
 20
-104.328486406794
 10
354.838513623992
 20
-104.330556425147
 10
354.841867326257
 20
-104.332659135117
 10
354.845206818118
 20
-104.334794262525
 10
354.848530991967
 20
-104.336961533193
 10
354.851838740208
 20
-104.339160672942
 10
354.855128955234
 20
-104.341391407595
 10
354.858400529447
 20
-104.343653462973
 10
354.861652355247
 20
-104.345946564897
 10
354.864883325027
 20
-104.348270439189
 10
354.86809233119
 20
-104.350624811671
 10
354.871278266132
 20
-104.353009408164
 10
354.87444002225
 20
-104.355423954491
 10
354.877576491947
 20
-104.357868176472
 10
354.880686567616
 20
-104.360341799929
 10
354.88376914166
 20
-104.362844550685
 10
354.886823293717
 20
-104.365376164837
 10
354.889848852405
 20
-104.367936419585
 10
354.892845833585
 20
-104.370525102412
 10
354.895814253118
 20
-104.373142000795
 10
354.898754126864
 20
-104.375786902213
 10
354.901665470681
 20
-104.378459594144
 10
354.904548300432
 20
-104.381159864068
 10
354.907402631976
 20
-104.383887499464
 10
354.910228481174
 20
-104.386642287808
 10
354.913025863887
 20
-104.389424016583
 10
354.915794795976
 20
-104.392232473264
 10
354.918535293298
 20
-104.395067445333
 10
354.921247371715
 20
-104.397928720266
 10
354.923931047088
 20
-104.400816085544
 10
354.926586335278
 20
-104.403729328644
 10
354.929213252144
 20
-104.406668237047
 10
354.931811813545
 20
-104.409632598229
 10
354.934382035346
 20
-104.412622199671
 10
354.936923933403
 20
-104.415636828851
 10
354.939437523579
 20
-104.418676273249
 10
354.94192282173
 20
-104.421740320342
 10
354.944379843724
 20
-104.424828757609
 10
354.946808605415
 20
-104.42794137253
 10
354.949209122664
 20
-104.431077952583
 10
354.951581411333
 20
-104.434238285247
 10
354.953925487284
 20
-104.437422158001
 10
354.956241366374
 20
-104.440629358323
 10
354.958529064465
 20
-104.443859673694
 10
354.960788597417
 20
-104.44711289159
 10
354.963019981089
 20
-104.450388799491
 10
354.965223231346
 20
-104.453687184876
 10
354.967398317345
 20
-104.457007822198
 10
354.969545021459
 20
-104.460350433807
 10
354.971663079358
 20
-104.463714729029
 10
354.973752226713
 20
-104.467100417188
 10
354.9758121992
 20
-104.470507207609
 10
354.977842732489
 20
-104.473934809615
 10
354.979843562249
 20
-104.477382932534
 10
354.981814424155
 20
-104.480851285689
 10
354.983755053878
 20
-104.484339578404
 10
354.985665187089
 20
-104.487847520006
 10
354.987544559461
 20
-104.491374819817
 10
354.989392906666
 20
-104.494921187164
 10
354.991209964374
 20
-104.498486331371
 10
354.99299546826
 20
-104.502069961763
 10
354.994749153992
 20
-104.505671787666
 10
354.996470757244
 20
-104.509291518402
 10
354.998160013689
 20
-104.512928863298
 10
354.999816658996
 20
-104.516583531677
 10
355.001440428838
 20
-104.520255232866
 10
355.003031058888
 20
-104.523943676189
 10
355.004588284817
 20
-104.527648570969
 10
355.006111842297
 20
-104.531369626533
 10
355.007601466998
 20
-104.535106552205
 10
355.009056894595
 20
-104.538859057309
 10
355.010477860757
 20
-104.542626851172
 10
355.011864101158
 20
-104.546409643117
 10
355.013215351468
 20
-104.550207142468
 10
355.014531347362
 20
-104.554019058552
 10
355.015811824507
 20
-104.557845100692
 10
355.01705651858
 20
-104.561684978215
 10
355.018265165249
 20
-104.565538400443
 10
355.019437517824
 20
-104.569404984083
 10
355.020573400159
 20
-104.573283975365
 10
355.021672653748
 20
-104.577174527902
 10
355.022735120083
 20
-104.581075795301
 10
355.023760640656
 20
-104.584986931176
 10
355.024749056958
 20
-104.588907089136
 10
355.025700210481
 20
-104.592835422794
 10
355.026613942719
 20
-104.596771085759
 10
355.027490095163
 20
-104.600713231644
 10
355.028328509303
 20
-104.604661014058
 10
355.029129026634
 20
-104.608613586613
 10
355.029891488648
 20
-104.61257010292
 10
355.030615736834
 20
-104.616529716589
 10
355.03130161269
 20
-104.620491581232
 10
355.031948957702
 20
-104.62445485046
 10
355.032557613364
 20
-104.628418677884
 10
355.033127421168
 20
-104.632382217114
 10
355.033658222608
 20
-104.636344621762
 10
355.034149859175
 20
-104.640305045439
 10
355.03460217236
 20
-104.644262641755
 10
355.035015003658
 20
-104.648216564321
 10
355.035388194556
 20
-104.65216596675
 10
355.035721586552
 20
-104.65611000265
 10
355.036015021133
 20
-104.660047825634
 10
355.036268339795
 20
-104.663978589313
 10
355.036481384026
 20
-104.667901447297
 10
355.036653995321
 20
-104.671815553196
 10
355.036786015175
 20
-104.675720060624
 10
355.036877285073
 20
-104.67961412319
 10
355.036927646512
 20
-104.683496894505
 10
355.036936940982
 20
-104.68736752818
 10
355.036904956993
 20
-104.691225435147
 10
355.036831271111
 20
-104.695071055619
 10
355.036715406925
 20
-104.698905087129
 10
355.036556888017
 20
-104.702728227212
 10
355.036355237975
 20
-104.706541173399
 10
355.036109980382
 20
-104.710344623227
 10
355.035820638821
 20
-104.714139274227
 10
355.035486736883
 20
-104.717925823933
 10
355.035107798149
 20
-104.72170496988
 10
355.034683346205
 20
-104.7254774096
 10
355.034212904637
 20
-104.729243840628
 10
355.033695997027
 20
-104.733004960497
 10
355.033132146964
 20
-104.73676146674
 10
355.032520878033
 20
-104.740514056892
 10
355.031861713815
 20
-104.744263428484
 10
355.031154177899
 20
-104.748010279052
 10
355.030397793869
 20
-104.751755306131
 10
355.029592085312
 20
-104.755499207251
 10
355.028736575809
 20
-104.759242679947
 10
355.027830788948
 20
-104.762986421752
 10
355.026874248313
 20
-104.766731130203
 10
355.02586647749
 20
-104.770477502829
 10
355.024807000064
 20
-104.774226237167
 10
355.02369533962
 20
-104.777978030748
 10
355.022531019742
 20
-104.781733581108
 10
355.021313564017
 20
-104.785493585779
 10
355.02004249603
 20
-104.789258742295
 10
355.018717339364
 20
-104.793029748189
 10
355.017337617606
 20
-104.796807300996
 10
355.015902854341
 20
-104.80059209825
 10
355.014412573153
 20
-104.804384837482
 10
355.012866678077
 20
-104.808186053523
 10
355.011266594931
 20
-104.811995630384
 10
355.009614129986
 20
-104.81581328937
 10
355.007911089511
 20
-104.819638751786
 10
355.006159279776
 20
-104.82347173894
 10
355.004360507046
 20
-104.827311972138
 10
355.002516577595
 20
-104.831159172684
 10
355.000629297687
 20
-104.835013061886
 10
354.998700473596
 20
-104.83887336105
 10
354.996731911586
 20
-104.84273979148
 10
354.994725417932
 20
-104.846612074485
 10
354.992682798895
 20
-104.850489931368
 10
354.990605860751
 20
-104.854373083438
 10
354.988496409764
 20
-104.858261251999
 10
354.986356252206
 20
-104.862154158357
 10
354.984187194347
 20
-104.866051523819
 10
354.981991042451
 20
-104.86995306969
 10
354.979769602791
 20
-104.873858517278
 10
354.977524681635
 20
-104.877767587886
 10
354.975258085251
 20
-104.881680002823
 10
354.972971619909
 20
-104.885595483393
 10
354.970667091879
 20
-104.889513750903
 10
354.968346307427
 20
-104.893434526658
 10
354.966011072824
 20
-104.897357531965
 10
354.963663194338
 20
-104.90128248813
 10
354.961304478238
 20
-104.905209116459
 10
354.958936730795
 20
-104.909137138258
 10
354.956561758274
 20
-104.913066274834
 10
354.954181366948
 20
-104.91699624749
 10
354.951797363083
 20
-104.920926777535
 10
354.949411552951
 20
-104.924857586273
  0
LWPOLYLINE
  5
19D
330
193
100
AcDbEntity
  8
Layer11
  6
AUSGEZOGEN
 62
     7
370
    50
100
AcDbPolyline
 90
      311
 70
     0
 43
0.0
 10
354.949411552951
 20
-104.924857586273
 10
354.954912070987
 20
-104.926059115688
 10
354.960410974851
 20
-104.92726289261
 10
354.965906650367
 20
-104.928471164546
 10
354.97139748336
 20
-104.929686179002
 10
354.976881859657
 20
-104.930910183485
 10
354.982358165086
 20
-104.932145425502
 10
354.987824785472
 20
-104.933394152561
 10
354.993280106641
 20
-104.934658612166
 10
354.998722514418
 20
-104.935941051828
 10
355.004150394631
 20
-104.93724371905
 10
355.009562133106
 20
-104.93856886134
 10
355.014956115667
 20
-104.939918726205
 10
355.020330728143
 20
-104.941295561152
 10
355.025684356357
 20
-104.942701613689
 10
355.031015386138
 20
-104.94413913132
 10
355.03632220331
 20
-104.945610361554
 10
355.041603193702
 20
-104.947117551897
 10
355.046856743136
 20
-104.948662949856
 10
355.052081237442
 20
-104.950248802937
 10
355.057275062444
 20
-104.951877358649
 10
355.062436603969
 20
-104.953550864497
 10
355.067564247842
 20
-104.955271567987
 10
355.072656379889
 20
-104.957041716629
 10
355.077711385939
 20
-104.958863557928
 10
355.082727651816
 20
-104.960739339389
 10
355.087703563346
 20
-104.962671308522
 10
355.092637506354
 20
-104.964661712831
 10
355.097527866669
 20
-104.966712799825
 10
355.102373030115
 20
-104.96882681701
 10
355.107171382519
 20
-104.971006011893
 10
355.111921309708
 20
-104.973252631981
 10
355.116621529498
 20
-104.975568575588
 10
355.121272087676
 20
-104.977954344264
 10
355.125873362022
 20
-104.980410090363
 10
355.130425730313
 20
-104.982935966243
 10
355.134929570326
 20
-104.985532124259
 10
355.139385259843
 20
-104.988198716768
 10
355.14379317664
 20
-104.990935896128
 10
355.148153698496
 20
-104.993743814692
 10
355.152467203189
 20
-104.996622624819
 10
355.156734068496
 20
-104.999572478863
 10
355.1609546722
 20
-105.002593529183
 10
355.165129392073
 20
-105.005685928134
 10
355.1692586059
 20
-105.008849828071
 10
355.173342691455
 20
-105.012085381352
 10
355.177382026515
 20
-105.015392740333
 10
355.181376988865
 20
-105.01877205737
 10
355.185327956277
 20
-105.02222348482
 10
355.189235306531
 20
-105.025747175038
 10
355.193099417407
 20
-105.029343280382
 10
355.196920666684
 20
-105.033011953206
 10
355.200699432137
 20
-105.036753345869
 10
355.204436091546
 20
-105.040567610726
 10
355.20813102269
 20
-105.044454900133
 10
355.211784603347
 20
-105.048415366447
 10
355.215397211296
 20
-105.052449162024
 10
355.218969224314
 20
-105.056556439219
 10
355.22250102018
 20
-105.060737350391
 10
355.225992976674
 20
-105.064992047894
 10
355.229445471572
 20
-105.069320684086
 10
355.232858882653
 20
-105.073723411322
 10
355.236233587697
 20
-105.078200381959
 10
355.239569699819
 20
-105.082751068963
 10
355.242866273493
 20
-105.087372227748
 10
355.246122098532
 20
-105.092059934334
 10
355.249335964745
 20
-105.096810264744
 10
355.252506661949
 20
-105.101619295
 10
355.25563297995
 20
-105.106483101124
 10
355.258713708563
 20
-105.11139775914
 10
355.2617476376
 20
-105.116359345069
 10
355.264733556873
 20
-105.121363934933
 10
355.267670256195
 20
-105.126407604754
 10
355.270556525375
 20
-105.131486430555
 10
355.273391154226
 20
-105.136596488358
 10
355.276172932561
 20
-105.141733854186
 10
355.27890065019
 20
-105.14689460406
 10
355.281573096927
 20
-105.152074814004
 10
355.284189062584
 20
-105.157270560037
 10
355.286747336972
 20
-105.162477918186
 10
355.289246709903
 20
-105.167692964469
 10
355.291685971188
 20
-105.172911774911
 10
355.29406391064
 20
-105.178130425533
 10
355.296379318072
 20
-105.183344992357
 10
355.298630983294
 20
-105.188551551406
 10
355.30081769612
 20
-105.193746178703
 10
355.302938246358
 20
-105.198924950269
 10
355.304991423824
 20
-105.204083942126
 10
355.306976018328
 20
-105.209219230297
 10
355.308890819684
 20
-105.214326890804
 10
355.310734617701
 20
-105.21940299967
 10
355.312506202192
 20
-105.224443632917
 10
355.314204362971
 20
-105.229444866566
 10
355.315827889847
 20
-105.23440277664
 10
355.317375993893
 20
-105.239314414253
 10
355.318849571215
 20
-105.244180730881
 10
355.320249939181
 20
-105.249003653091
 10
355.321578415156
 20
-105.253785107448
 10
355.322836316509
 20
-105.258527020523
 10
355.324024960606
 20
-105.263231318881
 10
355.325145664814
 20
-105.267899929087
 10
355.326199746498
 20
-105.272534777712
 10
355.327188523024
 20
-105.27713779132
 10
355.328113311764
 20
-105.281710896481
 10
355.328975430079
 20
-105.286256019759
 10
355.329776195337
 20
-105.290775087724
 10
355.330516924907
 20
-105.295270026941
 10
355.331198936154
 20
-105.299742763977
 10
355.331823546445
 20
-105.304195225401
 10
355.332392073146
 20
-105.308629337778
 10
355.332905833626
 20
-105.313047027677
 10
355.333366145249
 20
-105.317450221664
 10
355.333774325382
 20
-105.321840846306
 10
355.334131691392
 20
-105.32622082817
 10
355.334439560648
 20
-105.330592093825
 10
355.334699250514
 20
-105.334956569835
 10
355.334912078357
 20
-105.33931618277
 10
355.335079361545
 20
-105.343672859195
 10
355.335202417444
 20
-105.348028525677
 10
355.335282563419
 20
-105.352385108786
 10
355.33532111684
 20
-105.356744535085
 10
355.335319395072
 20
-105.361108731145
 10
355.335278715482
 20
-105.36547962353
 10
355.335200395435
 20
-105.369859138809
 10
355.3350857523
 20
-105.374249203548
 10
355.334935766003
 20
-105.378651263709
 10
355.33475006671
 20
-105.383064842827
 10
355.334527947147
 20
-105.38748898383
 10
355.334268700041
 20
-105.391922729649
 10
355.333971618116
 20
-105.396365123213
 10
355.333635994102
 20
-105.400815207453
 10
355.333261120723
 20
-105.405272025295
 10
355.332846290705
 20
-105.40973461967
 10
355.332390796775
 20
-105.414202033509
 10
355.33189393166
 20
-105.418673309739
 10
355.331354988084
 20
-105.42314749129
 10
355.330773258777
 20
-105.427623621092
 10
355.330148036461
 20
-105.432100742074
 10
355.329478613863
 20
-105.436577897165
 10
355.328764283712
 20
-105.441054129295
 10
355.328004338731
 20
-105.445528481393
 10
355.327198071649
 20
-105.449999996388
 10
355.326344775193
 20
-105.45446771721
 10
355.325443742084
 20
-105.458930686788
 10
355.324494265053
 20
-105.463387948052
 10
355.323495636825
 20
-105.46783854393
 10
355.322447150126
 20
-105.472281517354
 10
355.321348097683
 20
-105.47671591125
 10
355.32019777222
 20
-105.481140768549
 10
355.318995466467
 20
-105.485555132181
 10
355.317740473145
 20
-105.489958045075
 10
355.316432084987
 20
-105.494348550159
 10
355.315069594712
 20
-105.498725690364
 10
355.313652295052
 20
-105.503088508619
 10
355.312179478731
 20
-105.507436047853
 10
355.310650438474
 20
-105.511767350996
 10
355.309064888605
 20
-105.516081449894
 10
355.307424229812
 20
-105.520377332071
 10
355.305730284385
 20
-105.524653973966
 10
355.303984874609
 20
-105.528910352017
 10
355.302189822771
 20
-105.533145442667
 10
355.300346951161
 20
-105.537358222355
 10
355.298458082061
 20
-105.54154766752
 10
355.29652503776
 20
-105.545712754602
 10
355.294549640547
 20
-105.549852460043
 10
355.292533712706
 20
-105.553965760279
 10
355.290479076521
 20
-105.558051631754
 10
355.288387554285
 20
-105.562109050907
 10
355.286260968282
 20
-105.566136994175
 10
355.284101140797
 20
-105.570134438001
 10
355.281909894118
 20
-105.574100358825
 10
355.279689050534
 20
-105.578033733085
 10
355.277440432328
 20
-105.581933537223
 10
355.275165861791
 20
-105.585798747677
 10
355.272867161206
 20
-105.589628340889
 10
355.270546152861
 20
-105.593421293297
 10
355.268204659044
 20
-105.597176581342
 10
355.265844502039
 20
-105.600893181463
 10
355.263467504136
 20
-105.604570070102
 10
355.261075487619
 20
-105.608206223696
 10
355.258670274776
 20
-105.611800618687
 10
355.256253687894
 20
-105.615352231515
 10
355.253827549261
 20
-105.618860038619
 10
355.251393681161
 20
-105.62232301644
 10
355.248953905883
 20
-105.625740141417
 10
355.246510045712
 20
-105.629110389989
 10
355.244063922936
 20
-105.632432738598
 10
355.241616799153
 20
-105.635706537321
 10
355.239167693204
 20
-105.638932630789
 10
355.236715063244
 20
-105.642112237269
 10
355.234257367429
 20
-105.645246575029
 10
355.231793063908
 20
-105.648336862337
 10
355.229320610839
 20
-105.651384317462
 10
355.226838466373
 20
-105.65439015867
 10
355.224345088667
 20
-105.657355604231
 10
355.221838935872
 20
-105.660281872413
 10
355.219318466143
 20
-105.663170181482
 10
355.216782137634
 20
-105.666021749709
 10
355.214228408499
 20
-105.66883779536
 10
355.21165573689
 20
-105.671619536703
 10
355.209062580962
 20
-105.674368192007
 10
355.206447398871
 20
-105.677084979539
 10
355.203808648767
 20
-105.67977111757
 10
355.201144788806
 20
-105.682427824363
 10
355.198454277141
 20
-105.68505631819
 10
355.195735571928
 20
-105.687657817317
 10
355.192987131317
 20
-105.690233540014
 10
355.190207413465
 20
-105.692784704546
 10
355.187394876524
 20
-105.695312529184
 10
355.18454797865
 20
-105.697818232195
 10
355.181665177996
 20
-105.700303031846
 10
355.178744932713
 20
-105.702768146407
 10
355.175785700958
 20
-105.705214794145
 10
355.172785940886
 20
-105.707644193327
 10
355.169744110646
 20
-105.710057562223
 10
355.166658668395
 20
-105.712456119099
 10
355.163528072288
 20
-105.714841082226
 10
355.160350780476
 20
-105.717213669868
 10
355.157125786835
 20
-105.719574812005
 10
355.153854228129
 20
-105.721924285447
 10
355.150537776837
 20
-105.724261578713
 10
355.147178105446
 20
-105.726586180323
 10
355.143776886438
 20
-105.728897578796
 10
355.140335792296
 20
-105.731195262652
 10
355.136856495501
 20
-105.733478720412
 10
355.133340668539
 20
-105.735747440593
 10
355.129789983892
 20
-105.738000911716
 10
355.126206114044
 20
-105.7402386223
 10
355.122590731477
 20
-105.742460060866
 10
355.118945508674
 20
-105.744664715931
 10
355.115272118119
 20
-105.746852076018
 10
355.111572232294
 20
-105.749021629643
 10
355.107847523683
 20
-105.751172865328
 10
355.10409966477
 20
-105.753305271592
 10
355.100330328038
 20
-105.755418336954
 10
355.096541185965
 20
-105.757511549933
 10
355.092733911042
 20
-105.759584399051
 10
355.08891017575
 20
-105.761636372825
 10
355.085071652568
 20
-105.763666959776
 10
355.081220013981
 20
-105.765675648424
 10
355.077356932474
 20
-105.767661927287
 10
355.073484080529
 20
-105.769625284885
 10
355.069603130629
 20
-105.771565209739
 10
355.065715755258
 20
-105.773481190367
 10
355.061823626897
 20
-105.775372715289
 10
355.057928418031
 20
-105.777239273026
 10
355.054031801145
 20
-105.779080352095
 10
355.050135448717
 20
-105.780895441017
 10
355.046241033233
 20
-105.782684028311
 10
355.042348202002
 20
-105.784446322813
 10
355.03844850162
 20
-105.786185414621
 10
355.034531453517
 20
-105.78790511415
 10
355.030586579118
 20
-105.789609231815
 10
355.026603399845
 20
-105.791301578029
 10
355.022571437127
 20
-105.792985963206
 10
355.018480212388
 20
-105.794666197762
 10
355.014319247052
 20
-105.79634609211
 10
355.010078062544
 20
-105.798029456666
 10
355.005746180292
 20
-105.799720101842
 10
355.001313121719
 20
-105.801421838055
 10
354.996768408251
 20
-105.803138475718
 10
354.992101561313
 20
-105.804873825245
 10
354.987302102331
 20
-105.806631697051
 10
354.982359552727
 20
-105.808415901549
 10
354.977263433932
 20
-105.810230249156
 10
354.972003267365
 20
-105.812078550285
 10
354.966568574457
 20
-105.81396461535
 10
354.960948876629
 20
-105.815892254765
 10
354.95513369531
 20
-105.817865278947
 10
354.949112551922
 20
-105.819887498306
 10
354.942874967892
 20
-105.821962723261
 10
354.936410464643
 20
-105.824094764223
 10
354.929708563603
 20
-105.826287431608
 10
354.922758786197
 20
-105.82854453583
 10
354.915550653848
 20
-105.830869887302
 10
354.908073687983
 20
-105.833267296443
 10
354.900317410027
 20
-105.835740573661
 10
354.892271341405
 20
-105.838293529375
 10
354.883925003544
 20
-105.840929973997
 10
354.875267917865
 20
-105.843653717942
 10
354.866293079251
 20
-105.84646744672
 10
354.857007376388
 20
-105.849369346211
 10
354.847421171417
 20
-105.852356477391
 10
354.837544826482
 20
-105.855425901238
 10
354.827388703723
 20
-105.858574678728
 10
354.816963165282
 20
-105.861799870835
 10
354.806278573302
 20
-105.865098538537
 10
354.795345289922
 20
-105.868467742812
 10
354.784173677285
 20
-105.871904544633
 10
354.772774097532
 20
-105.875406004978
 10
354.761156912806
 20
-105.878969184821
 10
354.749332485248
 20
-105.882591145142
 10
354.737311176998
 20
-105.886268946914
 10
354.7251033502
 20
-105.889999651115
 10
354.712719366993
 20
-105.893780318719
 10
354.700169589522
 20
-105.897608010705
 10
354.687464379926
 20
-105.901479788047
 10
354.674614100346
 20
-105.905392711723
 10
354.661629112927
 20
-105.909343842708
 10
354.648519779809
 20
-105.913330241979
 10
354.635296463132
 20
-105.917348970511
 10
354.621969525039
 20
-105.921397089282
 10
354.608549327672
 20
-105.925471659266
 10
354.595046233171
 20
-105.92956974144
 10
354.58147060368
 20
-105.933688396781
 10
354.567832801338
 20
-105.937824686265
 10
354.554143188289
 20
-105.941975670868
 10
354.540412126673
 20
-105.946138411566
 10
354.526649978634
 20
-105.950309969336
 10
354.512867106311
 20
-105.954487405153
 10
354.499073871845
 20
-105.958667779993
  0
ARC
  5
19E
330
193
100
AcDbEntity
  8
Layer11
  6
AUSGEZOGEN
 62
     7
370
    50
100
AcDbCircle
 10
355.971502288796
 20
-104.952702510957
 30
0.0
 40
0.3746625582724739
100
AcDbArc
 50
197.0
 51
17.0
  0
ARC
  5
19F
330
193
100
AcDbEntity
  8
Layer11
  6
AUSGEZOGEN
 62
     7
370
    50
100
AcDbCircle
 10
355.971502288796
 20
-104.952702510957
 30
0.0
 40
0.5315129647662543
100
AcDbArc
 50
197.0
 51
17.0
  0
LINE
  5
1A0
330
193
100
AcDbEntity
  8
Layer11
  6
AUSGEZOGEN
 62
     7
370
    50
100
AcDbLine
 10
355.463213912735
 20
-105.108101862548
 30
0.0
 11
355.147855360549
 21
-104.076610516368
 31
0.0
  0
LINE
  5
1A1
330
193
100
AcDbEntity
  8
Layer11
  6
AUSGEZOGEN
 62
     7
370
    50
100
AcDbLine
 10
356.479790664858
 20
-104.797303159366
 30
0.0
 11
356.164432112672
 21
-103.765811813187
 31
0.0
  0
LINE
  5
1A2
330
193
100
AcDbEntity
  8
Layer11
  6
AUSGEZOGEN
 62
     7
370
    50
100
AcDbLine
 10
356.329793875153
 20
-104.8431617801
 30
0.0
 11
356.014435322966
 21
-103.81167043392
 31
0.0
  0
LINE
  5
1A3
330
193
100
AcDbEntity
  8
Layer11
  6
AUSGEZOGEN
 62
     7
370
    50
100
AcDbLine
 10
355.613210702439
 20
-105.062243241815
 30
0.0
 11
355.297852150252
 21
-104.030751895636
 31
0.0
  0
LINE
  5
1A4
330
193
100
AcDbEntity
  8
Layer11
  6
AUSGEZOGEN
 62
     7
370
    50
100
AcDbLine
 10
355.147855360549
 20
-104.076610516368
 30
0.0
 11
355.297852150252
 21
-104.030751895636
 31
0.0
  0
LINE
  5
1A5
330
193
100
AcDbEntity
  8
Layer11
  6
AUSGEZOGEN
 62
     7
370
    50
100
AcDbLine
 10
356.014435322966
 20
-103.81167043392
 30
0.0
 11
356.164432112672
 21
-103.765811813187
 31
0.0
  0
LINE
  5
1A6
330
193
100
AcDbEntity
  8
Layer11
  6
AUSGEZOGEN
 62
     7
370
    50
100
AcDbLine
 10
356.417500372276
 20
-103.688441081722
 30
0.0
 11
356.888258276053
 21
-105.228220803964
 31
0.0
  0
LINE
  5
1A7
330
193
100
AcDbEntity
  8
Layer11
  6
AUSGEZOGEN
 62
     7
370
    50
100
AcDbLine
 10
357.038304533731
 20
-105.182347059354
 30
0.0
 11
356.609893486381
 21
-103.781077663335
 31
0.0
  0
LINE
  5
1A8
330
193
100
AcDbEntity
  8
Layer11
  6
AUSGEZOGEN
 62
     7
370
    50
100
AcDbLine
 10
356.972935281176
 20
-104.439984154875
 30
0.0
 11
357.694398268266
 21
-104.981759074794
 31
0.0
  0
LINE
  5
1A9
330
193
100
AcDbEntity
  8
Layer11
  6
AUSGEZOGEN
 62
     7
370
    50
100
AcDbLine
 10
357.694398268266
 20
-104.981759074794
 30
0.0
 11
357.880269232463
 21
-104.924932618247
 31
0.0
  0
LINE
  5
1AA
330
193
100
AcDbEntity
  8
Layer11
  6
AUSGEZOGEN
 62
     7
370
    50
100
AcDbLine
 10
357.880269232463
 20
-104.924932618247
 30
0.0
 11
357.283541379382
 21
-104.478802197786
 31
0.0
  0
LWPOLYLINE
  5
1AB
330
193
100
AcDbEntity
  8
Layer11
  6
AUSGEZOGEN
 62
     7
370
    50
100
AcDbPolyline
 90
      404
 70
     0
 43
0.0
 10
356.609893486381
 20
-103.781077663335
 10
356.619512759928
 20
-103.778111447109
 10
356.629124732048
 20
-103.775147621336
 10
356.638722101307
 20
-103.772188576469
 10
356.648297566277
 20
-103.769236702964
 10
356.657843825529
 20
-103.766294391272
 10
356.667353577632
 20
-103.763364031846
 10
356.676819521155
 20
-103.760448015142
 10
356.686234354671
 20
-103.757548731611
 10
356.69559077675
 20
-103.754668571706
 10
356.704881485959
 20
-103.751809925883
 10
356.714099180872
 20
-103.748975184594
 10
356.723236560058
 20
-103.746166738292
 10
356.732286322085
 20
-103.743386977431
 10
356.741241165528
 20
-103.740638292464
 10
356.750093788953
 20
-103.737923073844
 10
356.758836890931
 20
-103.735243712026
 10
356.767463170034
 20
-103.732602597463
 10
356.775965324832
 20
-103.730002120607
 10
356.784336053894
 20
-103.727444671911
 10
356.792568055789
 20
-103.724932641831
 10
356.800654029092
 20
-103.722468420819
 10
356.808586672367
 20
-103.720054399328
 10
356.816358684189
 20
-103.717692967812
 10
356.823962763129
 20
-103.715386516724
 10
356.831391607752
 20
-103.713137436517
 10
356.838637916632
 20
-103.710948117646
 10
356.84569438834
 20
-103.708820950563
 10
356.852553721443
 20
-103.706758325721
 10
356.859208614513
 20
-103.704762633575
 10
356.86565176612
 20
-103.702836264578
 10
356.871875874837
 20
-103.700981609182
 10
356.877876242445
 20
-103.699200314037
 10
356.883658583593
 20
-103.697491050563
 10
356.889231216143
 20
-103.695851746382
 10
356.894602457958
 20
-103.694280329109
 10
356.8997806269
 20
-103.692774726363
 10
356.90477404083
 20
-103.691332865763
 10
356.909591017611
 20
-103.689952674924
 10
356.914239875105
 20
-103.688632081466
 10
356.918728931174
 20
-103.687369013007
 10
356.923066503681
 20
-103.686161397163
 10
356.927260910488
 20
-103.685007161554
 10
356.931320469457
 20
-103.683904233797
 10
356.93525349845
 20
-103.682850541509
 10
356.939068315329
 20
-103.68184401231
 10
356.942773237959
 20
-103.680882573815
 10
356.946376584198
 20
-103.679964153645
 10
356.949886671908
 20
-103.679086679415
 10
356.953311818956
 20
-103.678248078745
 10
356.9566603432
 20
-103.677446279253
 10
356.959940562503
 20
-103.676679208555
 10
356.963160794731
 20
-103.675944794269
 10
356.96632935774
 20
-103.675240964014
 10
356.969454569395
 20
-103.674565645408
 10
356.972544747558
 20
-103.673916766069
 10
356.975608210094
 20
-103.673292253613
 10
356.978653274861
 20
-103.67269003566
 10
356.981688259723
 20
-103.672108039827
 10
356.984721482542
 20
-103.671544193732
 10
356.987761261182
 20
-103.670996424992
 10
356.990815913503
 20
-103.670462661226
 10
356.993893757368
 20
-103.669940830052
 10
356.997001340182
 20
-103.669429242539
 10
357.000138127536
 20
-103.668927743563
 10
357.003301814563
 20
-103.668436561451
 10
357.006490096392
 20
-103.667955924531
 10
357.009700668157
 20
-103.667486061132
 10
357.012931224992
 20
-103.66702719958
 10
357.016179462029
 20
-103.666579568203
 10
357.019443074402
 20
-103.666143395329
 10
357.022719757242
 20
-103.665718909284
 10
357.026007205681
 20
-103.665306338398
 10
357.029303114854
 20
-103.664905910997
 10
357.032605179893
 20
-103.664517855409
 10
357.035911095929
 20
-103.664142399962
 10
357.039218558097
 20
-103.663779772983
 10
357.042525261526
 20
-103.6634302028
 10
357.045828901353
 20
-103.66309391774
 10
357.049127172708
 20
-103.662771146131
 10
357.052417770727
 20
-103.662462116302
 10
357.055698390537
 20
-103.662167056578
 10
357.058966727276
 20
-103.661886195289
 10
357.062220476073
 20
-103.661619760761
 10
357.065457332065
 20
-103.661367981322
 10
357.06867499038
 20
-103.6611310853
 10
357.071871146152
 20
-103.660909301022
 10
357.075043494515
 20
-103.660702856816
 10
357.078189730603
 20
-103.660511981009
 10
357.081307549545
 20
-103.66033690193
 10
357.084394646474
 20
-103.660177847905
 10
357.087448716526
 20
-103.660035047264
 10
357.090467454831
 20
-103.659908728331
 10
357.093448556523
 20
-103.659799119436
 10
357.096390590316
 20
-103.659706575507
 10
357.09929561925
 20
-103.659631957869
 10
357.102166579949
 20
-103.659576254452
 10
357.105006409036
 20
-103.659540453182
 10
357.107818043133
 20
-103.659525541985
 10
357.110604418862
 20
-103.659532508789
 10
357.113368472849
 20
-103.659562341523
 10
357.116113141714
 20
-103.659616028112
 10
357.118841362081
 20
-103.659694556485
 10
357.12155607057
 20
-103.659798914568
 10
357.124260203808
 20
-103.659930090289
 10
357.126956698416
 20
-103.660089071574
 10
357.129648491016
 20
-103.660276846351
 10
357.132338518232
 20
-103.660494402548
 10
357.135029716687
 20
-103.660742728091
 10
357.137725023002
 20
-103.661022810909
 10
357.140427373801
 20
-103.661335638927
 10
357.143139705706
 20
-103.661682200074
 10
357.145864955343
 20
-103.662063482276
 10
357.148606059331
 20
-103.662480473461
 10
357.151365954295
 20
-103.662934161556
 10
357.154147576856
 20
-103.663425534489
 10
357.156953863636
 20
-103.663955580185
 10
357.159787751262
 20
-103.664525286575
 10
357.162652176354
 20
-103.665135641582
 10
357.165550075535
 20
-103.665787633136
 10
357.168484385428
 20
-103.666482249164
 10
357.171458042656
 20
-103.667220477591
 10
357.17447398384
 20
-103.668003306348
 10
357.177535145606
 20
-103.66883172336
 10
357.180644464576
 20
-103.669706716553
 10
357.183803915501
 20
-103.670629069788
 10
357.187011625665
 20
-103.671598750638
 10
357.190264760477
 20
-103.672615522612
 10
357.19356048535
 20
-103.673679149216
 10
357.196895965695
 20
-103.674789393957
 10
357.200268366924
 20
-103.675946020342
 10
357.203674854447
 20
-103.677148791879
 10
357.207112593677
 20
-103.678397472072
 10
357.210578750022
 20
-103.679691824431
 10
357.214070488899
 20
-103.68103161246
 10
357.217584975717
 20
-103.682416599669
 10
357.221119375885
 20
-103.683846549562
 10
357.224670854819
 20
-103.685321225646
 10
357.228236577929
 20
-103.68684039143
 10
357.231813710623
 20
-103.688403810421
 10
357.235399418316
 20
-103.690011246123
 10
357.238990866417
 20
-103.691662462044
 10
357.242585220342
 20
-103.693357221692
 10
357.246179645499
 20
-103.695095288573
 10
357.249771307299
 20
-103.696876426194
 10
357.253357371156
 20
-103.698700398061
 10
357.256935002477
 20
-103.700566967683
 10
357.260501366678
 20
-103.702475898564
 10
357.264053629169
 20
-103.704426954214
 10
357.267588955361
 20
-103.706419898137
 10
357.271104510668
 20
-103.708454493842
 10
357.274597460499
 20
-103.710530504834
 10
357.278064970264
 20
-103.712647694621
 10
357.281504205377
 20
-103.714805826709
 10
357.284912331248
 20
-103.717004664606
 10
357.288286513291
 20
-103.719243971818
 10
357.291624420072
 20
-103.721523383419
 10
357.294925732788
 20
-103.723842020745
 10
357.298190635793
 20
-103.726198876698
 10
357.301419313437
 20
-103.728592944182
 10
357.304611950076
 20
-103.731023216099
 10
357.307768730063
 20
-103.733488685352
 10
357.310889837751
 20
-103.735988344844
 10
357.313975457492
 20
-103.738521187479
 10
357.31702577364
 20
-103.741086206157
 10
357.320040970548
 20
-103.743682393782
 10
357.323021232569
 20
-103.746308743259
 10
357.325966744058
 20
-103.748964247487
 10
357.328877689364
 20
-103.751647899372
 10
357.331754252844
 20
-103.754358691815
 10
357.33459661885
 20
-103.75709561772
 10
357.337404971733
 20
-103.759857669988
 10
357.34017949585
 20
-103.762643841524
 10
357.342920375552
 20
-103.765453125228
 10
357.345627795192
 20
-103.768284514006
 10
357.348301939123
 20
-103.771137000759
 10
357.3509429917
 20
-103.77400957839
 10
357.353551137272
 20
-103.776901239802
 10
357.356126560197
 20
-103.779810977898
 10
357.358669444824
 20
-103.782737785579
 10
357.361179975509
 20
-103.785680655751
 10
357.363658336606
 20
-103.788638581314
 10
357.366104712466
 20
-103.791610555173
 10
357.36851928744
 20
-103.794595570229
 10
357.370902245886
 20
-103.797592619385
 10
357.373253772156
 20
-103.800600695545
 10
357.375574050599
 20
-103.80361879161
 10
357.377863191163
 20
-103.806646390967
 10
357.380121006145
 20
-103.809684938928
 10
357.382347233439
 20
-103.812736371289
 10
357.384541610936
 20
-103.815802623845
 10
357.386703876524
 20
-103.818885632392
 10
357.388833768098
 20
-103.821987332726
 10
357.390931023545
 20
-103.825109660642
 10
357.39299538076
 20
-103.828254551935
 10
357.39502657763
 20
-103.831423942402
 10
357.397024352049
 20
-103.834619767836
 10
357.398988441905
 20
-103.837843964035
 10
357.400918585092
 20
-103.841098466793
 10
357.402814519499
 20
-103.844385211906
 10
357.404675983016
 20
-103.84770613517
 10
357.406502713539
 20
-103.85106317238
 10
357.408294448953
 20
-103.854458259331
 10
357.410050927152
 20
-103.85789333182
 10
357.411771886027
 20
-103.861370325641
 10
357.413457063467
 20
-103.864891176591
 10
357.415106197366
 20
-103.868457820465
 10
357.416719025612
 20
-103.872072193057
 10
357.418295286098
 20
-103.875736230164
 10
357.419834716713
 20
-103.879451867582
 10
357.42133705535
 20
-103.883221041106
 10
357.422802039899
 20
-103.88704568653
 10
357.424229408251
 20
-103.890927739651
 10
357.425618898298
 20
-103.894869136265
 10
357.426970247929
 20
-103.898871812166
 10
357.428283195035
 20
-103.902937703151
 10
357.42955747751
 20
-103.907068745015
 10
357.43079283324
 20
-103.911266873553
 10
357.431988945629
 20
-103.915533130462
 10
357.433145280105
 20
-103.919864981037
 10
357.43426124761
 20
-103.924258996476
 10
357.435336259081
 20
-103.928711747974
 10
357.436369725456
 20
-103.93321980673
 10
357.437361057679
 20
-103.937779743939
 10
357.438309666686
 20
-103.942388130799
 10
357.439214963417
 20
-103.947041538507
 10
357.440076358811
 20
-103.951736538258
 10
357.440893263809
 20
-103.95646970125
 10
357.441665089347
 20
-103.96123759868
 10
357.442391246368
 20
-103.966036801743
 10
357.44307114581
 20
-103.970863881638
 10
357.443704198611
 20
-103.975715409561
 10
357.444289815711
 20
-103.980587956708
 10
357.444827408052
 20
-103.985478094277
 10
357.445316386569
 20
-103.990382393464
 10
357.445756162204
 20
-103.995297425466
 10
357.446146145894
 20
-104.000219761479
 10
357.446485748582
 20
-104.0051459727
 10
357.446774381206
 20
-104.010072630327
 10
357.447011454702
 20
-104.014996305556
 10
357.447196380014
 20
-104.019913569584
 10
357.44732856808
 20
-104.024820993607
 10
357.447407429836
 20
-104.029715148821
 10
357.447432376226
 20
-104.034592606426
 10
357.447402818187
 20
-104.039449937616
 10
357.447318166658
 20
-104.044283713588
 10
357.447177832579
 20
-104.049090505539
 10
357.446981226891
 20
-104.053866884668
 10
357.446727760529
 20
-104.058609422167
 10
357.446416754554
 20
-104.063315449894
 10
357.446047170495
 20
-104.067985342323
 10
357.445617879998
 20
-104.07262023459
 10
357.445127754709
 20
-104.077221261829
 10
357.444575666279
 20
-104.081789559172
 10
357.443960486351
 20
-104.086326261754
 10
357.443281086577
 20
-104.090832504709
 10
357.442536338598
 20
-104.095309423171
 10
357.441725114066
 20
-104.099758152273
 10
357.440846284628
 20
-104.104179827151
 10
357.439898721929
 20
-104.108575582936
 10
357.438881297618
 20
-104.112946554764
 10
357.43779288334
 20
-104.117293877768
 10
357.436632350744
 20
-104.121618687082
 10
357.435398571477
 20
-104.125922117841
 10
357.434090417186
 20
-104.130205305178
 10
357.432706759519
 20
-104.134469384226
 10
357.431246470122
 20
-104.138715490119
 10
357.429708420641
 20
-104.142944757993
 10
357.428091482727
 20
-104.14715832298
 10
357.426394528026
 20
-104.151357320215
 10
357.424616428181
 20
-104.15554288483
 10
357.422756054845
 20
-104.159716151961
 10
357.420812279661
 20
-104.163878256741
 10
357.418783974279
 20
-104.168030334304
 10
357.416670010345
 20
-104.172173519783
 10
357.414469259506
 20
-104.176308948314
 10
357.412180593408
 20
-104.180437755029
 10
357.409802883702
 20
-104.184561075062
 10
357.407335002034
 20
-104.188680043549
 10
357.404775820047
 20
-104.192795795621
 10
357.402125348441
 20
-104.196908703491
 10
357.399388154108
 20
-104.201016087682
 10
357.39656994299
 20
-104.205114505791
 10
357.393676421029
 20
-104.20920051542
 10
357.390713294164
 20
-104.213270674168
 10
357.387686268336
 20
-104.217321539633
 10
357.384601049491
 20
-104.221349669418
 10
357.381463343567
 20
-104.225351621119
 10
357.378278856506
 20
-104.229323952338
 10
357.375053294251
 20
-104.233263220674
 10
357.371792362741
 20
-104.237165983727
 10
357.368501767918
 20
-104.241028799096
 10
357.365187215726
 20
-104.244848224381
 10
357.361854412104
 20
-104.248620817181
 10
357.358509062995
 20
-104.252343135097
 10
357.355156874339
 20
-104.256011735728
 10
357.351803552079
 20
-104.259623176673
 10
357.348454802155
 20
-104.263174015532
 10
357.345116330511
 20
-104.266660809905
 10
357.341793843085
 20
-104.270080117391
 10
357.33849304582
 20
-104.273428495591
 10
357.33521964466
 20
-104.276702502104
 10
357.331979345543
 20
-104.279898694528
 10
357.328777854411
 20
-104.283013630465
 10
357.325620877207
 20
-104.286043867513
 10
357.322514119873
 20
-104.288985963272
 10
357.31946328835
 20
-104.291836475343
 10
357.316474088577
 20
-104.294591961325
 10
357.313552226497
 20
-104.297248978815
 10
357.310703408051
 20
-104.299804085417
 10
357.307933339184
 20
-104.302253838728
 10
357.305246081245
 20
-104.30459605438
 10
357.302639117237
 20
-104.306833580129
 10
357.30010828557
 20
-104.308970521765
 10
357.29764942466
 20
-104.311010985077
 10
357.295258372917
 20
-104.312959075854
 10
357.292930968752
 20
-104.314818899884
 10
357.290663050579
 20
-104.316594562956
 10
357.28845045681
 20
-104.31829017086
 10
357.286289025859
 20
-104.319909829384
 10
357.284174596138
 20
-104.321457644316
 10
357.282103006055
 20
-104.322937721446
 10
357.280070094028
 20
-104.324354166562
 10
357.278071698467
 20
-104.325711085455
 10
357.276103657783
 20
-104.327012583912
 10
357.27416181039
 20
-104.328262767721
 10
357.272241994701
 20
-104.329465742672
 10
357.270340049127
 20
-104.330625614555
 10
357.268451812079
 20
-104.331746489157
 10
357.266573121972
 20
-104.332832472268
 10
357.264699817219
 20
-104.333887669676
 10
357.262827736228
 20
-104.33491618717
 10
357.260952717416
 20
-104.33592213054
 10
357.259070599194
 20
-104.336909605573
 10
357.257177219972
 20
-104.33788271806
 10
357.255268418165
 20
-104.338845573788
 10
357.253340032185
 20
-104.339802278546
 10
357.251387900442
 20
-104.340756938124
 10
357.249407861351
 20
-104.34171365831
 10
357.247395753324
 20
-104.342676544894
 10
357.245347414772
 20
-104.343649703664
 10
357.24325868411
 20
-104.344637240407
 10
357.241125752146
 20
-104.345642582344
 10
357.238946219297
 20
-104.34666644241
 10
357.236718038374
 20
-104.347708854968
 10
357.234439162192
 20
-104.348769854384
 10
357.232107543561
 20
-104.349849475022
 10
357.229721135296
 20
-104.350947751246
 10
357.227277890212
 20
-104.352064717422
 10
357.224775761117
 20
-104.353200407913
 10
357.222212700827
 20
-104.354354857084
 10
357.219586662155
 20
-104.3555280993
 10
357.216895597914
 20
-104.356720168927
 10
357.214137460917
 20
-104.357931100327
 10
357.211310203975
 20
-104.359160927866
 10
357.208411779904
 20
-104.360409685907
 10
357.205440141516
 20
-104.361677408817
 10
357.202393241623
 20
-104.362964130959
 10
357.199269033041
 20
-104.364269886698
 10
357.196065468579
 20
-104.365594710398
 10
357.192780501051
 20
-104.366938636424
 10
357.189412083273
 20
-104.368301699142
 10
357.185958168055
 20
-104.369683932914
 10
357.182416708211
 20
-104.371085372106
 10
357.178785656554
 20
-104.372506051082
 10
357.175062965897
 20
-104.373946004209
 10
357.171246589053
 20
-104.375405265848
 10
357.167334478833
 20
-104.376883870365
 10
357.163324588055
 20
-104.378381852125
 10
357.159214869527
 20
-104.379899245492
 10
357.155003276064
 20
-104.381436084832
 10
357.150687760481
 20
-104.382992404508
 10
357.146266275588
 20
-104.384568238884
 10
357.141737696131
 20
-104.386163511496
 10
357.137104584581
 20
-104.387777702559
 10
357.132370425341
 20
-104.389410181458
 10
357.127538702815
 20
-104.391060317576
 10
357.122612901407
 20
-104.392727480301
 10
357.117596505516
 20
-104.394411039017
 10
357.11249299955
 20
-104.396110363106
 10
357.107305867907
 20
-104.397824821957
 10
357.102038594994
 20
-104.399553784954
 10
357.096694665214
 20
-104.401296621481
 10
357.091277562968
 20
-104.403052700924
 10
357.085790772661
 20
-104.404821392666
 10
357.080237778693
 20
-104.406602066094
 10
357.074622065471
 20
-104.408394090592
 10
357.068947117398
 20
-104.410196835546
 10
357.063216418872
 20
-104.41200967034
 10
357.057433454302
 20
-104.41383196436
 10
357.051601708088
 20
-104.415663086989
 10
357.045724664635
 20
-104.417502407614
 10
357.039805808343
 20
-104.419349295619
 10
357.033848623618
 20
-104.42120312039
 10
357.027856594861
 20
-104.42306325131
 10
357.021833206478
 20
-104.424929057765
 10
357.01578194287
 20
-104.426799909142
 10
357.00970628844
 20
-104.428675174822
 10
357.00360972759
 20
-104.430554224194
 10
356.997495744727
 20
-104.432436426639
 10
356.991367824249
 20
-104.434321151546
 10
356.985229450564
 20
-104.436207768297
 10
356.979084108072
 20
-104.438095646279
 10
356.972935281176
 20
-104.439984154875
  0
LWPOLYLINE
  5
1AC
330
193
100
AcDbEntity
  8
Layer11
  6
AUSGEZOGEN
 62
     7
370
    50
100
AcDbPolyline
 90
      373
 70
     0
 43
0.0
 10
356.417500372276
 20
-103.688441081722
 10
356.431824285273
 20
-103.684044368358
 10
356.446135422975
 20
-103.679651669879
 10
356.46042101009
 20
-103.675267001168
 10
356.474668271323
 20
-103.670894377114
 10
356.488864431378
 20
-103.666537812598
 10
356.502996714964
 20
-103.662201322507
 10
356.517052346786
 20
-103.657888921724
 10
356.531018551548
 20
-103.653604625137
 10
356.544882553961
 20
-103.649352447627
 10
356.558631578726
 20
-103.645136404082
 10
356.572252850551
 20
-103.640960509386
 10
356.585733594138
 20
-103.636828778423
 10
356.5990610342
 20
-103.632745226078
 10
356.612222395439
 20
-103.628713867238
 10
356.625204902561
 20
-103.624738716784
 10
356.637995780271
 20
-103.620823789604
 10
356.650582253278
 20
-103.616973100583
 10
356.662951546287
 20
-103.613190664604
 10
356.675090884001
 20
-103.609480496552
 10
356.68698749113
 20
-103.605846611314
 10
356.698628592378
 20
-103.602293023772
 10
356.710001412448
 20
-103.598823748813
 10
356.721093176053
 20
-103.595442801321
 10
356.731891107893
 20
-103.592154196182
 10
356.742382432676
 20
-103.588961948279
 10
356.752554375107
 20
-103.585870072498
 10
356.762394159894
 20
-103.582882583722
 10
356.771889011743
 20
-103.58000349684
 10
356.781026155357
 20
-103.577236826733
 10
356.789792815445
 20
-103.574586588288
 10
356.798176216711
 20
-103.572056796389
 10
356.80616833443
 20
-103.569650096179
 10
356.813780146147
 20
-103.56736365384
 10
356.821027379978
 20
-103.56519326581
 10
356.827925764039
 20
-103.563134728527
 10
356.834491026442
 20
-103.56118383843
 10
356.840738895302
 20
-103.55933639196
 10
356.846685098735
 20
-103.557588185553
 10
356.852345364856
 20
-103.555935015649
 10
356.857735421778
 20
-103.554372678687
 10
356.862870997615
 20
-103.552896971107
 10
356.867767820482
 20
-103.551503689345
 10
356.872441618496
 20
-103.550188629843
 10
356.876908119768
 20
-103.548947589037
 10
356.881183052418
 20
-103.547776363368
 10
356.885282144553
 20
-103.546670749274
 10
356.889221124293
 20
-103.545626543195
 10
356.893015719752
 20
-103.544639541567
 10
356.896681659044
 20
-103.543705540833
 10
356.900234670284
 20
-103.542820337429
 10
356.903690481584
 20
-103.541979727794
 10
356.907064821062
 20
-103.541179508366
 10
356.910373416831
 20
-103.540415475587
 10
356.913631997008
 20
-103.539683425894
 10
356.916856289703
 20
-103.538979155725
 10
356.920062023033
 20
-103.538298461521
 10
356.923264925114
 20
-103.53763713972
 10
356.92648072406
 20
-103.536990986759
 10
356.929725147984
 20
-103.53635579908
 10
356.933013925002
 20
-103.535727373119
 10
356.936362783227
 20
-103.535101505317
 10
356.939787450774
 20
-103.534473992111
 10
356.943299933743
 20
-103.533841411117
 10
356.946897350155
 20
-103.533203464649
 10
356.950573096019
 20
-103.532560636196
 10
356.954320567342
 20
-103.531913409248
 10
356.95813316013
 20
-103.531262267295
 10
356.962004270392
 20
-103.530607693828
 10
356.965927294134
 20
-103.529950172335
 10
356.969895627363
 20
-103.529290186307
 10
356.973902666087
 20
-103.528628219233
 10
356.97794180631
 20
-103.527964754603
 10
356.982006444043
 20
-103.527300275908
 10
356.986089975293
 20
-103.526635266635
 10
356.990185796065
 20
-103.525970210277
 10
356.994287302365
 20
-103.525305590322
 10
356.998387890204
 20
-103.52464189026
 10
357.002480955587
 20
-103.523979593581
 10
357.006559894522
 20
-103.523319183775
 10
357.010618103015
 20
-103.522661144331
 10
357.014648977074
 20
-103.522005958741
 10
357.018645912704
 20
-103.521354110491
 10
357.022602305915
 20
-103.520706083074
 10
357.026511552713
 20
-103.520062359979
 10
357.030367049105
 20
-103.519423424696
 10
357.0341621911
 20
-103.518789760714
 10
357.037890374701
 20
-103.518161851523
 10
357.041544995917
 20
-103.517540180614
 10
357.045119450755
 20
-103.516925231475
 10
357.048607135225
 20
-103.516317487597
 10
357.052001445331
 20
-103.51571743247
 10
357.055295777082
 20
-103.515125549582
 10
357.058483526482
 20
-103.514542322425
 10
357.061560894638
 20
-103.513968518273
 10
357.064535303042
 20
-103.513406039545
 10
357.067416978282
 20
-103.512857072445
 10
357.070216146947
 20
-103.512323803176
 10
357.072943035628
 20
-103.511808417942
 10
357.075607870913
 20
-103.511313102947
 10
357.078220879394
 20
-103.510840044397
 10
357.080792287656
 20
-103.510391428492
 10
357.083332322289
 20
-103.509969441438
 10
357.085851209884
 20
-103.50957626944
 10
357.088359177031
 20
-103.5092140987
 10
357.090866450317
 20
-103.508885115422
 10
357.093383256332
 20
-103.508591505811
 10
357.095919821664
 20
-103.50833545607
 10
357.098486372907
 20
-103.508119152403
 10
357.101093136644
 20
-103.507944781014
 10
357.103750339468
 20
-103.507814528107
 10
357.106468207967
 20
-103.507730579885
 10
357.10925696873
 20
-103.507695122553
 10
357.112126848348
 20
-103.507710342315
 10
357.115088073408
 20
-103.507778425374
 10
357.118150870501
 20
-103.507901557933
 10
357.121325466215
 20
-103.508081926198
 10
357.12462208714
 20
-103.508321716372
 10
357.128050959866
 20
-103.508623114658
 10
357.131622310979
 20
-103.508988307261
 10
357.135346367071
 20
-103.509419480385
 10
357.139233354732
 20
-103.509918820233
 10
357.143293500551
 20
-103.510488513009
 10
357.147537031113
 20
-103.511130744919
 10
357.151974173012
 20
-103.511847702162
 10
357.156611786721
 20
-103.51264113481
 10
357.161443268244
 20
-103.513511048377
 10
357.166458647475
 20
-103.514457012243
 10
357.171647954303
 20
-103.515478595789
 10
357.177001218623
 20
-103.516575368395
 10
357.182508470323
 20
-103.517746899441
 10
357.188159739295
 20
-103.518992758305
 10
357.193945055431
 20
-103.520312514369
 10
357.19985444862
 20
-103.521705737012
 10
357.205877948756
 20
-103.523171995614
 10
357.212005585731
 20
-103.524710859554
 10
357.218227389433
 20
-103.526321898215
 10
357.224533389754
 20
-103.528004680973
 10
357.230913616586
 20
-103.52975877721
 10
357.237358099821
 20
-103.531583756306
 10
357.243856869351
 20
-103.53347918764
 10
357.250399955063
 20
-103.535444640594
 10
357.256977386853
 20
-103.537479684544
 10
357.263579194609
 20
-103.539583888874
 10
357.270195408222
 20
-103.541756822962
 10
357.276816057587
 20
-103.543998056188
 10
357.283431172593
 20
-103.546307157932
 10
357.29003078313
 20
-103.548683697574
 10
357.296604919093
 20
-103.551127244493
 10
357.303143610369
 20
-103.553637368071
 10
357.30963688685
 20
-103.556213637686
 10
357.31607477843
 20
-103.558855622718
 10
357.322447314997
 20
-103.561562892548
 10
357.328744526445
 20
-103.564335016556
 10
357.334956442663
 20
-103.56717156412
 10
357.341073093543
 20
-103.570072104622
 10
357.347086549071
 20
-103.573036415947
 10
357.352997039598
 20
-103.576065110007
 10
357.358806835571
 20
-103.579159007219
 10
357.36451820744
 20
-103.582318928
 10
357.370133425648
 20
-103.585545692768
 10
357.375654760641
 20
-103.588840121941
 10
357.38108448287
 20
-103.592203035935
 10
357.38642486278
 20
-103.595635255169
 10
357.391678170814
 20
-103.599137600059
 10
357.396846677424
 20
-103.602710891024
 10
357.401932653054
 20
-103.606355948479
 10
357.406938368153
 20
-103.610073592845
 10
357.411866093164
 20
-103.613864644536
 10
357.416718098535
 20
-103.617729923972
 10
357.421496654715
 20
-103.621670251568
 10
357.426204032148
 20
-103.625686447744
 10
357.430842501283
 20
-103.629779332915
 10
357.435414332564
 20
-103.6339497275
 10
357.439921796439
 20
-103.638198451918
 10
357.444367163356
 20
-103.642526326583
 10
357.44875270376
 20
-103.646934171913
 10
357.453080688098
 20
-103.651422808328
 10
357.457353386817
 20
-103.655993056243
 10
357.461573070363
 20
-103.660645736078
 10
357.465742009185
 20
-103.665381668247
 10
357.469862473727
 20
-103.670201673171
 10
357.473936734436
 20
-103.675106571264
 10
357.477967061759
 20
-103.680097182946
 10
357.481955726146
 20
-103.685174328634
 10
357.485904998037
 20
-103.690338828745
 10
357.489817147886
 20
-103.695591503696
 10
357.49369375117
 20
-103.700932177846
 10
357.497533603524
 20
-103.706356691321
 10
357.501334805609
 20
-103.711859888186
 10
357.505095458095
 20
-103.717436612508
 10
357.508813661643
 20
-103.723081708353
 10
357.512487516926
 20
-103.728790019787
 10
357.516115124607
 20
-103.734556390877
 10
357.519694585348
 20
-103.740375665688
 10
357.523223999821
 20
-103.746242688288
 10
357.526701468689
 20
-103.752152302741
 10
357.530125092617
 20
-103.758099353116
 10
357.533492972274
 20
-103.764078683476
 10
357.536803208324
 20
-103.77008513789
 10
357.540053901436
 20
-103.776113560424
 10
357.543243152272
 20
-103.782158795144
 10
357.5463690615
 20
-103.788215686114
 10
357.549429729785
 20
-103.794279077403
 10
357.552423257796
 20
-103.800343813076
 10
357.555347746195
 20
-103.806404737201
 10
357.558201295649
 20
-103.812456693842
 10
357.560982006828
 20
-103.818494527066
 10
357.563687980394
 20
-103.824513080939
 10
357.566317317011
 20
-103.830507199529
 10
357.568868117351
 20
-103.8364717269
 10
357.571338482078
 20
-103.84240150712
 10
357.573726511855
 20
-103.848291384253
 10
357.57603030735
 20
-103.854136202368
 10
357.57824796923
 20
-103.859930805529
 10
357.580377598161
 20
-103.865670037804
 10
357.582417294807
 20
-103.871348743258
 10
357.584365159835
 20
-103.876961765958
 10
357.58621992461
 20
-103.882505242832
 10
357.587982843281
 20
-103.887980482255
 10
357.589655800694
 20
-103.893390085462
 10
357.591240681697
 20
-103.89873665369
 10
357.592739371139
 20
-103.904022788177
 10
357.594153753868
 20
-103.909251090157
 10
357.595485714726
 20
-103.914424160869
 10
357.596737138567
 20
-103.919544601548
 10
357.597909910237
 20
-103.924615013431
 10
357.599005914581
 20
-103.929637997755
 10
357.600027036448
 20
-103.934616155754
 10
357.600975160684
 20
-103.939552088667
 10
357.601852172138
 20
-103.94444839773
 10
357.602659955659
 20
-103.949307684179
 10
357.603400396091
 20
-103.95413254925
 10
357.604075378284
 20
-103.958925594181
 10
357.604686787083
 20
-103.963689420207
 10
357.605236507336
 20
-103.968426628565
 10
357.605726423892
 20
-103.973139820491
 10
357.606158421597
 20
-103.977831597223
 10
357.606534385301
 20
-103.982504559996
 10
357.606856199847
 20
-103.987161310047
 10
357.607125750088
 20
-103.991804448612
 10
357.607344920867
 20
-103.996436576928
 10
357.607515597032
 20
-104.001060296232
 10
357.607639663431
 20
-104.005678207759
 10
357.607719004913
 20
-104.010292912746
 10
357.607755506324
 20
-104.01490701243
 10
357.60775105251
 20
-104.019523108047
 10
357.607707528323
 20
-104.024143800834
 10
357.607626818605
 20
-104.028771692027
 10
357.607510430411
 20
-104.033408777964
 10
357.607358359616
 20
-104.038054635386
 10
357.607170224294
 20
-104.042708236138
 10
357.606945642525
 20
-104.047368552061
 10
357.606684232386
 20
-104.052034554999
 10
357.606385611957
 20
-104.056705216795
 10
357.606049399314
 20
-104.061379509292
 10
357.605675212533
 20
-104.066056404335
 10
357.605262669699
 20
-104.070734873764
 10
357.604811388883
 20
-104.075413889424
 10
357.604320988165
 20
-104.080092423158
 10
357.603791085625
 20
-104.084769446808
 10
357.603221299338
 20
-104.089443932218
 10
357.602611247385
 20
-104.094114851232
 10
357.60196054784
 20
-104.098781175691
 10
357.601268818784
 20
-104.10344187744
 10
357.600535678296
 20
-104.108095928321
 10
357.59976074445
 20
-104.112742300178
 10
357.598943635327
 20
-104.117379964853
 10
357.598083969004
 20
-104.12200789419
 10
357.597181363559
 20
-104.126625060031
 10
357.59623543707
 20
-104.131230434221
 10
357.595245807614
 20
-104.135822988602
 10
357.594212093271
 20
-104.140401695016
 10
357.593133912118
 20
-104.144965525308
 10
357.592010882232
 20
-104.149513451321
 10
357.590842621692
 20
-104.154044444896
 10
357.589628748576
 20
-104.158557477878
 10
357.588368880961
 20
-104.16305152211
 10
357.587062636927
 20
-104.167525549435
 10
357.58570963455
 20
-104.171978531695
 10
357.584309612201
 20
-104.176409625118
 10
357.582862789421
 20
-104.180818723462
 10
357.581369506046
 20
-104.185205904868
 10
357.579830101908
 20
-104.189571247479
 10
357.578244916844
 20
-104.193914829437
 10
357.576614290683
 20
-104.198236728883
 10
357.574938563266
 20
-104.20253702396
 10
357.573218074424
 20
-104.206815792809
 10
357.57145316399
 20
-104.211073113573
 10
357.569644171798
 20
-104.215309064391
 10
357.567791437683
 20
-104.219523723409
 10
357.565895301481
 20
-104.223717168767
 10
357.563956103024
 20
-104.227889478607
 10
357.561974182147
 20
-104.23204073107
 10
357.559949878683
 20
-104.236171004299
 10
357.557883532471
 20
-104.240280376436
 10
357.555775483337
 20
-104.244368925622
 10
357.55362607112
 20
-104.248436729999
 10
357.551435635656
 20
-104.252483867711
 10
357.549204516776
 20
-104.256510416897
 10
357.546933054313
 20
-104.260516455701
 10
357.544621588106
 20
-104.264502062263
 10
357.542270457985
 20
-104.268467314727
 10
357.539880003786
 20
-104.272412291233
 10
357.537450565342
 20
-104.276337069924
 10
357.534982482488
 20
-104.280241728942
 10
357.532476095059
 20
-104.284126346429
 10
357.529931742887
 20
-104.287991000526
 10
357.527349765809
 20
-104.291835769375
 10
357.524730503658
 20
-104.295660731119
 10
357.522074296267
 20
-104.299465963899
 10
357.51938138086
 20
-104.303251413353
 10
357.516651584221
 20
-104.307016495099
 10
357.513884630524
 20
-104.310760492252
 10
357.511080243941
 20
-104.314482687925
 10
357.508238148647
 20
-104.318182365235
 10
357.505358068815
 20
-104.321858807293
 10
357.502439728614
 20
-104.325511297217
 10
357.499482852221
 20
-104.329139118116
 10
357.49648716381
 20
-104.332741553109
 10
357.493452387551
 20
-104.336317885309
 10
357.49037824762
 20
-104.33986739783
 10
357.487264468188
 20
-104.343389373786
 10
357.484110773428
 20
-104.34688309629
 10
357.480916887517
 20
-104.35034784846
 10
357.477682534624
 20
-104.353782913407
 10
357.474407438924
 20
-104.357187574245
 10
357.471091324591
 20
-104.360561114092
 10
357.467733915795
 20
-104.363902816059
 10
357.464334936713
 20
-104.36721196326
 10
357.460894111515
 20
-104.370487838812
 10
357.457411164378
 20
-104.373729725827
 10
357.453885819472
 20
-104.37693690742
 10
357.450317800969
 20
-104.380108666704
 10
357.446706833045
 20
-104.383244286797
 10
357.443052639874
 20
-104.386343050809
 10
357.439354945626
 20
-104.389404241856
 10
357.435613474476
 20
-104.392427143053
 10
357.431827950597
 20
-104.395411037514
 10
357.427998098163
 20
-104.398355208352
 10
357.424123641346
 20
-104.401258938683
 10
357.420204304319
 20
-104.404121511619
 10
357.4162401
 20
-104.40694255489
 10
357.412232196293
 20
-104.409723074662
 10
357.408182049842
 20
-104.412464421723
 10
357.404091117293
 20
-104.415167946853
 10
357.399960855292
 20
-104.417835000837
 10
357.395792720489
 20
-104.420466934458
 10
357.391588169525
 20
-104.423065098499
 10
357.387348659049
 20
-104.425630843743
 10
357.38307564571
 20
-104.428165520973
 10
357.378770586151
 20
-104.430670480973
 10
357.374434937017
 20
-104.433147074526
 10
357.370070154957
 20
-104.435596652414
 10
357.365677696617
 20
-104.438020565422
 10
357.361259018642
 20
-104.440420164332
 10
357.356815577681
 20
-104.442796799927
 10
357.35234883038
 20
-104.445151822992
 10
357.347860233382
 20
-104.447486584308
 10
357.343351243335
 20
-104.449802434659
 10
357.338823316885
 20
-104.45210072483
 10
357.334277910681
 20
-104.454382805601
 10
357.329716481367
 20
-104.456650027757
 10
357.325140485588
 20
-104.458903742081
 10
357.320551379993
 20
-104.461145299356
 10
357.315950621227
 20
-104.463376050366
 10
357.311339665938
 20
-104.465597345894
 10
357.30671997077
 20
-104.467810536722
 10
357.30209299237
 20
-104.470016973633
 10
357.297460187385
 20
-104.472218007413
 10
357.29282301246
 20
-104.474414988843
 10
357.288182924244
 20
-104.476609268706
 10
357.283541379382
 20
-104.478802197786
  0
LINE
  5
1AD
330
193
100
AcDbEntity
  8
Layer11
  6
AUSGEZOGEN
 62
     7
370
    50
100
AcDbLine
 10
358.097502891953
 20
-104.858517623495
 30
0.0
 11
358.473696937976
 21
-104.743503561444
 31
0.0
  0
LINE
  5
1AE
330
193
100
AcDbEntity
  8
Layer11
  6
AUSGEZOGEN
 62
     7
370
    50
100
AcDbLine
 10
358.473696937976
 20
-104.743503561444
 30
0.0
 11
358.644670053342
 21
-104.682533871812
 31
0.0
  0
LINE
  5
1AF
330
193
100
AcDbEntity
  8
Layer11
  6
AUSGEZOGEN
 62
     7
370
    50
100
AcDbLine
 10
358.644670053342
 20
-104.682533871812
 30
0.0
 11
358.758779800585
 21
-104.617063513369
 31
0.0
  0
LINE
  5
1B0
330
193
100
AcDbEntity
  8
Layer11
  6
AUSGEZOGEN
 62
     7
370
    50
100
AcDbLine
 10
358.758779800585
 20
-104.617063513369
 30
0.0
 11
358.842492943046
 21
-104.5322825821
 31
0.0
  0
LINE
  5
1B1
330
193
100
AcDbEntity
  8
Layer11
  6
AUSGEZOGEN
 62
     7
370
    50
100
AcDbLine
 10
358.842492943046
 20
-104.5322825821
 30
0.0
 11
358.909079458585
 21
-104.411617194497
 31
0.0
  0
LINE
  5
1B2
330
193
100
AcDbEntity
  8
Layer11
  6
AUSGEZOGEN
 62
     7
370
    50
100
AcDbLine
 10
358.909079458585
 20
-104.411617194497
 30
0.0
 11
358.933514772409
 21
-104.274099047049
 31
0.0
  0
LINE
  5
1B3
330
193
100
AcDbEntity
  8
Layer11
  6
AUSGEZOGEN
 62
     7
370
    50
100
AcDbLine
 10
358.933514772409
 20
-104.274099047049
 30
0.0
 11
358.914256909957
 21
-104.134252620142
 31
0.0
  0
LINE
  5
1B4
330
193
100
AcDbEntity
  8
Layer11
  6
AUSGEZOGEN
 62
     7
370
    50
100
AcDbLine
 10
358.914256909957
 20
-104.134252620142
 30
0.0
 11
358.834662607806
 21
-103.97805022546
 31
0.0
  0
LINE
  5
1B5
330
193
100
AcDbEntity
  8
Layer11
  6
AUSGEZOGEN
 62
     7
370
    50
100
AcDbLine
 10
358.834662607806
 20
-103.97805022546
 30
0.0
 11
358.710350329817
 21
-103.873102475482
 31
0.0
  0
LINE
  5
1B6
330
193
100
AcDbEntity
  8
Layer11
  6
AUSGEZOGEN
 62
     7
370
    50
100
AcDbLine
 10
358.710350329817
 20
-103.873102475482
 30
0.0
 11
358.547840573059
 21
-103.824707429774
 31
0.0
  0
LINE
  5
1B7
330
193
100
AcDbEntity
  8
Layer11
  6
AUSGEZOGEN
 62
     7
370
    50
100
AcDbLine
 10
358.547840573059
 20
-103.824707429774
 30
0.0
 11
358.612841593262
 21
-103.704234680983
 31
0.0
  0
LINE
  5
1B8
330
193
100
AcDbEntity
  8
Layer11
  6
AUSGEZOGEN
 62
     7
370
    50
100
AcDbLine
 10
358.612841593262
 20
-103.704234680983
 30
0.0
 11
358.635365961091
 21
-103.587217371682
 31
0.0
  0
LINE
  5
1B9
330
193
100
AcDbEntity
  8
Layer11
  6
AUSGEZOGEN
 62
     7
370
    50
100
AcDbLine
 10
358.635365961091
 20
-103.587217371682
 30
0.0
 11
358.616694185357
 21
-103.465388243944
 31
0.0
  0
LINE
  5
1BA
330
193
100
AcDbEntity
  8
Layer11
  6
AUSGEZOGEN
 62
     7
370
    50
100
AcDbLine
 10
358.616694185357
 20
-103.465388243944
 30
0.0
 11
358.563652251454
 21
-103.353537028377
 31
0.0
  0
LINE
  5
1BB
330
193
100
AcDbEntity
  8
Layer11
  6
AUSGEZOGEN
 62
     7
370
    50
100
AcDbLine
 10
358.563652251454
 20
-103.353537028377
 30
0.0
 11
358.482198161768
 21
-103.262694394186
 31
0.0
  0
LINE
  5
1BC
330
193
100
AcDbEntity
  8
Layer11
  6
AUSGEZOGEN
 62
     7
370
    50
100
AcDbLine
 10
358.482198161768
 20
-103.262694394186
 30
0.0
 11
358.378828779336
 21
-103.199885746046
 31
0.0
  0
LINE
  5
1BD
330
193
100
AcDbEntity
  8
Layer11
  6
AUSGEZOGEN
 62
     7
370
    50
100
AcDbLine
 10
358.378828779336
 20
-103.199885746046
 30
0.0
 11
358.267991003548
 21
-103.171317854451
 31
0.0
  0
LINE
  5
1BE
330
193
100
AcDbEntity
  8
Layer11
  6
AUSGEZOGEN
 62
     7
370
    50
100
AcDbLine
 10
358.267991003548
 20
-103.171317854451
 30
0.0
 11
358.144451511038
 21
-103.172435059285
 31
0.0
  0
LINE
  5
1BF
330
193
100
AcDbEntity
  8
Layer11
  6
AUSGEZOGEN
 62
     7
370
    50
100
AcDbLine
 10
358.144451511038
 20
-103.172435059285
 30
0.0
 11
358.002939034199
 21
-103.203723839202
 31
0.0
  0
LINE
  5
1C0
330
193
100
AcDbEntity
  8
Layer11
  6
AUSGEZOGEN
 62
     7
370
    50
100
AcDbLine
 10
358.002939034199
 20
-103.203723839202
 30
0.0
 11
357.626744988176
 21
-103.318737901253
 31
0.0
  0
LINE
  5
1C1
330
193
100
AcDbEntity
  8
Layer11
  6
AUSGEZOGEN
 62
     7
370
    50
100
AcDbLine
 10
357.626744988176
 20
-103.318737901253
 30
0.0
 11
358.097502891953
 21
-104.858517623495
 31
0.0
  0
LINE
  5
1C2
330
193
100
AcDbEntity
  8
Layer11
  6
AUSGEZOGEN
 62
     7
370
    50
100
AcDbLine
 10
358.205202293208
 20
-104.674133552662
 30
0.0
 11
358.022406037897
 21
-104.076233942331
 31
0.0
  0
LINE
  5
1C3
330
193
100
AcDbEntity
  8
Layer11
  6
AUSGEZOGEN
 62
     7
370
    50
100
AcDbLine
 10
358.022406037897
 20
-104.076233942331
 30
0.0
 11
358.206021262495
 21
-104.020097134588
 31
0.0
  0
LINE
  5
1C4
330
193
100
AcDbEntity
  8
Layer11
  6
AUSGEZOGEN
 62
     7
370
    50
100
AcDbLine
 10
358.206021262495
 20
-104.020097134588
 30
0.0
 11
358.337073136554
 21
-103.983113788822
 31
0.0
  0
LINE
  5
1C5
330
193
100
AcDbEntity
  8
Layer11
  6
AUSGEZOGEN
 62
     7
370
    50
100
AcDbLine
 10
358.337073136554
 20
-103.983113788822
 30
0.0
 11
358.429205233484
 21
-103.966456916565
 31
0.0
  0
LINE
  5
1C6
330
193
100
AcDbEntity
  8
Layer11
  6
AUSGEZOGEN
 62
     7
370
    50
100
AcDbLine
 10
358.429205233484
 20
-103.966456916565
 30
0.0
 11
358.507687427158
 21
-103.965732797366
 31
0.0
  0
LINE
  5
1C7
330
193
100
AcDbEntity
  8
Layer11
  6
AUSGEZOGEN
 62
     7
370
    50
100
AcDbLine
 10
358.507687427158
 20
-103.965732797366
 30
0.0
 11
358.618464636664
 21
-103.998808825912
 31
0.0
  0
LINE
  5
1C8
330
193
100
AcDbEntity
  8
Layer11
  6
AUSGEZOGEN
 62
     7
370
    50
100
AcDbLine
 10
358.618464636664
 20
-103.998808825912
 30
0.0
 11
358.707610672793
 21
-104.073268381349
 31
0.0
  0
LINE
  5
1C9
330
193
100
AcDbEntity
  8
Layer11
  6
AUSGEZOGEN
 62
     7
370
    50
100
AcDbLine
 10
358.707610672793
 20
-104.073268381349
 30
0.0
 11
358.764210652278
 21
-104.180126364752
 31
0.0
  0
LINE
  5
1CA
330
193
100
AcDbEntity
  8
Layer11
  6
AUSGEZOGEN
 62
     7
370
    50
100
AcDbLine
 10
358.764210652278
 20
-104.180126364752
 30
0.0
 11
358.773767178191
 21
-104.28788729698
 31
0.0
  0
LINE
  5
1CB
330
193
100
AcDbEntity
  8
Layer11
  6
AUSGEZOGEN
 62
     7
370
    50
100
AcDbLine
 10
358.773767178191
 20
-104.28788729698
 30
0.0
 11
358.744040859969
 21
-104.395325267926
 31
0.0
  0
LINE
  5
1CC
330
193
100
AcDbEntity
  8
Layer11
  6
AUSGEZOGEN
 62
     7
370
    50
100
AcDbLine
 10
358.744040859969
 20
-104.395325267926
 30
0.0
 11
358.680625388303
 21
-104.483334189606
 31
0.0
  0
LINE
  5
1CD
330
193
100
AcDbEntity
  8
Layer11
  6
AUSGEZOGEN
 62
     7
370
    50
100
AcDbLine
 10
358.680625388303
 20
-104.483334189606
 30
0.0
 11
358.6169371247
 21
-104.529191629275
 31
0.0
  0
LINE
  5
1CE
330
193
100
AcDbEntity
  8
Layer11
  6
AUSGEZOGEN
 62
     7
370
    50
100
AcDbLine
 10
358.6169371247
 20
-104.529191629275
 30
0.0
 11
358.531032277948
 21
-104.570038527771
 31
0.0
  0
LINE
  5
1CF
330
193
100
AcDbEntity
  8
Layer11
  6
AUSGEZOGEN
 62
     7
370
    50
100
AcDbLine
 10
358.531032277948
 20
-104.570038527771
 30
0.0
 11
358.413432781494
 21
-104.610471103577
 31
0.0
  0
LINE
  5
1D0
330
193
100
AcDbEntity
  8
Layer11
  6
AUSGEZOGEN
 62
     7
370
    50
100
AcDbLine
 10
358.413432781494
 20
-104.610471103577
 30
0.0
 11
358.205202293208
 21
-104.674133552662
 31
0.0
  0
LINE
  5
1D1
330
193
100
AcDbEntity
  8
Layer11
  6
AUSGEZOGEN
 62
     7
370
    50
100
AcDbLine
 10
357.980059181471
 20
-103.937723616108
 30
0.0
 11
357.819138102281
 21
-103.411374482866
 31
0.0
  0
LINE
  5
1D2
330
193
100
AcDbEntity
  8
Layer11
  6
AUSGEZOGEN
 62
     7
370
    50
100
AcDbLine
 10
357.819138102281
 20
-103.411374482866
 30
0.0
 11
358.018404993742
 21
-103.350452480347
 31
0.0
  0
LINE
  5
1D3
330
193
100
AcDbEntity
  8
Layer11
  6
AUSGEZOGEN
 62
     7
370
    50
100
AcDbLine
 10
358.018404993742
 20
-103.350452480347
 30
0.0
 11
358.13327818709
 21
-103.322439884098
 31
0.0
  0
LINE
  5
1D4
330
193
100
AcDbEntity
  8
Layer11
  6
AUSGEZOGEN
 62
     7
370
    50
100
AcDbLine
 10
358.13327818709
 20
-103.322439884098
 30
0.0
 11
358.226658685813
 21
-103.316695706404
 31
0.0
  0
LINE
  5
1D5
330
193
100
AcDbEntity
  8
Layer11
  6
AUSGEZOGEN
 62
     7
370
    50
100
AcDbLine
 10
358.226658685813
 20
-103.316695706404
 30
0.0
 11
358.304627013908
 21
-103.333611163689
 31
0.0
  0
LINE
  5
1D6
330
193
100
AcDbEntity
  8
Layer11
  6
AUSGEZOGEN
 62
     7
370
    50
100
AcDbLine
 10
358.304627013908
 20
-103.333611163689
 30
0.0
 11
358.373241512742
 21
-103.374071080551
 31
0.0
  0
LINE
  5
1D7
330
193
100
AcDbEntity
  8
Layer11
  6
AUSGEZOGEN
 62
     7
370
    50
100
AcDbLine
 10
358.373241512742
 20
-103.374071080551
 30
0.0
 11
358.429159731859
 21
-103.433547527251
 31
0.0
  0
LINE
  5
1D8
330
193
100
AcDbEntity
  8
Layer11
  6
AUSGEZOGEN
 62
     7
370
    50
100
AcDbLine
 10
358.429159731859
 20
-103.433547527251
 30
0.0
 11
358.464589127158
 21
-103.504351029151
 31
0.0
  0
LINE
  5
1D9
330
193
100
AcDbEntity
  8
Layer11
  6
AUSGEZOGEN
 62
     7
370
    50
100
AcDbLine
 10
358.464589127158
 20
-103.504351029151
 30
0.0
 11
358.47496634764
 21
-103.593459017139
 31
0.0
  0
LINE
  5
1DA
330
193
100
AcDbEntity
  8
Layer11
  6
AUSGEZOGEN
 62
     7
370
    50
100
AcDbLine
 10
358.47496634764
 20
-103.593459017139
 30
0.0
 11
358.455624612589
 21
-103.681537833753
 31
0.0
  0
LINE
  5
1DB
330
193
100
AcDbEntity
  8
Layer11
  6
AUSGEZOGEN
 62
     7
370
    50
100
AcDbLine
 10
358.455624612589
 20
-103.681537833753
 30
0.0
 11
358.409278378309
 21
-103.755987209222
 31
0.0
  0
LINE
  5
1DC
330
193
100
AcDbEntity
  8
Layer11
  6
AUSGEZOGEN
 62
     7
370
    50
100
AcDbLine
 10
358.409278378309
 20
-103.755987209222
 30
0.0
 11
358.355453770753
 21
-103.80236663078
 31
0.0
  0
LINE
  5
1DD
330
193
100
AcDbEntity
  8
Layer11
  6
AUSGEZOGEN
 62
     7
370
    50
100
AcDbLine
 10
358.355453770753
 20
-103.80236663078
 30
0.0
 11
358.279791754149
 21
-103.841401821925
 31
0.0
  0
LINE
  5
1DE
330
193
100
AcDbEntity
  8
Layer11
  6
AUSGEZOGEN
 62
     7
370
    50
100
AcDbLine
 10
358.279791754149
 20
-103.841401821925
 30
0.0
 11
358.168146310887
 21
-103.880219609858
 31
0.0
  0
LINE
  5
1DF
330
193
100
AcDbEntity
  8
Layer11
  6
AUSGEZOGEN
 62
     7
370
    50
100
AcDbLine
 10
358.168146310887
 20
-103.880219609858
 30
0.0
 11
357.980059181471
 21
-103.937723616108
 31
0.0
  0
LINE
  5
1E0
330
193
100
AcDbEntity
  8
Layer11
  6
AUSGEZOGEN
 62
     7
370
    50
100
AcDbLine
 10
357.626744988176
 20
-103.318737901253
 30
0.0
 11
358.097502891953
 21
-104.858517623495
 31
0.0
  0
LINE
  5
1E1
330
193
100
AcDbEntity
  8
Layer11
  6
AUSGEZOGEN
 62
     7
370
    50
100
AcDbLine
 10
357.819138102281
 20
-103.411374482866
 30
0.0
 11
357.980059181471
 21
-103.937723616108
 31
0.0
  0
LINE
  5
1E2
330
193
100
AcDbEntity
  8
Layer11
  6
AUSGEZOGEN
 62
     7
370
    50
100
AcDbLine
 10
358.022406037897
 20
-104.076233942331
 30
0.0
 11
358.205202293208
 21
-104.674133552662
 31
0.0
  0
LWPOLYLINE
  5
1E3
330
193
100
AcDbEntity
  8
Layer11
  6
AUSGEZOGEN
 62
     7
370
    50
100
AcDbPolyline
 90
      280
 70
     0
 43
0.0
 10
358.547840573059
 20
-103.824707429774
 10
358.553341050205
 20
-103.825908970788
 10
358.558839913432
 20
-103.827112759235
 10
358.564335548823
 20
-103.828321042552
 10
358.569826342459
 20
-103.82953606817
 10
358.575310680422
 20
-103.830760083527
 10
358.580786948793
 20
-103.831995336055
 10
358.586253533653
 20
-103.833244073189
 10
358.591708821087
 20
-103.834508542364
 10
358.597151197173
 20
-103.835790991013
 10
358.602579047996
 20
-103.837093666571
 10
358.607990759636
 20
-103.838418816473
 10
358.613384718174
 20
-103.839768688153
 10
358.618759309691
 20
-103.841145529043
 10
358.624112920272
 20
-103.842551586581
 10
358.629443935996
 20
-103.8439891082
 10
358.634750742946
 20
-103.845460341332
 10
358.640031727202
 20
-103.846967533415
 10
358.645285274848
 20
-103.848512931881
 10
358.650509771966
 20
-103.850098784166
 10
358.655703604634
 20
-103.851727337703
 10
358.660865158938
 20
-103.853400839926
 10
358.665992820956
 20
-103.85512153827
 10
358.671084976773
 20
-103.856891680171
 10
358.676140012469
 20
-103.85871351306
 10
358.681156314126
 20
-103.860589284373
 10
358.686132267823
 20
-103.862521241545
 10
358.691066259648
 20
-103.86451163201
 10
358.695956675676
 20
-103.866562703201
 10
358.700801901992
 20
-103.868676702555
 10
358.70560032468
 20
-103.870855877503
 10
358.710350329817
 20
-103.873102475482
 10
358.715050635223
 20
-103.875418394806
 10
358.719701285663
 20
-103.877804137313
 10
358.724302657636
 20
-103.880259855722
 10
358.728855127645
 20
-103.882785702752
 10
358.733359072188
 20
-103.885381831121
 10
358.737814867767
 20
-103.888048393548
 10
358.742222890882
 20
-103.890785542751
 10
358.746583518032
 20
-103.893593431451
 10
358.75089712572
 20
-103.896472212366
 10
358.755164090446
 20
-103.899422038212
 10
358.759384788709
 20
-103.902443061711
 10
358.763559597013
 20
-103.905535435581
 10
358.767688891854
 20
-103.908699312539
 10
358.771773049735
 20
-103.911934845307
 10
358.775812447157
 20
-103.9152421866
 10
358.779807460618
 20
-103.91862148914
 10
358.783758466623
 20
-103.922072905644
 10
358.787665841668
 20
-103.925596588831
 10
358.791529962255
 20
-103.92919269142
 10
358.795351204886
 20
-103.93286136613
 10
358.799129946059
 20
-103.936602765679
 10
358.802866562279
 20
-103.940417042786
 10
358.806561430041
 20
-103.94430435017
 10
358.810214925849
 20
-103.94826484055
 10
358.813827426202
 20
-103.952298666643
 10
358.817399307602
 20
-103.956405981171
 10
358.820930946546
 20
-103.96058693685
 10
358.824422719539
 20
-103.964841686399
 10
358.827875003081
 20
-103.969170382538
 10
358.831288173668
 20
-103.973573177986
 10
358.834662607806
 20
-103.97805022546
 10
358.837998418354
 20
-103.982600998001
 10
358.84129466362
 20
-103.987222249933
 10
358.844550138271
 20
-103.991910055899
 10
358.847763636972
 20
-103.996660490547
 10
358.850933954395
 20
-104.00146962852
 10
358.854059885205
 20
-104.006333544464
 10
358.857140224074
 20
-104.011248313023
 10
358.860173765665
 20
-104.016210008844
 10
358.863159304649
 20
-104.021214706569
 10
358.866095635689
 20
-104.026258480846
 10
358.86898155346
 20
-104.031337406318
 10
358.871815852623
 20
-104.036447557631
 10
358.874597327849
 20
-104.041585009429
 10
358.877324773808
 20
-104.046745836358
 10
358.879996985165
 20
-104.051926113063
 10
358.882612756586
 20
-104.057121914188
 10
358.885170882743
 20
-104.062329314379
 10
358.8876701583
 20
-104.06754438828
 10
358.890109377928
 20
-104.072763210537
 10
358.892487336292
 20
-104.077981855795
 10
358.894802828061
 20
-104.083196398698
 10
358.897054647905
 20
-104.088402913892
 10
358.899241590489
 20
-104.093597476022
 10
358.901362450481
 20
-104.098776159733
 10
358.903416022549
 20
-104.103935039669
 10
358.905401101362
 20
-104.109070190475
 10
358.907316481586
 20
-104.114177686797
 10
358.909160957888
 20
-104.11925360328
 10
358.91093332494
 20
-104.124294014568
 10
358.912632377407
 20
-104.129294995308
 10
358.914256909957
 20
-104.134252620142
 10
358.915806134683
 20
-104.139163939895
 10
358.91728093338
 20
-104.144029910103
 10
358.918682605272
 20
-104.148852462479
 10
358.920012449577
 20
-104.153633528736
 10
358.921271765518
 20
-104.15837504059
 10
358.922461852315
 20
-104.163078929752
 10
358.92358400919
 20
-104.167747127938
 10
358.924639535362
 20
-104.172381566861
 10
358.925629730056
 20
-104.176984178234
 10
358.926555892489
 20
-104.181556893772
 10
358.927419321886
 20
-104.186101645187
 10
358.928221317467
 20
-104.190620364194
 10
358.928963178451
 20
-104.195114982507
 10
358.92964620406
 20
-104.199587431839
 10
358.930271693516
 20
-104.204039643904
 10
358.930840946041
 20
-104.208473550416
 10
358.931355260855
 20
-104.212891083089
 10
358.931815937176
 20
-104.217294173635
 10
358.932224274231
 20
-104.221684753769
 10
358.932581571238
 20
-104.226064755206
 10
358.932889127418
 20
-104.230436109658
 10
358.933148241993
 20
-104.234800748838
 10
358.933360214183
 20
-104.239160604462
 10
358.933526343211
 20
-104.243517608244
 10
358.933647928296
 20
-104.247873691895
 10
358.933726268661
 20
-104.25223078713
 10
358.933762663526
 20
-104.256590825663
 10
358.933758412112
 20
-104.260955739208
 10
358.93371481364
 20
-104.265327459478
 10
358.933633167333
 20
-104.269707918187
 10
358.933514772409
 20
-104.274099047049
 10
358.933360604964
 20
-104.278502293113
 10
358.933170348577
 20
-104.282917164763
 10
358.932943363703
 20
-104.28734268572
 10
358.932679010792
 20
-104.291777879704
 10
358.932376650297
 20
-104.296221770433
 10
358.932035642671
 20
-104.300673381631
 10
358.931655348366
 20
-104.305131737015
 10
358.931235127839
 20
-104.309595860307
 10
358.930774341536
 20
-104.314064775226
 10
358.930272349913
 20
-104.318537505491
 10
358.929728513424
 20
-104.323013074824
 10
358.929142192521
 20
-104.327490506945
 10
358.928512747654
 20
-104.331968825572
 10
358.92783953928
 20
-104.336447054427
 10
358.927121927846
 20
-104.34092421723
 10
358.92635927381
 20
-104.3453993377
 10
358.925550937622
 20
-104.349871439557
 10
358.924696279735
 20
-104.354339546523
 10
358.923794660603
 20
-104.358802682316
 10
358.922845440677
 20
-104.363259870657
 10
358.92184798041
 20
-104.367710135266
 10
358.920801640254
 20
-104.372152499862
 10
358.919705780663
 20
-104.376585988167
 10
358.918559762091
 20
-104.381009623899
 10
358.917362944987
 20
-104.38542243078
 10
358.916114689806
 20
-104.389823432529
 10
358.914814357
 20
-104.394211652865
 10
358.913461307024
 20
-104.398586115511
 10
358.912054900326
 20
-104.402945844185
 10
358.910594497362
 20
-104.407289862606
 10
358.909079458585
 20
-104.411617194497
 10
358.907509512625
 20
-104.415926867644
 10
358.90588586083
 20
-104.42021792611
 10
358.904210072726
 20
-104.424489418026
 10
358.902483717841
 20
-104.428740391522
 10
358.900708365702
 20
-104.432969894729
 10
358.898885585835
 20
-104.437176975776
 10
358.897016947765
 20
-104.441360682795
 10
358.895104021023
 20
-104.445520063917
 10
358.893148375131
 20
-104.449654167271
 10
358.891151579617
 20
-104.453762040987
 10
358.889115204011
 20
-104.457842733198
 10
358.887040817836
 20
-104.461895292034
 10
358.884929990618
 20
-104.465918765623
 10
358.882784291887
 20
-104.469912202099
 10
358.880605291166
 20
-104.47387464959
 10
358.878394557986
 20
-104.477805156227
 10
358.87615366187
 20
-104.481702770141
 10
358.873884172346
 20
-104.485566539463
 10
358.871587658942
 20
-104.489395512323
 10
358.869265691181
 20
-104.49318873685
 10
358.866919838594
 20
-104.496945261177
 10
358.864551670704
 20
-104.500664133433
 10
358.862162757041
 20
-104.504344401749
 10
358.85975466713
 20
-104.507985114255
 10
358.857328970497
 20
-104.511585319084
 10
358.854887236668
 20
-104.515144064362
 10
358.852431035173
 20
-104.518660398224
 10
358.849961935537
 20
-104.522133368798
 10
358.847481507284
 20
-104.525562024215
 10
358.844991319946
 20
-104.528945412605
 10
358.842492943046
 20
-104.5322825821
 10
358.839987584767
 20
-104.535572897927
 10
358.837475007922
 20
-104.538816993703
 10
358.834954613978
 20
-104.542015820144
 10
358.832425804402
 20
-104.545170327965
 10
358.829887980665
 20
-104.548281467881
 10
358.827340544229
 20
-104.551350190606
 10
358.824782896567
 20
-104.554377446857
 10
358.822214439144
 20
-104.557364187347
 10
358.819634573429
 20
-104.560311362792
 10
358.81704270089
 20
-104.563219923907
 10
358.814438222995
 20
-104.566090821407
 10
358.81182054121
 20
-104.568925006006
 10
358.809189057005
 20
-104.571723428421
 10
358.806543171846
 20
-104.574487039366
 10
358.803882287201
 20
-104.577216789556
 10
358.801205804539
 20
-104.579913629705
 10
358.798513125327
 20
-104.58257851053
 10
358.795803651034
 20
-104.585212382744
 10
358.793076783124
 20
-104.587816197065
 10
358.79033192307
 20
-104.590390904204
 10
358.787568472337
 20
-104.59293745488
 10
358.784785832391
 20
-104.595456799805
 10
358.781983404704
 20
-104.597949889696
 10
358.779160590741
 20
-104.600417675267
 10
358.776316791971
 20
-104.602861107232
 10
358.773451409859
 20
-104.605281136309
 10
358.770563845878
 20
-104.60767871321
 10
358.767653501491
 20
-104.610054788652
 10
358.764719778168
 20
-104.61241031335
 10
358.761762077378
 20
-104.614746238017
 10
358.758779800585
 20
-104.617063513369
 10
358.755772141012
 20
-104.619363012844
 10
358.752737458896
 20
-104.62164530076
 10
358.749673906219
 20
-104.623910864158
 10
358.746579634974
 20
-104.626160190081
 10
358.743452797142
 20
-104.628393765566
 10
358.740291544717
 20
-104.630612077659
 10
358.737094029683
 20
-104.632815613397
 10
358.733858404025
 20
-104.635004859823
 10
358.730582819735
 20
-104.637180303978
 10
358.727265428796
 20
-104.639342432904
 10
358.7239043832
 20
-104.641491733639
 10
358.720497834931
 20
-104.643628693226
 10
358.717043935978
 20
-104.645753798706
 10
358.713540838328
 20
-104.647867537121
 10
358.709986693966
 20
-104.64997039551
 10
358.706379654883
 20
-104.652062860915
 10
358.702717873064
 20
-104.654145420377
 10
358.698999500499
 20
-104.656218560936
 10
358.695222689174
 20
-104.658282769637
 10
358.691385591074
 20
-104.660338533516
 10
358.687486358187
 20
-104.662386339616
 10
358.683523142505
 20
-104.664426674978
 10
358.67949409601
 20
-104.666460026644
 10
358.675397370691
 20
-104.668486881655
 10
358.671231118537
 20
-104.67050772705
 10
358.666993491534
 20
-104.672523049871
 10
358.662682641669
 20
-104.674533337161
 10
358.658296720931
 20
-104.676539075958
 10
358.653833881305
 20
-104.678540753305
 10
358.649292274779
 20
-104.680538856242
 10
358.644670053342
 20
-104.682533871812
 10
358.639966120332
 20
-104.68452621986
 10
358.635182384491
 20
-104.686516051463
 10
358.630321505913
 20
-104.688503450501
 10
358.625386144695
 20
-104.690488500856
 10
358.620378960928
 20
-104.69247128641
 10
358.61530261471
 20
-104.694451891044
 10
358.610159766131
 20
-104.696430398641
 10
358.60495307529
 20
-104.69840689308
 10
358.599685202278
 20
-104.700381458243
 10
358.59435880719
 20
-104.702354178014
 10
358.588976550122
 20
-104.704325136272
 10
358.583541091166
 20
-104.706294416899
 10
358.578055090417
 20
-104.708262103778
 10
358.572521207971
 20
-104.710228280789
 10
358.56694210392
 20
-104.712193031814
 10
358.561320438361
 20
-104.714156440734
 10
358.555658871386
 20
-104.716118591432
 10
358.54996006309
 20
-104.718079567788
 10
358.544226673567
 20
-104.720039453684
 10
358.538461362914
 20
-104.721998333001
 10
358.53266679122
 20
-104.723956289623
 10
358.526845618584
 20
-104.725913407428
 10
358.5210005051
 20
-104.7278697703
 10
358.515134110861
 20
-104.72982546212
 10
358.509249095962
 20
-104.73178056677
 10
358.503348120494
 20
-104.733735168129
 10
358.497433844557
 20
-104.735689350082
 10
358.491508928241
 20
-104.737643196508
 10
358.485576031642
 20
-104.739596791289
 10
358.479637814857
 20
-104.741550218307
 10
358.473696937976
 20
-104.743503561444
  0
LWPOLYLINE
  5
1E4
330
193
100
AcDbEntity
  8
Layer11
  6
AUSGEZOGEN
 62
     7
370
    50
100
AcDbPolyline
 90
      435
 70
     0
 43
0.0
 10
357.819138102281
 20
-103.411374482866
 10
357.826253422554
 20
-103.409165714693
 10
357.833364446855
 20
-103.406958468659
 10
357.840466879203
 20
-103.404754266904
 10
357.847556423625
 20
-103.402554631567
 10
357.854628784149
 20
-103.400361084787
 10
357.861679664795
 20
-103.398175148704
 10
357.86870476959
 20
-103.395998345455
 10
357.875699802559
 20
-103.393832197183
 10
357.882660467725
 20
-103.391678226024
 10
357.889582469116
 20
-103.389537954119
 10
357.896461510755
 20
-103.387412903607
 10
357.903293296664
 20
-103.385304596626
 10
357.910073530871
 20
-103.383214555317
 10
357.916797917402
 20
-103.381144301819
 10
357.923462160279
 20
-103.379095358271
 10
357.930061963529
 20
-103.377069246812
 10
357.936593031174
 20
-103.375067489582
 10
357.943051067243
 20
-103.373091608719
 10
357.949431775756
 20
-103.371143126364
 10
357.95573086074
 20
-103.369223564654
 10
357.96194402622
 20
-103.36733444573
 10
357.96806697622
 20
-103.365477291732
 10
357.974095414766
 20
-103.363653624798
 10
357.980025045883
 20
-103.361864967066
 10
357.985851573594
 20
-103.360112840678
 10
357.991570701925
 20
-103.358398767772
 10
357.9971781349
 20
-103.356724270488
 10
358.002669576545
 20
-103.355090870963
 10
358.008040730882
 20
-103.353500091339
 10
358.013287301939
 20
-103.351953453754
 10
358.018404993742
 20
-103.350452480347
 10
358.023390973427
 20
-103.348998275795
 10
358.028248260604
 20
-103.347590274921
 10
358.032981337996
 20
-103.346227495085
 10
358.037594688325
 20
-103.344908953649
 10
358.042092794313
 20
-103.343633667971
 10
358.046480138685
 20
-103.342400655412
 10
358.050761204164
 20
-103.341208933332
 10
358.05494047347
 20
-103.340057519094
 10
358.05902242933
 20
-103.338945430054
 10
358.063011554463
 20
-103.337871683576
 10
358.066912331597
 20
-103.336835297018
 10
358.070729243447
 20
-103.335835287741
 10
358.074466772745
 20
-103.334870673106
 10
358.078129402207
 20
-103.333940470473
 10
358.081721614559
 20
-103.333043697201
 10
358.085247892523
 20
-103.332179370652
 10
358.088712718824
 20
-103.331346508185
 10
358.092120576183
 20
-103.330544127161
 10
358.095475947323
 20
-103.329771244941
 10
358.098783314967
 20
-103.329026878884
 10
358.102047161838
 20
-103.32831004635
 10
358.105271970659
 20
-103.327619764702
 10
358.108462224153
 20
-103.326955051298
 10
358.111622405044
 20
-103.326314923498
 10
358.114756996052
 20
-103.325698398663
 10
358.117870479904
 20
-103.325104494153
 10
358.120967339319
 20
-103.324532227331
 10
358.124052057023
 20
-103.323980615553
 10
358.127129115737
 20
-103.323448676181
 10
358.130202998185
 20
-103.322935426577
 10
358.13327818709
 20
-103.322439884098
 10
358.136358256976
 20
-103.321961274096
 10
358.139443149583
 20
-103.321499653873
 10
358.142531898451
 20
-103.321055288719
 10
358.145623537124
 20
-103.320628443927
 10
358.148717099139
 20
-103.320219384789
 10
358.15181161804
 20
-103.319828376596
 10
358.154906127366
 20
-103.319455684637
 10
358.15799966066
 20
-103.319101574209
 10
358.161091251461
 20
-103.318766310597
 10
358.164179933312
 20
-103.318450159097
 10
358.167264739754
 20
-103.318153384999
 10
358.170344704326
 20
-103.317876253595
 10
358.17341886057
 20
-103.317619030177
 10
358.17648624203
 20
-103.317381980034
 10
358.179545882242
 20
-103.317165368459
 10
358.182596814752
 20
-103.316969460745
 10
358.185638073097
 20
-103.316794522181
 10
358.188668690822
 20
-103.31664081806
 10
358.191687701463
 20
-103.316508613674
 10
358.194694138567
 20
-103.316398174313
 10
358.19768703567
 20
-103.31630976527
 10
358.200665426317
 20
-103.316243651834
 10
358.203628344047
 20
-103.316200099299
 10
358.206574822402
 20
-103.316179372956
 10
358.209503894919
 20
-103.316181738095
 10
358.212414595146
 20
-103.31620746001
 10
358.215305956619
 20
-103.316256803991
 10
358.218177012883
 20
-103.316330035328
 10
358.221026797475
 20
-103.316427419316
 10
358.223854343938
 20
-103.316549221244
 10
358.226658685813
 20
-103.316695706404
 10
358.229439119012
 20
-103.316867095917
 10
358.232195988909
 20
-103.317063434219
 10
358.23492990326
 20
-103.317284721576
 10
358.23764146981
 20
-103.317530958256
 10
358.240331296311
 20
-103.317802144522
 10
358.242999990511
 20
-103.318098280641
 10
358.245648160159
 20
-103.31841936688
 10
358.248276413004
 20
-103.318765403503
 10
358.250885356794
 20
-103.319136390777
 10
358.25347559928
 20
-103.319532328969
 10
358.256047748211
 20
-103.319953218343
 10
358.258602411337
 20
-103.320399059166
 10
358.261140196406
 20
-103.320869851703
 10
358.263661711166
 20
-103.32136559622
 10
358.266167563366
 20
-103.321886292984
 10
358.268658360758
 20
-103.32243194226
 10
358.271134711089
 20
-103.323002544314
 10
358.273597222109
 20
-103.323598099412
 10
358.276046501567
 20
-103.324218607821
 10
358.278483157212
 20
-103.324864069805
 10
358.280907796794
 20
-103.325534485631
 10
358.283321028059
 20
-103.326229855565
 10
358.285723458761
 20
-103.326950179871
 10
358.288115696645
 20
-103.327695458818
 10
358.290498349463
 20
-103.328465692671
 10
358.292872024962
 20
-103.329260881695
 10
358.295237330893
 20
-103.330081026155
 10
358.297594875003
 20
-103.330926126319
 10
358.299945265044
 20
-103.331796182452
 10
358.302289108761
 20
-103.332691194821
 10
358.304627013908
 20
-103.333611163689
 10
358.306959446211
 20
-103.334556074589
 10
358.309286303322
 20
-103.335525854107
 10
358.311607340873
 20
-103.336520414095
 10
358.313922314494
 20
-103.337539666402
 10
358.316230979816
 20
-103.338583522883
 10
358.318533092468
 20
-103.339651895386
 10
358.320828408087
 20
-103.340744695764
 10
358.323116682299
 20
-103.341861835867
 10
358.325397670735
 20
-103.343003227548
 10
358.327671129029
 20
-103.344168782657
 10
358.329936812812
 20
-103.345358413046
 10
358.332194477713
 20
-103.346572030566
 10
358.334443879363
 20
-103.347809547068
 10
358.336684773394
 20
-103.349070874404
 10
358.338916915438
 20
-103.350355924424
 10
358.341140061124
 20
-103.351664608981
 10
358.343353966086
 20
-103.352996839925
 10
358.345558385951
 20
-103.354352529108
 10
358.347753076354
 20
-103.355731588381
 10
358.349937792924
 20
-103.357133929596
 10
358.352112291294
 20
-103.358559464603
 10
358.354276327091
 20
-103.360008105254
 10
358.356429655951
 20
-103.3614797634
 10
358.358572033502
 20
-103.362974350892
 10
358.360703215374
 20
-103.364491779583
 10
358.362822957203
 20
-103.366031961322
 10
358.364931014616
 20
-103.367594807962
 10
358.367027143246
 20
-103.369180231353
 10
358.369111098722
 20
-103.370788143348
 10
358.371182636678
 20
-103.372418455797
 10
358.373241512742
 20
-103.374071080551
 10
358.3752874727
 20
-103.375745850885
 10
358.377320222942
 20
-103.377442285766
 10
358.379339460022
 20
-103.379159825583
 10
358.38134488048
 20
-103.380897910727
 10
358.383336180865
 20
-103.382655981586
 10
358.385313057725
 20
-103.384433478552
 10
358.387275207604
 20
-103.386229842014
 10
358.389222327049
 20
-103.38804451236
 10
358.391154112609
 20
-103.389876929981
 10
358.393070260827
 20
-103.391726535268
 10
358.394970468253
 20
-103.39359276861
 10
358.39685443143
 20
-103.395475070396
 10
358.398721846909
 20
-103.397372881017
 10
358.400572411232
 20
-103.399285640862
 10
358.402405820951
 20
-103.401212790321
 10
358.404221772606
 20
-103.403153769784
 10
358.406019962749
 20
-103.40510801964
 10
358.407800087924
 20
-103.40707498028
 10
358.409561844677
 20
-103.409054092093
 10
358.411304929558
 20
-103.411044795469
 10
358.41302903911
 20
-103.413046530798
 10
358.414733869881
 20
-103.41505873847
 10
358.416419118417
 20
-103.417080858874
 10
358.418084481266
 20
-103.4191123324
 10
358.419729654972
 20
-103.421152599439
 10
358.421354336086
 20
-103.423201100379
 10
358.42295822115
 20
-103.42525727561
 10
358.424541006713
 20
-103.427320565524
 10
358.426102389322
 20
-103.429390410509
 10
358.427642065521
 20
-103.431466250954
 10
358.429159731859
 20
-103.433547527251
 10
358.430655116914
 20
-103.435633902707
 10
358.432128077393
 20
-103.43772593231
 10
358.433578502038
 20
-103.439824393963
 10
358.435006279586
 20
-103.441930065574
 10
358.436411298781
 20
-103.444043725047
 10
358.43779344836
 20
-103.446166150288
 10
358.439152617062
 20
-103.448298119201
 10
358.440488693628
 20
-103.450440409694
 10
358.441801566802
 20
-103.45259379967
 10
358.443091125317
 20
-103.454759067036
 10
358.444357257917
 20
-103.456936989697
 10
358.445599853341
 20
-103.459128345557
 10
358.44681880033
 20
-103.461333912524
 10
358.448013987625
 20
-103.463554468502
 10
358.449185303962
 20
-103.465790791395
 10
358.450332638084
 20
-103.468043659112
 10
358.451455878727
 20
-103.470313849554
 10
358.452554914639
 20
-103.47260214063
 10
358.453629634551
 20
-103.474909310244
 10
358.454679927207
 20
-103.477236136301
 10
358.455705681348
 20
-103.479583396707
 10
358.456706785714
 20
-103.481951869368
 10
358.457683129042
 20
-103.484342332187
 10
358.458634600074
 20
-103.486755563073
 10
358.45956108755
 20
-103.489192339929
 10
358.460462480209
 20
-103.491653440661
 10
358.461338666792
 20
-103.494139643174
 10
358.462189536038
 20
-103.496651725374
 10
358.463014976689
 20
-103.499190465167
 10
358.463814877481
 20
-103.501756640457
 10
358.464589127158
 20
-103.504351029151
 10
358.465337604572
 20
-103.506974088378
 10
358.466060149029
 20
-103.50962499218
 10
358.466756589951
 20
-103.512302593819
 10
358.467426756757
 20
-103.515005746562
 10
358.468070478868
 20
-103.517733303672
 10
358.468687585706
 20
-103.520484118415
 10
358.46927790669
 20
-103.523257044055
 10
358.469841271241
 20
-103.526050933858
 10
358.47037750878
 20
-103.528864641086
 10
358.470886448726
 20
-103.531697019008
 10
358.471367920502
 20
-103.534546920886
 10
358.471821753527
 20
-103.537413199985
 10
358.47224777722
 20
-103.54029470957
 10
358.472645821005
 20
-103.543190302907
 10
358.473015714301
 20
-103.546098833259
 10
358.473357286526
 20
-103.549019153892
 10
358.473670367104
 20
-103.55195011807
 10
358.473954785455
 20
-103.554890579058
 10
358.474210370998
 20
-103.557839390122
 10
358.474436953155
 20
-103.560795404526
 10
358.474634361346
 20
-103.563757475535
 10
358.474802424991
 20
-103.566724456413
 10
358.474940973513
 20
-103.569695200425
 10
358.475049836328
 20
-103.572668560837
 10
358.47512884286
 20
-103.575643390913
 10
358.475177822529
 20
-103.578618543917
 10
358.475196604754
 20
-103.581592873115
 10
358.475185018957
 20
-103.584565231771
 10
358.475142894559
 20
-103.587534473151
 10
358.475070060979
 20
-103.590499450519
 10
358.47496634764
 20
-103.593459017139
 10
358.474831588001
 20
-103.596412203263
 10
358.474665631695
 20
-103.599358747081
 10
358.474468332397
 20
-103.60229856377
 10
358.474239543781
 20
-103.605231568506
 10
358.473979119521
 20
-103.608157676466
 10
358.473686913287
 20
-103.611076802828
 10
358.473362778758
 20
-103.613988862767
 10
358.473006569602
 20
-103.61689377146
 10
358.472618139498
 20
-103.619791444084
 10
358.472197342119
 20
-103.622681795814
 10
358.471744031136
 20
-103.625564741829
 10
358.471258060225
 20
-103.628440197304
 10
358.470739283057
 20
-103.631308077417
 10
358.47018755331
 20
-103.634168297343
 10
358.469602724656
 20
-103.63702077226
 10
358.468984650768
 20
-103.639865417344
 10
358.46833318532
 20
-103.642702147772
 10
358.467648181986
 20
-103.645530878719
 10
358.46692949444
 20
-103.648351525364
 10
358.466176976355
 20
-103.651164002882
 10
358.465390481406
 20
-103.653968226451
 10
358.464569863267
 20
-103.656764111246
 10
358.463714975609
 20
-103.659551572445
 10
358.462825672108
 20
-103.662330525223
 10
358.461901806437
 20
-103.665100884759
 10
358.460943232272
 20
-103.667862566228
 10
358.459949803284
 20
-103.670615484807
 10
358.458921373149
 20
-103.673359555672
 10
358.457857795536
 20
-103.676094694
 10
358.456758924127
 20
-103.678820814968
 10
358.455624612589
 20
-103.681537833753
 10
358.454454956082
 20
-103.684245504384
 10
358.453251015708
 20
-103.686942936303
 10
358.452014094048
 20
-103.689629077806
 10
358.450745493687
 20
-103.692302877187
 10
358.449446517212
 20
-103.694963282742
 10
358.448118467204
 20
-103.697609242766
 10
358.44676264625
 20
-103.700239705554
 10
358.445380356932
 20
-103.702853619401
 10
358.443972901836
 20
-103.705449932603
 10
358.442541583545
 20
-103.708027593455
 10
358.441087704643
 20
-103.710585550252
 10
358.439612567718
 20
-103.713122751289
 10
358.438117475349
 20
-103.715638144861
 10
358.436603730123
 20
-103.718130679265
 10
358.435072634624
 20
-103.720599302793
 10
358.433525491437
 20
-103.723042963742
 10
358.431963603145
 20
-103.725460610407
 10
358.430388272335
 20
-103.727851191084
 10
358.428800801587
 20
-103.730213654067
 10
358.427202493487
 20
-103.732546947653
 10
358.42559465062
 20
-103.734850020134
 10
358.423978575571
 20
-103.737121819808
 10
358.422355570925
 20
-103.739361294969
 10
358.420726939261
 20
-103.741567393913
 10
358.41909398317
 20
-103.743739064934
 10
358.417458005232
 20
-103.745875256328
 10
358.415820308034
 20
-103.74797491639
 10
358.414182194158
 20
-103.750036993415
 10
358.412544966188
 20
-103.752060435699
 10
358.410909926712
 20
-103.754044191535
 10
358.409278378309
 20
-103.755987209222
 10
358.407651217906
 20
-103.757888842882
 10
358.406027719773
 20
-103.759750069965
 10
358.404406752523
 20
-103.761572273748
 10
358.402787184769
 20
-103.763356837511
 10
358.40116788512
 20
-103.765105144532
 10
358.399547722189
 20
-103.766818578089
 10
358.397925564587
 20
-103.768498521461
 10
358.396300280925
 20
-103.770146357926
 10
358.394670739817
 20
-103.771763470762
 10
358.39303580987
 20
-103.773351243249
 10
358.3913943597
 20
-103.774911058664
 10
358.389745257915
 20
-103.776444300286
 10
358.388087373129
 20
-103.777952351393
 10
358.386419573954
 20
-103.779436595265
 10
358.384740728998
 20
-103.780898415178
 10
358.383049706874
 20
-103.782339194413
 10
358.381345376196
 20
-103.783760316247
 10
358.379626605573
 20
-103.785163163959
 10
358.377892263616
 20
-103.786549120826
 10
358.376141218938
 20
-103.787919570128
 10
358.37437234015
 20
-103.789275895144
 10
358.372584495865
 20
-103.790619479151
 10
358.370776554692
 20
-103.791951705428
 10
358.368947385243
 20
-103.793273957253
 10
358.367095856131
 20
-103.794587617906
 10
358.365220835964
 20
-103.795894070664
 10
358.36332119336
 20
-103.797194698805
 10
358.361395796923
 20
-103.79849088561
 10
358.35944351527
 20
-103.799784014354
 10
358.35746321701
 20
-103.801075468318
 10
358.355453770753
 20
-103.80236663078
 10
358.35341428885
 20
-103.803658603274
 10
358.351344858577
 20
-103.804951360361
 10
358.349245810951
 20
-103.806244594855
 10
358.347117476988
 20
-103.807537999575
 10
358.344960187702
 20
-103.808831267334
 10
358.342774274108
 20
-103.810124090951
 10
358.340560067223
 20
-103.81141616324
 10
358.338317898062
 20
-103.812707177019
 10
358.336048097641
 20
-103.813996825102
 10
358.333750996972
 20
-103.815284800306
 10
358.331426927072
 20
-103.816570795449
 10
358.329076218957
 20
-103.817854503343
 10
358.326699203643
 20
-103.819135616808
 10
358.324296212142
 20
-103.820413828658
 10
358.321867575473
 20
-103.82168883171
 10
358.31941362465
 20
-103.82296031878
 10
358.316934690685
 20
-103.824227982684
 10
358.314431104598
 20
-103.825491516238
 10
358.311903197402
 20
-103.826750612257
 10
358.309351300115
 20
-103.82800496356
 10
358.306775743748
 20
-103.829254262961
 10
358.304176859318
 20
-103.830498203276
 10
358.301554977839
 20
-103.831736477322
 10
358.298910430331
 20
-103.832968777914
 10
358.296243547804
 20
-103.83419479787
 10
358.293554661277
 20
-103.835414230004
 10
358.290844101763
 20
-103.836626767134
 10
358.288112200278
 20
-103.837832102075
 10
358.285359287837
 20
-103.839029927643
 10
358.282585695455
 20
-103.840219936654
 10
358.279791754149
 20
-103.841401821925
 10
358.276977232809
 20
-103.842575540939
 10
358.274139651832
 20
-103.843742109852
 10
358.271275969499
 20
-103.844902809484
 10
358.268383144083
 20
-103.846058920659
 10
358.265458133858
 20
-103.847211724198
 10
358.2624978971
 20
-103.848362500924
 10
358.259499392085
 20
-103.849512531659
 10
358.256459577088
 20
-103.850663097226
 10
358.253375410386
 20
-103.851815478446
 10
358.250243850253
 20
-103.852970956143
 10
358.247061854963
 20
-103.854130811136
 10
358.243826382796
 20
-103.855296324251
 10
358.240534392024
 20
-103.856468776307
 10
358.237182840923
 20
-103.857649448129
 10
358.233768687769
 20
-103.858839620538
 10
358.230288890838
 20
-103.860040574355
 10
358.226740408405
 20
-103.861253590405
 10
358.223120198745
 20
-103.862479949508
 10
358.219425220134
 20
-103.863720932488
 10
358.215652430847
 20
-103.864977820165
 10
358.21179878916
 20
-103.866251893362
 10
358.207861253348
 20
-103.867544432903
 10
358.203836781686
 20
-103.868856719609
 10
358.199722332453
 20
-103.870190034301
 10
358.195514863919
 20
-103.871545657803
 10
358.191211334364
 20
-103.872924870937
 10
358.186808702061
 20
-103.874328954524
 10
358.182303925287
 20
-103.875759189388
 10
358.177693962316
 20
-103.87721685635
 10
358.172975771424
 20
-103.878703236232
 10
358.168146310887
 20
-103.880219609858
 10
358.163203660512
 20
-103.881766876435
 10
358.158150386231
 20
-103.88334440872
 10
358.152990175506
 20
-103.884951197857
 10
358.147726715803
 20
-103.886586234988
 10
358.142363694584
 20
-103.888248511257
 10
358.136904799312
 20
-103.889937017806
 10
358.131353717454
 20
-103.891650745778
 10
358.125714136468
 20
-103.893388686316
 10
358.119989743822
 20
-103.895149830565
 10
358.114184226979
 20
-103.896933169665
 10
358.1083012734
 20
-103.898737694763
 10
358.102344570551
 20
-103.900562396997
 10
358.096317805896
 20
-103.902406267514
 10
358.090224666894
 20
-103.904268297457
 10
358.084068841014
 20
-103.906147477966
 10
358.077854015717
 20
-103.908042800188
 10
358.071583878467
 20
-103.909953255263
 10
358.065262116728
 20
-103.911877834335
 10
358.058892417961
 20
-103.913815528548
 10
358.052478469634
 20
-103.915765329044
 10
358.046023959207
 20
-103.917726226966
 10
358.039532574145
 20
-103.919697213458
 10
358.033008001909
 20
-103.921677279661
 10
358.026453929966
 20
-103.923665416721
 10
358.019874045778
 20
-103.925660615779
 10
358.013272036809
 20
-103.927661867978
 10
358.006651590524
 20
-103.929668164463
 10
358.000016394383
 20
-103.931678496375
 10
357.993370135852
 20
-103.933691854858
 10
357.986716502394
 20
-103.935707231054
 10
357.980059181471
 20
-103.937723616108
  0
LWPOLYLINE
  5
1E5
330
193
100
AcDbEntity
  8
Layer11
  6
AUSGEZOGEN
 62
     7
370
    50
100
AcDbPolyline
 90
      435
 70
     0
 43
0.0
 10
358.022406037897
 20
-104.076233942331
 10
358.028707449905
 20
-104.074299004631
 10
358.035006497288
 20
-104.072364842388
 10
358.041300815418
 20
-104.070432231056
 10
358.047588039666
 20
-104.068501946092
 10
358.05386580541
 20
-104.06657476295
 10
358.060131748022
 20
-104.064651457088
 10
358.066383502872
 20
-104.062732803961
 10
358.072618705339
 20
-104.060819579026
 10
358.078834990793
 20
-104.058912557736
 10
358.085029994607
 20
-104.057012515549
 10
358.091201352156
 20
-104.05512022792
 10
358.097346698811
 20
-104.053236470307
 10
358.10346366995
 20
-104.051362018162
 10
358.109549900943
 20
-104.049497646944
 10
358.115603027165
 20
-104.047644132106
 10
358.121620683987
 20
-104.045802249108
 10
358.127600506787
 20
-104.043972773401
 10
358.133540130934
 20
-104.042156480445
 10
358.139437191803
 20
-104.040354145693
 10
358.145289324766
 20
-104.038566544602
 10
358.151094165202
 20
-104.036794452628
 10
358.156849348478
 20
-104.035038645226
 10
358.16255250997
 20
-104.033299897853
 10
358.168201285051
 20
-104.031578985964
 10
358.173793309096
 20
-104.029876685016
 10
358.179326217476
 20
-104.028193770462
 10
358.184797645567
 20
-104.02653101776
 10
358.190205228741
 20
-104.024889202366
 10
358.19554660237
 20
-104.023269099736
 10
358.200819401831
 20
-104.021671485325
 10
358.206021262495
 20
-104.020097134588
 10
358.211150419959
 20
-104.018546690455
 10
358.216207510708
 20
-104.01702026574
 10
358.221193771459
 20
-104.015517840731
 10
358.226110438917
 20
-104.014039395715
 10
358.230958749793
 20
-104.012584910982
 10
358.235739940799
 20
-104.011154366817
 10
358.240455248648
 20
-104.009747743508
 10
358.245105910046
 20
-104.008365021344
 10
358.249693161706
 20
-104.007006180611
 10
358.254218240338
 20
-104.005671201598
 10
358.258682382652
 20
-104.004360064591
 10
358.26308682536
 20
-104.003072749879
 10
358.267432805171
 20
-104.001809237749
 10
358.271721558797
 20
-104.000569508489
 10
358.275954322948
 20
-103.999353542386
 10
358.280132334334
 20
-103.998161319729
 10
358.284256829666
 20
-103.996992820803
 10
358.288329045652
 20
-103.995848025897
 10
358.29235021901
 20
-103.9947269153
 10
358.296321586442
 20
-103.993629469298
 10
358.300244384664
 20
-103.992555668179
 10
358.304119850384
 20
-103.99150549223
 10
358.307949220314
 20
-103.99047892174
 10
358.311733731163
 20
-103.989475936995
 10
358.315474619644
 20
-103.988496518284
 10
358.319173122465
 20
-103.987540645893
 10
358.322830476336
 20
-103.986608300112
 10
358.326447917971
 20
-103.985699461226
 10
358.33002668408
 20
-103.984814109524
 10
358.333568011371
 20
-103.983952225293
 10
358.337073136554
 20
-103.983113788822
 10
358.340543117833
 20
-103.982298706956
 10
358.343978299358
 20
-103.981506592779
 10
358.347378846771
 20
-103.980736985932
 10
358.350744925716
 20
-103.979989426058
 10
358.354076701835
 20
-103.979263452797
 10
358.357374340773
 20
-103.978558605793
 10
358.360638008166
 20
-103.977874424687
 10
358.363867869663
 20
-103.977210449121
 10
358.367064090901
 20
-103.976566218736
 10
358.370226837528
 20
-103.975941273176
 10
358.373356275181
 20
-103.975335152082
 10
358.376452569504
 20
-103.974747395096
 10
358.379515886143
 20
-103.974177541859
 10
358.382546390734
 20
-103.973625132014
 10
358.385544248926
 20
-103.973089705201
 10
358.388509626357
 20
-103.972570801065
 10
358.391442688672
 20
-103.972067959245
 10
358.394343601509
 20
-103.971580719385
 10
358.397212530516
 20
-103.971108621126
 10
358.400049641332
 20
-103.97065120411
 10
358.402855099601
 20
-103.970208007979
 10
358.405629070963
 20
-103.969778572375
 10
358.408371721064
 20
-103.969362436939
 10
358.411083215542
 20
-103.968959141315
 10
358.413763720044
 20
-103.968568225144
 10
358.41641340021
 20
-103.968189228066
 10
358.419032421682
 20
-103.967821689725
 10
358.421620950103
 20
-103.967465149763
 10
358.424179151116
 20
-103.967119147821
 10
358.426707190362
 20
-103.966783223541
 10
358.429205233484
 20
-103.966456916565
 10
358.43167395021
 20
-103.966140005969
 10
358.434116026605
 20
-103.965833228553
 10
358.436534652821
 20
-103.965537560555
 10
358.438933019008
 20
-103.965253978211
 10
358.441314315318
 20
-103.964983457756
 10
358.4436817319
 20
-103.964726975425
 10
358.446038458909
 20
-103.964485507456
 10
358.448387686494
 20
-103.964260030082
 10
358.450732604804
 20
-103.964051519541
 10
358.453076403992
 20
-103.963860952068
 10
358.45542227421
 20
-103.963689303899
 10
358.457773405606
 20
-103.963537551269
 10
358.460132988334
 20
-103.963406670415
 10
358.462504212543
 20
-103.963297637571
 10
358.464890268386
 20
-103.963211428974
 10
358.467294346012
 20
-103.963149020859
 10
358.469719635574
 20
-103.963111389464
 10
358.472169327219
 20
-103.963099511022
 10
358.474646611103
 20
-103.96311436177
 10
358.477154677376
 20
-103.963156917943
 10
358.479696716186
 20
-103.963228155778
 10
358.482275917686
 20
-103.963329051509
 10
358.484895472028
 20
-103.963460581374
 10
358.487558569361
 20
-103.963623721607
 10
358.490268399837
 20
-103.963819448445
 10
358.493028153609
 20
-103.964048738123
 10
358.495841020824
 20
-103.964312566877
 10
358.498710191636
 20
-103.964611910942
 10
358.501638856195
 20
-103.964947746555
 10
358.504630204652
 20
-103.965321049951
 10
358.507687427158
 20
-103.965732797366
 10
358.510812570039
 20
-103.966183827991
 10
358.514003104325
 20
-103.966674432834
 10
358.517255357216
 20
-103.96720476586
 10
358.520565655916
 20
-103.967774981031
 10
358.523930327629
 20
-103.968385232313
 10
358.527345699557
 20
-103.969035673669
 10
358.530808098904
 20
-103.969726459063
 10
358.534313852872
 20
-103.970457742458
 10
358.537859288665
 20
-103.97122967782
 10
358.541440733483
 20
-103.97204241911
 10
358.545054514534
 20
-103.972896120295
 10
358.54869695902
 20
-103.973790935335
 10
358.55236439414
 20
-103.974727018198
 10
358.556053147102
 20
-103.975704522844
 10
358.559759545104
 20
-103.97672360324
 10
358.563479915354
 20
-103.977784413349
 10
358.567210585052
 20
-103.978887107133
 10
358.570947881403
 20
-103.980031838559
 10
358.574688131608
 20
-103.981218761588
 10
358.578427662869
 20
-103.982448030185
 10
358.582162802395
 20
-103.983719798314
 10
358.585889877382
 20
-103.98503421994
 10
358.589605215039
 20
-103.986391449024
 10
358.593305142564
 20
-103.987791639533
 10
358.596985987162
 20
-103.989234945429
 10
358.600644076038
 20
-103.990721520675
 10
358.604275736392
 20
-103.992251519237
 10
358.607877295428
 20
-103.993825095077
 10
358.611445080351
 20
-103.995442402161
 10
358.614975418361
 20
-103.997103594451
 10
358.618464636664
 20
-103.998808825912
 10
358.621909781281
 20
-104.00055821405
 10
358.625310773529
 20
-104.002351730547
 10
358.628668253539
 20
-104.00418931063
 10
358.631982861451
 20
-104.006070889521
 10
358.635255237394
 20
-104.007996402446
 10
358.638486021504
 20
-104.00996578463
 10
358.641675853918
 20
-104.011978971298
 10
358.64482537477
 20
-104.014035897675
 10
358.647935224192
 20
-104.016136498986
 10
358.651006042323
 20
-104.018280710456
 10
358.654038469293
 20
-104.020468467309
 10
358.657033145241
 20
-104.022699704771
 10
358.659990710298
 20
-104.024974358066
 10
358.662911804601
 20
-104.027292362421
 10
358.665797068283
 20
-104.029653653058
 10
358.668647141482
 20
-104.032058165204
 10
358.671462664328
 20
-104.034505834083
 10
358.674244276959
 20
-104.03699659492
 10
358.676992619509
 20
-104.039530382941
 10
358.679708332113
 20
-104.042107133369
 10
358.682392054903
 20
-104.044726781431
 10
358.685044428017
 20
-104.04738926235
 10
358.68766609159
 20
-104.050094511353
 10
358.690257685754
 20
-104.052842463663
 10
358.692819850643
 20
-104.055633054506
 10
358.695353226396
 20
-104.058466219107
 10
358.697858453145
 20
-104.061341892691
 10
358.700336171023
 20
-104.064260010481
 10
358.702787020168
 20
-104.067220507704
 10
358.705211640712
 20
-104.070223319586
 10
358.707610672793
 20
-104.073268381349
 10
358.709984468846
 20
-104.076355354933
 10
358.712332230538
 20
-104.079482809135
 10
358.714652871832
 20
-104.082649039463
 10
358.716945306697
 20
-104.085852341427
 10
358.719208449096
 20
-104.089091010536
 10
358.721441213002
 20
-104.092363342301
 10
358.723642512378
 20
-104.09566763223
 10
358.725811261189
 20
-104.099002175833
 10
358.727946373407
 20
-104.10236526862
 10
358.730046762994
 20
-104.105755206101
 10
358.73211134392
 20
-104.109170283784
 10
358.73413903015
 20
-104.112608797179
 10
358.736128735651
 20
-104.116069041796
 10
358.738079374391
 20
-104.119549313145
 10
358.739989860336
 20
-104.123047906735
 10
358.741859107453
 20
-104.126563118076
 10
358.74368602971
 20
-104.130093242677
 10
358.745469541071
 20
-104.133636576047
 10
358.747208555504
 20
-104.137191413697
 10
358.748901986976
 20
-104.140756051135
 10
358.750548749455
 20
-104.144328783872
 10
358.752147756906
 20
-104.147907907417
 10
358.753697923298
 20
-104.151491717279
 10
358.755198162597
 20
-104.155078508968
 10
358.756647388768
 20
-104.158666577994
 10
358.758044515778
 20
-104.162254219867
 10
358.759388457598
 20
-104.165839730094
 10
358.76067812819
 20
-104.169421404187
 10
358.761912441522
 20
-104.172997537655
 10
358.763090311563
 20
-104.176566426007
 10
358.764210652278
 20
-104.180126364752
 10
358.765272689336
 20
-104.183676023392
 10
358.766276895211
 20
-104.187215567384
 10
358.767224054082
 20
-104.190745536178
 10
358.768114950126
 20
-104.194266469225
 10
358.768950367521
 20
-104.197778905972
 10
358.769731090443
 20
-104.201283385871
 10
358.770457903069
 20
-104.204780448369
 10
358.771131589576
 20
-104.208270632917
 10
358.771752934143
 20
-104.211754478964
 10
358.772322720945
 20
-104.21523252596
 10
358.772841734161
 20
-104.218705313355
 10
358.773310757966
 20
-104.222173380595
 10
358.773730576541
 20
-104.225637267135
 10
358.774101974061
 20
-104.229097512419
 10
358.774425734701
 20
-104.232554655899
 10
358.774702642643
 20
-104.236009237025
 10
358.77493348206
 20
-104.239461795245
 10
358.775119037131
 20
-104.242912870011
 10
358.775260092032
 20
-104.246363000769
 10
358.775357430943
 20
-104.24981272697
 10
358.77541183804
 20
-104.253262588065
 10
358.775424097498
 20
-104.256713123501
 10
358.775394993498
 20
-104.260164872729
 10
358.775325310213
 20
-104.263618375197
 10
358.775215831824
 20
-104.267074170356
 10
358.775067342506
 20
-104.270532797656
 10
358.774880626436
 20
-104.273994796544
 10
358.774656467793
 20
-104.277460706471
 10
358.774395650753
 20
-104.280931066886
 10
358.774098959493
 20
-104.284406417239
 10
358.773767178191
 20
-104.28788729698
 10
358.773400879051
 20
-104.291374038947
 10
358.772999786381
 20
-104.29486614954
 10
358.772563412517
 20
-104.298362928553
 10
358.772091269792
 20
-104.301863675772
 10
358.771582870541
 20
-104.305367690991
 10
358.771037727103
 20
-104.308874273998
 10
358.770455351811
 20
-104.312382724586
 10
358.769835256999
 20
-104.315892342544
 10
358.769176955004
 20
-104.319402427663
 10
358.768479958159
 20
-104.322912279732
 10
358.767743778801
 20
-104.326421198543
 10
358.766967929267
 20
-104.329928483887
 10
358.766151921888
 20
-104.333433435553
 10
358.765295269001
 20
-104.336935353334
 10
358.764397482941
 20
-104.340433537017
 10
358.763458076043
 20
-104.343927286394
 10
358.762476560644
 20
-104.347415901258
 10
358.761452449075
 20
-104.350898681395
 10
358.760385253676
 20
-104.354374926599
 10
358.75927448678
 20
-104.357843936659
 10
358.758119660721
 20
-104.361305011366
 10
358.756920287837
 20
-104.36475745051
 10
358.755675880461
 20
-104.368200553883
 10
358.754385950926
 20
-104.371633621274
 10
358.753050011572
 20
-104.375055952473
 10
358.751667574732
 20
-104.378466847272
 10
358.750238152741
 20
-104.381865605461
 10
358.748761257934
 20
-104.38525152683
 10
358.747236402646
 20
-104.388623911171
 10
358.745663099213
 20
-104.391982058272
 10
358.744040859969
 20
-104.395325267926
 10
358.742369660706
 20
-104.398652692184
 10
358.740651331038
 20
-104.401962892149
 10
358.738888164031
 20
-104.405254281181
 10
358.737082452755
 20
-104.408525272645
 10
358.73523649028
 20
-104.411774279903
 10
358.733352569674
 20
-104.414999716319
 10
358.731432984007
 20
-104.418199995254
 10
358.729480026345
 20
-104.421373530074
 10
358.727495989759
 20
-104.424518734139
 10
358.725483167318
 20
-104.427634020814
 10
358.72344385209
 20
-104.430717803462
 10
358.721380337144
 20
-104.433768495445
 10
358.719294915549
 20
-104.436784510126
 10
358.717189880372
 20
-104.439764260869
 10
358.715067524685
 20
-104.442706161036
 10
358.712930141555
 20
-104.44560862399
 10
358.710780024052
 20
-104.448470063095
 10
358.708619465244
 20
-104.451288891712
 10
358.7064507582
 20
-104.454063523206
 10
358.704276195988
 20
-104.456792370939
 10
358.702098071677
 20
-104.459473848275
 10
358.699918678338
 20
-104.462106368575
 10
358.697740309037
 20
-104.464688345204
 10
358.695565256843
 20
-104.467218191524
 10
358.69339581483
 20
-104.469694320897
 10
358.691234276059
 20
-104.472115146689
 10
358.689082933603
 20
-104.474479082261
 10
358.686944080531
 20
-104.476784540975
 10
358.68482000991
 20
-104.479029936196
 10
358.682713014812
 20
-104.481213681285
 10
358.680625388303
 20
-104.483334189606
 10
358.678558715532
 20
-104.485390550694
 10
358.676511749969
 20
-104.487384558766
 10
358.674482537161
 20
-104.489318684211
 10
358.672469122659
 20
-104.491195397418
 10
358.67046955201
 20
-104.493017168776
 10
358.668481870762
 20
-104.494786468673
 10
358.666504124463
 20
-104.496505767499
 10
358.664534358664
 20
-104.498177535644
 10
358.662570618912
 20
-104.499804243495
 10
358.660610950756
 20
-104.501388361441
 10
358.658653399745
 20
-104.502932359872
 10
358.656696011427
 20
-104.504438709177
 10
358.654736831352
 20
-104.505909879745
 10
358.652773905065
 20
-104.507348341964
 10
358.650805278118
 20
-104.508756566223
 10
358.648828996058
 20
-104.510137022911
 10
358.646843104434
 20
-104.511492182419
 10
358.644845648796
 20
-104.512824515134
 10
358.642834674691
 20
-104.514136491445
 10
358.640808227665
 20
-104.515430581741
 10
358.638764353273
 20
-104.516709256412
 10
358.636701097057
 20
-104.517974985846
 10
358.634616504571
 20
-104.519230240432
 10
358.63250862136
 20
-104.52047749056
 10
358.630375492974
 20
-104.521719206617
 10
358.628215164961
 20
-104.522957858993
 10
358.626025682872
 20
-104.524195918078
 10
358.623805092251
 20
-104.525435854259
 10
358.62155143865
 20
-104.526680137927
 10
358.619262767618
 20
-104.527931239469
 10
358.6169371247
 20
-104.529191629275
 10
358.614573065388
 20
-104.530463230233
 10
358.61217118493
 20
-104.531745775226
 10
358.609732588515
 20
-104.533038449636
 10
358.607258381331
 20
-104.534340438845
 10
358.60474966857
 20
-104.535650928236
 10
358.602207555418
 20
-104.536969103188
 10
358.599633147065
 20
-104.538294149088
 10
358.597027548702
 20
-104.539625251315
 10
358.594391865514
 20
-104.54096159525
 10
358.591727202693
 20
-104.542302366279
 10
358.589034665429
 20
-104.54364674978
 10
358.586315358909
 20
-104.544993931138
 10
358.583570388321
 20
-104.546343095734
 10
358.580800858858
 20
-104.547693428951
 10
358.578007875705
 20
-104.549044116169
 10
358.575192544055
 20
-104.550394342772
 10
358.572355969093
 20
-104.551743294141
 10
358.56949925601
 20
-104.553090155659
 10
358.566623509996
 20
-104.554434112708
 10
358.563729836238
 20
-104.555774350669
 10
358.560819339928
 20
-104.557110054925
 10
358.55789312625
 20
-104.558440410859
 10
358.554952300399
 20
-104.559764603851
 10
358.551997967561
 20
-104.561081819284
 10
358.549031232924
 20
-104.562391242542
 10
358.546053201681
 20
-104.563692059004
 10
358.543064979016
 20
-104.564983454054
 10
358.540067670121
 20
-104.566264613073
 10
358.537062380187
 20
-104.567534721445
 10
358.534050214399
 20
-104.56879296455
 10
358.531032277948
 20
-104.570038527771
 10
358.528008762622
 20
-104.571271017889
 10
358.524976206603
 20
-104.57249172728
 10
358.521930234678
 20
-104.57370236972
 10
358.51886647163
 20
-104.574904658984
 10
358.515780542237
 20
-104.576100308847
 10
358.512668071286
 20
-104.577291033085
 10
358.509524683559
 20
-104.578478545473
 10
358.506346003842
 20
-104.579664559786
 10
358.503127656914
 20
-104.5808507898
 10
358.499865267559
 20
-104.582038949289
 10
358.496554460562
 20
-104.58323075203
 10
358.493190860703
 20
-104.584427911797
 10
358.489770092769
 20
-104.585632142366
 10
358.486287781541
 20
-104.586845157512
 10
358.482739551801
 20
-104.588068671011
 10
358.479121028333
 20
-104.589304396637
 10
358.475427835922
 20
-104.590554048166
 10
358.471655599348
 20
-104.591819339375
 10
358.467799943395
 20
-104.593101984035
 10
358.463856492848
 20
-104.594403695926
 10
358.459820872489
 20
-104.595726188822
 10
358.4556887071
 20
-104.597071176496
 10
358.451455621466
 20
-104.598440372725
 10
358.447117240367
 20
-104.599835491284
 10
358.442669188589
 20
-104.60125824595
 10
358.438107090913
 20
-104.602710350497
 10
358.433426572125
 20
-104.604193518699
 10
358.428623257005
 20
-104.605709464333
 10
358.423692770339
 20
-104.607259901174
 10
358.418630736906
 20
-104.608846542997
 10
358.413432781494
 20
-104.610471103577
 10
358.40809601237
 20
-104.612134797983
 10
358.402623471766
 20
-104.613836846453
 10
358.397019685395
 20
-104.615575970518
 10
358.391289178973
 20
-104.617350891709
 10
358.38543647822
 20
-104.619160331558
 10
358.379466108847
 20
-104.621003011596
 10
358.373382596572
 20
-104.622877653354
 10
358.36719046711
 20
-104.624782978363
 10
358.36089424618
 20
-104.626717708155
 10
358.354498459496
 20
-104.62868056426
 10
358.348007632774
 20
-104.63067026821
 10
358.341426291732
 20
-104.632685541535
 10
358.334758962083
 20
-104.634725105769
 10
358.328010169546
 20
-104.636787682441
 10
358.321184439834
 20
-104.638871993081
 10
358.314286298664
 20
-104.640976759223
 10
358.307320271755
 20
-104.643100702397
 10
358.300290884821
 20
-104.645242544134
 10
358.293202663577
 20
-104.647401005965
 10
358.286060133742
 20
-104.649574809422
 10
358.278867821027
 20
-104.651762676036
 10
358.271630251155
 20
-104.653963327338
 10
358.264351949834
 20
-104.656175484859
 10
358.257037442789
 20
-104.65839787013
 10
358.249691255729
 20
-104.660629204683
 10
358.242317914372
 20
-104.662868210049
 10
358.234921944435
 20
-104.665113607758
 10
358.227507871634
 20
-104.667364119344
 10
358.220080221685
 20
-104.669618466335
 10
358.212643520305
 20
-104.671875370264
 10
358.205202293208
 20
-104.674133552662
  0
LWPOLYLINE
  5
1E6
330
193
100
AcDbEntity
  8
Layer11
  6
AUSGEZOGEN
 62
     7
370
    50
100
AcDbPolyline
 90
      311
 70
     0
 43
0.0
 10
357.626744988176
 20
-103.318737901253
 10
357.640872415959
 20
-103.314360898415
 10
357.654987392893
 20
-103.309988063525
 10
357.669077468125
 20
-103.305623564534
 10
357.683130190808
 20
-103.301271569388
 10
357.697133110092
 20
-103.296936246037
 10
357.711073775127
 20
-103.292621762431
 10
357.724939735063
 20
-103.288332286517
 10
357.738718539051
 20
-103.284071986244
 10
357.752397736238
 20
-103.279845029562
 10
357.765964875776
 20
-103.275655584419
 10
357.779407506818
 20
-103.271507818763
 10
357.792713178511
 20
-103.267405900545
 10
357.805869440006
 20
-103.263353997711
 10
357.818863840452
 20
-103.259356278211
 10
357.831683929002
 20
-103.255416909995
 10
357.844317254802
 20
-103.25154006101
 10
357.856751367006
 20
-103.247729899205
 10
357.868973814763
 20
-103.243990592529
 10
357.880972147221
 20
-103.240326308933
 10
357.892733913532
 20
-103.236741216362
 10
357.904246662847
 20
-103.233239482767
 10
357.915497944316
 20
-103.229825276096
 10
357.926475307086
 20
-103.226502764299
 10
357.937166300311
 20
-103.223276115323
 10
357.947558473141
 20
-103.220149497118
 10
357.957639374723
 20
-103.217127077633
 10
357.96739655421
 20
-103.214213024815
 10
357.97681756075
 20
-103.211411506614
 10
357.985889943495
 20
-103.208726690979
 10
357.994601251594
 20
-103.206162745859
 10
358.002939034199
 20
-103.203723839202
 10
358.010895413707
 20
-103.201412781431
 10
358.018480805522
 20
-103.19922695286
 10
358.025710198297
 20
-103.197162376277
 10
358.03259858068
 20
-103.195215074471
 10
358.039160941326
 20
-103.193381070229
 10
358.045412268883
 20
-103.191656386341
 10
358.051367552007
 20
-103.190037045593
 10
358.057041779348
 20
-103.188519070776
 10
358.062449939558
 20
-103.187098484676
 10
358.067607021287
 20
-103.185771310081
 10
358.07252801319
 20
-103.18453356978
 10
358.077227903916
 20
-103.183381286562
 10
358.081721682116
 20
-103.182310483213
 10
358.086024336446
 20
-103.181317182523
 10
358.090150855553
 20
-103.18039740728
 10
358.094116228091
 20
-103.179547180272
 10
358.097935442713
 20
-103.178762524286
 10
358.101623488068
 20
-103.178039462112
 10
358.105195352808
 20
-103.177374016537
 10
358.108666025588
 20
-103.17676221035
 10
358.112050495056
 20
-103.176200066338
 10
358.115363749865
 20
-103.17568360729
 10
358.118620778667
 20
-103.175208855994
 10
358.121836570114
 20
-103.174771835239
 10
358.125026112857
 20
-103.174368567812
 10
358.128204395549
 20
-103.173995076501
 10
358.13138640684
 20
-103.173647384096
 10
358.134587135383
 20
-103.173321513383
 10
358.13782156983
 20
-103.173013487151
 10
358.141104698831
 20
-103.172719328189
 10
358.144451511038
 20
-103.172435059285
 10
358.147873853999
 20
-103.172157525263
 10
358.151371010847
 20
-103.171886859103
 10
358.154939123602
 20
-103.17162401582
 10
358.158574334291
 20
-103.171369950429
 10
358.162272784943
 20
-103.171125617945
 10
358.16603061758
 20
-103.170891973384
 10
358.169843974229
 20
-103.170669971762
 10
358.173708996914
 20
-103.170460568092
 10
358.177621827663
 20
-103.170264717392
 10
358.181578608499
 20
-103.170083374677
 10
358.185575481448
 20
-103.169917494963
 10
358.189608588537
 20
-103.169768033263
 10
358.19367407179
 20
-103.169635944594
 10
358.197768073235
 20
-103.169522183972
 10
358.201886734893
 20
-103.169427706412
 10
358.206026198792
 20
-103.169353466928
 10
358.210182606958
 20
-103.169300420538
 10
358.214352101415
 20
-103.169269522255
 10
358.218530824192
 20
-103.169261727096
 10
358.222714917311
 20
-103.169277990077
 10
358.226900522797
 20
-103.169319266212
 10
358.231083782679
 20
-103.169386510517
 10
358.235260838979
 20
-103.169480678007
 10
358.239427833725
 20
-103.169602723698
 10
358.243580908942
 20
-103.169753602604
 10
358.247716206654
 20
-103.169934269743
 10
358.251829868889
 20
-103.170145680128
 10
358.255918037669
 20
-103.170388788776
 10
358.259976855023
 20
-103.170664550702
 10
358.264002462973
 20
-103.170973920922
 10
358.267991003548
 20
-103.171317854451
 10
358.271939512584
 20
-103.171697156995
 10
358.275848601166
 20
-103.172112037037
 10
358.279719774186
 20
-103.172562553746
 10
358.283554536545
 20
-103.173048766294
 10
358.287354393137
 20
-103.173570733854
 10
358.291120848857
 20
-103.174128515597
 10
358.294855408602
 20
-103.174722170695
 10
358.298559577266
 20
-103.175351758318
 10
358.302234859748
 20
-103.176017337641
 10
358.305882760942
 20
-103.176718967834
 10
358.309504785746
 20
-103.177456708068
 10
358.313102439053
 20
-103.178230617516
 10
358.316677225761
 20
-103.179040755349
 10
358.320230650765
 20
-103.17988718074
 10
358.32376421896
 20
-103.180769952859
 10
358.327279435245
 20
-103.181689130879
 10
358.330777804513
 20
-103.182644773971
 10
358.334260831664
 20
-103.183636941308
 10
358.337730021587
 20
-103.18466569206
 10
358.341186879185
 20
-103.1857310854
 10
358.344632909348
 20
-103.186833180499
 10
358.348069616977
 20
-103.18797203653
 10
358.351498506965
 20
-103.189147712663
 10
358.354921084209
 20
-103.190360268071
 10
358.358338853605
 20
-103.191609761926
 10
358.361753320049
 20
-103.192896253398
 10
358.365165988435
 20
-103.194219801661
 10
358.368578363661
 20
-103.195580465886
 10
358.371991950622
 20
-103.196978305243
 10
358.375408254217
 20
-103.198413378906
 10
358.378828779336
 20
-103.199885746046
 10
358.382254595465
 20
-103.201395410277
 10
358.385685030415
 20
-103.202942152977
 10
358.389118976584
 20
-103.20452569997
 10
358.392555326371
 20
-103.206145777076
 10
358.395992972175
 20
-103.207802110118
 10
358.399430806394
 20
-103.209494424917
 10
358.402867721427
 20
-103.211222447294
 10
358.40630260967
 20
-103.212985903071
 10
358.409734363522
 20
-103.21478451807
 10
358.413161875386
 20
-103.216618018113
 10
358.416584037652
 20
-103.218486129021
 10
358.419999742726
 20
-103.220388576616
 10
358.423407883002
 20
-103.222325086719
 10
358.426807350879
 20
-103.224295385152
 10
358.430197038755
 20
-103.226299197737
 10
358.43357583903
 20
-103.228336250295
 10
358.436942644101
 20
-103.230406268648
 10
358.440296346367
 20
-103.232508978618
 10
358.443635838227
 20
-103.234644106026
 10
358.446960012076
 20
-103.236811376694
 10
358.450267760316
 20
-103.239010516444
 10
358.453557975343
 20
-103.241241251097
 10
358.456829549558
 20
-103.243503306474
 10
358.460081375355
 20
-103.245796408399
 10
358.463312345137
 20
-103.24812028269
 10
358.4665213513
 20
-103.250474655172
 10
358.46970728624
 20
-103.252859251666
 10
358.47286904236
 20
-103.255273797992
 10
358.476005512055
 20
-103.257718019973
 10
358.479115587725
 20
-103.260191643431
 10
358.482198161768
 20
-103.262694394186
 10
358.485252313825
 20
-103.265226008338
 10
358.488277872515
 20
-103.267786263087
 10
358.491274853696
 20
-103.270374945914
 10
358.494243273228
 20
-103.272991844296
 10
358.497183146972
 20
-103.275636745714
 10
358.50009449079
 20
-103.278309437645
 10
358.502977320541
 20
-103.281009707569
 10
358.505831652086
 20
-103.283737342965
 10
358.508657501285
 20
-103.286492131309
 10
358.511454883998
 20
-103.289273860084
 10
358.514223816084
 20
-103.292082316765
 10
358.516964313407
 20
-103.294917288834
 10
358.519676391825
 20
-103.297778563767
 10
358.522360067198
 20
-103.300665929045
 10
358.525015355386
 20
-103.303579172145
 10
358.527642272253
 20
-103.306518080548
 10
358.530240833656
 20
-103.30948244173
 10
358.532811055455
 20
-103.312472043172
 10
358.535352953513
 20
-103.315486672353
 10
358.537866543688
 20
-103.31852611675
 10
358.540351841841
 20
-103.321590163843
 10
358.542808863833
 20
-103.32467860111
 10
358.545237625524
 20
-103.327791216031
 10
358.547638142773
 20
-103.330927796084
 10
358.550010431444
 20
-103.334088128749
 10
358.552354507392
 20
-103.337272001502
 10
358.554670386484
 20
-103.340479201825
 10
358.556958084573
 20
-103.343709517195
 10
358.559217617527
 20
-103.346962735091
 10
358.5614490012
 20
-103.350238642992
 10
358.563652251454
 20
-103.353537028377
 10
358.565827337454
 20
-103.3568576657
 10
358.567974041567
 20
-103.360200277309
 10
358.570092099466
 20
-103.363564572531
 10
358.572181246824
 20
-103.366950260689
 10
358.574241219311
 20
-103.37035705111
 10
358.576271752598
 20
-103.373784653117
 10
358.578272582359
 20
-103.377232776035
 10
358.580243444265
 20
-103.38070112919
 10
358.582184073988
 20
-103.384189421906
 10
358.584094207199
 20
-103.387697363507
 10
358.585973579571
 20
-103.391224663319
 10
358.587821926776
 20
-103.394771030666
 10
358.589638984484
 20
-103.398336174873
 10
358.591424488368
 20
-103.401919805265
 10
358.593178174102
 20
-103.405521631167
 10
358.594899777354
 20
-103.409141361903
 10
358.596589033798
 20
-103.412778706799
 10
358.598245679106
 20
-103.416433375179
 10
358.599869448948
 20
-103.420105076368
 10
358.601460078997
 20
-103.42379351969
 10
358.603017304926
 20
-103.42749841447
 10
358.604540862405
 20
-103.431219470034
 10
358.606030487108
 20
-103.434956395706
 10
358.607485914705
 20
-103.438708900811
 10
358.608906880867
 20
-103.442476694673
 10
358.610293121267
 20
-103.446259486618
 10
358.611644371578
 20
-103.450056985969
 10
358.612960367471
 20
-103.453868902054
 10
358.614240844618
 20
-103.457694944193
 10
358.615485538689
 20
-103.461534821716
 10
358.616694185357
 20
-103.465388243944
 10
358.617866537932
 20
-103.469254827584
 10
358.61900242027
 20
-103.473133818867
 10
358.620101673858
 20
-103.477024371403
 10
358.621164140194
 20
-103.480925638803
 10
358.622189660764
 20
-103.484836774677
 10
358.623178077067
 20
-103.488756932637
 10
358.62412923059
 20
-103.492685266296
 10
358.625042962827
 20
-103.496620929261
 10
358.625919115271
 20
-103.500563075145
 10
358.626757529412
 20
-103.50451085756
 10
358.627558046743
 20
-103.508463430114
 10
358.628320508757
 20
-103.512419946421
 10
358.629044756945
 20
-103.51637956009
 10
358.629730632798
 20
-103.520341424733
 10
358.63037797781
 20
-103.524304693961
 10
358.630986633473
 20
-103.528268521385
 10
358.631556441278
 20
-103.532232060616
 10
358.632087242719
 20
-103.536194465263
 10
358.632578879286
 20
-103.54015488894
 10
358.633031192471
 20
-103.544112485256
 10
358.633444023766
 20
-103.548066407822
 10
358.633817214666
 20
-103.552015810251
 10
358.63415060666
 20
-103.555959846151
 10
358.634444041243
 20
-103.559897669135
 10
358.634697359903
 20
-103.563828432814
 10
358.634910404137
 20
-103.567751290798
 10
358.635083015432
 20
-103.571665396697
 10
358.635215035283
 20
-103.575569904126
 10
358.635306305183
 20
-103.579463966691
 10
358.635356666621
 20
-103.583346738006
 10
358.635365961091
 20
-103.587217371682
 10
358.635333977101
 20
-103.591075278649
 10
358.635260291221
 20
-103.594920899121
 10
358.635144427033
 20
-103.59875493063
 10
358.634985908126
 20
-103.602578070713
 10
358.634784258084
 20
-103.6063910169
 10
358.63453900049
 20
-103.610194466728
 10
358.634249658932
 20
-103.613989117728
 10
358.633915756993
 20
-103.617775667435
 10
358.633536818259
 20
-103.621554813381
 10
358.633112366315
 20
-103.625327253101
 10
358.632641924745
 20
-103.62909368413
 10
358.632125017137
 20
-103.632854803998
 10
358.631561167075
 20
-103.636611310241
 10
358.630949898141
 20
-103.640363900393
 10
358.630290733925
 20
-103.644113271986
 10
358.62958319801
 20
-103.647860122554
 10
358.62882681398
 20
-103.651605149632
 10
358.62802110542
 20
-103.655349050752
 10
358.627165595917
 20
-103.659092523449
 10
358.626259809058
 20
-103.662836265255
 10
358.625303268422
 20
-103.666580973704
 10
358.624295497599
 20
-103.67032734633
 10
358.623236020172
 20
-103.674076080668
 10
358.622124359729
 20
-103.677827874249
 10
358.620960039851
 20
-103.681583424609
 10
358.619742584128
 20
-103.68534342928
 10
358.618471516138
 20
-103.689108585796
 10
358.617146359473
 20
-103.69287959169
 10
358.615766637715
 20
-103.696657144497
 10
358.614331874451
 20
-103.700441941751
 10
358.612841593262
 20
-103.704234680983
 10
358.611295698185
 20
-103.708035897024
 10
358.60969561504
 20
-103.711845473885
 10
358.608043150096
 20
-103.715663132871
 10
358.60634010962
 20
-103.719488595287
 10
358.604588299884
 20
-103.723321582442
 10
358.602789527155
 20
-103.727161815639
 10
358.600945597704
 20
-103.731009016185
 10
358.599058317797
 20
-103.734862905388
 10
358.597129493705
 20
-103.738723204551
 10
358.595160931696
 20
-103.742589634981
 10
358.59315443804
 20
-103.746461917986
 10
358.591111819005
 20
-103.75033977487
 10
358.589034880861
 20
-103.754222926939
 10
358.586925429874
 20
-103.7581110955
 10
358.584785272317
 20
-103.762004001858
 10
358.582616214455
 20
-103.76590136732
 10
358.580420062561
 20
-103.769802913192
 10
358.578198622901
 20
-103.773708360779
 10
358.575953701744
 20
-103.777617431388
 10
358.57368710536
 20
-103.781529846324
 10
358.57140064002
 20
-103.785445326894
 10
358.569096111987
 20
-103.789363594404
 10
358.566775327536
 20
-103.793284370159
 10
358.564440092933
 20
-103.797207375466
 10
358.562092214448
 20
-103.801132331632
 10
358.559733498347
 20
-103.805058959961
 10
358.557365750905
 20
-103.80898698176
 10
358.554990778385
 20
-103.812916118335
 10
358.552610387058
 20
-103.816846090991
 10
358.550226383193
 20
-103.820776621036
 10
358.547840573059
 20
-103.824707429774
  0
LWPOLYLINE
  5
1E7
330
193
100
AcDbEntity
  8
Layer11
  6
AUSGEZOGEN
 62
     7
370
    50
100
AcDbPolyline
 90
      311
 70
     0
 43
0.0
 10
358.547840573059
 20
-103.824707429774
 10
358.553341091098
 20
-103.82590895919
 10
358.558839994959
 20
-103.827112736111
 10
358.564335670475
 20
-103.828321008047
 10
358.569826503468
 20
-103.829536022503
 10
358.575310879767
 20
-103.830760026986
 10
358.580787185196
 20
-103.831995269004
 10
358.586253805581
 20
-103.833243996062
 10
358.591709126751
 20
-103.834508455669
 10
358.597151534528
 20
-103.835790895329
 10
358.602579414741
 20
-103.837093562552
 10
358.607991153214
 20
-103.838418704841
 10
358.613385135777
 20
-103.839768569707
 10
358.618759748251
 20
-103.841145404655
 10
358.624113376467
 20
-103.84255145719
 10
358.629444406248
 20
-103.843988974822
 10
358.634751223421
 20
-103.845460205055
 10
358.640032213811
 20
-103.846967395399
 10
358.645285763247
 20
-103.848512793357
 10
358.65051025755
 20
-103.850098646439
 10
358.655704082554
 20
-103.85172720215
 10
358.660865624079
 20
-103.853400707998
 10
358.665993267951
 20
-103.855121411489
 10
358.6710854
 20
-103.85689156013
 10
358.676140406049
 20
-103.858713401429
 10
358.681156671925
 20
-103.86058918289
 10
358.686132583455
 20
-103.862521152023
 10
358.691066526462
 20
-103.864511556332
 10
358.695956886779
 20
-103.866562643327
 10
358.700802050226
 20
-103.868676660511
 10
358.705600402629
 20
-103.870855855394
 10
358.710350329817
 20
-103.873102475482
 10
358.715050549607
 20
-103.875418419089
 10
358.719701107786
 20
-103.877804187765
 10
358.724302382132
 20
-103.880259933864
 10
358.728854750422
 20
-103.882785809744
 10
358.733358590436
 20
-103.885381967761
 10
358.737814279954
 20
-103.888048560269
 10
358.74222219675
 20
-103.890785739629
 10
358.746582718606
 20
-103.893593658193
 10
358.750896223297
 20
-103.89647246832
 10
358.755163088607
 20
-103.899422322365
 10
358.759383692308
 20
-103.902443372685
 10
358.763558412184
 20
-103.905535771635
 10
358.767687626009
 20
-103.908699671572
 10
358.771771711563
 20
-103.911935224854
 10
358.775811046626
 20
-103.915242583835
 10
358.779806008974
 20
-103.918621900872
 10
358.783756976385
 20
-103.922073328322
 10
358.787664326641
 20
-103.92559701854
 10
358.791528437516
 20
-103.929193123883
 10
358.795349686792
 20
-103.932861796708
 10
358.799128452245
 20
-103.936603189371
 10
358.802865111655
 20
-103.940417454228
 10
358.8065600428
 20
-103.944304743634
 10
358.810213623456
 20
-103.948265209949
 10
358.813826231406
 20
-103.952299005525
 10
358.817398244424
 20
-103.956406282721
 10
358.820930040291
 20
-103.960587193892
 10
358.824421996784
 20
-103.964841891396
 10
358.827874491683
 20
-103.969170527587
 10
358.831287902764
 20
-103.973573254823
 10
358.834662607806
 20
-103.97805022546
 10
358.83799871993
 20
-103.982600912464
 10
358.841295293603
 20
-103.98722207125
 10
358.84455111864
 20
-103.991909777835
 10
358.847764984856
 20
-103.996660108245
 10
358.850935682058
 20
-104.001469138501
 10
358.854062000061
 20
-104.006332944626
 10
358.857142728674
 20
-104.011247602642
 10
358.860176657711
 20
-104.01620918857
 10
358.863162576983
 20
-104.021213778434
 10
358.866099276304
 20
-104.026257448255
 10
358.868985545483
 20
-104.031336274056
 10
358.871820174336
 20
-104.03644633186
 10
358.87460195267
 20
-104.041583697687
 10
358.8773296703
 20
-104.046744447562
 10
358.880002117038
 20
-104.051924657505
 10
358.882618082695
 20
-104.057120403539
 10
358.885176357082
 20
-104.062327761687
 10
358.887675730012
 20
-104.06754280797
 10
358.890114991297
 20
-104.072761618412
 10
358.892492930751
 20
-104.077980269034
 10
358.89480833818
 20
-104.083194835858
 10
358.897060003403
 20
-104.088401394908
 10
358.899246716228
 20
-104.093596022204
 10
358.901367266468
 20
-104.09877479377
 10
358.903420443934
 20
-104.103933785627
 10
358.905405038437
 20
-104.109069073798
 10
358.907319839793
 20
-104.114176734305
 10
358.909163637811
 20
-104.119252843171
 10
358.910935222302
 20
-104.124293476418
 10
358.912633383079
 20
-104.129294710067
 10
358.914256909957
 20
-104.134252620142
 10
358.915805014002
 20
-104.139164257755
 10
358.917278591324
 20
-104.144030574383
 10
358.91867895929
 20
-104.148853496592
 10
358.920007435267
 20
-104.15363495095
 10
358.92126533662
 20
-104.158376864025
 10
358.922453980715
 20
-104.163081162382
 10
358.923574684923
 20
-104.167749772589
 10
358.924628766607
 20
-104.172384621213
 10
358.925617543135
 20
-104.176987634822
 10
358.926542331872
 20
-104.181560739982
 10
358.927404450187
 20
-104.18610586326
 10
358.928205215447
 20
-104.190624931225
 10
358.928945945016
 20
-104.195119870442
 10
358.929627956264
 20
-104.199592607479
 10
358.930252566556
 20
-104.204045068902
 10
358.930821093256
 20
-104.208479181279
 10
358.931334853735
 20
-104.212896871179
 10
358.931795165358
 20
-104.217300065166
 10
358.932203345492
 20
-104.221690689807
 10
358.932560711503
 20
-104.226070671672
 10
358.932868580758
 20
-104.230441937326
 10
358.933128270623
 20
-104.234806413337
 10
358.933341098466
 20
-104.239166026271
 10
358.933508381655
 20
-104.243522702696
 10
358.933631437554
 20
-104.247878369179
 10
358.93371158353
 20
-104.252234952287
 10
358.93375013695
 20
-104.256594378587
 10
358.933748415182
 20
-104.260958574646
 10
358.933707735591
 20
-104.265329467032
 10
358.933629415544
 20
-104.26970898231
 10
358.933514772409
 20
-104.274099047049
 10
358.933364786113
 20
-104.27850110721
 10
358.933179086818
 20
-104.282914686328
 10
358.932956967256
 20
-104.287338827331
 10
358.932697720149
 20
-104.29177257315
 10
358.932400638227
 20
-104.296214966715
 10
358.932065014211
 20
-104.300665050954
 10
358.931690140833
 20
-104.305121868796
 10
358.931275310815
 20
-104.309584463172
 10
358.930819816886
 20
-104.314051877011
 10
358.93032295177
 20
-104.318523153241
 10
358.929784008195
 20
-104.322997334792
 10
358.929202278885
 20
-104.327473464594
 10
358.92857705657
 20
-104.331950585575
 10
358.927907633974
 20
-104.336427740666
 10
358.927193303822
 20
-104.340903972796
 10
358.926433358842
 20
-104.345378324894
 10
358.92562709176
 20
-104.349849839889
 10
358.924773795301
 20
-104.354317560712
 10
358.923872762194
 20
-104.35878053029
 10
358.922923285163
 20
-104.363237791553
 10
358.921924656934
 20
-104.367688387432
 10
358.920876170236
 20
-104.372131360855
 10
358.919777117792
 20
-104.376565754751
 10
358.918626792329
 20
-104.38099061205
 10
358.917424486576
 20
-104.385404975683
 10
358.916169493256
 20
-104.389807888576
 10
358.914861105095
 20
-104.39419839366
 10
358.913498614822
 20
-104.398575533865
 10
358.912081315162
 20
-104.40293835212
 10
358.91060849884
 20
-104.407285891354
 10
358.909079458585
 20
-104.411617194497
 10
358.907493908713
 20
-104.415931293395
 10
358.90585324992
 20
-104.420227175572
 10
358.904159304493
 20
-104.424503817467
 10
358.902413894717
 20
-104.428760195518
 10
358.900618842881
 20
-104.432995286168
 10
358.898775971269
 20
-104.437208065856
 10
358.89688710217
 20
-104.441397511021
 10
358.894954057871
 20
-104.445562598104
 10
358.892978660657
 20
-104.449702303544
 10
358.890962732814
 20
-104.453815603782
 10
358.888908096631
 20
-104.457901475256
 10
358.886816574395
 20
-104.461958894408
 10
358.88468998839
 20
-104.465986837677
 10
358.882530160907
 20
-104.469984281503
 10
358.880338914229
 20
-104.473950202327
 10
358.878118070643
 20
-104.477883576587
 10
358.875869452439
 20
-104.481783380725
 10
358.873594881901
 20
-104.485648591179
 10
358.871296181315
 20
-104.48947818439
 10
358.868975172971
 20
-104.493271136798
 10
358.866633679152
 20
-104.497026424843
 10
358.864273522148
 20
-104.500743024964
 10
358.861896524246
 20
-104.504419913603
 10
358.859504507729
 20
-104.508056067198
 10
358.857099294886
 20
-104.511650462189
 10
358.854682708005
 20
-104.515202075017
 10
358.852256569371
 20
-104.518709882121
 10
358.849822701272
 20
-104.522172859941
 10
358.847382925993
 20
-104.525589984918
 10
358.844939065821
 20
-104.528960233491
 10
358.842492943046
 20
-104.5322825821
 10
358.840045819261
 20
-104.535556380823
 10
358.837596713313
 20
-104.53878247429
 10
358.835144083354
 20
-104.54196208077
 10
358.832686387537
 20
-104.54509641853
 10
358.830222084018
 20
-104.548186705838
 10
358.827749630948
 20
-104.551234160963
 10
358.825267486484
 20
-104.554240002171
 10
358.822774108776
 20
-104.557205447732
 10
358.820267955982
 20
-104.560131715914
 10
358.817747486253
 20
-104.563020024983
 10
358.815211157744
 20
-104.56587159321
 10
358.812657428607
 20
-104.568687638861
 10
358.810084756999
 20
-104.571469380205
 10
358.807491601072
 20
-104.574218035508
 10
358.804876418979
 20
-104.576934823041
 10
358.802237668875
 20
-104.579620961071
 10
358.799573808916
 20
-104.582277667864
 10
358.796883297251
 20
-104.584906161691
 10
358.794164592037
 20
-104.587507660818
 10
358.791416151427
 20
-104.590083383515
 10
358.788636433576
 20
-104.592634548047
 10
358.785823896635
 20
-104.595162372685
 10
358.78297699876
 20
-104.597668075696
 10
358.780094198104
 20
-104.600152875348
 10
358.777173952824
 20
-104.602617989908
 10
358.774214721069
 20
-104.605064637646
 10
358.771214960994
 20
-104.607494036829
 10
358.768173130755
 20
-104.609907405724
 10
358.765087688506
 20
-104.612305962601
 10
358.761957092396
 20
-104.614690925727
 10
358.758779800585
 20
-104.617063513369
 10
358.755554806945
 20
-104.619424655507
 10
358.752283248238
 20
-104.621774128948
 10
358.748966796948
 20
-104.624111422214
 10
358.745607125557
 20
-104.626436023824
 10
358.742205906547
 20
-104.628747422297
 10
358.738764812406
 20
-104.631045106154
 10
358.735285515612
 20
-104.633328563913
 10
358.73176968865
 20
-104.635597284094
 10
358.728219004003
 20
-104.637850755217
 10
358.724635134153
 20
-104.640088465801
 10
358.721019751585
 20
-104.642309904367
 10
358.717374528784
 20
-104.644514559433
 10
358.713701138229
 20
-104.646701919519
 10
358.710001252404
 20
-104.648871473144
 10
358.706276543793
 20
-104.651022708829
 10
358.70252868488
 20
-104.653155115093
 10
358.698759348146
 20
-104.655268180455
 10
358.694970206076
 20
-104.657361393434
 10
358.691162931151
 20
-104.659434242552
 10
358.687339195858
 20
-104.661486216326
 10
358.683500672676
 20
-104.663516803277
 10
358.67964903409
 20
-104.665525491925
 10
358.675785952583
 20
-104.667511770788
 10
358.671913100638
 20
-104.669475128387
 10
358.668032150738
 20
-104.671415053241
 10
358.664144775367
 20
-104.673331033869
 10
358.660252647007
 20
-104.675222558791
 10
358.65635743814
 20
-104.677089116527
 10
358.652460821253
 20
-104.678930195596
 10
358.648564468826
 20
-104.680745284518
 10
358.644670053342
 20
-104.682533871812
 10
358.64077722211
 20
-104.684296166314
 10
358.636877521731
 20
-104.686035258123
 10
358.632960473628
 20
-104.687754957652
 10
358.629015599227
 20
-104.689459075316
 10
358.625032419956
 20
-104.69115142153
 10
358.621000457237
 20
-104.692835806707
 10
358.616909232496
 20
-104.694516041263
 10
358.61274826716
 20
-104.696195935612
 10
358.608507082654
 20
-104.697879300167
 10
358.604175200401
 20
-104.699569945344
 10
358.599742141829
 20
-104.701271681556
 10
358.59519742836
 20
-104.702988319219
 10
358.590530581421
 20
-104.704723668746
 10
358.585731122439
 20
-104.706481540552
 10
358.580788572836
 20
-104.70826574505
 10
358.57569245404
 20
-104.710080092657
 10
358.570432287476
 20
-104.711928393786
 10
358.564997594567
 20
-104.713814458851
 10
358.55937789674
 20
-104.715742098267
 10
358.553562715419
 20
-104.717715122448
 10
358.547541572032
 20
-104.719737341808
 10
358.541303988001
 20
-104.721812566762
 10
358.534839484754
 20
-104.723944607724
 10
358.528137583711
 20
-104.726137275109
 10
358.521187806306
 20
-104.728394379331
 10
358.513979673957
 20
-104.730719730805
 10
358.506502708093
 20
-104.733117139944
 10
358.498746430136
 20
-104.735590417163
 10
358.490700361516
 20
-104.738143372876
 10
358.482354023652
 20
-104.740779817498
 10
358.473696937976
 20
-104.743503561444
 10
358.464722099361
 20
-104.746317290221
 10
358.455436396496
 20
-104.749219189712
 10
358.445850191527
 20
-104.752206320893
 10
358.435973846592
 20
-104.755275744739
 10
358.425817723834
 20
-104.758424522229
 10
358.415392185392
 20
-104.761649714336
 10
358.404707593411
 20
-104.76494838204
 10
358.393774310031
 20
-104.768317586313
 10
358.382602697395
 20
-104.771754388134
 10
358.37120311764
 20
-104.775255848479
 10
358.359585932915
 20
-104.778819028323
 10
358.347761505356
 20
-104.782440988643
 10
358.335740197106
 20
-104.786118790415
 10
358.323532370309
 20
-104.789849494616
 10
358.311148387104
 20
-104.793630162221
 10
358.29859860963
 20
-104.797457854206
 10
358.285893400034
 20
-104.801329631549
 10
358.273043120457
 20
-104.805242555225
 10
358.260058133037
 20
-104.809193686209
 10
358.246948799919
 20
-104.81318008548
 10
358.233725483242
 20
-104.817198814012
 10
358.220398545149
 20
-104.821246932783
 10
358.206978347782
 20
-104.825321502767
 10
358.19347525328
 20
-104.829419584941
 10
358.179899623789
 20
-104.833538240282
 10
358.166261821449
 20
-104.837674529766
 10
358.152572208399
 20
-104.84182551437
 10
358.138841146784
 20
-104.845988255068
 10
358.125078998743
 20
-104.850159812837
 10
358.111296126419
 20
-104.854337248654
 10
358.097502891953
 20
-104.858517623495
  0
LINE
  5
1E8
330
193
100
AcDbEntity
  8
Layer11
  6
AUSGEZOGEN
 62
     7
370
    50
100
AcDbLine
 10
359.203596889196
 20
-104.52035075196
 30
0.0
 11
359.049078726701
 21
-104.567591695079
 31
0.0
  0
LINE
  5
1E9
330
193
100
AcDbEntity
  8
Layer11
  6
AUSGEZOGEN
 62
     7
370
    50
100
AcDbLine
 10
359.049078726701
 20
-104.567591695079
 30
0.0
 11
359.216497257399
 21
-102.832701856632
 31
0.0
  0
LINE
  5
1EA
330
193
100
AcDbEntity
  8
Layer11
  6
AUSGEZOGEN
 62
     7
370
    50
100
AcDbLine
 10
359.216497257399
 20
-102.832701856632
 30
0.0
 11
359.38445092154
 21
-102.781353268441
 31
0.0
  0
LINE
  5
1EB
330
193
100
AcDbEntity
  8
Layer11
  6
AUSGEZOGEN
 62
     7
370
    50
100
AcDbLine
 10
359.38445092154
 20
-102.781353268441
 30
0.0
 11
360.495611318609
 21
-104.125342300002
 31
0.0
  0
LINE
  5
1EC
330
193
100
AcDbEntity
  8
Layer11
  6
AUSGEZOGEN
 62
     7
370
    50
100
AcDbLine
 10
360.495611318609
 20
-104.125342300002
 30
0.0
 11
360.332169133666
 21
-104.175311590583
 31
0.0
  0
LINE
  5
1ED
330
193
100
AcDbEntity
  8
Layer11
  6
AUSGEZOGEN
 62
     7
370
    50
100
AcDbLine
 10
360.332169133666
 20
-104.175311590583
 30
0.0
 11
359.958400395774
 21
-103.721620188419
 31
0.0
  0
LINE
  5
1EE
330
193
100
AcDbEntity
  8
Layer11
  6
AUSGEZOGEN
 62
     7
370
    50
100
AcDbLine
 10
359.958400395774
 20
-103.721620188419
 30
0.0
 11
359.264246002313
 21
-103.93384448417
 31
0.0
  0
LINE
  5
1EF
330
193
100
AcDbEntity
  8
Layer11
  6
AUSGEZOGEN
 62
     7
370
    50
100
AcDbLine
 10
359.264246002313
 20
-103.93384448417
 30
0.0
 11
359.203596889196
 21
-104.52035075196
 31
0.0
  0
LINE
  5
1F0
330
193
100
AcDbEntity
  8
Layer11
  6
AUSGEZOGEN
 62
     7
370
    50
100
AcDbLine
 10
359.277877104871
 20
-103.7782199784
 30
0.0
 11
359.355240302483
 21
-102.982125853486
 31
0.0
  0
LINE
  5
1F1
330
193
100
AcDbEntity
  8
Layer11
  6
AUSGEZOGEN
 62
     7
370
    50
100
AcDbLine
 10
359.355240302483
 20
-102.982125853486
 30
0.0
 11
359.857819840767
 21
-103.600913690548
 31
0.0
  0
LINE
  5
1F2
330
193
100
AcDbEntity
  8
Layer11
  6
AUSGEZOGEN
 62
     7
370
    50
100
AcDbLine
 10
359.857819840767
 20
-103.600913690548
 30
0.0
 11
359.277877104871
 21
-103.7782199784
 31
0.0
  0
ARC
  5
1F3
330
193
100
AcDbEntity
  8
Layer11
  6
AUSGEZOGEN
 62
     7
370
    50
100
AcDbCircle
 10
360.999724296584
 20
-103.12936706723
 30
0.0
 40
0.8050674811771283
100
AcDbArc
 50
46.15886763136
 51
348.623977310375
  0
ARC
  5
1F4
330
193
100
AcDbEntity
  8
Layer11
  6
AUSGEZOGEN
 62
     7
370
    50
100
AcDbCircle
 10
360.999724296584
 20
-103.12936706723
 30
0.0
 40
0.665821965153153
100
AcDbArc
 50
53.095256572443
 51
341.693213894192
  0
LINE
  5
1F5
330
193
100
AcDbEntity
  8
Layer11
  6
AUSGEZOGEN
 62
     7
370
    50
100
AcDbLine
 10
361.39954135006
 20
-102.596952554814
 30
0.0
 11
361.565239274602
 21
-102.546293615428
 31
0.0
  0
LINE
  5
1F6
330
193
100
AcDbEntity
  8
Layer11
  6
AUSGEZOGEN
 62
     7
370
    50
100
AcDbLine
 10
361.632828520395
 20
-103.335903140831
 30
0.0
 11
361.798526444936
 21
-103.285244201445
 31
0.0
  0
LINE
  5
1F7
330
193
100
AcDbEntity
  8
Layer11
  6
AUSGEZOGEN
 62
     7
370
    50
100
AcDbLine
 10
362.244511952664
 20
-103.590649717349
 30
0.0
 11
362.09447558858
 21
-103.636520437183
 31
0.0
  0
LINE
  5
1F8
330
193
100
AcDbEntity
  8
Layer11
  6
AUSGEZOGEN
 62
     7
370
    50
100
AcDbLine
 10
362.09447558858
 20
-103.636520437183
 30
0.0
 11
361.623717684803
 21
-102.096740714942
 31
0.0
  0
LINE
  5
1F9
330
193
100
AcDbEntity
  8
Layer11
  6
AUSGEZOGEN
 62
     7
370
    50
100
AcDbLine
 10
361.623717684803
 20
-102.096740714942
 30
0.0
 11
361.773754048885
 21
-102.050869995107
 31
0.0
  0
LINE
  5
1FA
330
193
100
AcDbEntity
  8
Layer11
  6
AUSGEZOGEN
 62
     7
370
    50
100
AcDbLine
 10
361.773754048885
 20
-102.050869995107
 30
0.0
 11
361.981250620595
 21
-102.729560700005
 31
0.0
  0
LINE
  5
1FB
330
193
100
AcDbEntity
  8
Layer11
  6
AUSGEZOGEN
 62
     7
370
    50
100
AcDbLine
 10
361.981250620595
 20
-102.729560700005
 30
0.0
 11
362.753772177914
 21
-102.493377157844
 31
0.0
  0
LINE
  5
1FC
330
193
100
AcDbEntity
  8
Layer11
  6
AUSGEZOGEN
 62
     7
370
    50
100
AcDbLine
 10
362.753772177914
 20
-102.493377157844
 30
0.0
 11
362.546275606205
 21
-101.814686452946
 31
0.0
  0
LINE
  5
1FD
330
193
100
AcDbEntity
  8
Layer11
  6
AUSGEZOGEN
 62
     7
370
    50
100
AcDbLine
 10
362.546275606205
 20
-101.814686452946
 30
0.0
 11
362.696311970289
 21
-101.768815733111
 31
0.0
  0
LINE
  5
1FE
330
193
100
AcDbEntity
  8
Layer11
  6
AUSGEZOGEN
 62
     7
370
    50
100
AcDbLine
 10
362.696311970289
 20
-101.768815733111
 30
0.0
 11
363.167069874067
 21
-103.308595455353
 31
0.0
  0
LINE
  5
1FF
330
193
100
AcDbEntity
  8
Layer11
  6
AUSGEZOGEN
 62
     7
370
    50
100
AcDbLine
 10
363.167069874067
 20
-103.308595455353
 30
0.0
 11
363.017033509983
 21
-103.354466175188
 31
0.0
  0
LINE
  5
200
330
193
100
AcDbEntity
  8
Layer11
  6
AUSGEZOGEN
 62
     7
370
    50
100
AcDbLine
 10
363.017033509983
 20
-103.354466175188
 30
0.0
 11
362.796119034338
 21
-102.631887484067
 31
0.0
  0
LINE
  5
201
330
193
100
AcDbEntity
  8
Layer11
  6
AUSGEZOGEN
 62
     7
370
    50
100
AcDbLine
 10
362.796119034338
 20
-102.631887484067
 30
0.0
 11
362.023597477019
 21
-102.868071026228
 31
0.0
  0
LINE
  5
202
330
193
100
AcDbEntity
  8
Layer11
  6
AUSGEZOGEN
 62
     7
370
    50
100
AcDbLine
 10
362.023597477019
 20
-102.868071026228
 30
0.0
 11
362.244511952664
 21
-103.590649717349
 31
0.0
  0
LINE
  5
203
330
193
100
AcDbEntity
  8
Layer11
  6
AUSGEZOGEN
 62
     7
370
    50
100
AcDbLine
 10
352.933881883448
 20
-100.302502526885
 30
0.0
 11
352.783835625769
 21
-100.348376271496
 31
0.0
  0
LINE
  5
204
330
193
100
AcDbEntity
  8
Layer11
  6
AUSGEZOGEN
 62
     7
370
    50
100
AcDbLine
 10
352.783835625769
 20
-100.348376271496
 30
0.0
 11
352.313077721992
 21
-98.808596549254
 31
0.0
  0
LINE
  5
205
330
193
100
AcDbEntity
  8
Layer11
  6
AUSGEZOGEN
 62
     7
370
    50
100
AcDbLine
 10
352.313077721992
 20
-98.808596549254
 30
0.0
 11
352.463123979671
 21
-98.762722804644
 31
0.0
  0
LINE
  5
206
330
193
100
AcDbEntity
  8
Layer11
  6
AUSGEZOGEN
 62
     7
370
    50
100
AcDbLine
 10
352.463123979671
 20
-98.762722804644
 30
0.0
 11
352.733436063334
 21
-99.646873791304
 31
0.0
  0
LINE
  5
207
330
193
100
AcDbEntity
  8
Layer11
  6
AUSGEZOGEN
 62
     7
370
    50
100
AcDbLine
 10
352.733436063334
 20
-99.646873791304
 30
0.0
 11
353.150570515904
 21
-98.552549306654
 31
0.0
  0
LINE
  5
208
330
193
100
AcDbEntity
  8
Layer11
  6
AUSGEZOGEN
 62
     7
370
    50
100
AcDbLine
 10
353.150570515904
 20
-98.552549306654
 30
0.0
 11
353.343139443732
 21
-98.493675077121
 31
0.0
  0
LINE
  5
209
330
193
100
AcDbEntity
  8
Layer11
  6
AUSGEZOGEN
 62
     7
370
    50
100
AcDbLine
 10
353.343139443732
 20
-98.493675077121
 30
0.0
 11
352.981361218343
 21
-99.424692216709
 31
0.0
  0
LINE
  5
20A
330
193
100
AcDbEntity
  8
Layer11
  6
AUSGEZOGEN
 62
     7
370
    50
100
AcDbLine
 10
352.981361218343
 20
-99.424692216709
 30
0.0
 11
353.813897347511
 21
-100.033454799363
 31
0.0
  0
LINE
  5
20B
330
193
100
AcDbEntity
  8
Layer11
  6
AUSGEZOGEN
 62
     7
370
    50
100
AcDbLine
 10
353.813897347511
 20
-100.033454799363
 30
0.0
 11
353.625810218095
 21
-100.090958805613
 31
0.0
  0
LINE
  5
20C
330
193
100
AcDbEntity
  8
Layer11
  6
AUSGEZOGEN
 62
     7
370
    50
100
AcDbLine
 10
353.625810218095
 20
-100.090958805613
 30
0.0
 11
352.924697292972
 21
-99.575795974208
 31
0.0
  0
LINE
  5
20D
330
193
100
AcDbEntity
  8
Layer11
  6
AUSGEZOGEN
 62
     7
370
    50
100
AcDbLine
 10
352.924697292972
 20
-99.575795974208
 30
0.0
 11
352.804720946575
 21
-99.880036138311
 31
0.0
  0
LINE
  5
20E
330
193
100
AcDbEntity
  8
Layer11
  6
AUSGEZOGEN
 62
     7
370
    50
100
AcDbLine
 10
352.804720946575
 20
-99.880036138311
 30
0.0
 11
352.933881883448
 21
-100.302502526885
 31
0.0
  0
LINE
  5
20F
330
193
100
AcDbEntity
  8
Layer11
  6
AUSGEZOGEN
 62
     7
370
    50
100
AcDbLine
 10
356.55496723549
 20
-99.195425634585
 30
0.0
 11
356.404930871406
 21
-99.241296354421
 31
0.0
  0
LINE
  5
210
330
193
100
AcDbEntity
  8
Layer11
  6
AUSGEZOGEN
 62
     7
370
    50
100
AcDbLine
 10
356.404930871406
 20
-99.241296354421
 30
0.0
 11
355.934172967627
 21
-97.701516632179
 31
0.0
  0
LINE
  5
211
330
193
100
AcDbEntity
  8
Layer11
  6
AUSGEZOGEN
 62
     7
370
    50
100
AcDbLine
 10
355.934172967627
 20
-97.701516632179
 30
0.0
 11
356.164802554384
 21
-97.631006091456
 31
0.0
  0
LINE
  5
212
330
193
100
AcDbEntity
  8
Layer11
  6
AUSGEZOGEN
 62
     7
370
    50
100
AcDbLine
 10
356.164802554384
 20
-97.631006091456
 30
0.0
 11
357.107586165174
 21
-98.776590561181
 31
0.0
  0
LINE
  5
213
330
193
100
AcDbEntity
  8
Layer11
  6
AUSGEZOGEN
 62
     7
370
    50
100
AcDbLine
 10
357.107586165174
 20
-98.776590561181
 30
0.0
 11
357.25084223511
 21
-97.298970439776
 31
0.0
  0
LINE
  5
214
330
193
100
AcDbEntity
  8
Layer11
  6
AUSGEZOGEN
 62
     7
370
    50
100
AcDbLine
 10
357.25084223511
 20
-97.298970439776
 30
0.0
 11
357.481471821866
 21
-97.228459899053
 31
0.0
  0
LINE
  5
215
330
193
100
AcDbEntity
  8
Layer11
  6
AUSGEZOGEN
 62
     7
370
    50
100
AcDbLine
 10
357.481471821866
 20
-97.228459899053
 30
0.0
 11
357.952229725643
 21
-98.768239621295
 31
0.0
  0
LINE
  5
216
330
193
100
AcDbEntity
  8
Layer11
  6
AUSGEZOGEN
 62
     7
370
    50
100
AcDbLine
 10
357.952229725643
 20
-98.768239621295
 30
0.0
 11
357.802223042343
 21
-98.814101266803
 31
0.0
  0
LINE
  5
217
330
193
100
AcDbEntity
  8
Layer11
  6
AUSGEZOGEN
 62
     7
370
    50
100
AcDbLine
 10
357.802223042343
 20
-98.814101266803
 30
0.0
 11
357.382995213284
 21
-97.442868824385
 31
0.0
  0
LINE
  5
218
330
193
100
AcDbEntity
  8
Layer11
  6
AUSGEZOGEN
 62
     7
370
    50
100
AcDbLine
 10
357.382995213284
 20
-97.442868824385
 30
0.0
 11
357.240158032124
 21
-98.985941785401
 31
0.0
  0
LINE
  5
219
330
193
100
AcDbEntity
  8
Layer11
  6
AUSGEZOGEN
 62
     7
370
    50
100
AcDbLine
 10
357.240158032124
 20
-98.985941785401
 30
0.0
 11
357.11252076651
 21
-99.024964413597
 31
0.0
  0
LINE
  5
21A
330
193
100
AcDbEntity
  8
Layer11
  6
AUSGEZOGEN
 62
     7
370
    50
100
AcDbLine
 10
357.11252076651
 20
-99.024964413597
 30
0.0
 11
356.135739406431
 21
-97.824193192168
 31
0.0
  0
LINE
  5
21B
330
193
100
AcDbEntity
  8
Layer11
  6
AUSGEZOGEN
 62
     7
370
    50
100
AcDbLine
 10
356.135739406431
 20
-97.824193192168
 30
0.0
 11
356.55496723549
 21
-99.195425634585
 31
0.0
  0
LINE
  5
21C
330
193
100
AcDbEntity
  8
Layer11
  6
AUSGEZOGEN
 62
     7
370
    50
100
AcDbLine
 10
358.218852210026
 20
-98.686724947452
 30
0.0
 11
357.748094306249
 21
-97.146945225209
 31
0.0
  0
LINE
  5
21D
330
193
100
AcDbEntity
  8
Layer11
  6
AUSGEZOGEN
 62
     7
370
    50
100
AcDbLine
 10
357.748094306249
 20
-97.146945225209
 30
0.0
 11
357.978723893006
 21
-97.076434684486
 31
0.0
  0
LINE
  5
21E
330
193
100
AcDbEntity
  8
Layer11
  6
AUSGEZOGEN
 62
     7
370
    50
100
AcDbLine
 10
357.978723893006
 20
-97.076434684486
 30
0.0
 11
358.921497610201
 21
-98.222022178988
 31
0.0
  0
LINE
  5
21F
330
193
100
AcDbEntity
  8
Layer11
  6
AUSGEZOGEN
 62
     7
370
    50
100
AcDbLine
 10
358.921497610201
 20
-98.222022178988
 30
0.0
 11
359.064753680135
 21
-96.744402057582
 31
0.0
  0
LINE
  5
220
330
193
100
AcDbEntity
  8
Layer11
  6
AUSGEZOGEN
 62
     7
370
    50
100
AcDbLine
 10
359.064753680135
 20
-96.744402057582
 30
0.0
 11
359.295383266892
 21
-96.673891516859
 31
0.0
  0
LINE
  5
221
330
193
100
AcDbEntity
  8
Layer11
  6
AUSGEZOGEN
 62
     7
370
    50
100
AcDbLine
 10
359.295383266892
 20
-96.673891516859
 30
0.0
 11
359.766141170669
 21
-98.213671239101
 31
0.0
  0
LINE
  5
222
330
193
100
AcDbEntity
  8
Layer11
  6
AUSGEZOGEN
 62
     7
370
    50
100
AcDbLine
 10
359.766141170669
 20
-98.213671239101
 30
0.0
 11
359.616144380964
 21
-98.259529859833
 31
0.0
  0
LINE
  5
223
330
193
100
AcDbEntity
  8
Layer11
  6
AUSGEZOGEN
 62
     7
370
    50
100
AcDbLine
 10
359.616144380964
 20
-98.259529859833
 30
0.0
 11
359.196916551904
 21
-96.888297417416
 31
0.0
  0
LINE
  5
224
330
193
100
AcDbEntity
  8
Layer11
  6
AUSGEZOGEN
 62
     7
370
    50
100
AcDbLine
 10
359.196916551904
 20
-96.888297417416
 30
0.0
 11
359.054079370746
 21
-98.431370378432
 31
0.0
  0
LINE
  5
225
330
193
100
AcDbEntity
  8
Layer11
  6
AUSGEZOGEN
 62
     7
370
    50
100
AcDbLine
 10
359.054079370746
 20
-98.431370378432
 30
0.0
 11
358.926432211536
 21
-98.470396031404
 31
0.0
  0
LINE
  5
226
330
193
100
AcDbEntity
  8
Layer11
  6
AUSGEZOGEN
 62
     7
370
    50
100
AcDbLine
 10
358.926432211536
 20
-98.470396031404
 30
0.0
 11
357.949660745051
 21
-97.269621785199
 31
0.0
  0
LINE
  5
227
330
193
100
AcDbEntity
  8
Layer11
  6
AUSGEZOGEN
 62
     7
370
    50
100
AcDbLine
 10
357.949660745051
 20
-97.269621785199
 30
0.0
 11
358.368888574111
 21
-98.640854227617
 31
0.0
  0
ARC
  5
228
330
193
100
AcDbEntity
  8
Layer11
  6
AUSGEZOGEN
 62
     7
370
    50
100
AcDbCircle
 10
355.488095735391
 20
-98.965802259618
 30
0.0
 40
0.3746625582724739
100
AcDbArc
 50
197.0
 51
17.0
  0
ARC
  5
229
330
193
100
AcDbEntity
  8
Layer11
  6
AUSGEZOGEN
 62
     7
370
    50
100
AcDbCircle
 10
355.488095735391
 20
-98.965802259618
 30
0.0
 40
0.5315129647662543
100
AcDbArc
 50
197.0
 51
17.0
  0
LINE
  5
22A
330
193
100
AcDbEntity
  8
Layer11
  6
AUSGEZOGEN
 62
     7
370
    50
100
AcDbLine
 10
354.979807359329
 20
-99.121201611209
 30
0.0
 11
354.664448807144
 21
-98.089710265029
 31
0.0
  0
LINE
  5
22B
330
193
100
AcDbEntity
  8
Layer11
  6
AUSGEZOGEN
 62
     7
370
    50
100
AcDbLine
 10
355.996384111453
 20
-98.810402908027
 30
0.0
 11
355.681025559267
 21
-97.778911561847
 31
0.0
  0
LINE
  5
22C
330
193
100
AcDbEntity
  8
Layer11
  6
AUSGEZOGEN
 62
     7
370
    50
100
AcDbLine
 10
355.846387321748
 20
-98.856261528759
 30
0.0
 11
355.531028769561
 21
-97.82477018258
 31
0.0
  0
LINE
  5
22D
330
193
100
AcDbEntity
  8
Layer11
  6
AUSGEZOGEN
 62
     7
370
    50
100
AcDbLine
 10
355.129804149034
 20
-99.075342990475
 30
0.0
 11
354.814445596847
 21
-98.043851644296
 31
0.0
  0
LINE
  5
22E
330
193
100
AcDbEntity
  8
Layer11
  6
AUSGEZOGEN
 62
     7
370
    50
100
AcDbLine
 10
354.664448807144
 20
-98.089710265029
 30
0.0
 11
354.814445596847
 21
-98.043851644296
 31
0.0
  0
LINE
  5
22F
330
193
100
AcDbEntity
  8
Layer11
  6
AUSGEZOGEN
 62
     7
370
    50
100
AcDbLine
 10
355.531028769561
 20
-97.82477018258
 30
0.0
 11
355.681025559267
 21
-97.778911561847
 31
0.0
  0
LINE
  5
230
330
193
100
AcDbEntity
  8
Layer11
  6
AUSGEZOGEN
 62
     7
370
    50
100
AcDbLine
 10
353.468718841643
 20
-98.455281602221
 30
0.0
 11
353.939476745422
 21
-99.995061324463
 31
0.0
  0
LINE
  5
231
330
193
100
AcDbEntity
  8
Layer11
  6
AUSGEZOGEN
 62
     7
370
    50
100
AcDbLine
 10
354.089523003099
 20
-99.949187579852
 30
0.0
 11
353.661111955748
 21
-98.547918183834
 31
0.0
  0
LINE
  5
232
330
193
100
AcDbEntity
  8
Layer11
  6
AUSGEZOGEN
 62
     7
370
    50
100
AcDbLine
 10
354.024153750543
 20
-99.206824675373
 30
0.0
 11
354.745616737633
 21
-99.748599595293
 31
0.0
  0
LINE
  5
233
330
193
100
AcDbEntity
  8
Layer11
  6
AUSGEZOGEN
 62
     7
370
    50
100
AcDbLine
 10
354.745616737633
 20
-99.748599595293
 30
0.0
 11
354.93148770183
 21
-99.691773138746
 31
0.0
  0
LINE
  5
234
330
193
100
AcDbEntity
  8
Layer11
  6
AUSGEZOGEN
 62
     7
370
    50
100
AcDbLine
 10
354.93148770183
 20
-99.691773138746
 30
0.0
 11
354.334759848749
 21
-99.245642718284
 31
0.0
  0
LWPOLYLINE
  5
235
330
193
100
AcDbEntity
  8
Layer11
  6
AUSGEZOGEN
 62
     7
370
    50
100
AcDbPolyline
 90
      404
 70
     0
 43
0.0
 10
353.661111955748
 20
-98.547918183834
 10
353.670731229297
 20
-98.544951967608
 10
353.680343201415
 20
-98.541988141835
 10
353.689940570676
 20
-98.539029096968
 10
353.699516035646
 20
-98.536077223463
 10
353.709062294897
 20
-98.533134911771
 10
353.718572046999
 20
-98.530204552345
 10
353.728037990524
 20
-98.527288535641
 10
353.73745282404
 20
-98.524389252109
 10
353.746809246117
 20
-98.521509092205
 10
353.756099955328
 20
-98.518650446382
 10
353.765317650239
 20
-98.515815705093
 10
353.774455029425
 20
-98.513007258791
 10
353.783504791453
 20
-98.51022749793
 10
353.792459634895
 20
-98.507478812962
 10
353.80131225832
 20
-98.504763594343
 10
353.8100553603
 20
-98.502084232525
 10
353.818681639401
 20
-98.499443117961
 10
353.8271837942
 20
-98.496842641105
 10
353.835554523261
 20
-98.49428519241
 10
353.843786525158
 20
-98.49177316233
 10
353.851872498459
 20
-98.489308941317
 10
353.859805141736
 20
-98.486894919826
 10
353.867577153557
 20
-98.48453348831
 10
353.875181232496
 20
-98.482227037222
 10
353.882610077119
 20
-98.479977957016
 10
353.889856386
 20
-98.477788638144
 10
353.896912857707
 20
-98.475661471061
 10
353.90377219081
 20
-98.47359884622
 10
353.91042708388
 20
-98.471603154074
 10
353.916870235488
 20
-98.469676785076
 10
353.923094344204
 20
-98.467822129681
 10
353.929094711812
 20
-98.466040834535
 10
353.93487705296
 20
-98.464331571062
 10
353.94044968551
 20
-98.46269226688
 10
353.945820927325
 20
-98.461120849608
 10
353.950999096267
 20
-98.459615246862
 10
353.955992510197
 20
-98.458173386261
 10
353.960809486978
 20
-98.456793195423
 10
353.965458344472
 20
-98.455472601965
 10
353.969947400543
 20
-98.454209533505
 10
353.97428497305
 20
-98.453001917662
 10
353.978479379857
 20
-98.451847682052
 10
353.982538938825
 20
-98.450744754296
 10
353.986471967819
 20
-98.449691062007
 10
353.990286784698
 20
-98.448684532808
 10
353.993991707326
 20
-98.447723094314
 10
353.997595053565
 20
-98.446804674143
 10
354.001105141277
 20
-98.445927199914
 10
354.004530288323
 20
-98.445088599244
 10
354.007878812569
 20
-98.444286799751
 10
354.01115903187
 20
-98.443519729053
 10
354.014379264098
 20
-98.442785314767
 10
354.017547827107
 20
-98.442081484513
 10
354.020673038762
 20
-98.441406165906
 10
354.023763216927
 20
-98.440757286568
 10
354.026826679461
 20
-98.440132774112
 10
354.029871744228
 20
-98.439530556158
 10
354.032906729092
 20
-98.438948560326
 10
354.035939951911
 20
-98.438384714231
 10
354.038979730551
 20
-98.437836945491
 10
354.04203438287
 20
-98.437303181725
 10
354.045112226735
 20
-98.436781350551
 10
354.048219809549
 20
-98.436269763038
 10
354.051356596905
 20
-98.435768264061
 10
354.05452028393
 20
-98.43527708195
 10
354.057708565759
 20
-98.43479644503
 10
354.060919137524
 20
-98.434326581631
 10
354.064149694361
 20
-98.433867720079
 10
354.067397931398
 20
-98.433420088701
 10
354.07066154377
 20
-98.432983915827
 10
354.073938226609
 20
-98.432559429782
 10
354.07722567505
 20
-98.432146858897
 10
354.080521584223
 20
-98.431746431495
 10
354.08382364926
 20
-98.431358375908
 10
354.087129565296
 20
-98.43098292046
 10
354.090437027464
 20
-98.430620293481
 10
354.093743730893
 20
-98.430270723298
 10
354.09704737072
 20
-98.429934438239
 10
354.100345642077
 20
-98.42961166663
 10
354.103636240094
 20
-98.4293026368
 10
354.106916859906
 20
-98.429007577077
 10
354.110185196643
 20
-98.428726715788
 10
354.113438945442
 20
-98.42846028126
 10
354.116675801432
 20
-98.42820850182
 10
354.119893459747
 20
-98.427971605798
 10
354.123089615521
 20
-98.427749821521
 10
354.126261963884
 20
-98.427543377315
 10
354.12940819997
 20
-98.427352501508
 10
354.132526018912
 20
-98.427177422429
 10
354.135613115843
 20
-98.427018368404
 10
354.138667185893
 20
-98.426875567762
 10
354.141685924198
 20
-98.42674924883
 10
354.14466702589
 20
-98.426639639934
 10
354.147609059683
 20
-98.426547096005
 10
354.150514088619
 20
-98.426472478368
 10
354.153385049316
 20
-98.426416774951
 10
354.156224878403
 20
-98.42638097368
 10
354.1590365125
 20
-98.426366062484
 10
354.161822888229
 20
-98.426373029288
 10
354.164586942216
 20
-98.426402862022
 10
354.167331611081
 20
-98.426456548611
 10
354.170059831448
 20
-98.426535076984
 10
354.172774539937
 20
-98.426639435067
 10
354.175478673176
 20
-98.426770610788
 10
354.178175167783
 20
-98.426929592072
 10
354.180866960384
 20
-98.427117366849
 10
354.183556987599
 20
-98.427334923047
 10
354.186248186054
 20
-98.42758324859
 10
354.188943492369
 20
-98.427863331408
 10
354.191645843168
 20
-98.428176159426
 10
354.194358175075
 20
-98.428522720573
 10
354.19708342471
 20
-98.428904002774
 10
354.199824528698
 20
-98.42932099396
 10
354.202584423662
 20
-98.429774682055
 10
354.205366046223
 20
-98.430266054987
 10
354.208172333005
 20
-98.430796100683
 10
354.21100622063
 20
-98.431365807073
 10
354.213870645723
 20
-98.431976162081
 10
354.216768544902
 20
-98.432628153634
 10
354.219702854796
 20
-98.433322769662
 10
354.222676512023
 20
-98.43406099809
 10
354.225692453209
 20
-98.434843826846
 10
354.228753614974
 20
-98.435672243858
 10
354.231862933943
 20
-98.436547237052
 10
354.23502238487
 20
-98.437469590286
 10
354.238230095032
 20
-98.438439271136
 10
354.241483229846
 20
-98.43945604311
 10
354.244778954719
 20
-98.440519669714
 10
354.248114435064
 20
-98.441629914456
 10
354.251486836293
 20
-98.442786540841
 10
354.254893323814
 20
-98.443989312377
 10
354.258331063044
 20
-98.445237992571
 10
354.261797219391
 20
-98.446532344929
 10
354.265288958268
 20
-98.44787213296
 10
354.268803445084
 20
-98.449257120167
 10
354.272337845254
 20
-98.450687070061
 10
354.275889324186
 20
-98.452161746145
 10
354.279455047296
 20
-98.453680911929
 10
354.28303217999
 20
-98.455244330919
 10
354.286617887683
 20
-98.456851766621
 10
354.290209335786
 20
-98.458502982543
 10
354.293803689711
 20
-98.460197742191
 10
354.297398114866
 20
-98.461935809071
 10
354.300989776666
 20
-98.463716946692
 10
354.304575840523
 20
-98.46554091856
 10
354.308153471844
 20
-98.467407488181
 10
354.311719836045
 20
-98.469316419063
 10
354.315272098538
 20
-98.471267474712
 10
354.31880742473
 20
-98.473260418636
 10
354.322322980035
 20
-98.47529501434
 10
354.325815929866
 20
-98.477371025332
 10
354.329283439631
 20
-98.479488215119
 10
354.332722674744
 20
-98.481646347208
 10
354.336130800617
 20
-98.483845185105
 10
354.339504982658
 20
-98.486084492317
 10
354.342842889441
 20
-98.488363903918
 10
354.346144202155
 20
-98.490682541244
 10
354.34940910516
 20
-98.493039397196
 10
354.352637782804
 20
-98.49543346468
 10
354.355830419445
 20
-98.497863736598
 10
354.35898719943
 20
-98.500329205851
 10
354.36210830712
 20
-98.502828865343
 10
354.36519392686
 20
-98.505361707977
 10
354.368244243007
 20
-98.507926726656
 10
354.371259439915
 20
-98.510522914281
 10
354.374239701938
 20
-98.513149263757
 10
354.377185213425
 20
-98.515804767986
 10
354.380096158733
 20
-98.518488419871
 10
354.382972722211
 20
-98.521199212314
 10
354.385815088217
 20
-98.523936138218
 10
354.388623441102
 20
-98.526698190487
 10
354.391397965217
 20
-98.529484362022
 10
354.39413884492
 20
-98.532293645727
 10
354.396846264559
 20
-98.535125034505
 10
354.39952040849
 20
-98.537977521258
 10
354.402161461067
 20
-98.540850098889
 10
354.404769606639
 20
-98.543741760301
 10
354.407345029564
 20
-98.546651498396
 10
354.409887914193
 20
-98.549578306078
 10
354.412398444878
 20
-98.55252117625
 10
354.414876805973
 20
-98.555479101813
 10
354.417323181833
 20
-98.558451075672
 10
354.419737756809
 20
-98.561436090728
 10
354.422120715255
 20
-98.564433139883
 10
354.424472241523
 20
-98.567441216043
 10
354.426792519968
 20
-98.570459312109
 10
354.42908166053
 20
-98.573486911466
 10
354.431339475512
 20
-98.576525459426
 10
354.433565702806
 20
-98.579576891788
 10
354.435760080303
 20
-98.582643144344
 10
354.437922345893
 20
-98.585726152891
 10
354.440052237466
 20
-98.588827853225
 10
354.442149492914
 20
-98.59195018114
 10
354.444213850127
 20
-98.595095072434
 10
354.446245046998
 20
-98.5982644629
 10
354.448242821416
 20
-98.601460288334
 10
354.450206911273
 20
-98.604684484533
 10
354.452137054459
 20
-98.607938987291
 10
354.454032988866
 20
-98.611225732405
 10
354.455894452385
 20
-98.614546655668
 10
354.457721182906
 20
-98.617903692879
 10
354.459512918322
 20
-98.62129877983
 10
354.461269396521
 20
-98.624733852319
 10
354.462990355394
 20
-98.62821084614
 10
354.464675532836
 20
-98.63173169709
 10
354.466324666733
 20
-98.635298340963
 10
354.467937494981
 20
-98.638912713555
 10
354.469513755467
 20
-98.642576750663
 10
354.47105318608
 20
-98.646292388081
 10
354.472555524719
 20
-98.650061561604
 10
354.474020509268
 20
-98.653886207028
 10
354.47544787762
 20
-98.65776826015
 10
354.476837367665
 20
-98.661709656763
 10
354.478188717296
 20
-98.665712332665
 10
354.479501664402
 20
-98.66977822365
 10
354.480775946877
 20
-98.673909265513
 10
354.482011302607
 20
-98.678107394052
 10
354.483207414997
 20
-98.68237365096
 10
354.484363749474
 20
-98.686705501535
 10
354.485479716978
 20
-98.691099516975
 10
354.486554728448
 20
-98.695552268473
 10
354.487588194825
 20
-98.700060327228
 10
354.488579527046
 20
-98.704620264438
 10
354.489528136053
 20
-98.709228651298
 10
354.490433432784
 20
-98.713882059005
 10
354.491294828178
 20
-98.718577058757
 10
354.492111733176
 20
-98.723310221749
 10
354.492883558716
 20
-98.728078119178
 10
354.493609715735
 20
-98.732877322242
 10
354.494289615177
 20
-98.737704402137
 10
354.494922667978
 20
-98.742555930059
 10
354.495508285079
 20
-98.747428477207
 10
354.496045877419
 20
-98.752318614776
 10
354.496534855936
 20
-98.757222913962
 10
354.496974631571
 20
-98.762137945964
 10
354.497364615261
 20
-98.767060281977
 10
354.497704217949
 20
-98.771986493199
 10
354.497992850573
 20
-98.776913150826
 10
354.498229924069
 20
-98.781836826055
 10
354.498414849382
 20
-98.786754090082
 10
354.498547037447
 20
-98.791661514105
 10
354.498625899203
 20
-98.79655566932
 10
354.498650845593
 20
-98.801433126924
 10
354.498621287554
 20
-98.806290458115
 10
354.498536636025
 20
-98.811124234086
 10
354.498396301948
 20
-98.815931026038
 10
354.498199696258
 20
-98.820707405166
 10
354.497946229896
 20
-98.825449942666
 10
354.497635223921
 20
-98.830155970392
 10
354.497265639862
 20
-98.834825862822
 10
354.496836349365
 20
-98.839460755089
 10
354.496346224078
 20
-98.844061782327
 10
354.495794135646
 20
-98.84863007967
 10
354.49517895572
 20
-98.853166782253
 10
354.494499555944
 20
-98.857673025207
 10
354.493754807965
 20
-98.862149943669
 10
354.492943583435
 20
-98.866598672772
 10
354.492064753995
 20
-98.871020347649
 10
354.491117191297
 20
-98.875416103435
 10
354.490099766985
 20
-98.879787075262
 10
354.489011352707
 20
-98.884134398267
 10
354.487850820111
 20
-98.888459207581
 10
354.486617040846
 20
-98.892762638339
 10
354.485308886553
 20
-98.897045825676
 10
354.483925228886
 20
-98.901309904724
 10
354.482464939489
 20
-98.905556010618
 10
354.48092689001
 20
-98.909785278492
 10
354.479309952094
 20
-98.913998843479
 10
354.477612997393
 20
-98.918197840713
 10
354.475834897549
 20
-98.922383405328
 10
354.473974524212
 20
-98.92655667246
 10
354.472030749028
 20
-98.930718777239
 10
354.470002443646
 20
-98.934870854802
 10
354.467888479712
 20
-98.939014040282
 10
354.465687728873
 20
-98.943149468812
 10
354.463399062777
 20
-98.947278275527
 10
354.461021353071
 20
-98.951401595561
 10
354.458553471401
 20
-98.955520564047
 10
354.455994289414
 20
-98.95963631612
 10
354.45334381781
 20
-98.96374922399
 10
354.450606623476
 20
-98.96785660818
 10
354.447788412359
 20
-98.97195502629
 10
354.444894890396
 20
-98.976041035919
 10
354.441931763531
 20
-98.980111194665
 10
354.438904737705
 20
-98.984162060132
 10
354.435819518858
 20
-98.988190189916
 10
354.432681812934
 20
-98.992192141617
 10
354.429497325873
 20
-98.996164472836
 10
354.426271763618
 20
-99.000103741173
 10
354.423010832108
 20
-99.004006504226
 10
354.419720237285
 20
-99.007869319595
 10
354.416405685093
 20
-99.011688744879
 10
354.413072881471
 20
-99.01546133768
 10
354.409727532362
 20
-99.019183655596
 10
354.406375343708
 20
-99.022852256227
 10
354.403022021447
 20
-99.026463697171
 10
354.399673271522
 20
-99.030014536031
 10
354.396334799878
 20
-99.033501330404
 10
354.393012312452
 20
-99.03692063789
 10
354.389711515189
 20
-99.04026901609
 10
354.386438114027
 20
-99.043543022603
 10
354.38319781491
 20
-99.046739215027
 10
354.37999632378
 20
-99.049854150963
 10
354.376839346576
 20
-99.052884388012
 10
354.37373258924
 20
-99.055826483771
 10
354.370681757717
 20
-99.058676995842
 10
354.367692557944
 20
-99.061432481823
 10
354.364770695864
 20
-99.064089499315
 10
354.361921877419
 20
-99.066644605916
 10
354.359151808552
 20
-99.069094359226
 10
354.356464550612
 20
-99.071436574878
 10
354.353857586604
 20
-99.073674100628
 10
354.351326754939
 20
-99.075811042264
 10
354.348867894027
 20
-99.077851505575
 10
354.346476842284
 20
-99.079799596353
 10
354.344149438119
 20
-99.081659420382
 10
354.341881519948
 20
-99.083435083455
 10
354.339668926179
 20
-99.085130691358
 10
354.337507495228
 20
-99.086750349882
 10
354.335393065505
 20
-99.088298164815
 10
354.333321475424
 20
-99.089778241944
 10
354.331288563395
 20
-99.091194687061
 10
354.329290167834
 20
-99.092551605953
 10
354.32732212715
 20
-99.09385310441
 10
354.325380279757
 20
-99.095103288219
 10
354.323460464068
 20
-99.096306263171
 10
354.321558518494
 20
-99.097466135054
 10
354.319670281446
 20
-99.098587009656
 10
354.31779159134
 20
-99.099672992767
 10
354.315918286586
 20
-99.100728190174
 10
354.314046205596
 20
-99.101756707669
 10
354.312171186783
 20
-99.102762651039
 10
354.310289068561
 20
-99.103750126072
 10
354.308395689339
 20
-99.104723238558
 10
354.306486887532
 20
-99.105686094286
 10
354.304558501552
 20
-99.106642799044
 10
354.302606369809
 20
-99.107597458623
 10
354.300626330718
 20
-99.108554178809
 10
354.298614222691
 20
-99.109517065393
 10
354.296565884141
 20
-99.110490224162
 10
354.294477153477
 20
-99.111477760905
 10
354.292344221514
 20
-99.112483102843
 10
354.290164688664
 20
-99.113506962909
 10
354.287936507743
 20
-99.114549375467
 10
354.285657631559
 20
-99.115610374883
 10
354.28332601293
 20
-99.116689995521
 10
354.280939604665
 20
-99.117788271745
 10
354.278496359579
 20
-99.11890523792
 10
354.275994230484
 20
-99.120040928412
 10
354.273431170194
 20
-99.121195377583
 10
354.270805131522
 20
-99.122368619799
 10
354.268114067281
 20
-99.123560689425
 10
354.265355930284
 20
-99.124771620825
 10
354.262528673342
 20
-99.126001448364
 10
354.259630249271
 20
-99.127250206406
 10
354.256658610884
 20
-99.128517929315
 10
354.253611710992
 20
-99.129804651458
 10
354.250487502408
 20
-99.131110407197
 10
354.247283937946
 20
-99.132435230897
 10
354.243998970418
 20
-99.133779156923
 10
354.24063055264
 20
-99.13514221964
 10
354.237176637422
 20
-99.136524453413
 10
354.233635177578
 20
-99.137925892604
 10
354.230004125921
 20
-99.139346571581
 10
354.226281435264
 20
-99.140786524707
 10
354.22246505842
 20
-99.142245786346
 10
354.218552948201
 20
-99.143724390864
 10
354.214543057422
 20
-99.145222372624
 10
354.210433338895
 20
-99.146739765991
 10
354.206221745433
 20
-99.14827660533
 10
354.20190622985
 20
-99.149832925006
 10
354.197484744957
 20
-99.151408759382
 10
354.192956165498
 20
-99.153004031995
 10
354.18832305395
 20
-99.154618223058
 10
354.18358889471
 20
-99.156250701956
 10
354.178757172184
 20
-99.157900838075
 10
354.173831370774
 20
-99.159568000799
 10
354.168814974885
 20
-99.161251559514
 10
354.163711468917
 20
-99.162950883605
 10
354.158524337274
 20
-99.164665342456
 10
354.153257064361
 20
-99.166394305453
 10
354.147913134581
 20
-99.16813714198
 10
354.142496032335
 20
-99.169893221422
 10
354.137009242028
 20
-99.171661913164
 10
354.131456248062
 20
-99.173442586593
 10
354.125840534838
 20
-99.175234611091
 10
354.120165586765
 20
-99.177037356045
 10
354.114434888241
 20
-99.178850190839
 10
354.108651923671
 20
-99.180672484858
 10
354.102820177457
 20
-99.182503607488
 10
354.096943134002
 20
-99.184342928113
 10
354.09102427771
 20
-99.186189816118
 10
354.085067092987
 20
-99.188043640888
 10
354.07907506423
 20
-99.189903771809
 10
354.073051675845
 20
-99.191769578264
 10
354.067000412237
 20
-99.19364042964
 10
354.060924757807
 20
-99.195515695321
 10
354.054828196959
 20
-99.197394744692
 10
354.048714214094
 20
-99.199276947138
 10
354.042586293617
 20
-99.201161672045
 10
354.036447919931
 20
-99.203048288796
 10
354.030302577439
 20
-99.204936166778
 10
354.024153750543
 20
-99.206824675373
  0
LWPOLYLINE
  5
236
330
193
100
AcDbEntity
  8
Layer11
  6
AUSGEZOGEN
 62
     7
370
    50
100
AcDbPolyline
 90
      373
 70
     0
 43
0.0
 10
353.468718841643
 20
-98.455281602221
 10
353.483042754641
 20
-98.450884888856
 10
353.497353892344
 20
-98.446492190377
 10
353.511639479457
 20
-98.442107521667
 10
353.52588674069
 20
-98.437734897612
 10
353.540082900745
 20
-98.433378333097
 10
353.554215184333
 20
-98.429041843006
 10
353.568270816155
 20
-98.424729442223
 10
353.582237020917
 20
-98.420445145635
 10
353.596101023328
 20
-98.416192968126
 10
353.609850048093
 20
-98.411976924581
 10
353.623471319918
 20
-98.407801029884
 10
353.636952063507
 20
-98.403669298921
 10
353.650279503567
 20
-98.399585746577
 10
353.663440864806
 20
-98.395554387736
 10
353.676423371928
 20
-98.391579237283
 10
353.68921424964
 20
-98.387664310103
 10
353.701800722647
 20
-98.383813621082
 10
353.714170015654
 20
-98.380031185103
 10
353.72630935337
 20
-98.376321017051
 10
353.738205960497
 20
-98.372687131812
 10
353.749847061745
 20
-98.369133544271
 10
353.761219881817
 20
-98.365664269311
 10
353.77231164542
 20
-98.36228332182
 10
353.78310957726
 20
-98.35899471668
 10
353.793600902043
 20
-98.355802468777
 10
353.803772844476
 20
-98.352710592996
 10
353.813612629263
 20
-98.349723104221
 10
353.82310748111
 20
-98.346844017338
 10
353.832244624726
 20
-98.344077347232
 10
353.841011284813
 20
-98.341427108787
 10
353.849394686078
 20
-98.338897316888
 10
353.857386803797
 20
-98.336490616678
 10
353.864998615514
 20
-98.334204174339
 10
353.872245849347
 20
-98.332033786309
 10
353.879144233406
 20
-98.329975249026
 10
353.88570949581
 20
-98.328024358929
 10
353.891957364671
 20
-98.326176912458
 10
353.897903568104
 20
-98.324428706052
 10
353.903563834223
 20
-98.322775536148
 10
353.908953891145
 20
-98.321213199186
 10
353.914089466982
 20
-98.319737491605
 10
353.918986289849
 20
-98.318344209843
 10
353.923660087863
 20
-98.317029150341
 10
353.928126589137
 20
-98.315788109536
 10
353.932401521785
 20
-98.314616883867
 10
353.936500613922
 20
-98.313511269773
 10
353.940439593662
 20
-98.312467063693
 10
353.944234189119
 20
-98.311480062066
 10
353.947900128413
 20
-98.310546061331
 10
353.951453139651
 20
-98.309660857927
 10
353.954908950953
 20
-98.308820248292
 10
353.958283290431
 20
-98.308020028865
 10
353.9615918862
 20
-98.307255996086
 10
353.964850466375
 20
-98.306523946392
 10
353.96807475907
 20
-98.305819676224
 10
353.971280492402
 20
-98.305138982019
 10
353.974483394483
 20
-98.304477660218
 10
353.977699193427
 20
-98.303831507257
 10
353.980943617351
 20
-98.303196319578
 10
353.984232394369
 20
-98.302567893617
 10
353.987581252594
 20
-98.301942025815
 10
353.991005920143
 20
-98.30131451261
 10
353.99451840311
 20
-98.300681931616
 10
353.998115819523
 20
-98.300043985148
 10
354.001791565386
 20
-98.299401156694
 10
354.005539036709
 20
-98.298753929746
 10
354.009351629498
 20
-98.298102787794
 10
354.013222739759
 20
-98.297448214326
 10
354.017145763501
 20
-98.296790692833
 10
354.02111409673
 20
-98.296130706805
 10
354.025121135454
 20
-98.295468739731
 10
354.029160275677
 20
-98.294805275102
 10
354.033224913412
 20
-98.294140796406
 10
354.03730844466
 20
-98.293475787134
 10
354.041404265432
 20
-98.292810730775
 10
354.045505771734
 20
-98.29214611082
 10
354.049606359573
 20
-98.291482410758
 10
354.053699424956
 20
-98.29082011408
 10
354.057778363889
 20
-98.290159704274
 10
354.061836572382
 20
-98.28950166483
 10
354.065867446441
 20
-98.28884647924
 10
354.069864382073
 20
-98.28819463099
 10
354.073820775284
 20
-98.287546603573
 10
354.07773002208
 20
-98.286902880478
 10
354.081585518474
 20
-98.286263945195
 10
354.085380660467
 20
-98.285630281212
 10
354.089108844068
 20
-98.285002372022
 10
354.092763465284
 20
-98.284380701112
 10
354.096337920124
 20
-98.283765751974
 10
354.099825604593
 20
-98.283158008096
 10
354.103219914698
 20
-98.282557952968
 10
354.106514246449
 20
-98.281966070081
 10
354.109701995849
 20
-98.281382842923
 10
354.112779364005
 20
-98.280809038772
 10
354.115753772409
 20
-98.280246560043
 10
354.118635447649
 20
-98.279697592943
 10
354.121434616314
 20
-98.279164323674
 10
354.124161504995
 20
-98.278648938441
 10
354.126826340282
 20
-98.278153623446
 10
354.129439348761
 20
-98.277680564895
 10
354.132010757023
 20
-98.27723194899
 10
354.134550791656
 20
-98.276809961937
 10
354.137069679253
 20
-98.276416789939
 10
354.139577646398
 20
-98.276054619198
 10
354.142084919684
 20
-98.275725635921
 10
354.144601725699
 20
-98.275432026309
 10
354.147138291033
 20
-98.275175976569
 10
354.149704842274
 20
-98.274959672901
 10
354.152311606011
 20
-98.274785301513
 10
354.154968808835
 20
-98.274655048605
 10
354.157686677334
 20
-98.274571100384
 10
354.160475438097
 20
-98.274535643051
 10
354.163345317715
 20
-98.274550862813
 10
354.166306542775
 20
-98.274618945872
 10
354.169369339869
 20
-98.274742078432
 10
354.172543935583
 20
-98.274922446696
 10
354.175840556507
 20
-98.275162236871
 10
354.179269429233
 20
-98.275463635156
 10
354.182840780348
 20
-98.27582882776
 10
354.18656483644
 20
-98.276260000884
 10
354.190451824099
 20
-98.276759340732
 10
354.194511969918
 20
-98.277329033508
 10
354.198755500482
 20
-98.277971265417
 10
354.203192642381
 20
-98.278688222661
 10
354.207830256088
 20
-98.279481655309
 10
354.212661737613
 20
-98.280351568876
 10
354.217677116842
 20
-98.281297532742
 10
354.222866423672
 20
-98.282319116288
 10
354.22821968799
 20
-98.283415888894
 10
354.233726939691
 20
-98.284587419939
 10
354.239378208662
 20
-98.285833278804
 10
354.245163524798
 20
-98.287153034868
 10
354.251072917989
 20
-98.28854625751
 10
354.257096418125
 20
-98.290012516112
 10
354.263224055098
 20
-98.291551380053
 10
354.2694458588
 20
-98.293162418713
 10
354.275751859121
 20
-98.294845201472
 10
354.282132085955
 20
-98.296599297709
 10
354.28857656919
 20
-98.298424276804
 10
354.295075338718
 20
-98.300319708139
 10
354.30161842443
 20
-98.302285161092
 10
354.30819585622
 20
-98.304320205043
 10
354.314797663976
 20
-98.306424409373
 10
354.321413877591
 20
-98.308597343461
 10
354.328034526956
 20
-98.310838576686
 10
354.334649641962
 20
-98.313147678431
 10
354.341249252499
 20
-98.315524218073
 10
354.34782338846
 20
-98.317967764991
 10
354.354362079736
 20
-98.320477888569
 10
354.360855356217
 20
-98.323054158184
 10
354.367293247797
 20
-98.325696143216
 10
354.373665784366
 20
-98.328403413047
 10
354.379962995812
 20
-98.331175537054
 10
354.38617491203
 20
-98.334012084619
 10
354.392291562912
 20
-98.336912625121
 10
354.398305018438
 20
-98.339876936446
 10
354.404215508965
 20
-98.342905630506
 10
354.41002530494
 20
-98.345999527717
 10
354.415736676807
 20
-98.349159448499
 10
354.421351895015
 20
-98.352386213267
 10
354.426873230008
 20
-98.355680642439
 10
354.432302952239
 20
-98.359043556434
 10
354.437643332147
 20
-98.362475775668
 10
354.442896640183
 20
-98.365978120558
 10
354.448065146793
 20
-98.369551411522
 10
354.453151122423
 20
-98.373196468978
 10
354.45815683752
 20
-98.376914113343
 10
354.463084562533
 20
-98.380705165035
 10
354.467936567904
 20
-98.38457044447
 10
354.472715124082
 20
-98.388510772066
 10
354.477422501517
 20
-98.392526968242
 10
354.482060970651
 20
-98.396619853414
 10
354.486632801931
 20
-98.400790247999
 10
354.491140265807
 20
-98.405038972416
 10
354.495585632724
 20
-98.409366847081
 10
354.499971173127
 20
-98.413774692412
 10
354.504299157467
 20
-98.418263328826
 10
354.508571856184
 20
-98.422833576742
 10
354.512791539732
 20
-98.427486256576
 10
354.516960478552
 20
-98.432222188746
 10
354.521080943094
 20
-98.437042193669
 10
354.525155203803
 20
-98.441947091763
 10
354.529185531128
 20
-98.446937703445
 10
354.533174195513
 20
-98.452014849133
 10
354.537123467406
 20
-98.457179349243
 10
354.541035617253
 20
-98.462432024195
 10
354.544912220539
 20
-98.467772698345
 10
354.548752072891
 20
-98.47319721182
 10
354.552553274976
 20
-98.478700408685
 10
354.556313927462
 20
-98.484277133007
 10
354.560032131012
 20
-98.489922228851
 10
354.563705986293
 20
-98.495630540286
 10
354.567333593974
 20
-98.501396911375
 10
354.570913054715
 20
-98.507216186186
 10
354.574442469188
 20
-98.513083208786
 10
354.577919938056
 20
-98.518992823239
 10
354.581343561986
 20
-98.524939873614
 10
354.584711441643
 20
-98.530919203975
 10
354.588021677693
 20
-98.536925658389
 10
354.591272370803
 20
-98.542954080923
 10
354.59446162164
 20
-98.548999315643
 10
354.597587530867
 20
-98.555056206613
 10
354.600648199154
 20
-98.561119597902
 10
354.603641727163
 20
-98.567184333575
 10
354.606566215562
 20
-98.573245257699
 10
354.609419765017
 20
-98.579297214341
 10
354.612200476195
 20
-98.585335047565
 10
354.614906449761
 20
-98.591353601438
 10
354.61753578638
 20
-98.597347720028
 10
354.620086586718
 20
-98.603312247398
 10
354.622556951445
 20
-98.609242027618
 10
354.624944981222
 20
-98.615131904751
 10
354.627248776718
 20
-98.620976722867
 10
354.629466438597
 20
-98.626771326028
 10
354.631596067528
 20
-98.632510558303
 10
354.633635764174
 20
-98.638189263756
 10
354.635583629203
 20
-98.643802286457
 10
354.637438393977
 20
-98.649345763331
 10
354.639201312648
 20
-98.654821002753
 10
354.640874270061
 20
-98.66023060596
 10
354.642459151064
 20
-98.665577174189
 10
354.643957840506
 20
-98.670863308676
 10
354.645372223235
 20
-98.676091610656
 10
354.646704184095
 20
-98.681264681368
 10
354.647955607936
 20
-98.686385122047
 10
354.649128379604
 20
-98.69145553393
 10
354.65022438395
 20
-98.696478518254
 10
354.651245505815
 20
-98.701456676253
 10
354.652193630053
 20
-98.706392609166
 10
354.653070641507
 20
-98.711288918229
 10
354.653878425026
 20
-98.716148204678
 10
354.654618865458
 20
-98.720973069749
 10
354.655293847651
 20
-98.72576611468
 10
354.65590525645
 20
-98.730529940705
 10
354.656454976703
 20
-98.735267149063
 10
354.656944893261
 20
-98.73998034099
 10
354.657376890966
 20
-98.744672117722
 10
354.65775285467
 20
-98.749345080495
 10
354.658074669216
 20
-98.754001830545
 10
354.658344219455
 20
-98.758644969111
 10
354.658563390234
 20
-98.763277097427
 10
354.658734066399
 20
-98.767900816731
 10
354.6588581328
 20
-98.772518728258
 10
354.658937474282
 20
-98.777133433245
 10
354.658973975691
 20
-98.781747532928
 10
354.658969521879
 20
-98.786363628546
 10
354.65892599769
 20
-98.790984321333
 10
354.658845287973
 20
-98.795612212526
 10
354.65872889978
 20
-98.800249298462
 10
354.658576828983
 20
-98.804895155885
 10
354.658388693661
 20
-98.809548756636
 10
354.658164111892
 20
-98.81420907256
 10
354.657902701754
 20
-98.818875075498
 10
354.657604081324
 20
-98.823545737294
 10
354.657267868681
 20
-98.828220029791
 10
354.656893681902
 20
-98.832896924833
 10
354.656481139066
 20
-98.837575394263
 10
354.65602985825
 20
-98.842254409923
 10
354.655539457534
 20
-98.846932943657
 10
354.655009554992
 20
-98.851609967307
 10
354.654439768707
 20
-98.856284452717
 10
354.653829716752
 20
-98.860955371731
 10
354.653179017209
 20
-98.86562169619
 10
354.652487288153
 20
-98.870282397938
 10
354.651754147664
 20
-98.874936448819
 10
354.650979213817
 20
-98.879582820677
 10
354.650162104696
 20
-98.884220485352
 10
354.649302438371
 20
-98.888848414688
 10
354.648399832926
 20
-98.89346558053
 10
354.647453906437
 20
-98.89807095472
 10
354.646464276983
 20
-98.9026635091
 10
354.64543056264
 20
-98.907242215515
 10
354.644352381485
 20
-98.911806045807
 10
354.643229351601
 20
-98.916353971819
 10
354.642061091061
 20
-98.920884965394
 10
354.640847217943
 20
-98.925397998377
 10
354.63958735033
 20
-98.929892042608
 10
354.638281106294
 20
-98.934366069933
 10
354.636928103917
 20
-98.938819052194
 10
354.635528081568
 20
-98.943250145617
 10
354.634081258788
 20
-98.947659243961
 10
354.632587975413
 20
-98.952046425366
 10
354.631048571277
 20
-98.956411767977
 10
354.629463386211
 20
-98.960755349935
 10
354.627832760052
 20
-98.965077249381
 10
354.626157032635
 20
-98.969377544458
 10
354.624436543791
 20
-98.973656313307
 10
354.622671633357
 20
-98.977913634071
 10
354.620862641165
 20
-98.98214958489
 10
354.619009907052
 20
-98.986364243908
 10
354.617113770848
 20
-98.990557689265
 10
354.615174572391
 20
-98.994729999105
 10
354.613192651516
 20
-98.998881251568
 10
354.611168348052
 20
-99.003011524797
 10
354.609102001838
 20
-99.007120896935
 10
354.606993952704
 20
-99.01120944612
 10
354.604844540489
 20
-99.015277250498
 10
354.602654105023
 20
-99.019324388209
 10
354.600422986143
 20
-99.023350937396
 10
354.598151523682
 20
-99.027356976199
 10
354.595840057473
 20
-99.031342582762
 10
354.593488927352
 20
-99.035307835225
 10
354.591098473153
 20
-99.039252811732
 10
354.588669034711
 20
-99.043177590423
 10
354.586200951857
 20
-99.047082249441
 10
354.583694564426
 20
-99.050966866927
 10
354.581150212256
 20
-99.054831521024
 10
354.578568235178
 20
-99.058676289874
 10
354.575948973026
 20
-99.062501251618
 10
354.573292765634
 20
-99.066306484398
 10
354.570599850227
 20
-99.070091933851
 10
354.56787005359
 20
-99.073857015597
 10
354.565103099893
 20
-99.07760101275
 10
354.56229871331
 20
-99.081323208424
 10
354.559456618015
 20
-99.085022885733
 10
354.556576538182
 20
-99.088699327793
 10
354.553658197982
 20
-99.092351817715
 10
354.55070132159
 20
-99.095979638615
 10
354.547705633177
 20
-99.099582073608
 10
354.544670856918
 20
-99.103158405807
 10
354.541596716987
 20
-99.106707918329
 10
354.538482937555
 20
-99.110229894284
 10
354.535329242797
 20
-99.113723616789
 10
354.532135356885
 20
-99.117188368959
 10
354.528901003993
 20
-99.120623433905
 10
354.525625908293
 20
-99.124028094744
 10
354.522309793958
 20
-99.127401634591
 10
354.518952385162
 20
-99.130743336557
 10
354.515553406082
 20
-99.134052483759
 10
354.512112580884
 20
-99.13732835931
 10
354.508629633745
 20
-99.140570246325
 10
354.505104288839
 20
-99.143777427918
 10
354.501536270338
 20
-99.146949187203
 10
354.497925302414
 20
-99.150084807296
 10
354.494271109241
 20
-99.153183571308
 10
354.490573414995
 20
-99.156244762355
 10
354.486831943843
 20
-99.159267663552
 10
354.483046419966
 20
-99.162251558013
 10
354.47921656753
 20
-99.16519572885
 10
354.475342110713
 20
-99.168099459182
 10
354.471422773686
 20
-99.170962032118
 10
354.467458569369
 20
-99.173783075388
 10
354.463450665661
 20
-99.176563595161
 10
354.459400519209
 20
-99.179304942221
 10
354.45530958666
 20
-99.182008467352
 10
354.45117932466
 20
-99.184675521336
 10
354.447011189856
 20
-99.187307454957
 10
354.442806638894
 20
-99.189905618998
 10
354.438567128418
 20
-99.192471364242
 10
354.434294115077
 20
-99.195006041472
 10
354.429989055518
 20
-99.197511001472
 10
354.425653406385
 20
-99.199987595024
 10
354.421288624326
 20
-99.202437172913
 10
354.416896165985
 20
-99.20486108592
 10
354.412477488011
 20
-99.207260684831
 10
354.40803404705
 20
-99.209637320426
 10
354.403567299747
 20
-99.21199234349
 10
354.399078702749
 20
-99.214327104806
 10
354.394569712702
 20
-99.216642955158
 10
354.390041786254
 20
-99.218941245328
 10
354.385496380048
 20
-99.2212233261
 10
354.380934950734
 20
-99.223490548256
 10
354.376358954956
 20
-99.22574426258
 10
354.37176984936
 20
-99.227985819854
 10
354.367169090594
 20
-99.230216570864
 10
354.362558135305
 20
-99.232437866393
 10
354.357938440137
 20
-99.234651057221
 10
354.353311461739
 20
-99.236857494132
 10
354.348678656752
 20
-99.239058527912
 10
354.344041481829
 20
-99.241255509341
 10
354.339401393612
 20
-99.243449789205
 10
354.334759848749
 20
-99.245642718284
  0
ARC
  5
237
330
193
100
AcDbEntity
  8
Layer11
  6
AUSGEZOGEN
 62
     7
370
    50
100
AcDbCircle
 10
351.382318586748
 20
-93.946284877184
 30
0.0
 40
0.3746625582724752
100
AcDbArc
 50
197.0
 51
17.0
  0
ARC
  5
238
330
193
100
AcDbEntity
  8
Layer11
  6
AUSGEZOGEN
 62
     7
370
    50
100
AcDbCircle
 10
351.382318586748
 20
-93.946284877184
 30
0.0
 40
0.5315129647662539
100
AcDbArc
 50
197.0
 51
17.0
  0
LINE
  5
239
330
193
100
AcDbEntity
  8
Layer11
  6
AUSGEZOGEN
 62
     7
370
    50
100
AcDbLine
 10
350.874030210686
 20
-94.101684228775
 30
0.0
 11
350.558671658499
 21
-93.070192882595
 31
0.0
  0
LINE
  5
23A
330
193
100
AcDbEntity
  8
Layer11
  6
AUSGEZOGEN
 62
     7
370
    50
100
AcDbLine
 10
351.89060696281
 20
-93.790885525592
 30
0.0
 11
351.575248410624
 21
-92.759394179413
 31
0.0
  0
LINE
  5
23B
330
193
100
AcDbEntity
  8
Layer11
  6
AUSGEZOGEN
 62
     7
370
    50
100
AcDbLine
 10
351.740610173105
 20
-93.836744146325
 30
0.0
 11
351.425251620918
 21
-92.805252800145
 31
0.0
  0
LINE
  5
23C
330
193
100
AcDbEntity
  8
Layer11
  6
AUSGEZOGEN
 62
     7
370
    50
100
AcDbLine
 10
351.024027000391
 20
-94.055825608041
 30
0.0
 11
350.708668448204
 21
-93.024334261861
 31
0.0
  0
LINE
  5
23D
330
193
100
AcDbEntity
  8
Layer11
  6
AUSGEZOGEN
 62
     7
370
    50
100
AcDbLine
 10
350.558671658499
 20
-93.070192882595
 30
0.0
 11
350.708668448204
 21
-93.024334261861
 31
0.0
  0
LINE
  5
23E
330
193
100
AcDbEntity
  8
Layer11
  6
AUSGEZOGEN
 62
     7
370
    50
100
AcDbLine
 10
351.425251620918
 20
-92.805252800145
 30
0.0
 11
351.575248410624
 21
-92.759394179413
 31
0.0
  0
LINE
  5
23F
330
193
100
AcDbEntity
  8
Layer11
  6
AUSGEZOGEN
 62
     7
370
    50
100
AcDbLine
 10
351.705121628647
 20
-92.719687951963
 30
0.0
 11
352.60456034878
 21
-94.134497533556
 31
0.0
  0
LINE
  5
240
330
193
100
AcDbEntity
  8
Layer11
  6
AUSGEZOGEN
 62
     7
370
    50
100
AcDbLine
 10
352.60456034878
 20
-94.134497533556
 30
0.0
 11
352.797841615429
 21
-94.075405520191
 31
0.0
  0
LINE
  5
241
330
193
100
AcDbEntity
  8
Layer11
  6
AUSGEZOGEN
 62
     7
370
    50
100
AcDbLine
 10
352.797841615429
 20
-94.075405520191
 30
0.0
 11
352.738494997917
 21
-92.707739144344
 31
0.0
  0
LINE
  5
242
330
193
100
AcDbEntity
  8
Layer11
  6
AUSGEZOGEN
 62
     7
370
    50
100
AcDbLine
 10
352.738494997917
 20
-92.707739144344
 30
0.0
 11
353.458525977916
 21
-93.873414039817
 31
0.0
  0
LINE
  5
243
330
193
100
AcDbEntity
  8
Layer11
  6
AUSGEZOGEN
 62
     7
370
    50
100
AcDbLine
 10
353.458525977916
 20
-93.873414039817
 30
0.0
 11
353.649541611374
 21
-93.815014700031
 31
0.0
  0
LINE
  5
244
330
193
100
AcDbEntity
  8
Layer11
  6
AUSGEZOGEN
 62
     7
370
    50
100
AcDbLine
 10
353.649541611374
 20
-93.815014700031
 30
0.0
 11
353.606324259978
 21
-92.138431975895
 31
0.0
  0
LINE
  5
245
330
193
100
AcDbEntity
  8
Layer11
  6
AUSGEZOGEN
 62
     7
370
    50
100
AcDbLine
 10
353.606324259978
 20
-92.138431975895
 30
0.0
 11
353.45351768937
 21
-92.185149632858
 31
0.0
  0
LINE
  5
246
330
193
100
AcDbEntity
  8
Layer11
  6
AUSGEZOGEN
 62
     7
370
    50
100
AcDbLine
 10
353.45351768937
 20
-92.185149632858
 30
0.0
 11
353.496500348321
 21
-93.643911492869
 31
0.0
  0
LINE
  5
247
330
193
100
AcDbEntity
  8
Layer11
  6
AUSGEZOGEN
 62
     7
370
    50
100
AcDbLine
 10
353.496500348321
 20
-93.643911492869
 30
0.0
 11
352.725408478795
 21
-92.407754957984
 31
0.0
  0
LINE
  5
248
330
193
100
AcDbEntity
  8
Layer11
  6
AUSGEZOGEN
 62
     7
370
    50
100
AcDbLine
 10
352.725408478795
 20
-92.407754957984
 30
0.0
 11
352.58607698421
 21
-92.450352870772
 31
0.0
  0
LINE
  5
249
330
193
100
AcDbEntity
  8
Layer11
  6
AUSGEZOGEN
 62
     7
370
    50
100
AcDbLine
 10
352.58607698421
 20
-92.450352870772
 30
0.0
 11
352.638023239986
 21
-93.906374284217
 31
0.0
  0
LINE
  5
24A
330
193
100
AcDbEntity
  8
Layer11
  6
AUSGEZOGEN
 62
     7
370
    50
100
AcDbLine
 10
352.638023239986
 20
-93.906374284217
 30
0.0
 11
351.860183938854
 21
-92.672280646195
 31
0.0
  0
LINE
  5
24B
330
193
100
AcDbEntity
  8
Layer11
  6
AUSGEZOGEN
 62
     7
370
    50
100
AcDbLine
 10
351.860183938854
 20
-92.672280646195
 30
0.0
 11
351.705121628647
 21
-92.719687951963
 31
0.0
  0
LINE
  5
24C
330
193
100
AcDbEntity
  8
Layer11
  6
AUSGEZOGEN
 62
     7
370
    50
100
AcDbLine
 10
354.564330931298
 20
-91.84553994343
 30
0.0
 11
353.744013417838
 21
-92.096336175833
 31
0.0
  0
LINE
  5
24D
330
193
100
AcDbEntity
  8
Layer11
  6
AUSGEZOGEN
 62
     7
370
    50
100
AcDbLine
 10
353.744013417838
 20
-92.096336175833
 30
0.0
 11
354.216474270199
 21
-93.641685991908
 31
0.0
  0
LINE
  5
24E
330
193
100
AcDbEntity
  8
Layer11
  6
AUSGEZOGEN
 62
     7
370
    50
100
AcDbLine
 10
354.216474270199
 20
-93.641685991908
 30
0.0
 11
355.03679178366
 21
-93.390889759505
 31
0.0
  0
LINE
  5
24F
330
193
100
AcDbEntity
  8
Layer11
  6
AUSGEZOGEN
 62
     7
370
    50
100
AcDbLine
 10
355.03679178366
 20
-93.390889759505
 30
0.0
 11
354.994290663686
 21
-93.25187485995
 31
0.0
  0
LINE
  5
250
330
193
100
AcDbEntity
  8
Layer11
  6
AUSGEZOGEN
 62
     7
370
    50
100
AcDbLine
 10
354.994290663686
 20
-93.25187485995
 30
0.0
 11
354.324563555614
 21
-93.456630985093
 31
0.0
  0
LINE
  5
251
330
193
100
AcDbEntity
  8
Layer11
  6
AUSGEZOGEN
 62
     7
370
    50
100
AcDbLine
 10
354.324563555614
 20
-93.456630985093
 30
0.0
 11
354.149604493518
 21
-92.884365678708
 31
0.0
  0
LINE
  5
252
330
193
100
AcDbEntity
  8
Layer11
  6
AUSGEZOGEN
 62
     7
370
    50
100
AcDbLine
 10
354.149604493518
 20
-92.884365678708
 30
0.0
 11
354.796813779984
 21
-92.68649394251
 31
0.0
  0
LINE
  5
253
330
193
100
AcDbEntity
  8
Layer11
  6
AUSGEZOGEN
 62
     7
370
    50
100
AcDbLine
 10
354.796813779984
 20
-92.68649394251
 30
0.0
 11
354.754309635235
 21
-92.547469149362
 31
0.0
  0
LINE
  5
254
330
193
100
AcDbEntity
  8
Layer11
  6
AUSGEZOGEN
 62
     7
370
    50
100
AcDbLine
 10
354.754309635235
 20
-92.547469149362
 30
0.0
 11
354.107100348769
 21
-92.745340885559
 31
0.0
  0
LINE
  5
255
330
193
100
AcDbEntity
  8
Layer11
  6
AUSGEZOGEN
 62
     7
370
    50
100
AcDbLine
 10
354.107100348769
 20
-92.745340885559
 30
0.0
 11
353.937095868874
 21
-92.189281287343
 31
0.0
  0
LINE
  5
256
330
193
100
AcDbEntity
  8
Layer11
  6
AUSGEZOGEN
 62
     7
370
    50
100
AcDbLine
 10
353.937095868874
 20
-92.189281287343
 30
0.0
 11
354.606822976946
 21
-91.9845251622
 31
0.0
  0
LINE
  5
257
330
193
100
AcDbEntity
  8
Layer11
  6
AUSGEZOGEN
 62
     7
370
    50
100
AcDbLine
 10
354.606822976946
 20
-91.9845251622
 30
0.0
 11
354.564330931298
 21
-91.84553994343
 31
0.0
  0
LINE
  5
258
330
193
100
AcDbEntity
  8
Layer11
  6
AUSGEZOGEN
 62
     7
370
    50
100
AcDbLine
 10
347.855078712164
 20
-108.695135835143
 30
0.0
 11
365.479775704433
 21
-103.306725213195
 31
0.0
  0
LINE
  5
259
330
193
100
AcDbEntity
  8
Layer11
  6
AUSGEZOGEN
 62
     7
370
    50
100
AcDbLine
 10
343.986883424408
 20
-91.066297382522
 30
0.0
 11
345.060210200125
 21
-94.576991077363
 31
0.0
  0
LINE
  5
25A
330
193
100
AcDbEntity
  8
Layer11
  6
AUSGEZOGEN
 62
     7
370
    50
100
AcDbLine
 10
345.739644010053
 20
-96.799318933648
 30
0.0
 11
347.339502196246
 21
-102.032219271162
 31
0.0
  0
LINE
  5
25B
330
193
100
AcDbEntity
  8
Layer11
  6
AUSGEZOGEN
 62
     7
370
    50
100
AcDbLine
 10
347.339502196246
 20
-102.032219271162
 30
0.0
 11
348.813766534184
 21
-101.581491430474
 31
0.0
  0
LINE
  5
25C
330
193
100
AcDbEntity
  8
Layer11
  6
AUSGEZOGEN
 62
     7
370
    50
100
AcDbLine
 10
348.813766534184
 20
-101.581491430474
 30
0.0
 11
348.005527492858
 21
-98.942602271396
 31
0.0
  0
LINE
  5
25D
330
193
100
AcDbEntity
  8
Layer11
  6
AUSGEZOGEN
 62
     7
370
    50
100
AcDbLine
 10
348.005527492858
 20
-98.942602271396
 30
0.0
 11
348.600701717409
 21
-98.024644487881
 31
0.0
  0
LINE
  5
25E
330
193
100
AcDbEntity
  8
Layer11
  6
AUSGEZOGEN
 62
     7
370
    50
100
AcDbLine
 10
348.600701717409
 20
-98.024644487881
 30
0.0
 11
351.143570733562
 21
-100.859224275729
 31
0.0
  0
LINE
  5
25F
330
193
100
AcDbEntity
  8
Layer11
  6
AUSGEZOGEN
 62
     7
370
    50
100
AcDbLine
 10
351.143570733562
 20
-100.859224275729
 30
0.0
 11
351.503756943312
 21
-100.74910430037
 31
0.0
  0
LINE
  5
260
330
193
100
AcDbEntity
  8
Layer11
  6
AUSGEZOGEN
 62
     7
370
    50
100
AcDbLine
 10
351.503756943312
 20
-100.74910430037
 30
0.0
 11
348.799656712479
 21
-97.751204585212
 31
0.0
  0
LINE
  5
261
330
193
100
AcDbEntity
  8
Layer11
  6
AUSGEZOGEN
 62
     7
370
    50
100
AcDbLine
 10
348.799656712479
 20
-97.751204585212
 30
0.0
 11
350.02194527354
 21
-95.869585349439
 31
0.0
  0
LINE
  5
262
330
193
100
AcDbEntity
  8
Layer11
  6
AUSGEZOGEN
 62
     7
370
    50
100
AcDbLine
 10
350.02194527354
 20
-95.869585349439
 30
0.0
 11
349.909307542659
 21
-95.506047099112
 31
0.0
  0
LINE
  5
263
330
193
100
AcDbEntity
  8
Layer11
  6
AUSGEZOGEN
 62
     7
370
    50
100
AcDbLine
 10
349.909307542659
 20
-95.506047099112
 30
0.0
 11
347.877273501603
 21
-98.550950572362
 31
0.0
  0
LINE
  5
264
330
193
100
AcDbEntity
  8
Layer11
  6
AUSGEZOGEN
 62
     7
370
    50
100
AcDbLine
 10
347.877273501603
 20
-98.550950572362
 30
0.0
 11
347.204796347243
 21
-96.351376911158
 31
0.0
  0
LINE
  5
265
330
193
100
AcDbEntity
  8
Layer11
  6
AUSGEZOGEN
 62
     7
370
    50
100
AcDbLine
 10
347.204796347243
 20
-96.351376911158
 30
0.0
 11
345.739644010053
 21
-96.799318933648
 31
0.0
  0
LINE
  5
266
330
193
100
AcDbEntity
  8
Layer11
  6
AUSGEZOGEN
 62
     7
370
    50
100
AcDbLine
 10
350.762928464425
 20
-103.850134283313
 30
0.0
 11
350.874410326247
 21
-104.226852650447
 31
0.0
  0
LINE
  5
267
330
193
100
AcDbEntity
  8
Layer11
  6
AUSGEZOGEN
 62
     7
370
    50
100
AcDbLine
 10
350.874410326247
 20
-104.226852650447
 30
0.0
 11
351.892693448885
 21
-103.915532257444
 31
0.0
  0
LINE
  5
268
330
193
100
AcDbEntity
  8
Layer11
  6
AUSGEZOGEN
 62
     7
370
    50
100
AcDbLine
 10
350.762928464425
 20
-103.850134283313
 30
0.0
 11
351.667841551385
 21
-103.573474588576
 31
0.0
  0
LINE
  5
269
330
193
100
AcDbEntity
  8
Layer11
  6
AUSGEZOGEN
 62
     7
370
    50
100
AcDbLine
 10
349.026101401911
 20
-102.36542605497
 30
0.0
 11
350.10000011981
 21
-102.037102268129
 31
0.0
  0
LWPOLYLINE
  5
26A
330
193
100
AcDbEntity
  8
Layer11
  6
AUSGEZOGEN
 62
     7
370
    50
100
AcDbPolyline
 90
      590
 70
     0
 43
0.0
 10
350.10000011981
 20
-102.037102268129
 10
350.102719477045
 20
-102.036465677364
 10
350.105440585991
 20
-102.03582893667
 10
350.108165198364
 20
-102.035191896117
 10
350.110895065875
 20
-102.034554405775
 10
350.113631940238
 20
-102.033916315717
 10
350.116377573166
 20
-102.033277476012
 10
350.119133716369
 20
-102.032637736731
 10
350.121902121564
 20
-102.031996947944
 10
350.124684540462
 20
-102.031354959723
 10
350.127482724776
 20
-102.030711622137
 10
350.130298426219
 20
-102.030066785258
 10
350.133133396501
 20
-102.029420299155
 10
350.13598938734
 20
-102.028772013902
 10
350.138868150445
 20
-102.028121779565
 10
350.141771437531
 20
-102.02746944622
 10
350.144701000311
 20
-102.026814863932
 10
350.147658590495
 20
-102.026157882776
 10
350.150645959799
 20
-102.025498352821
 10
350.153664859934
 20
-102.024836124137
 10
350.156717042614
 20
-102.024171046796
 10
350.159804259551
 20
-102.023502970867
 10
350.16292826246
 20
-102.022831746423
 10
350.16609080305
 20
-102.022157223533
 10
350.169293633037
 20
-102.021479252267
 10
350.172538504134
 20
-102.020797682699
 10
350.175827168052
 20
-102.020112364895
 10
350.179161376504
 20
-102.019423148929
 10
350.182542881205
 20
-102.01872988487
 10
350.185973433865
 20
-102.018032422789
 10
350.1894547862
 20
-102.017330612757
 10
350.19298868992
 20
-102.016624304845
 10
350.196576464398
 20
-102.015913429408
 10
350.20021769964
 20
-102.015198237938
 10
350.20391155331
 20
-102.014479062212
 10
350.207657183075
 20
-102.013756234008
 10
350.211453746601
 20
-102.013030085103
 10
350.215300401549
 20
-102.012300947274
 10
350.219196305587
 20
-102.011569152298
 10
350.223140616378
 20
-102.010835031952
 10
350.227132491589
 20
-102.010098918014
 10
350.231171088886
 20
-102.009361142261
 10
350.235255565931
 20
-102.008622036469
 10
350.239385080389
 20
-102.007881932417
 10
350.243558789929
 20
-102.007141161881
 10
350.247775852211
 20
-102.006400056638
 10
350.252035424905
 20
-102.005658948466
 10
350.256336665673
 20
-102.004918169141
 10
350.260678732179
 20
-102.004178050442
 10
350.265060782089
 20
-102.003438924145
 10
350.26948197307
 20
-102.002701122026
 10
350.273941462783
 20
-102.001964975864
 10
350.278438408899
 20
-102.001230817435
 10
350.282971969078
 20
-102.000498978517
 10
350.287541300986
 20
-101.999769790888
 10
350.292145562291
 20
-101.999043586324
 10
350.296783910653
 20
-101.998320696601
 10
350.301455503741
 20
-101.997601453498
 10
350.306159499218
 20
-101.996886188791
 10
350.310895054751
 20
-101.996175234259
 10
350.315661328005
 20
-101.995468921677
 10
350.320457476641
 20
-101.994767582823
 10
350.325282658327
 20
-101.994071549474
 10
350.330136116592
 20
-101.993381143364
 10
350.335017438422
 20
-101.992696646043
 10
350.339926296665
 20
-101.992018329024
 10
350.344862364171
 20
-101.991346463813
 10
350.349825313788
 20
-101.990681321919
 10
350.354814818367
 20
-101.990023174852
 10
350.359830550757
 20
-101.989372294119
 10
350.364872183806
 20
-101.988728951229
 10
350.369939390363
 20
-101.988093417693
 10
350.37503184328
 20
-101.987465965016
 10
350.380149215402
 20
-101.98684686471
 10
350.385291179582
 20
-101.986236388283
 10
350.390457408668
 20
-101.985634807243
 10
350.39564757551
 20
-101.985042393098
 10
350.400861352955
 20
-101.984459417359
 10
350.406098413854
 20
-101.983886151533
 10
350.411358431056
 20
-101.983322867129
 10
350.416641077411
 20
-101.982769835656
 10
350.421946025767
 20
-101.982227328623
 10
350.427272948973
 20
-101.981695617538
 10
350.43262151988
 20
-101.981174973911
 10
350.437991411334
 20
-101.980665669249
 10
350.443382296189
 20
-101.980167975063
 10
350.448793847292
 20
-101.979682162859
 10
350.454225737491
 20
-101.979208504147
 10
350.459677639636
 20
-101.978747270437
 10
350.465149226577
 20
-101.978298733236
 10
350.470640171163
 20
-101.977863164053
 10
350.476150146242
 20
-101.977440834398
 10
350.481678824665
 20
-101.977032015779
 10
350.487225879282
 20
-101.976636979703
 10
350.492790945813
 20
-101.976255991017
 10
350.498373511488
 20
-101.975889287907
 10
350.503973026404
 20
-101.975537101896
 10
350.509588940659
 20
-101.975199664508
 10
350.515220704354
 20
-101.974877207265
 10
350.520867767588
 20
-101.97456996169
 10
350.526529580462
 20
-101.974278159305
 10
350.532205593076
 20
-101.974002031635
 10
350.537895255526
 20
-101.973741810201
 10
350.543598017916
 20
-101.973497726527
 10
350.549313330343
 20
-101.973270012137
 10
350.555040642907
 20
-101.973058898551
 10
350.560779405707
 20
-101.972864617295
 10
350.566529068841
 20
-101.97268739989
 10
350.572289082415
 20
-101.972527477859
 10
350.578058896521
 20
-101.972385082727
 10
350.583837961263
 20
-101.972260446014
 10
350.58962572674
 20
-101.972153799245
 10
350.595421643049
 20
-101.972065373942
 10
350.601225160294
 20
-101.971995401629
 10
350.60703572857
 20
-101.971944113829
 10
350.612852797978
 20
-101.971911742063
 10
350.61867581862
 20
-101.971898517855
 10
350.624504240594
 20
-101.971904672728
 10
350.630337513998
 20
-101.971930438205
 10
350.636175088934
 20
-101.97197604581
 10
350.642016415499
 20
-101.972041727065
 10
350.647860943795
 20
-101.972127713491
 10
350.653708123921
 20
-101.972234236615
 10
350.659557405974
 20
-101.972361527956
 10
350.665408240057
 20
-101.97250981904
 10
350.671260138397
 20
-101.972679376429
 10
350.677112861733
 20
-101.972870606856
 10
350.682966232933
 20
-101.973083952089
 10
350.688820074866
 20
-101.973319853902
 10
350.694674210398
 20
-101.973578754067
 10
350.700528462399
 20
-101.973861094352
 10
350.70638265374
 20
-101.974167316532
 10
350.712236607284
 20
-101.974497862378
 10
350.7180901459
 20
-101.97485317366
 10
350.723943092459
 20
-101.975233692151
 10
350.729795269827
 20
-101.975639859622
 10
350.735646500871
 20
-101.976072117845
 10
350.741496608462
 20
-101.976530908591
 10
350.747345415468
 20
-101.977016673631
 10
350.753192744755
 20
-101.977529854737
 10
350.75903841919
 20
-101.978070893681
 10
350.764882261645
 20
-101.978640232235
 10
350.770724094986
 20
-101.979238312169
 10
350.776563742082
 20
-101.979865575257
 10
350.782401025798
 20
-101.980522463267
 10
350.788235769007
 20
-101.981209417972
 10
350.794067794574
 20
-101.981926881146
 10
350.799896925368
 20
-101.982675294557
 10
350.805722984255
 20
-101.983455099979
 10
350.811545794106
 20
-101.984266739182
 10
350.817365177789
 20
-101.985110653938
 10
350.82318095817
 20
-101.985987286019
 10
350.828992958119
 20
-101.986897077196
 10
350.834801000505
 20
-101.987840469241
 10
350.840604908193
 20
-101.988817903924
 10
350.846404504053
 20
-101.98982982302
 10
350.85219939964
 20
-101.990876536225
 10
350.857988361253
 20
-101.991957824956
 10
350.863769943883
 20
-101.993073338554
 10
350.869542702516
 20
-101.994222726362
 10
350.87530519214
 20
-101.995405637723
 10
350.881055967741
 20
-101.996621721978
 10
350.88679358431
 20
-101.997870628472
 10
350.892516596834
 20
-101.999152006546
 10
350.8982235603
 20
-102.000465505543
 10
350.903913029695
 20
-102.001810774805
 10
350.909583560008
 20
-102.003187463675
 10
350.915233706226
 20
-102.004595221496
 10
350.920862023337
 20
-102.00603369761
 10
350.926467066331
 20
-102.007502541361
 10
350.932047390192
 20
-102.009001402088
 10
350.937601549911
 20
-102.010529929137
 10
350.943128100473
 20
-102.01208777185
 10
350.948625596868
 20
-102.013674579569
 10
350.954092594082
 20
-102.015290001636
 10
350.959527647105
 20
-102.016933687394
 10
350.964929310923
 20
-102.018605286186
 10
350.970296140526
 20
-102.020304447355
 10
350.975626690899
 20
-102.022030820242
 10
350.980919517029
 20
-102.023784054191
 10
350.986173173908
 20
-102.025563798545
 10
350.99138621652
 20
-102.027369702644
 10
350.996557199855
 20
-102.029201415832
 10
351.001684678901
 20
-102.031058587452
 10
351.006767208643
 20
-102.032940866848
 10
351.011803344071
 20
-102.034847903359
 10
351.016791640174
 20
-102.03677934633
 10
351.021731435422
 20
-102.038735337149
 10
351.026625202229
 20
-102.040717985383
 10
351.031476196495
 20
-102.042729892646
 10
351.036287674115
 20
-102.044773660552
 10
351.041062890989
 20
-102.046851890715
 10
351.045805103015
 20
-102.048967184748
 10
351.050517566091
 20
-102.051122144266
 10
351.055203536118
 20
-102.05331937088
 10
351.059866268988
 20
-102.055561466206
 10
351.064509020606
 20
-102.057851031856
 10
351.069135046863
 20
-102.060190669446
 10
351.073747603663
 20
-102.062582980587
 10
351.078349946902
 20
-102.065030566894
 10
351.082945332477
 20
-102.067536029981
 10
351.087537016289
 20
-102.07010197146
 10
351.092128254233
 20
-102.072730992946
 10
351.096722302211
 20
-102.075425696054
 10
351.101322416118
 20
-102.078188682393
 10
351.105931851853
 20
-102.081022553582
 10
351.110553865314
 20
-102.083929911232
 10
351.115191712399
 20
-102.086913356957
 10
351.119848649007
 20
-102.089975492369
 10
351.124527931035
 20
-102.093118919085
 10
351.129232814383
 20
-102.096346238716
 10
351.133966554946
 20
-102.099660052877
 10
351.138732408627
 20
-102.10306296318
 10
351.143533631319
 20
-102.106557571242
 10
351.148373478924
 20
-102.110146478673
 10
351.153255207337
 20
-102.113832287088
 10
351.158182072459
 20
-102.117617598102
 10
351.163157330188
 20
-102.121505013326
 10
351.168183086122
 20
-102.125496044839
 10
351.173256844673
 20
-102.129587846566
 10
351.178374959958
 20
-102.133776482901
 10
351.18353378609
 20
-102.138058018234
 10
351.18872967718
 20
-102.142428516954
 10
351.193958987346
 20
-102.146884043455
 10
351.199218070699
 20
-102.151420662123
 10
351.204503281353
 20
-102.156034437354
 10
351.209810973425
 20
-102.160721433535
 10
351.215137501026
 20
-102.165477715059
 10
351.220479218271
 20
-102.170299346316
 10
351.225832479275
 20
-102.175182391697
 10
351.23119363815
 20
-102.180122915592
 10
351.236559049012
 20
-102.185116982392
 10
351.241925065973
 20
-102.190160656489
 10
351.247288043149
 20
-102.195250002273
 10
351.252644334653
 20
-102.200381084134
 10
351.257990294598
 20
-102.205549966464
 10
351.2633222771
 20
-102.210752713654
 10
351.268636636273
 20
-102.215985390094
 10
351.273929726227
 20
-102.221244060174
 10
351.27919790108
 20
-102.226524788287
 10
351.284437514947
 20
-102.231823638822
 10
351.289644921937
 20
-102.237136676171
 10
351.294816476169
 20
-102.242459964724
 10
351.299948531756
 20
-102.247789568871
 10
351.30503744281
 20
-102.253121553004
 10
351.310079563446
 20
-102.258451981515
 10
351.315071247777
 20
-102.263776918792
 10
351.320008849918
 20
-102.269092429227
 10
351.324888723983
 20
-102.274394577213
 10
351.329708022972
 20
-102.279680231066
 10
351.334467095421
 20
-102.284949474828
 10
351.339167088754
 20
-102.290203196465
 10
351.343809150396
 20
-102.295442283946
 10
351.348394427769
 20
-102.300667625239
 10
351.352924068297
 20
-102.305880108312
 10
351.357399219402
 20
-102.311080621132
 10
351.361821028508
 20
-102.316270051668
 10
351.366190643039
 20
-102.321449287887
 10
351.370509210416
 20
-102.326619217758
 10
351.374777878064
 20
-102.331780729249
 10
351.378997793407
 20
-102.336934710327
 10
351.383170103867
 20
-102.342082048961
 10
351.387295956869
 20
-102.347223633118
 10
351.391376499834
 20
-102.352360350767
 10
351.395412880185
 20
-102.357493089876
 10
351.39940624535
 20
-102.362622738412
 10
351.403357742746
 20
-102.367750184344
 10
351.407268519801
 20
-102.372876315639
 10
351.411139723934
 20
-102.378002020266
 10
351.414972502573
 20
-102.383128186191
 10
351.418768003139
 20
-102.388255701386
 10
351.422527373054
 20
-102.393385453815
 10
351.426251759744
 20
-102.398518331447
 10
351.42994231063
 20
-102.403655222251
 10
351.433600173136
 20
-102.408797014194
 10
351.437226494687
 20
-102.413944595245
 10
351.440822422703
 20
-102.419098853371
 10
351.444389104611
 20
-102.42426067654
 10
351.44792768783
 20
-102.429430952721
 10
351.451439319786
 20
-102.434610569881
 10
351.454924934156
 20
-102.439800200318
 10
351.458384609621
 20
-102.444999653648
 10
351.461818211117
 20
-102.450208523817
 10
351.465225603581
 20
-102.45542640477
 10
351.468606651948
 20
-102.460652890453
 10
351.471961221152
 20
-102.465887574812
 10
351.475289176135
 20
-102.471130051792
 10
351.478590381825
 20
-102.476379915339
 10
351.481864703163
 20
-102.481636759399
 10
351.485112005083
 20
-102.486900177917
 10
351.48833215252
 20
-102.49216976484
 10
351.491525010412
 20
-102.497445114112
 10
351.494690443691
 20
-102.502725819679
 10
351.497828317299
 20
-102.508011475487
 10
351.500938496165
 20
-102.513301675483
 10
351.50402084523
 20
-102.51859601361
 10
351.507075229427
 20
-102.523894083816
 10
351.510101513694
 20
-102.529195480046
 10
351.513099562963
 20
-102.534499796245
 10
351.516069242173
 20
-102.539806626359
 10
351.519010416258
 20
-102.545115564333
 10
351.521922950157
 20
-102.550426204115
 10
351.524806708802
 20
-102.555738139648
 10
351.527661557129
 20
-102.56105096488
 10
351.530487360076
 20
-102.566364273755
 10
351.533283982579
 20
-102.571677660218
 10
351.536051289573
 20
-102.576990718218
 10
351.538789145992
 20
-102.582303041697
 10
351.541497416775
 20
-102.587614224602
 10
351.544175966854
 20
-102.59292386088
 10
351.546824661169
 20
-102.598231544474
 10
351.549443421655
 20
-102.603536927448
 10
351.552032398255
 20
-102.608839894321
 10
351.554591797915
 20
-102.614140387734
 10
351.557121827578
 20
-102.619438350323
 10
351.559622694195
 20
-102.624733724724
 10
351.562094604704
 20
-102.630026453577
 10
351.564537766055
 20
-102.635316479516
 10
351.566952385189
 20
-102.640603745183
 10
351.569338669055
 20
-102.645888193214
 10
351.571696824596
 20
-102.651169766245
 10
351.574027058758
 20
-102.656448406915
 10
351.576329578486
 20
-102.661724057861
 10
351.578604590723
 20
-102.66699666172
 10
351.580852302415
 20
-102.672266161131
 10
351.58307292051
 20
-102.67753249873
 10
351.58526665195
 20
-102.682795617156
 10
351.587433703681
 20
-102.688055459045
 10
351.589574282647
 20
-102.693311967036
 10
351.591688595796
 20
-102.698565083765
 10
351.59377685007
 20
-102.703814751872
 10
351.595839252416
 20
-102.70906091399
 10
351.597876009779
 20
-102.714303512762
 10
351.599887329101
 20
-102.719542490822
 10
351.601873417331
 20
-102.724777790809
 10
351.603834481414
 20
-102.730009355359
 10
351.605770728291
 20
-102.735237127112
 10
351.607682364911
 20
-102.740461048704
 10
351.609569598217
 20
-102.745681062772
 10
351.611432635156
 20
-102.750897111954
 10
351.613271682673
 20
-102.756109138888
 10
351.61508694771
 20
-102.761317086211
 10
351.616878622061
 20
-102.766520880406
 10
351.618646836905
 20
-102.771720383342
 10
351.620391708271
 20
-102.77691544073
 10
351.622113352187
 20
-102.782105898281
 10
351.623811884674
 20
-102.78729160171
 10
351.625487421765
 20
-102.792472396729
 10
351.627140079483
 20
-102.797648129051
 10
351.628769973855
 20
-102.802818644386
 10
351.630377220911
 20
-102.807983788451
 10
351.631961936675
 20
-102.813143406955
 10
351.633524237174
 20
-102.818297345611
 10
351.635064238435
 20
-102.823445450133
 10
351.636582056486
 20
-102.828587566233
 10
351.638077807355
 20
-102.833723539624
 10
351.639551607065
 20
-102.838853216018
 10
351.641003571644
 20
-102.843976441128
 10
351.64243381712
 20
-102.849093060666
 10
351.64384245952
 20
-102.854202920345
 10
351.645229614871
 20
-102.859305865877
 10
351.646595399198
 20
-102.864401742976
 10
351.647939928531
 20
-102.869490397354
 10
351.649263318894
 20
-102.874571674723
 10
351.650565686314
 20
-102.879645420795
 10
351.651847146819
 20
-102.884711481284
 10
351.653107816436
 20
-102.889769701903
 10
351.654347811189
 20
-102.894819928364
 10
351.65556724711
 20
-102.899862006378
 10
351.656766240221
 20
-102.904895781659
 10
351.657944906552
 20
-102.909921099921
 10
351.659103362128
 20
-102.914937806874
 10
351.660241722977
 20
-102.919945748233
 10
351.661360109096
 20
-102.92494477501
 10
351.662458656361
 20
-102.92993475943
 10
351.663537504623
 20
-102.934915579014
 10
351.66459679373
 20
-102.93988711129
 10
351.665636663525
 20
-102.94484923378
 10
351.666657253862
 20
-102.949801824008
 10
351.667658704588
 20
-102.9547447595
 10
351.668641155548
 20
-102.959677917778
 10
351.669604746592
 20
-102.964601176369
 10
351.670549617569
 20
-102.969514412795
 10
351.671475908326
 20
-102.974417504582
 10
351.672383758713
 20
-102.979310329252
 10
351.673273308576
 20
-102.984192764332
 10
351.674144697761
 20
-102.989064687345
 10
351.674998066123
 20
-102.993925975816
 10
351.675833553502
 20
-102.998776507267
 10
351.676651299751
 20
-103.003616159225
 10
351.677451444717
 20
-103.008444809212
 10
351.678234128249
 20
-103.013262334754
 10
351.678999490194
 20
-103.018068613375
 10
351.6797476704
 20
-103.022863522599
 10
351.680478808714
 20
-103.027646939951
 10
351.681193044988
 20
-103.032418742953
 10
351.681890519065
 20
-103.037178809132
 10
351.682571370797
 20
-103.041927016011
 10
351.683235740031
 20
-103.046663241113
 10
351.683883766615
 20
-103.051387361966
 10
351.684515590396
 20
-103.05609925609
 10
351.685131351224
 20
-103.060798801012
 10
351.685731188944
 20
-103.065485874256
 10
351.686315243409
 20
-103.070160353345
 10
351.68688365368
 20
-103.074822112947
 10
351.687436555693
 20
-103.079471016295
 10
351.687974084598
 20
-103.084106923766
 10
351.688496375548
 20
-103.088729695737
 10
351.689003563694
 20
-103.093339192584
 10
351.689495784187
 20
-103.097935274683
 10
351.689973172177
 20
-103.102517802411
 10
351.690435862818
 20
-103.107086636145
 10
351.69088399126
 20
-103.111641636261
 10
351.691317692654
 20
-103.116182663136
 10
351.69173710215
 20
-103.120709577145
 10
351.692142354903
 20
-103.125222238666
 10
351.692533586062
 20
-103.129720508075
 10
351.692910930777
 20
-103.134204245748
 10
351.693274524201
 20
-103.138673312062
 10
351.693624501488
 20
-103.143127567394
 10
351.693960997784
 20
-103.14756687212
 10
351.694284148243
 20
-103.151991086615
 10
351.694594088018
 20
-103.156400071259
 10
351.694890952258
 20
-103.160793686425
 10
351.695174876113
 20
-103.165171792491
 10
351.695445994738
 20
-103.169534249833
 10
351.695704443282
 20
-103.173880918828
 10
351.695950356898
 20
-103.178211659853
 10
351.696183870734
 20
-103.182526333284
 10
351.696405119945
 20
-103.186824799497
 10
351.696614239682
 20
-103.191106918868
 10
351.696811365093
 20
-103.195372551776
 10
351.696996631332
 20
-103.199621558594
 10
351.697170173549
 20
-103.203853799701
 10
351.697332126898
 20
-103.208069135473
 10
351.697482625974
 20
-103.212267429787
 10
351.697621803163
 20
-103.216448560522
 10
351.697749790294
 20
-103.220612409059
 10
351.697866719198
 20
-103.224758856777
 10
351.697972721706
 20
-103.228887785057
 10
351.698067929647
 20
-103.232999075281
 10
351.698152474856
 20
-103.237092608825
 10
351.698226489156
 20
-103.241168267072
 10
351.698290104385
 20
-103.245225931402
 10
351.69834345237
 20
-103.249265483195
 10
351.698386664943
 20
-103.253286803831
 10
351.69841987393
 20
-103.25728977469
 10
351.698443211168
 20
-103.261274277153
 10
351.698456808485
 20
-103.265240192599
 10
351.69846079771
 20
-103.269187402408
 10
351.698455310674
 20
-103.273115787962
 10
351.698440479209
 20
-103.277025230639
 10
351.698416435145
 20
-103.280915611821
 10
351.698383310315
 20
-103.284786812887
 10
351.698341236545
 20
-103.288638715218
 10
351.698290345667
 20
-103.292471200194
 10
351.698230769511
 20
-103.296284149195
 10
351.69816263991
 20
-103.3000774436
 10
351.698086088694
 20
-103.303850964792
 10
351.698001247693
 20
-103.307604594148
 10
351.697908248734
 20
-103.31133821305
 10
351.697807223655
 20
-103.315051702879
 10
351.697698304281
 20
-103.318744945012
 10
351.697581622442
 20
-103.322417820833
 10
351.697457309973
 20
-103.32607021172
 10
351.697325498701
 20
-103.329701999053
 10
351.697186322734
 20
-103.333313055467
 10
351.697039925293
 20
-103.336903218613
 10
351.69688645187
 20
-103.340472317398
 10
351.696726047962
 20
-103.344020180726
 10
351.696558859061
 20
-103.347546637503
 10
351.696385030668
 20
-103.351051516635
 10
351.696204708273
 20
-103.354534647027
 10
351.696018037374
 20
-103.357995857587
 10
351.695825163464
 20
-103.361434977216
 10
351.695626232042
 20
-103.364851834824
 10
351.695421388599
 20
-103.368246259314
 10
351.695210778631
 20
-103.371618079593
 10
351.694994547637
 20
-103.374967124566
 10
351.694772841107
 20
-103.378293223139
 10
351.69454580454
 20
-103.381596204217
 10
351.69431358343
 20
-103.384875896707
 10
351.694076323271
 20
-103.388132129513
 10
351.693834169561
 20
-103.391364731541
 10
351.693587267792
 20
-103.394573531697
 10
351.693335763459
 20
-103.397758358887
 10
351.693079802062
 20
-103.400919042016
 10
351.692819529093
 20
-103.404055409988
 10
351.692555090045
 20
-103.407167291713
 10
351.692286630418
 20
-103.410254516092
 10
351.692014295704
 20
-103.413316912033
 10
351.691738231399
 20
-103.416354308442
 10
351.691458582998
 20
-103.419366534224
 10
351.691175495997
 20
-103.422353418284
 10
351.690889115891
 20
-103.425314789527
 10
351.690599588174
 20
-103.428250476861
 10
351.690307058343
 20
-103.43116030919
 10
351.690011664258
 20
-103.434044145168
 10
351.689713513242
 20
-103.436901962439
 10
351.689412704991
 20
-103.439733768398
 10
351.689109339193
 20
-103.442539570436
 10
351.688803515537
 20
-103.445319375947
 10
351.688495333718
 20
-103.448073192324
 10
351.688184893425
 20
-103.450801026959
 10
351.687872294348
 20
-103.453502887247
 10
351.68755763618
 20
-103.456178780578
 10
351.68724101861
 20
-103.458828714347
 10
351.686922541329
 20
-103.461452695947
 10
351.68660230403
 20
-103.46405073277
 10
351.686280406402
 20
-103.46662283221
 10
351.685956948137
 20
-103.469169001659
 10
351.685632028925
 20
-103.47168924851
 10
351.685305748459
 20
-103.474183580158
 10
351.684978206426
 20
-103.476652003993
 10
351.68464950252
 20
-103.479094527409
 10
351.684319736433
 20
-103.481511157799
 10
351.683989007852
 20
-103.483901902557
 10
351.683657416472
 20
-103.486266769075
 10
351.683325061982
 20
-103.488605764745
 10
351.682992044073
 20
-103.490918896962
 10
351.682658462434
 20
-103.493206173118
 10
351.682324416759
 20
-103.495467600606
 10
351.681990006739
 20
-103.497703186818
 10
351.681655332064
 20
-103.499912939149
 10
351.681320492422
 20
-103.502096864991
 10
351.680985587509
 20
-103.504254971736
 10
351.680650717015
 20
-103.506387266778
 10
351.680315980626
 20
-103.508493757509
 10
351.679981505404
 20
-103.510574341714
 10
351.679647527854
 20
-103.51262847874
 10
351.679314311854
 20
-103.514655518326
 10
351.678982121279
 20
-103.51665481021
 10
351.678651220002
 20
-103.518625704129
 10
351.678321871896
 20
-103.520567549823
 10
351.67799434084
 20
-103.522479697029
 10
351.677668890709
 20
-103.524361495487
 10
351.677345785373
 20
-103.526212294933
 10
351.677025288709
 20
-103.528031445109
 10
351.676707664594
 20
-103.52981829575
 10
351.6763931769
 20
-103.531572196596
 10
351.676082089504
 20
-103.533292497385
 10
351.675774666279
 20
-103.534978547856
 10
351.6754711711
 20
-103.536629697745
 10
351.675171867843
 20
-103.538245296793
 10
351.67487702038
 20
-103.539824694737
 10
351.674586892588
 20
-103.541367241316
 10
351.674301748342
 20
-103.542872286269
 10
351.674021851517
 20
-103.544339179332
 10
351.673747465986
 20
-103.545767270245
 10
351.673478855626
 20
-103.547155908747
 10
351.673216284309
 20
-103.548504444575
 10
351.672960015913
 20
-103.549812227468
 10
351.67271031431
 20
-103.551078607165
 10
351.672467443374
 20
-103.552302933402
 10
351.672231666984
 20
-103.55348455592
 10
351.67200324901
 20
-103.554622824456
 10
351.67178245333
 20
-103.555717088749
 10
351.67156954382
 20
-103.556766698536
 10
351.67136478435
 20
-103.557771003558
 10
351.671168349583
 20
-103.558729708997
 10
351.670980057317
 20
-103.55964394183
 10
351.670799636135
 20
-103.560515184474
 10
351.670626814621
 20
-103.56134491935
 10
351.670461321355
 20
-103.56213462888
 10
351.670302884926
 20
-103.562885795482
 10
351.670151233913
 20
-103.563599901578
 10
351.670006096902
 20
-103.564278429588
 10
351.669867202472
 20
-103.564922861931
 10
351.669734279211
 20
-103.565534681029
 10
351.669607055701
 20
-103.566115369301
 10
351.669485260524
 20
-103.566666409168
 10
351.669368622265
 20
-103.567189283049
 10
351.669256869504
 20
-103.567685473366
 10
351.669149730828
 20
-103.568156462537
 10
351.66904693482
 20
-103.568603732986
 10
351.668948210061
 20
-103.56902876713
 10
351.668853285137
 20
-103.56943304739
 10
351.668761888628
 20
-103.569818056187
 10
351.668673749122
 20
-103.57018527594
 10
351.668588595198
 20
-103.570536189071
 10
351.668506155442
 20
-103.570872277999
 10
351.668426158434
 20
-103.571195025144
 10
351.668348332762
 20
-103.571505912928
 10
351.668272407005
 20
-103.57180642377
 10
351.668198109748
 20
-103.57209804009
 10
351.668125169576
 20
-103.572382244309
 10
351.66805331507
 20
-103.572660518847
 10
351.667982274814
 20
-103.572934346123
 10
351.667911777391
 20
-103.57320520856
 10
351.667841551385
 20
-103.573474588576
  0
LINE
  5
26B
330
193
100
AcDbEntity
  8
Layer11
  6
AUSGEZOGEN
 62
     7
370
    50
100
AcDbLine
 10
347.467948796148
 20
-102.452349168787
 30
0.0
 11
349.04158037689
 21
-107.59946614519
 31
0.0
  0
LINE
  5
26C
330
193
100
AcDbEntity
  8
Layer11
  6
AUSGEZOGEN
 62
     7
370
    50
100
AcDbLine
 10
347.467948796148
 20
-102.452349168787
 30
0.0
 11
350.164909388103
 21
-101.627805569142
 31
0.0
  0
LINE
  5
26D
330
193
100
AcDbEntity
  8
Layer11
  6
AUSGEZOGEN
 62
     7
370
    50
100
AcDbLine
 10
349.04158037689
 20
-107.59946614519
 30
0.0
 11
352.248554519776
 21
-106.618995755066
 31
0.0
  0
LINE
  5
26E
330
193
100
AcDbEntity
  8
Layer11
  6
AUSGEZOGEN
 62
     7
370
    50
100
AcDbLine
 10
349.026101401911
 20
-102.36542605497
 30
0.0
 11
350.36671303925
 21
-106.750369139332
 31
0.0
  0
LINE
  5
26F
330
193
100
AcDbEntity
  8
Layer11
  6
AUSGEZOGEN
 62
     7
370
    50
100
AcDbLine
 10
350.36671303925
 20
-106.750369139332
 30
0.0
 11
351.513940892655
 21
-106.399626385922
 31
0.0
  0
LWPOLYLINE
  5
270
330
193
100
AcDbEntity
  8
Layer11
  6
AUSGEZOGEN
 62
     7
370
    50
100
AcDbPolyline
 90
      373
 70
     0
 43
0.0
 10
350.164909388103
 20
-101.627805569142
 10
350.169180956449
 20
-101.626667722227
 10
350.173449885508
 20
-101.625530657064
 10
350.177713535992
 20
-101.624395155401
 10
350.181969268612
 20
-101.623261998989
 10
350.186214444084
 20
-101.622131969577
 10
350.19044642312
 20
-101.621005848917
 10
350.194662566432
 20
-101.619884418758
 10
350.198860234732
 20
-101.618768460851
 10
350.203036788733
 20
-101.617658756945
 10
350.20718958915
 20
-101.616556088792
 10
350.21131599669
 20
-101.615461238142
 10
350.215413372073
 20
-101.614374986743
 10
350.219479076006
 20
-101.613298116347
 10
350.223510469205
 20
-101.612231408705
 10
350.22750491238
 20
-101.611175645567
 10
350.231459766246
 20
-101.610131608681
 10
350.235372391515
 20
-101.609100079799
 10
350.239240148898
 20
-101.608081840671
 10
350.243060399109
 20
-101.607077673047
 10
350.246830502862
 20
-101.606088358678
 10
350.250547820868
 20
-101.605114679313
 10
350.25420971384
 20
-101.604157416704
 10
350.25781354249
 20
-101.603217352599
 10
350.261356667532
 20
-101.60229526875
 10
350.264836449678
 20
-101.601391946907
 10
350.268250249639
 20
-101.600508168819
 10
350.271595428132
 20
-101.599644716238
 10
350.274869345865
 20
-101.598802370912
 10
350.278069363554
 20
-101.597981914594
 10
350.281192841911
 20
-101.597184129032
 10
350.284237141647
 20
-101.596409795978
 10
350.287200793222
 20
-101.595659385354
 10
350.290087006086
 20
-101.59493211978
 10
350.292900159431
 20
-101.594226910045
 10
350.295644632452
 20
-101.593542666945
 10
350.298324804344
 20
-101.592878301269
 10
350.300945054303
 20
-101.592232723809
 10
350.303509761521
 20
-101.591604845357
 10
350.306023305195
 20
-101.590993576707
 10
350.308490064519
 20
-101.590397828648
 10
350.310914418688
 20
-101.589816511972
 10
350.313300746893
 20
-101.589248537472
 10
350.315653428336
 20
-101.588692815942
 10
350.317976842204
 20
-101.588148258169
 10
350.320275367694
 20
-101.587613774947
 10
350.322553384003
 20
-101.587088277071
 10
350.324815270324
 20
-101.586570675327
 10
350.327065405851
 20
-101.586059880511
 10
350.329308169781
 20
-101.585554803414
 10
350.331547941305
 20
-101.585054354828
 10
350.333789099619
 20
-101.584557445543
 10
350.336036023921
 20
-101.584062986353
 10
350.338293093401
 20
-101.583569888049
 10
350.340564687255
 20
-101.583077061424
 10
350.342855184678
 20
-101.582583417267
 10
350.345168964865
 20
-101.582087866373
 10
350.34751040701
 20
-101.581589319532
 10
350.349883890309
 20
-101.581086687536
 10
350.352293793954
 20
-101.580578881179
 10
350.354744497141
 20
-101.580064811249
 10
350.357240379066
 20
-101.579543388541
 10
350.359785818921
 20
-101.579013523845
 10
350.362384242384
 20
-101.578474380191
 10
350.365035261046
 20
-101.577926129559
 10
350.367737532986
 20
-101.577369196167
 10
350.370489716279
 20
-101.57680400423
 10
350.373290468997
 20
-101.576230977967
 10
350.376138449217
 20
-101.575650541593
 10
350.379032315017
 20
-101.575063119327
 10
350.381970724468
 20
-101.574469135386
 10
350.384952335648
 20
-101.573869013986
 10
350.387975806631
 20
-101.573263179344
 10
350.391039795493
 20
-101.572652055679
 10
350.394142960309
 20
-101.572036067208
 10
350.397283959155
 20
-101.571415638145
 10
350.400461450105
 20
-101.570791192711
 10
350.403674091235
 20
-101.570163155121
 10
350.406920540622
 20
-101.569531949593
 10
350.410199456337
 20
-101.568898000343
 10
350.413509496459
 20
-101.568261731589
 10
350.416849319061
 20
-101.567623567548
 10
350.420217582221
 20
-101.566983932438
 10
350.423612944013
 20
-101.566343250474
 10
350.42703406251
 20
-101.565701945876
 10
350.430479595791
 20
-101.565060442857
 10
350.433948201928
 20
-101.564419165639
 10
350.437438538997
 20
-101.563778538436
 10
350.440949265076
 20
-101.563138985466
 10
350.444479038237
 20
-101.562500930946
 10
350.448026516559
 20
-101.561864799093
 10
350.451590358113
 20
-101.561231014125
 10
350.455169220975
 20
-101.560600000258
 10
350.458761763224
 20
-101.55997218171
 10
350.462366898563
 20
-101.559347914497
 10
350.465984563216
 20
-101.55872728184
 10
350.469614949045
 20
-101.558110298757
 10
350.473258247903
 20
-101.557496980268
 10
350.476914651648
 20
-101.556887341393
 10
350.480584352136
 20
-101.55628139715
 10
350.484267541226
 20
-101.555679162559
 10
350.487964410772
 20
-101.555080652639
 10
350.491675152631
 20
-101.554485882411
 10
350.495399958662
 20
-101.553894866891
 10
350.49913902072
 20
-101.553307621102
 10
350.502892530662
 20
-101.552724160061
 10
350.506660680345
 20
-101.552144498789
 10
350.510443661626
 20
-101.551568652304
 10
350.514241666362
 20
-101.550996635627
 10
350.518054886408
 20
-101.550428463775
 10
350.521883513624
 20
-101.54986415177
 10
350.525727739863
 20
-101.549303714628
 10
350.529587756984
 20
-101.548747167372
 10
350.533463756845
 20
-101.548194525019
 10
350.5373559313
 20
-101.547645802591
 10
350.541264472206
 20
-101.547101015104
 10
350.545189571422
 20
-101.54656017758
 10
350.549131420803
 20
-101.546023305036
 10
350.553090212207
 20
-101.545490412494
 10
350.557066137488
 20
-101.544961514971
 10
350.561059388507
 20
-101.544436627488
 10
350.565070157118
 20
-101.543915765064
 10
350.569098635177
 20
-101.543398942717
 10
350.573145014543
 20
-101.542886175469
 10
350.57720948707
 20
-101.542377478338
 10
350.581292176641
 20
-101.5418728855
 10
350.585392935225
 20
-101.541372507771
 10
350.589511546816
 20
-101.540876475117
 10
350.593647795402
 20
-101.540384917513
 10
350.597801464981
 20
-101.539897964927
 10
350.601972339544
 20
-101.539415747329
 10
350.606160203086
 20
-101.538938394691
 10
350.610364839599
 20
-101.538466036984
 10
350.614586033073
 20
-101.537998804177
 10
350.618823567504
 20
-101.53753682624
 10
350.623077226883
 20
-101.537080233145
 10
350.627346795207
 20
-101.536629154863
 10
350.631632056466
 20
-101.536183721364
 10
350.635932794652
 20
-101.535744062618
 10
350.64024879376
 20
-101.535310308594
 10
350.644579837781
 20
-101.534882589265
 10
350.64892571071
 20
-101.534461034602
 10
350.653286196539
 20
-101.534045774573
 10
350.65766107926
 20
-101.533636939151
 10
350.66205014287
 20
-101.533234658305
 10
350.666453171356
 20
-101.532839062005
 10
350.670869948716
 20
-101.532450280223
 10
350.67530025894
 20
-101.532068442929
 10
350.679743886023
 20
-101.531693680094
 10
350.684200613956
 20
-101.531326121687
 10
350.688670226733
 20
-101.53096589768
 10
350.693152508348
 20
-101.530613138044
 10
350.697647242791
 20
-101.530267972747
 10
350.702154214058
 20
-101.529930531762
 10
350.70667320614
 20
-101.529600945059
 10
350.711204003032
 20
-101.529279342608
 10
350.715746404876
 20
-101.528965846711
 10
350.720300276413
 20
-101.528660548995
 10
350.724865498536
 20
-101.528363533416
 10
350.729441952139
 20
-101.528074883936
 10
350.734029518115
 20
-101.527794684511
 10
350.738628077354
 20
-101.527523019098
 10
350.743237510749
 20
-101.527259971656
 10
350.747857699193
 20
-101.527005626144
 10
350.75248852358
 20
-101.526760066519
 10
350.7571298648
 20
-101.52652337674
 10
350.761781603746
 20
-101.526295640763
 10
350.766443621313
 20
-101.526076942549
 10
350.771115798389
 20
-101.525867366054
 10
350.77579801587
 20
-101.525666995236
 10
350.780490154646
 20
-101.525475914053
 10
350.785192095613
 20
-101.525294206465
 10
350.789903719659
 20
-101.525121956429
 10
350.794624907682
 20
-101.524959247901
 10
350.799355540567
 20
-101.524806164843
 10
350.804095499214
 20
-101.524662791209
 10
350.808844664509
 20
-101.524529210961
 10
350.813602917351
 20
-101.524405508054
 10
350.818370138626
 20
-101.524291766447
 10
350.823146209232
 20
-101.524188070099
 10
350.827931010057
 20
-101.524094502966
 10
350.832724421997
 20
-101.524011149008
 10
350.837526325942
 20
-101.523938092183
 10
350.842336602786
 20
-101.523875416447
 10
350.847155133421
 20
-101.523823205762
 10
350.851981798738
 20
-101.523781544081
 10
350.856816479633
 20
-101.523750515366
 10
350.861659060373
 20
-101.523730215091
 10
350.866509438738
 20
-101.523720784794
 10
350.871367515889
 20
-101.523722377534
 10
350.876233192983
 20
-101.523735146367
 10
350.88110637118
 20
-101.523759244349
 10
350.885986951635
 20
-101.523794824539
 10
350.890874835508
 20
-101.523842039991
 10
350.895769923958
 20
-101.523901043764
 10
350.900672118142
 20
-101.523971988913
 10
350.905581319219
 20
-101.524055028496
 10
350.910497428348
 20
-101.52415031557
 10
350.915420346684
 20
-101.524258003191
 10
350.92034997539
 20
-101.524378244416
 10
350.925286215621
 20
-101.524511192301
 10
350.930228968537
 20
-101.524656999904
 10
350.935178135295
 20
-101.524815820282
 10
350.940133617052
 20
-101.52498780649
 10
350.94509531497
 20
-101.525173111586
 10
350.950063130206
 20
-101.525371888627
 10
350.955036963917
 20
-101.525584290669
 10
350.960016717261
 20
-101.52581047077
 10
350.965002291398
 20
-101.526050581984
 10
350.969993587485
 20
-101.526304777371
 10
350.974990506682
 20
-101.526573209987
 10
350.979992950146
 20
-101.526856032888
 10
350.985000819034
 20
-101.52715339913
 10
350.990014014508
 20
-101.527465461771
 10
350.995032437721
 20
-101.527792373868
 10
351.000055989836
 20
-101.528134288476
 10
351.005084572009
 20
-101.528491358655
 10
351.010118085398
 20
-101.528863737458
 10
351.01515640107
 20
-101.529251539317
 10
351.02019926971
 20
-101.529654724149
 10
351.025246411911
 20
-101.530073213245
 10
351.03029754827
 20
-101.530506927898
 10
351.035352399378
 20
-101.530955789398
 10
351.04041068583
 20
-101.531419719035
 10
351.045472128219
 20
-101.531898638101
 10
351.050536447139
 20
-101.532392467885
 10
351.055603363186
 20
-101.532901129682
 10
351.06067259695
 20
-101.533424544779
 10
351.065743869027
 20
-101.533962634469
 10
351.07081690001
 20
-101.534515320043
 10
351.075891410492
 20
-101.535082522792
 10
351.080967121067
 20
-101.535664164006
 10
351.08604375233
 20
-101.536260164979
 10
351.091121024874
 20
-101.536870446997
 10
351.096198659292
 20
-101.537494931355
 10
351.101276376179
 20
-101.538133539343
 10
351.10635389613
 20
-101.538786192252
 10
351.111430939735
 20
-101.539452811372
 10
351.116507227591
 20
-101.540133317995
 10
351.121582480288
 20
-101.540827633413
 10
351.126656418423
 20
-101.541535678914
 10
351.13172876259
 20
-101.542257375792
 10
351.13679923338
 20
-101.542992645337
 10
351.141867551389
 20
-101.54374140884
 10
351.146933437209
 20
-101.544503587592
 10
351.151996611436
 20
-101.545279102884
 10
351.157056794662
 20
-101.546067876006
 10
351.16211370748
 20
-101.54686982825
 10
351.167167070486
 20
-101.547684880908
 10
351.172216722138
 20
-101.548513098724
 10
351.17726297236
 20
-101.549355120267
 10
351.182306248944
 20
-101.550211727559
 10
351.187346979678
 20
-101.55108370262
 10
351.192385592349
 20
-101.551971827475
 10
351.19742251475
 20
-101.552876884143
 10
351.20245817467
 20
-101.553799654649
 10
351.2074929999
 20
-101.554740921013
 10
351.212527418229
 20
-101.555701465259
 10
351.217561857444
 20
-101.556682069408
 10
351.222596745338
 20
-101.557683515482
 10
351.227632509699
 20
-101.558706585503
 10
351.23266957832
 20
-101.559752061496
 10
351.237708378985
 20
-101.560820725478
 10
351.242749339488
 20
-101.561913359476
 10
351.247792887618
 20
-101.563030745509
 10
351.252839451165
 20
-101.5641736656
 10
351.257889457917
 20
-101.565342901771
 10
351.262943335667
 20
-101.566539236045
 10
351.268001512201
 20
-101.567763450444
 10
351.273064415309
 20
-101.569016326988
 10
351.278132472784
 20
-101.570298647703
 10
351.283206112414
 20
-101.571611194608
 10
351.288285761988
 20
-101.572954749727
 10
351.293371849295
 20
-101.57433009508
 10
351.298464802127
 20
-101.575738012691
 10
351.303565048275
 20
-101.577179284581
 10
351.308673015523
 20
-101.578654692773
 10
351.313789131666
 20
-101.580165019289
 10
351.318913824493
 20
-101.58171104615
 10
351.32404752179
 20
-101.583293555381
 10
351.329190209115
 20
-101.584912793346
 10
351.334340103067
 20
-101.586566863799
 10
351.339494978016
 20
-101.588253334835
 10
351.344652608328
 20
-101.589969774551
 10
351.349810768368
 20
-101.591713751043
 10
351.354967232503
 20
-101.59348283241
 10
351.360119775102
 20
-101.595274586745
 10
351.365266170529
 20
-101.597086582147
 10
351.370404193153
 20
-101.598916386712
 10
351.375531617338
 20
-101.600761568537
 10
351.380646217453
 20
-101.602619695717
 10
351.385745767863
 20
-101.604488336351
 10
351.390828042935
 20
-101.606365058534
 10
351.395890817035
 20
-101.608247430363
 10
351.400931864533
 20
-101.610133019934
 10
351.405948959793
 20
-101.612019395346
 10
351.41093987718
 20
-101.613904124692
 10
351.415902391064
 20
-101.615784776071
 10
351.42083427581
 20
-101.617658917579
 10
351.425733305783
 20
-101.619524117313
 10
351.430597255354
 20
-101.621377943369
 10
351.435423898886
 20
-101.623217963844
 10
351.440211010748
 20
-101.625041746834
 10
351.444956365304
 20
-101.626846860436
 10
351.449657736921
 20
-101.628630872747
 10
351.454312899969
 20
-101.630391351862
 10
351.458919628811
 20
-101.63212586588
 10
351.463475697816
 20
-101.633831982896
 10
351.467978881348
 20
-101.635507271008
 10
351.472426953777
 20
-101.63714929831
 10
351.476817689469
 20
-101.638755632901
 10
351.481150514305
 20
-101.640325842269
 10
351.485431460233
 20
-101.641867491473
 10
351.489668210719
 20
-101.643390144964
 10
351.49386844923
 20
-101.644903367192
 10
351.498039859227
 20
-101.64641672261
 10
351.502190124178
 20
-101.647939775668
 10
351.506326927545
 20
-101.649482090816
 10
351.510457952796
 20
-101.651053232506
 10
351.514590883393
 20
-101.65266276519
 10
351.518733402802
 20
-101.654320253318
 10
351.522893194488
 20
-101.65603526134
 10
351.527077941914
 20
-101.657817353708
 10
351.531295328547
 20
-101.659676094874
 10
351.535553037851
 20
-101.661621049288
 10
351.539858753291
 20
-101.6636617814
 10
351.54422015833
 20
-101.665807855663
 10
351.548644936435
 20
-101.668068836527
 10
351.55314077107
 20
-101.670454288444
 10
351.5577153457
 20
-101.672973775862
 10
351.562376343791
 20
-101.675636863236
 10
351.567131448805
 20
-101.678453115015
 10
351.571988344207
 20
-101.68143209565
 10
351.576954713466
 20
-101.684583369592
 10
351.582038240042
 20
-101.687916501292
 10
351.5872466074
 20
-101.691441055203
 10
351.59258749901
 20
-101.695166595773
 10
351.598068598331
 20
-101.699102687455
 10
351.603697588831
 20
-101.703258894699
 10
351.609482153972
 20
-101.707644781955
 10
351.615429977221
 20
-101.712269913677
 10
351.621548742043
 20
-101.717143854315
 10
351.627843890976
 20
-101.722273185139
 10
351.634311902846
 20
-101.727652554705
 10
351.64094701556
 20
-101.733273628388
 10
351.647743467016
 20
-101.739128071564
 10
351.654695495116
 20
-101.745207549607
 10
351.661797337764
 20
-101.751503727892
 10
351.669043232862
 20
-101.758008271796
 10
351.67642741831
 20
-101.764712846693
 10
351.683944132012
 20
-101.771609117959
 10
351.691587611869
 20
-101.778688750969
 10
351.699352095784
 20
-101.785943411098
 10
351.70723182166
 20
-101.793364763722
 10
351.715221027395
 20
-101.800944474216
 10
351.723313950894
 20
-101.808674207954
 10
351.731504830059
 20
-101.816545630312
 10
351.739787902792
 20
-101.824550406667
 10
351.748157406994
 20
-101.832680202392
 10
351.756607580566
 20
-101.840926682864
 10
351.765132661414
 20
-101.849281513456
 10
351.773726887437
 20
-101.857736359545
 10
351.782384496539
 20
-101.866282886507
 10
351.791099726619
 20
-101.874912759716
 10
351.79986681558
 20
-101.883617644547
 10
351.808680001326
 20
-101.892389206376
 10
351.817533521757
 20
-101.901219110578
 10
351.826421614777
 20
-101.910099022528
 10
351.835338518286
 20
-101.919020607602
 10
351.844278470188
 20
-101.927975531175
 10
351.853235708382
 20
-101.936955458623
 10
351.862204470774
 20
-101.945952055319
 10
351.871178995263
 20
-101.95495698664
  0
LWPOLYLINE
  5
271
330
193
100
AcDbEntity
  8
Layer11
  6
AUSGEZOGEN
 62
     7
370
    50
100
AcDbPolyline
 90
      900
 70
     0
 43
0.0
 10
350.164909388103
 20
-101.627805569142
 10
350.167452058728
 20
-101.627140322576
 10
350.169993173446
 20
-101.626475461979
 10
350.172531176351
 20
-101.625811373319
 10
350.175064511537
 20
-101.625148442567
 10
350.177591623098
 20
-101.624487055691
 10
350.180110955127
 20
-101.62382759866
 10
350.182620951719
 20
-101.623170457441
 10
350.185120056966
 20
-101.622516018006
 10
350.187606714963
 20
-101.621864666322
 10
350.190079369803
 20
-101.621216788359
 10
350.192536465578
 20
-101.620572770085
 10
350.194976446386
 20
-101.61993299747
 10
350.197397756318
 20
-101.619297856482
 10
350.199798839465
 20
-101.618667733091
 10
350.202178139926
 20
-101.618043013264
 10
350.204534101791
 20
-101.617424082972
 10
350.206865169155
 20
-101.616811328184
 10
350.209169786113
 20
-101.616205134867
 10
350.211446396756
 20
-101.615605888992
 10
350.213693445178
 20
-101.615013976527
 10
350.215909375475
 20
-101.61442978344
 10
350.218092631738
 20
-101.613853695701
 10
350.220241658062
 20
-101.61328609928
 10
350.222354898541
 20
-101.612727380144
 10
350.224430797267
 20
-101.612177924263
 10
350.226467798337
 20
-101.611638117606
 10
350.228464345841
 20
-101.611108346141
 10
350.230418883875
 20
-101.610588995838
 10
350.232329856532
 20
-101.610080452667
 10
350.234195707905
 20
-101.609583102594
 10
350.236014882088
 20
-101.60909733159
 10
350.237786610957
 20
-101.608623341752
 10
350.239513277506
 20
-101.608160599695
 10
350.241198052514
 20
-101.607708388162
 10
350.242844106757
 20
-101.607265989896
 10
350.244454611011
 20
-101.606832687642
 10
350.246032736055
 20
-101.606407764142
 10
350.247581652666
 20
-101.605990502138
 10
350.24910453162
 20
-101.605580184377
 10
350.250604543693
 20
-101.605176093599
 10
350.252084859667
 20
-101.604777512548
 10
350.253548650313
 20
-101.604383723969
 10
350.254999086412
 20
-101.603994010602
 10
350.25643933874
 20
-101.603607655195
 10
350.257872578073
 20
-101.603223940487
 10
350.259301975191
 20
-101.602842149224
 10
350.260730700868
 20
-101.602461564148
 10
350.262161925883
 20
-101.602081468003
 10
350.26359882101
 20
-101.601701143532
 10
350.265044557029
 20
-101.601319873479
 10
350.266502304718
 20
-101.600936940587
 10
350.267975234852
 20
-101.600551627598
 10
350.269466518208
 20
-101.600163217257
 10
350.270979325564
 20
-101.599770992308
 10
350.272516827696
 20
-101.599374235491
 10
350.274082195381
 20
-101.598972229554
 10
350.275678599399
 20
-101.598564257236
 10
350.277309210524
 20
-101.598149601283
 10
350.278977199534
 20
-101.597727544437
 10
350.280685737207
 20
-101.597297369442
 10
350.28243799432
 20
-101.596858359041
 10
350.284237141647
 20
-101.596409795978
 10
350.286085652368
 20
-101.595951136223
 10
350.287983209261
 20
-101.595482528666
 10
350.289928797502
 20
-101.595004295421
 10
350.291921402273
 20
-101.594516758602
 10
350.293960008747
 20
-101.594020240326
 10
350.296043602106
 20
-101.593515062708
 10
350.298171167526
 20
-101.593001547864
 10
350.300341690185
 20
-101.592480017909
 10
350.302554155262
 20
-101.591950794958
 10
350.304807547935
 20
-101.591414201128
 10
350.307100853381
 20
-101.590870558533
 10
350.309433056779
 20
-101.590320189287
 10
350.311803143306
 20
-101.589763415509
 10
350.314210098142
 20
-101.589200559312
 10
350.316652906462
 20
-101.588631942813
 10
350.319130553446
 20
-101.588057888126
 10
350.321642024274
 20
-101.587478717367
 10
350.324186304119
 20
-101.586894752652
 10
350.326762378163
 20
-101.586306316096
 10
350.329369231582
 20
-101.585713729814
 10
350.332005849556
 20
-101.585117315922
 10
350.334671217263
 20
-101.584517396535
 10
350.337364319878
 20
-101.583914293769
 10
350.340084142581
 20
-101.58330832974
 10
350.34282967055
 20
-101.582699826562
 10
350.345599888964
 20
-101.58208910635
 10
350.348393782999
 20
-101.581476491223
 10
350.351210337835
 20
-101.580862303293
 10
350.354048538648
 20
-101.580246864676
 10
350.356907370617
 20
-101.579630497488
 10
350.359785818921
 20
-101.579013523845
 10
350.362683055077
 20
-101.578396219814
 10
350.365598995952
 20
-101.577778677269
 10
350.368533744761
 20
-101.577160942037
 10
350.371487404711
 20
-101.576543059946
 10
350.374460079011
 20
-101.575925076822
 10
350.377451870873
 20
-101.575307038493
 10
350.380462883504
 20
-101.574688990782
 10
350.383493220117
 20
-101.574070979521
 10
350.386542983921
 20
-101.573453050534
 10
350.389612278123
 20
-101.572835249648
 10
350.392701205936
 20
-101.57221762269
 10
350.395809870566
 20
-101.571600215486
 10
350.398938375227
 20
-101.570983073865
 10
350.402086823128
 20
-101.570366243652
 10
350.405255317475
 20
-101.569749770673
 10
350.408443961482
 20
-101.569133700757
 10
350.411652858358
 20
-101.568518079731
 10
350.414882111311
 20
-101.56790295342
 10
350.41813182355
 20
-101.567288367652
 10
350.421402098289
 20
-101.566674368252
 10
350.424693038735
 20
-101.566061001049
 10
350.428004748097
 20
-101.56544831187
 10
350.431337329585
 20
-101.564836346539
 10
350.43469088641
 20
-101.564225150885
 10
350.438065521781
 20
-101.563614770736
 10
350.441461338909
 20
-101.563005251915
 10
350.444878441002
 20
-101.562396640253
 10
350.44831693127
 20
-101.561788981575
 10
350.451776912924
 20
-101.561182321706
 10
350.455258489172
 20
-101.560576706475
 10
350.458761763224
 20
-101.55997218171
 10
350.462286788647
 20
-101.559368805139
 10
350.465833420418
 20
-101.558766682117
 10
350.469401463874
 20
-101.558165929901
 10
350.472990724353
 20
-101.557566665747
 10
350.476601007187
 20
-101.556969006911
 10
350.480232117712
 20
-101.556373070654
 10
350.483883861267
 20
-101.555778974228
 10
350.487556043183
 20
-101.555186834893
 10
350.4912484688
 20
-101.554596769906
 10
350.494960943448
 20
-101.554008896523
 10
350.498693272466
 20
-101.553423332002
 10
350.502445261189
 20
-101.552840193599
 10
350.506216714952
 20
-101.552259598572
 10
350.510007439092
 20
-101.551681664178
 10
350.513817238944
 20
-101.551106507673
 10
350.517645919841
 20
-101.550534246315
 10
350.521493287121
 20
-101.549964997361
 10
350.525359146119
 20
-101.549398878067
 10
350.52924330217
 20
-101.548836005692
 10
350.53314556061
 20
-101.548276497491
 10
350.537065726774
 20
-101.547720470722
 10
350.541003605999
 20
-101.547168042642
 10
350.544959003619
 20
-101.546619330508
 10
350.548931724971
 20
-101.546074451578
 10
350.552921575387
 20
-101.545533523106
 10
350.556928360206
 20
-101.544996662353
 10
350.560951884763
 20
-101.544463986574
 10
350.564991954391
 20
-101.543935613025
 10
350.569048374429
 20
-101.543411658965
 10
350.57312095021
 20
-101.542892241649
 10
350.57720948707
 20
-101.542377478338
 10
350.581313803614
 20
-101.541867483309
 10
350.585433771518
 20
-101.541362358951
 10
350.589569275721
 20
-101.540862204673
 10
350.59372020117
 20
-101.540367119884
 10
350.59788643281
 20
-101.539877203995
 10
350.60206785558
 20
-101.539392556417
 10
350.606264354429
 20
-101.538913276559
 10
350.610475814298
 20
-101.538439463831
 10
350.614702120129
 20
-101.537971217645
 10
350.618943156868
 20
-101.53750863741
 10
350.623198809457
 20
-101.537051822535
 10
350.627468962841
 20
-101.536600872433
 10
350.631753501963
 20
-101.536155886512
 10
350.636052311766
 20
-101.535716964183
 10
350.640365277193
 20
-101.535284204856
 10
350.644692283191
 20
-101.53485770794
 10
350.649033214701
 20
-101.534437572847
 10
350.653387956665
 20
-101.534023898987
 10
350.65775639403
 20
-101.53361678577
 10
350.662138411739
 20
-101.533216332606
 10
350.666533894732
 20
-101.532822638905
 10
350.670942727957
 20
-101.532435804077
 10
350.675364796356
 20
-101.532055927532
 10
350.679799984872
 20
-101.531683108682
 10
350.684248178448
 20
-101.531317446936
 10
350.688709262029
 20
-101.530959041703
 10
350.693183120559
 20
-101.530607992394
 10
350.697669638981
 20
-101.530264398421
 10
350.702168702237
 20
-101.529928359191
 10
350.706680195274
 20
-101.529599974117
 10
350.711204003032
 20
-101.529279342608
 10
350.715740006901
 20
-101.528966564832
 10
350.720288074048
 20
-101.528661743994
 10
350.724848068083
 20
-101.528364984055
 10
350.729419852618
 20
-101.528076388975
 10
350.734003291265
 20
-101.527796062719
 10
350.738598247634
 20
-101.527524109246
 10
350.743204585335
 20
-101.527260632519
 10
350.747822167983
 20
-101.5270057365
 10
350.752450859187
 20
-101.52675952515
 10
350.757090522559
 20
-101.52652210243
 10
350.76174102171
 20
-101.526293572304
 10
350.76640222025
 20
-101.526074038732
 10
350.771073981792
 20
-101.525863605677
 10
350.775756169947
 20
-101.525662377099
 10
350.780448648326
 20
-101.525470456962
 10
350.785151280539
 20
-101.525287949225
 10
350.789863930199
 20
-101.525114957853
 10
350.794586460918
 20
-101.524951586805
 10
350.799318736303
 20
-101.524797940045
 10
350.804060619972
 20
-101.524654121532
 10
350.80881197553
 20
-101.524520235231
 10
350.813572666592
 20
-101.524396385101
 10
350.818342556766
 20
-101.524282675105
 10
350.823121509668
 20
-101.524179209204
 10
350.827909388905
 20
-101.524086091362
 10
350.832706058093
 20
-101.524003425538
 10
350.837511380836
 20
-101.523931315694
 10
350.842325220751
 20
-101.523869865794
 10
350.847147441448
 20
-101.523819179798
 10
350.851977906539
 20
-101.523779361669
 10
350.856816479633
 20
-101.523750515366
 10
350.861663025295
 20
-101.523732744794
 10
350.866517411907
 20
-101.523726153614
 10
350.871379508799
 20
-101.523730845428
 10
350.876249185303
 20
-101.523746923839
 10
350.881126310753
 20
-101.523774492449
 10
350.886010754481
 20
-101.52381365486
 10
350.89090238582
 20
-101.523864514675
 10
350.895801074101
 20
-101.523927175496
 10
350.900706688655
 20
-101.524001740925
 10
350.90561909882
 20
-101.524088314565
 10
350.910538173923
 20
-101.524187000019
 10
350.915463783298
 20
-101.524297900888
 10
350.92039579628
 20
-101.524421120775
 10
350.9253340822
 20
-101.524556763281
 10
350.930278510388
 20
-101.524704932011
 10
350.935228950179
 20
-101.524865730565
 10
350.940185270905
 20
-101.525039262546
 10
350.945147341898
 20
-101.525225631557
 10
350.950115032491
 20
-101.5254249412
 10
350.955088212017
 20
-101.525637295077
 10
350.960066749805
 20
-101.525862796791
 10
350.965050515191
 20
-101.526101549944
 10
350.970039377509
 20
-101.526353658137
 10
350.975033206087
 20
-101.526619224975
 10
350.98003187026
 20
-101.526898354059
 10
350.985035239359
 20
-101.527191148991
 10
350.990043182719
 20
-101.527497713373
 10
350.995055569671
 20
-101.527818150809
 10
351.000072269544
 20
-101.528152564901
 10
351.005093151678
 20
-101.528501059249
 10
351.010118085398
 20
-101.528863737458
 10
351.01514693935
 20
-101.52924070238
 10
351.0201795794
 20
-101.529632053869
 10
351.025215870728
 20
-101.530037891031
 10
351.030255678514
 20
-101.53045831297
 10
351.035298867934
 20
-101.530893418791
 10
351.040345304166
 20
-101.531343307601
 10
351.04539485239
 20
-101.531808078503
 10
351.050447377782
 20
-101.532287830601
 10
351.055502745523
 20
-101.532782663004
 10
351.060560820788
 20
-101.533292674812
 10
351.065621468759
 20
-101.533817965134
 10
351.070684554612
 20
-101.534358633073
 10
351.075749943524
 20
-101.534914777735
 10
351.080817500675
 20
-101.535486498224
 10
351.085887091245
 20
-101.536073893646
 10
351.090958580408
 20
-101.536677063105
 10
351.096031833346
 20
-101.537296105707
 10
351.101106715234
 20
-101.537931120557
 10
351.106183091253
 20
-101.538582206759
 10
351.11126082658
 20
-101.539249463419
 10
351.116339786393
 20
-101.539932989641
 10
351.121419835872
 20
-101.540632884531
 10
351.126500840192
 20
-101.541349247193
 10
351.131582664533
 20
-101.542082176733
 10
351.136665174074
 20
-101.542831772256
 10
351.141748233993
 20
-101.543598132866
 10
351.146831709466
 20
-101.544381357669
 10
351.151915465675
 20
-101.54518154577
 10
351.156999367795
 20
-101.545998796273
 10
351.162083281006
 20
-101.546833208285
 10
351.167167070486
 20
-101.547684880908
 10
351.172250604095
 20
-101.548553916768
 10
351.17733376043
 20
-101.549440432567
 10
351.182416420767
 20
-101.550344548525
 10
351.187498466381
 20
-101.551266384862
 10
351.192579778555
 20
-101.5522060618
 10
351.197660238562
 20
-101.553163699557
 10
351.202739727682
 20
-101.554139418356
 10
351.20781812719
 20
-101.555133338416
 10
351.212895318368
 20
-101.55614557996
 10
351.217971182489
 20
-101.557176263205
 10
351.223045600831
 20
-101.558225508375
 10
351.228118454674
 20
-101.559293435688
 10
351.233189625295
 20
-101.560380165366
 10
351.238258993972
 20
-101.561485817629
 10
351.243326441978
 20
-101.562610512698
 10
351.248391850597
 20
-101.563754370794
 10
351.253455101103
 20
-101.564917512135
 10
351.258516074773
 20
-101.566100056945
 10
351.263574652887
 20
-101.567302125443
 10
351.268630716721
 20
-101.56852383785
 10
351.273684147551
 20
-101.569765314385
 10
351.278734826658
 20
-101.571026675271
 10
351.283782635315
 20
-101.572308040728
 10
351.288827454806
 20
-101.573609530975
 10
351.293869166402
 20
-101.574931266233
 10
351.298907651384
 20
-101.576273366723
 10
351.30394279103
 20
-101.577635952667
 10
351.308974466616
 20
-101.579019144285
 10
351.314002559419
 20
-101.580423061795
 10
351.319026950718
 20
-101.58184782542
 10
351.32404752179
 20
-101.583293555381
 10
351.329064143005
 20
-101.584760358108
 10
351.334076641102
 20
-101.586248284879
 10
351.339084831911
 20
-101.587757373184
 10
351.344088531263
 20
-101.589287660511
 10
351.349087554991
 20
-101.59083918435
 10
351.354081718923
 20
-101.592411982188
 10
351.359070838891
 20
-101.594006091514
 10
351.364054730726
 20
-101.595621549818
 10
351.36903321026
 20
-101.597258394588
 10
351.374006093323
 20
-101.598916663314
 10
351.378973195746
 20
-101.600596393482
 10
351.38393433336
 20
-101.602297622585
 10
351.388889321996
 20
-101.604020388108
 10
351.393837977485
 20
-101.605764727543
 10
351.398780115657
 20
-101.607530678376
 10
351.403715552344
 20
-101.609318278098
 10
351.408644103376
 20
-101.611127564196
 10
351.413565584586
 20
-101.61295857416
 10
351.418479811804
 20
-101.614811345479
 10
351.42338660086
 20
-101.616685915642
 10
351.428285767585
 20
-101.618582322137
 10
351.43317712781
 20
-101.620500602452
 10
351.438060497367
 20
-101.622440794077
 10
351.442935692087
 20
-101.624402934502
 10
351.447802527801
 20
-101.626387061215
 10
351.452660820336
 20
-101.628393211702
 10
351.457510385528
 20
-101.630421423457
 10
351.462351039207
 20
-101.632471733965
 10
351.467182597202
 20
-101.634544180715
 10
351.472004875346
 20
-101.636638801197
 10
351.476817689469
 20
-101.638755632901
 10
351.481620896782
 20
-101.64089476518
 10
351.486414520025
 20
-101.643056494851
 10
351.491198623318
 20
-101.6452411706
 10
351.49597327078
 20
-101.647449141108
 10
351.500738526531
 20
-101.649680755061
 10
351.505494454692
 20
-101.651936361141
 10
351.51024111938
 20
-101.654216308033
 10
351.514978584717
 20
-101.65652094442
 10
351.519706914824
 20
-101.658850618985
 10
351.524426173819
 20
-101.661205680412
 10
351.529136425821
 20
-101.663586477385
 10
351.533837734951
 20
-101.665993358589
 10
351.538530165328
 20
-101.668426672705
 10
351.543213781073
 20
-101.670886768418
 10
351.547888646305
 20
-101.673373994412
 10
351.552554825145
 20
-101.675888699369
 10
351.557212381711
 20
-101.678431231975
 10
351.561861380124
 20
-101.681001940912
 10
351.566501884501
 20
-101.683601174864
 10
351.571133958967
 20
-101.686229282515
 10
351.575757667639
 20
-101.688886612548
 10
351.580373074636
 20
-101.691573513648
 10
351.584980244079
 20
-101.694290334497
 10
351.589579240088
 20
-101.697037423779
 10
351.59417012678
 20
-101.699815130178
 10
351.598752968279
 20
-101.702623802378
 10
351.603327828703
 20
-101.705463789062
 10
351.607894772173
 20
-101.708335438914
 10
351.612453862805
 20
-101.711239100618
 10
351.617005164723
 20
-101.714175122856
 10
351.621548742043
 20
-101.717143854315
 10
351.626084504502
 20
-101.720145449566
 10
351.630611744278
 20
-101.723179286755
 10
351.635129599166
 20
-101.726244549915
 10
351.639637206963
 20
-101.72934042308
 10
351.64413370546
 20
-101.732466090287
 10
351.648618232452
 20
-101.735620735566
 10
351.653089925736
 20
-101.738803542954
 10
351.657547923103
 20
-101.742013696485
 10
351.661991362349
 20
-101.745250380193
 10
351.666419381269
 20
-101.748512778113
 10
351.670831117656
 20
-101.751800074278
 10
351.675225709303
 20
-101.755111452724
 10
351.679602294009
 20
-101.758446097485
 10
351.683960009565
 20
-101.761803192594
 10
351.688297993764
 20
-101.765181922086
 10
351.692615384404
 20
-101.768581469996
 10
351.696911319277
 20
-101.772001020357
 10
351.701184936177
 20
-101.775439757205
 10
351.7054353729
 20
-101.778896864575
 10
351.709661767242
 20
-101.782371526498
 10
351.713863256992
 20
-101.78586292701
 10
351.718038979947
 20
-101.789370250146
 10
351.722188073904
 20
-101.79289267994
 10
351.726309676655
 20
-101.796429400426
 10
351.730402925992
 20
-101.799979595638
 10
351.734466959713
 20
-101.803542449613
 10
351.738500915612
 20
-101.807117146382
 10
351.742503931482
 20
-101.81070286998
 10
351.746475145117
 20
-101.814298804442
 10
351.750413694314
 20
-101.817904133803
 10
351.754318716863
 20
-101.821518042096
 10
351.758189925837
 20
-101.825140438559
 10
351.762029335398
 20
-101.828774133247
 10
351.765839534985
 20
-101.832422661415
 10
351.769623114036
 20
-101.836089558321
 10
351.773382661992
 20
-101.839778359223
 10
351.777120768291
 20
-101.843492599375
 10
351.78084002237
 20
-101.847235814036
 10
351.78454301367
 20
-101.851011538463
 10
351.788232331626
 20
-101.854823307913
 10
351.791910565682
 20
-101.858674657643
 10
351.795580305272
 20
-101.862569122908
 10
351.799244139838
 20
-101.866510238968
 10
351.802904658818
 20
-101.870501541078
 10
351.80656445165
 20
-101.874546564495
 10
351.810226107771
 20
-101.878648844478
 10
351.813892216622
 20
-101.882811916281
 10
351.817565367643
 20
-101.887039315163
 10
351.821248150269
 20
-101.891334576379
 10
351.824943153941
 20
-101.895701235189
 10
351.828652968099
 20
-101.900142826848
 10
351.832380182179
 20
-101.904662886613
 10
351.836127385621
 20
-101.909264949741
 10
351.839897167862
 20
-101.913952551489
 10
351.843692118344
 20
-101.918729227114
 10
351.847514826503
 20
-101.923598511875
 10
351.85136788178
 20
-101.928563941025
 10
351.855253873611
 20
-101.933629049824
 10
351.859175391435
 20
-101.938797373528
 10
351.863135024694
 20
-101.944072447394
 10
351.867135362824
 20
-101.949457806679
 10
351.871178995263
 20
-101.95495698664
 10
351.875267513853
 20
-101.960572063423
 10
351.879398520041
 20
-101.966299276728
 10
351.883568617676
 20
-101.972133407146
 10
351.887774410605
 20
-101.978069235265
 10
351.892012502678
 20
-101.984101541677
 10
351.896279497742
 20
-101.990225106969
 10
351.900571999648
 20
-101.996434711733
 10
351.904886612243
 20
-102.002725136557
 10
351.909219939376
 20
-102.009091162033
 10
351.913568584896
 20
-102.015527568748
 10
351.917929152653
 20
-102.022029137293
 10
351.922298246493
 20
-102.028590648259
 10
351.926672470265
 20
-102.035206882233
 10
351.931048427821
 20
-102.041872619806
 10
351.935422723005
 20
-102.048582641568
 10
351.939791959669
 20
-102.055331728108
 10
351.94415274166
 20
-102.062114660017
 10
351.948501672829
 20
-102.068926217884
 10
351.952835357021
 20
-102.075761182297
 10
351.957150398086
 20
-102.082614333848
 10
351.961443399874
 20
-102.089480453126
 10
351.965710966233
 20
-102.096354320721
 10
351.969949701012
 20
-102.103230717222
 10
351.974156208058
 20
-102.110104423219
 10
351.978327091223
 20
-102.116970219302
 10
351.982458954352
 20
-102.123822886059
 10
351.986548401296
 20
-102.130657204083
 10
351.990592035902
 20
-102.13746795396
 10
351.994586462019
 20
-102.144249916283
 10
351.998528283497
 20
-102.15099787164
 10
352.002414104183
 20
-102.157706600621
 10
352.006241272762
 20
-102.164371982383
 10
352.010010117243
 20
-102.170994290357
 10
352.013721710473
 20
-102.177574896542
 10
352.0173771253
 20
-102.184115172935
 10
352.020977434564
 20
-102.190616491535
 10
352.02452371112
 20
-102.197080224341
 10
352.028017027806
 20
-102.203507743351
 10
352.03145845747
 20
-102.209900420563
 10
352.03484907296
 20
-102.216259627974
 10
352.038189947122
 20
-102.222586737586
 10
352.041482152798
 20
-102.228883121394
 10
352.044726762837
 20
-102.235150151397
 10
352.047924850085
 20
-102.241389199595
 10
352.051077487386
 20
-102.247601637984
 10
352.054185747588
 20
-102.253788838565
 10
352.057250703536
 20
-102.259952173335
 10
352.060273428075
 20
-102.266093014291
 10
352.063254994051
 20
-102.272212733434
 10
352.066196474312
 20
-102.278312702761
 10
352.069098941702
 20
-102.284394294269
 10
352.071963469069
 20
-102.290458879959
 10
352.074791129255
 20
-102.296507831828
 10
352.077582995109
 20
-102.302542521874
 10
352.080340139475
 20
-102.308564322097
 10
352.0830636352
 20
-102.314574604492
 10
352.085754555132
 20
-102.320574741061
 10
352.088413972113
 20
-102.326566103801
 10
352.091042958991
 20
-102.332550064711
 10
352.093642588612
 20
-102.338527995787
 10
352.096213933821
 20
-102.34450126903
 10
352.098758067463
 20
-102.350471256437
 10
352.101275862862
 20
-102.356439036177
 10
352.103767395243
 20
-102.362404511099
 10
352.106232540306
 20
-102.368367290222
 10
352.108671173752
 20
-102.374326982565
 10
352.111083171282
 20
-102.380283197148
 10
352.113468408596
 20
-102.386235542989
 10
352.115826761398
 20
-102.392183629108
 10
352.118158105385
 20
-102.398127064525
 10
352.120462316261
 20
-102.404065458259
 10
352.122739269726
 20
-102.409998419327
 10
352.124988841482
 20
-102.415925556751
 10
352.127210907229
 20
-102.421846479549
 10
352.129405342668
 20
-102.42776079674
 10
352.1315720235
 20
-102.433668117343
 10
352.133710825427
 20
-102.439568050378
 10
352.135821624148
 20
-102.445460204864
 10
352.137904295367
 20
-102.45134418982
 10
352.139958714781
 20
-102.457219614264
 10
352.141984758095
 20
-102.463086087218
 10
352.143982301006
 20
-102.4689432177
 10
352.145951219218
 20
-102.474790614728
 10
352.147891388431
 20
-102.480627887323
 10
352.149802684348
 20
-102.486454644502
 10
352.151684982666
 20
-102.492270495287
 10
352.153538159088
 20
-102.498075048696
 10
352.155362089318
 20
-102.503867913746
 10
352.157156649051
 20
-102.50964869946
 10
352.158921713992
 20
-102.515417014854
 10
352.160657159842
 20
-102.52117246895
 10
352.1623628623
 20
-102.526914670765
 10
352.164038697069
 20
-102.53264322932
 10
352.165684593187
 20
-102.538357831813
 10
352.167300693043
 20
-102.544058478172
 10
352.168887192365
 20
-102.549745246502
 10
352.170444286883
 20
-102.555418214912
 10
352.17197217232
 20
-102.561077461506
 10
352.173471044407
 20
-102.566723064392
 10
352.174941098871
 20
-102.572355101677
 10
352.176382531438
 20
-102.577973651467
 10
352.177795537835
 20
-102.58357879187
 10
352.179180313793
 20
-102.589170600992
 10
352.180537055036
 20
-102.594749156939
 10
352.181865957293
 20
-102.600314537818
 10
352.183167216294
 20
-102.605866821737
 10
352.184441027761
 20
-102.611406086801
 10
352.185687587426
 20
-102.616932411118
 10
352.186907091016
 20
-102.622445872795
 10
352.188099734256
 20
-102.627946549937
 10
352.189265712878
 20
-102.633434520653
 10
352.190405222604
 20
-102.638909863048
 10
352.191518459166
 20
-102.64437265523
 10
352.192605618289
 20
-102.649822975305
 10
352.193666895701
 20
-102.655260901379
 10
352.19470248713
 20
-102.66068651156
 10
352.195712588304
 20
-102.666099883954
 10
352.19669739495
 20
-102.671501096669
 10
352.197657102796
 20
-102.67689022781
 10
352.198591907567
 20
-102.682267355484
 10
352.199502004995
 20
-102.6876325578
 10
352.200387590803
 20
-102.692985912861
 10
352.201248860722
 20
-102.698327498778
 10
352.202086010479
 20
-102.703657393654
 10
352.202899221797
 20
-102.708975654939
 10
352.203688620392
 20
-102.714282257457
 10
352.204454317978
 20
-102.719577155369
 10
352.205196426268
 20
-102.724860302838
 10
352.205915056973
 20
-102.730131654029
 10
352.20661032181
 20
-102.735391163105
 10
352.207282332485
 20
-102.740638784229
 10
352.207931200719
 20
-102.745874471566
 10
352.208557038219
 20
-102.751098179278
 10
352.2091599567
 20
-102.756309861531
 10
352.209740067874
 20
-102.761509472486
 10
352.210297483454
 20
-102.766696966307
 10
352.210832315155
 20
-102.771872297159
 10
352.211344674688
 20
-102.777035419203
 10
352.211834673766
 20
-102.782186286605
 10
352.212302424101
 20
-102.787324853527
 10
352.212748037408
 20
-102.792451074134
 10
352.213171625399
 20
-102.797564902589
 10
352.213573299787
 20
-102.802666293055
 10
352.213953172284
 20
-102.807755199697
 10
352.214311354605
 20
-102.812831576676
 10
352.214647958459
 20
-102.817895378158
 10
352.214963095565
 20
-102.822946558305
 10
352.215256877629
 20
-102.827985071282
 10
352.215529416368
 20
-102.833010871251
 10
352.215780823495
 20
-102.838023912376
 10
352.21601121072
 20
-102.843024148822
 10
352.216220689759
 20
-102.848011534752
 10
352.216409372324
 20
-102.852986024327
 10
352.216577370127
 20
-102.857947571714
 10
352.216724794882
 20
-102.862896131075
 10
352.216851761712
 20
-102.867831662248
 10
352.21695839938
 20
-102.872754147769
 10
352.217044840061
 20
-102.877663575848
 10
352.217111215929
 20
-102.882559934693
 10
352.217157659159
 20
-102.887443212517
 10
352.217184301926
 20
-102.892313397528
 10
352.217191276403
 20
-102.897170477936
 10
352.217178714764
 20
-102.902014441951
 10
352.217146749183
 20
-102.906845277785
 10
352.217095511837
 20
-102.911662973645
 10
352.217025134898
 20
-102.916467517742
 10
352.216935750541
 20
-102.921258898286
 10
352.21682749094
 20
-102.926037103488
 10
352.216700488271
 20
-102.930802121557
 10
352.216554874704
 20
-102.935553940702
 10
352.216390782418
 20
-102.940292549136
 10
352.216208343587
 20
-102.945017935065
 10
352.216007690382
 20
-102.949730086701
 10
352.215788954978
 20
-102.954428992254
 10
352.215552269552
 20
-102.959114639934
 10
352.215297766277
 20
-102.963787017951
 10
352.215025577327
 20
-102.968446114514
 10
352.214735834878
 20
-102.973091917835
 10
352.214428671101
 20
-102.977724416121
 10
352.214104218172
 20
-102.982343597583
 10
352.213762608266
 20
-102.986949450433
 10
352.213403973556
 20
-102.991541962879
 10
352.213028446218
 20
-102.99612112313
 10
352.212636158423
 20
-103.000686919399
 10
352.212227242351
 20
-103.005239339893
 10
352.211801830172
 20
-103.009778372823
 10
352.211360053325
 20
-103.014304004333
 10
352.210902040302
 20
-103.01881621229
 10
352.210427918861
 20
-103.023314972499
 10
352.209937816755
 20
-103.027800260761
 10
352.209431861746
 20
-103.032272052881
 10
352.208910181584
 20
-103.036730324658
 10
352.208372904028
 20
-103.041175051899
 10
352.207820156833
 20
-103.045606210403
 10
352.207252067758
 20
-103.050023775973
 10
352.206668764557
 20
-103.054427724413
 10
352.206070374987
 20
-103.058818031526
 10
352.205457026805
 20
-103.063194673113
 10
352.204828847764
 20
-103.067557624977
 10
352.204185965624
 20
-103.071906862921
 10
352.20352850814
 20
-103.076242362747
 10
352.202856603068
 20
-103.080564100257
 10
352.202170378165
 20
-103.084872051256
 10
352.201469961185
 20
-103.089166191545
 10
352.200755479886
 20
-103.093446496926
 10
352.200027062025
 20
-103.097712943202
 10
352.199284835357
 20
-103.101965506176
 10
352.198528927638
 20
-103.106204161651
 10
352.197759466624
 20
-103.110428885429
 10
352.196976580073
 20
-103.114639653312
 10
352.19618039574
 20
-103.118836441104
 10
352.195371041384
 20
-103.123019224607
 10
352.194548644755
 20
-103.127187979622
 10
352.193713333614
 20
-103.131342681953
 10
352.192865235717
 20
-103.135483307404
 10
352.192004478821
 20
-103.139609831775
 10
352.191131190677
 20
-103.14372223087
 10
352.190245499274
 20
-103.147820481788
 10
352.189347533502
 20
-103.151904566812
 10
352.188437422474
 20
-103.155974469522
 10
352.187515295311
 20
-103.160030173501
 10
352.186581281129
 20
-103.164071662326
 10
352.185635509046
 20
-103.168098919579
 10
352.184678108177
 20
-103.17211192884
 10
352.183709207644
 20
-103.176110673689
 10
352.182728936559
 20
-103.180095137705
 10
352.181737424044
 20
-103.184065304471
 10
352.180734799215
 20
-103.188021157564
 10
352.179721191186
 20
-103.191962680568
 10
352.178696729078
 20
-103.195889857061
 10
352.177661542008
 20
-103.199802670622
 10
352.17661575909
 20
-103.203701104834
 10
352.175559509448
 20
-103.207585143276
 10
352.174492922192
 20
-103.211454769528
 10
352.173416126443
 20
-103.215309967171
 10
352.172329251318
 20
-103.219150719784
 10
352.171232425935
 20
-103.222977010949
 10
352.170125779409
 20
-103.226788824244
 10
352.169009440861
 20
-103.230586143251
 10
352.167883539405
 20
-103.234368951551
 10
352.16674820416
 20
-103.238137232722
 10
352.165603564241
 20
-103.241890970345
 10
352.164449748769
 20
-103.245630148001
 10
352.163286886858
 20
-103.249354749269
 10
352.162115107627
 20
-103.25306475773
 10
352.160934540194
 20
-103.256760156965
 10
352.159745313675
 20
-103.260440930553
 10
352.158547557189
 20
-103.264107062075
 10
352.157341399623
 20
-103.26775853419
 10
352.15612696897
 20
-103.271395325869
 10
352.154904392987
 20
-103.275017415164
 10
352.153673799436
 20
-103.278624780126
 10
352.152435316079
 20
-103.282217398806
 10
352.151189070677
 20
-103.285795249255
 10
352.14993519099
 20
-103.289358309523
 10
352.148673804779
 20
-103.292906557663
 10
352.147405039807
 20
-103.296439971724
 10
352.146129023833
 20
-103.299958529758
 10
352.144845884617
 20
-103.303462209815
 10
352.143555749925
 20
-103.306950989947
 10
352.142258747514
 20
-103.310424848204
 10
352.140955005145
 20
-103.313883762638
 10
352.139644650581
 20
-103.3173277113
 10
352.138327811583
 20
-103.32075667224
 10
352.13700461591
 20
-103.32417062351
 10
352.135675191325
 20
-103.32756954316
 10
352.134339665587
 20
-103.330953409241
 10
352.132998166461
 20
-103.334322199806
 10
352.131650821703
 20
-103.337675892903
 10
352.130297759079
 20
-103.341014466583
 10
352.128939106346
 20
-103.3443378989
 10
352.127574991268
 20
-103.347646167903
 10
352.126205541603
 20
-103.350939251643
 10
352.124830885116
 20
-103.354217128172
 10
352.123451149564
 20
-103.357479775539
 10
352.122066462711
 20
-103.360727171796
 10
352.120676952318
 20
-103.363959294995
 10
352.119282746146
 20
-103.367176123185
 10
352.117883971953
 20
-103.370377634418
 10
352.116480757905
 20
-103.373563807041
 10
352.115073233759
 20
-103.376734620584
 10
352.113661529682
 20
-103.379890054872
 10
352.112245775834
 20
-103.383030089731
 10
352.110826102378
 20
-103.386154704986
 10
352.109402639477
 20
-103.389263880464
 10
352.107975517293
 20
-103.392357595989
 10
352.106544865987
 20
-103.395435831387
 10
352.105110815723
 20
-103.398498566485
 10
352.103673496664
 20
-103.401545781107
 10
352.102233038972
 20
-103.404577455079
 10
352.100789572807
 20
-103.407593568227
 10
352.099343228332
 20
-103.410594100376
 10
352.097894135714
 20
-103.413579031353
 10
352.096442425111
 20
-103.416548340982
 10
352.094988226685
 20
-103.41950200909
 10
352.093531670602
 20
-103.422440015502
 10
352.092072887021
 20
-103.425362340043
 10
352.090612006107
 20
-103.42826896254
 10
352.089149158019
 20
-103.431159862817
 10
352.087684472923
 20
-103.4340350207
 10
352.08621808098
 20
-103.436894416017
 10
352.084750112352
 20
-103.439738028591
 10
352.083280697201
 20
-103.442565838248
 10
352.08180996569
 20
-103.445377824814
 10
352.080338047983
 20
-103.448173968115
 10
352.07886507424
 20
-103.450954247976
 10
352.077391174626
 20
-103.453718644223
 10
352.075916479298
 20
-103.456467136682
 10
352.074441118426
 20
-103.459199705178
 10
352.072965222167
 20
-103.461916329536
 10
352.071488919614
 20
-103.464616990317
 10
352.07001233558
 20
-103.467301671021
 10
352.068535593804
 20
-103.469970355882
 10
352.067058818029
 20
-103.472623029134
 10
352.065582131994
 20
-103.47525967501
 10
352.06410565944
 20
-103.477880277744
 10
352.062629524109
 20
-103.480484821571
 10
352.061153849742
 20
-103.483073290725
 10
352.059678760079
 20
-103.485645669441
 10
352.058204378862
 20
-103.488201941951
 10
352.056730829831
 20
-103.49074209249
 10
352.055258236726
 20
-103.493266105293
 10
352.053786723289
 20
-103.495773964592
 10
352.052316413263
 20
-103.498265654624
 10
352.050847430386
 20
-103.50074115962
 10
352.049379898399
 20
-103.503200463815
 10
352.047913941046
 20
-103.505643551444
 10
352.046449682064
 20
-103.508070406741
 10
352.044987245196
 20
-103.51048101394
 10
352.043526754184
 20
-103.512875357274
 10
352.042068332765
 20
-103.515253420977
 10
352.040612104684
 20
-103.517615189285
 10
352.03915819368
 20
-103.51996064643
 10
352.037706723495
 20
-103.522289776648
 10
352.036257817869
 20
-103.524602564172
 10
352.034811600543
 20
-103.526898993236
 10
352.033368195258
 20
-103.529179048073
 10
352.031927725755
 20
-103.53144271292
 10
352.030490315776
 20
-103.533689972008
 10
352.029056089061
 20
-103.535920809572
 10
352.027625169349
 20
-103.538135209847
 10
352.026197683932
 20
-103.540333153935
 10
352.024773774294
 20
-103.5425146104
 10
352.023353585468
 20
-103.544679544681
 10
352.021937262487
 20
-103.54682792221
 10
352.020524950382
 20
-103.548959708422
 10
352.019116794189
 20
-103.551074868754
 10
352.017712938938
 20
-103.553173368639
 10
352.016313529663
 20
-103.555255173513
 10
352.014918711397
 20
-103.557320248809
 10
352.013528629174
 20
-103.559368559965
 10
352.012143428023
 20
-103.561400072413
 10
352.010763252984
 20
-103.563414751588
 10
352.009388249082
 20
-103.565412562927
 10
352.008018561355
 20
-103.567393471863
 10
352.006654334833
 20
-103.569357443831
 10
352.005295714553
 20
-103.571304444266
 10
352.003942845542
 20
-103.573234438603
 10
352.002595872839
 20
-103.575147392278
 10
352.001254941473
 20
-103.577043270724
 10
351.999920196479
 20
-103.578922039376
 10
351.998591782887
 20
-103.58078366367
 10
351.997269845732
 20
-103.58262810904
 10
351.995954530048
 20
-103.584455340922
 10
351.994645980865
 20
-103.586265324748
 10
351.993344343218
 20
-103.588058025956
 10
351.992049762139
 20
-103.589833409979
 10
351.990762382662
 20
-103.591591442253
 10
351.98948234982
 20
-103.593332088212
 10
351.988209808644
 20
-103.595055313292
 10
351.986944904167
 20
-103.596761082926
 10
351.985687781424
 20
-103.598449362549
 10
351.984438572987
 20
-103.600120129193
 10
351.983197361588
 20
-103.601773406266
 10
351.981964217495
 20
-103.603409228775
 10
351.980739210985
 20
-103.605027631722
 10
351.979522412328
 20
-103.606628650113
 10
351.978313891796
 20
-103.608212318954
 10
351.977113719657
 20
-103.609778673248
 10
351.975921966187
 20
-103.611327748002
 10
351.974738701656
 20
-103.612859578219
 10
351.973563996337
 20
-103.614374198905
 10
351.972397920501
 20
-103.615871645065
 10
351.971240544417
 20
-103.617351951703
 10
351.970091938362
 20
-103.618815153825
 10
351.968952172602
 20
-103.620261286435
 10
351.967821317412
 20
-103.62169038454
 10
351.966699443063
 20
-103.623102483141
 10
351.965586619827
 20
-103.624497617246
 10
351.964482917976
 20
-103.625875821859
 10
351.963388407781
 20
-103.627237131985
 10
351.962303159513
 20
-103.628581582629
 10
351.961227243444
 20
-103.629909208795
 10
351.960160729848
 20
-103.631220045489
 10
351.959103688994
 20
-103.632514127716
 10
351.958056191155
 20
-103.63379149048
 10
351.957018306603
 20
-103.635052168785
 10
351.955990105606
 20
-103.636296197639
 10
351.954971658441
 20
-103.637523612045
 10
351.953963035376
 20
-103.638734447008
 10
351.952964306686
 20
-103.639928737532
 10
351.951975542637
 20
-103.641106518623
 10
351.950996813508
 20
-103.642267825287
 10
351.950028234991
 20
-103.643412648818
 10
351.949070104482
 20
-103.644540805684
 10
351.948122764803
 20
-103.645652068641
 10
351.947186558777
 20
-103.646746210445
 10
351.94626182922
 20
-103.647823003854
 10
351.945348918958
 20
-103.648882221625
 10
351.944448170809
 20
-103.649923636515
 10
351.943559927595
 20
-103.650947021282
 10
351.942684532136
 20
-103.651952148683
 10
351.941822327255
 20
-103.652938791472
 10
351.940973655772
 20
-103.653906722411
 10
351.940138860508
 20
-103.654855714253
 10
351.939318284283
 20
-103.655785539758
 10
351.938512269921
 20
-103.656695971681
 10
351.937721160239
 20
-103.65758678278
 10
351.936945298059
 20
-103.658457745812
 10
351.936185026203
 20
-103.659308633533
 10
351.935440687492
 20
-103.660139218702
 10
351.934712624749
 20
-103.660949274076
 10
351.934001180791
 20
-103.66173857241
 10
351.93330669844
 20
-103.662506886463
 10
351.932629520518
 20
-103.663253988992
 10
351.931969989844
 20
-103.663979652753
 10
351.931328449244
 20
-103.664683650504
 10
351.930705241534
 20
-103.665365755001
 10
351.930100709537
 20
-103.666025739002
 10
351.929515196073
 20
-103.666663375265
 10
351.928949043963
 20
-103.667278436545
 10
351.92840259603
 20
-103.6678706956
 10
351.927876195092
 20
-103.668439925187
 10
351.927370183972
 20
-103.668985898064
 10
351.926884736888
 20
-103.669508551118
 10
351.926419353648
 20
-103.670008477767
 10
351.925973365458
 20
-103.670486435555
 10
351.925546103521
 20
-103.67094318203
 10
351.925136899043
 20
-103.671379474739
 10
351.92474508323
 20
-103.671796071229
 10
351.924369987286
 20
-103.672193729047
 10
351.924010942417
 20
-103.672573205738
 10
351.923667279829
 20
-103.672935258852
 10
351.923338330726
 20
-103.673280645934
 10
351.923023426314
 20
-103.673610124531
 10
351.922721897798
 20
-103.67392445219
 10
351.922433076381
 20
-103.674224386459
 10
351.922156293273
 20
-103.674510684884
 10
351.921890879674
 20
-103.674784105011
 10
351.921636166793
 20
-103.675045404389
 10
351.921391485834
 20
-103.675295340562
 10
351.921156168002
 20
-103.675534671079
 10
351.920929544502
 20
-103.675764153487
 10
351.920710946539
 20
-103.675984545332
 10
351.920499705319
 20
-103.67619660416
 10
351.920295152048
 20
-103.67640108752
 10
351.920096617927
 20
-103.676598752959
 10
351.919903434168
 20
-103.676790358022
 10
351.91971493197
 20
-103.676976660257
 10
351.919530442541
 20
-103.677158417209
 10
351.919349297088
 20
-103.677336386429
 10
351.919170826812
 20
-103.67751132546
 10
351.918994362921
 20
-103.677683991851
 10
351.91881923662
 20
-103.677855143147
 10
351.918644779115
 20
-103.678025536898
  0
LWPOLYLINE
  5
272
330
193
100
AcDbEntity
  8
Layer11
  6
AUSGEZOGEN
 62
     7
370
    50
100
AcDbPolyline
 90
      869
 70
     0
 43
0.0
 10
351.918644779115
 20
-103.678025536898
 10
351.922720909144
 20
-103.678682355941
 10
351.926796847374
 20
-103.679339423179
 10
351.93087240201
 20
-103.679996986803
 10
351.934947381251
 20
-103.680655295009
 10
351.939021593302
 20
-103.681314595989
 10
351.943094846363
 20
-103.681975137937
 10
351.947166948636
 20
-103.682637169047
 10
351.951237708323
 20
-103.683300937511
 10
351.955306933629
 20
-103.683966691526
 10
351.959374432752
 20
-103.684634679283
 10
351.963440013897
 20
-103.685305148976
 10
351.967503485266
 20
-103.685978348798
 10
351.97156465506
 20
-103.686654526944
 10
351.97562333148
 20
-103.687333931608
 10
351.979679322733
 20
-103.688016810982
 10
351.983732437013
 20
-103.68870341326
 10
351.987782482531
 20
-103.689393986636
 10
351.991829267481
 20
-103.690088779304
 10
351.995872600072
 20
-103.690788039456
 10
351.999912288502
 20
-103.691492015289
 10
352.003948140975
 20
-103.692200954993
 10
352.007979965691
 20
-103.692915106762
 10
352.012007570855
 20
-103.693634718793
 10
352.016030764666
 20
-103.694360039275
 10
352.020049355328
 20
-103.695091316406
 10
352.024063151043
 20
-103.695828798376
 10
352.028071960013
 20
-103.696572733381
 10
352.03207559044
 20
-103.697323369614
 10
352.036073850526
 20
-103.698080955267
 10
352.040066548474
 20
-103.698845738536
 10
352.044053492484
 20
-103.699617967613
 10
352.048034529613
 20
-103.700397845409
 10
352.052009662335
 20
-103.701185393705
 10
352.055978931973
 20
-103.701980588994
 10
352.059942379851
 20
-103.702783407774
 10
352.063900047297
 20
-103.703593826542
 10
352.067851975637
 20
-103.704411821791
 10
352.071798206194
 20
-103.70523737002
 10
352.075738780295
 20
-103.706070447724
 10
352.079673739265
 20
-103.706911031399
 10
352.083603124429
 20
-103.707759097541
 10
352.087526977113
 20
-103.708614622647
 10
352.091445338643
 20
-103.709477583213
 10
352.095358250345
 20
-103.710347955735
 10
352.099265753543
 20
-103.711225716708
 10
352.103167889562
 20
-103.712110842629
 10
352.107064699729
 20
-103.713003309995
 10
352.110956225368
 20
-103.7139030953
 10
352.114842507807
 20
-103.714810175042
 10
352.118723588366
 20
-103.715724525717
 10
352.122599508377
 20
-103.716646123819
 10
352.126470309162
 20
-103.717574945847
 10
352.130336032049
 20
-103.718510968296
 10
352.134196718358
 20
-103.719454167662
 10
352.13805240942
 20
-103.720404520441
 10
352.14190314656
 20
-103.721362003129
 10
352.145748971099
 20
-103.722326592222
 10
352.149589924368
 20
-103.723298264217
 10
352.153426047688
 20
-103.724276995609
 10
352.157257382387
 20
-103.725262762896
 10
352.16108396979
 20
-103.726255542571
 10
352.164905851221
 20
-103.727255311134
 10
352.16872305733
 20
-103.728262057038
 10
352.172535576059
 20
-103.729275816579
 10
352.176343384672
 20
-103.730296638011
 10
352.180146460433
 20
-103.73132456959
 10
352.183944780607
 20
-103.732359659569
 10
352.187738322458
 20
-103.733401956204
 10
352.191527063251
 20
-103.734451507749
 10
352.195310980251
 20
-103.73550836246
 10
352.199090050723
 20
-103.73657256859
 10
352.202864251929
 20
-103.737644174395
 10
352.206633561135
 20
-103.738723228128
 10
352.210397955605
 20
-103.739809778046
 10
352.214157412606
 20
-103.740903872402
 10
352.2179119094
 20
-103.742005559451
 10
352.221661423251
 20
-103.743114887448
 10
352.225405931428
 20
-103.744231904648
 10
352.229145411189
 20
-103.745356659305
 10
352.232879839805
 20
-103.746489199674
 10
352.236609194535
 20
-103.747629574011
 10
352.240333452646
 20
-103.748777830568
 10
352.244052591405
 20
-103.749934017601
 10
352.247766588073
 20
-103.751098183366
 10
352.251475419915
 20
-103.752270376115
 10
352.255179064196
 20
-103.753450644104
 10
352.25887749818
 20
-103.75463903559
 10
352.262570699133
 20
-103.755835598824
 10
352.266258644319
 20
-103.757040382063
 10
352.269941311002
 20
-103.758253433561
 10
352.273618676449
 20
-103.759474801573
 10
352.277290717921
 20
-103.760704534352
 10
352.280957412682
 20
-103.761942680156
 10
352.28461874132
 20
-103.763189284118
 10
352.288274697685
 20
-103.764444378899
 10
352.291925278955
 20
-103.765707994044
 10
352.2955704823
 20
-103.76698015909
 10
352.299210304898
 20
-103.768260903583
 10
352.302844743921
 20
-103.769550257062
 10
352.30647379654
 20
-103.770848249071
 10
352.310097459933
 20
-103.772154909151
 10
352.313715731274
 20
-103.773470266844
 10
352.317328607733
 20
-103.774794351692
 10
352.320936086488
 20
-103.776127193236
 10
352.32453816471
 20
-103.777468821019
 10
352.328134839574
 20
-103.778819264583
 10
352.331726108252
 20
-103.780178553469
 10
352.335311967923
 20
-103.781546717219
 10
352.338892415755
 20
-103.782923785377
 10
352.342467448925
 20
-103.784309787481
 10
352.346037064606
 20
-103.785704753076
 10
352.349601259972
 20
-103.787108711703
 10
352.353160032197
 20
-103.788521692903
 10
352.356713378455
 20
-103.789943726219
 10
352.360261295919
 20
-103.791374841193
 10
352.363803781764
 20
-103.792815067366
 10
352.367340833164
 20
-103.79426443428
 10
352.370872447291
 20
-103.795722971478
 10
352.37439862132
 20
-103.797190708501
 10
352.377919352426
 20
-103.798667674891
 10
352.381434637781
 20
-103.800153900191
 10
352.384944474559
 20
-103.80164941394
 10
352.388448859936
 20
-103.803154245683
 10
352.391947791082
 20
-103.804668424959
 10
352.39544126378
 20
-103.806191982188
 10
352.398929268213
 20
-103.807724951285
 10
352.402411793181
 20
-103.809267367044
 10
352.405888827476
 20
-103.810819264255
 10
352.409360359889
 20
-103.812380677711
 10
352.412826379217
 20
-103.813951642204
 10
352.416286874252
 20
-103.815532192527
 10
352.419741833788
 20
-103.817122363472
 10
352.42319124662
 20
-103.81872218983
 10
352.42663510154
 20
-103.820331706394
 10
352.430073387341
 20
-103.821950947955
 10
352.433506092819
 20
-103.823579949308
 10
352.436933206767
 20
-103.825218745242
 10
352.440354717979
 20
-103.826867370552
 10
352.443770615246
 20
-103.828525860026
 10
352.447180887364
 20
-103.830194248461
 10
352.450585523129
 20
-103.831872570646
 10
352.453984511331
 20
-103.833560861374
 10
352.457377840765
 20
-103.835259155438
 10
352.460765500224
 20
-103.836967487628
 10
352.464147478502
 20
-103.838685892739
 10
352.467523764393
 20
-103.840414405561
 10
352.470894346692
 20
-103.842153060887
 10
352.474259214192
 20
-103.843901893509
 10
352.477618355684
 20
-103.845660938219
 10
352.480971759966
 20
-103.847430229809
 10
352.484319415828
 20
-103.849209803072
 10
352.487661312065
 20
-103.850999692799
 10
352.490997437473
 20
-103.852799933783
 10
352.494327780842
 20
-103.854610560816
 10
352.497652330969
 20
-103.85643160869
 10
352.500971077483
 20
-103.85826311189
 10
352.504284013374
 20
-103.860105103671
 10
352.507591132464
 20
-103.861957616981
 10
352.510892428582
 20
-103.863820684769
 10
352.514187895551
 20
-103.865694339983
 10
352.517477527197
 20
-103.86757861557
 10
352.520761317346
 20
-103.86947354448
 10
352.524039259823
 20
-103.871379159659
 10
352.527311348453
 20
-103.873295494057
 10
352.530577577061
 20
-103.87522258062
 10
352.533837939475
 20
-103.877160452299
 10
352.537092429519
 20
-103.87910914204
 10
352.540341041015
 20
-103.881068682791
 10
352.543583767794
 20
-103.883039107501
 10
352.546820603679
 20
-103.885020449118
 10
352.550051542492
 20
-103.887012740591
 10
352.553276578065
 20
-103.889016014866
 10
352.556495704217
 20
-103.891030304892
 10
352.559708914778
 20
-103.893055643618
 10
352.562916203573
 20
-103.895092063992
 10
352.566117564424
 20
-103.897139598961
 10
352.56931299116
 20
-103.899198281473
 10
352.572502477604
 20
-103.901268144478
 10
352.575686017583
 20
-103.903349220923
 10
352.578863604922
 20
-103.905441543756
 10
352.582035233445
 20
-103.907545145925
 10
352.58520089698
 20
-103.909660060378
 10
352.588360589351
 20
-103.911786320064
 10
352.591514304382
 20
-103.913923957931
 10
352.594662035901
 20
-103.916073006926
 10
352.597803777733
 20
-103.918233499998
 10
352.600939523174
 20
-103.920405470375
 10
352.604069263411
 20
-103.922588952408
 10
352.607192989102
 20
-103.924783980724
 10
352.610310690907
 20
-103.926990589955
 10
352.613422359482
 20
-103.92920881473
 10
352.616527985487
 20
-103.931438689679
 10
352.619627559578
 20
-103.933680249432
 10
352.622721072418
 20
-103.935933528618
 10
352.62580851466
 20
-103.938198561867
 10
352.628889876967
 20
-103.94047538381
 10
352.631965149995
 20
-103.942764029074
 10
352.635034324401
 20
-103.945064532292
 10
352.638097390847
 20
-103.947376928092
 10
352.64115433999
 20
-103.949701251105
 10
352.644205162487
 20
-103.952037535959
 10
352.647249848997
 20
-103.954385817285
 10
352.650288390178
 20
-103.956746129712
 10
352.65332077669
 20
-103.959118507871
 10
352.656346999189
 20
-103.96150298639
 10
352.659367048336
 20
-103.9638995999
 10
352.662380914788
 20
-103.966308383032
 10
352.665388589203
 20
-103.968729370414
 10
352.668390062239
 20
-103.971162596675
 10
352.671385324557
 20
-103.973608096447
 10
352.674374366812
 20
-103.976065904358
 10
352.677357179664
 20
-103.978536055039
 10
352.680333753771
 20
-103.981018583119
 10
352.683304079794
 20
-103.983513523228
 10
352.686268148387
 20
-103.986020909996
 10
352.689225950211
 20
-103.988540778053
 10
352.692177475923
 20
-103.991073162028
 10
352.695122716459
 20
-103.993618096042
 10
352.69806166386
 20
-103.996175612179
 10
352.700994310442
 20
-103.998745742015
 10
352.703920648521
 20
-104.001328517123
 10
352.706840670417
 20
-104.003923969077
 10
352.709754368443
 20
-104.006532129453
 10
352.712661734919
 20
-104.009153029828
 10
352.715562762162
 20
-104.011786701773
 10
352.718457442487
 20
-104.014433176864
 10
352.721345768212
 20
-104.017092486677
 10
352.724227731655
 20
-104.019764662786
 10
352.727103325131
 20
-104.022449736765
 10
352.729972540961
 20
-104.025147740191
 10
352.732835371457
 20
-104.027858704636
 10
352.735691808939
 20
-104.030582661676
 10
352.738541845722
 20
-104.033319642886
 10
352.741385474125
 20
-104.03606967984
 10
352.744222686464
 20
-104.038832804114
 10
352.747053475056
 20
-104.041609047282
 10
352.749877832219
 20
-104.044398440918
 10
352.752695750269
 20
-104.047201016599
 10
352.755507221522
 20
-104.050016805897
 10
352.758312238297
 20
-104.05284584039
 10
352.761110792912
 20
-104.05568815165
 10
352.76390287768
 20
-104.058543771252
 10
352.766688484921
 20
-104.061412730772
 10
352.769467606952
 20
-104.064295061784
 10
352.772240236087
 20
-104.067190795863
 10
352.775006364647
 20
-104.070099964584
 10
352.777765984947
 20
-104.073022599522
 10
352.780519089305
 20
-104.075958732251
 10
352.783265669818
 20
-104.078908394903
 10
352.786005717713
 20
-104.081871621838
 10
352.788739223996
 20
-104.084848447974
 10
352.791466179675
 20
-104.087838908225
 10
352.794186575755
 20
-104.090843037511
 10
352.796900403246
 20
-104.093860870748
 10
352.799607653155
 20
-104.096892442853
 10
352.802308316486
 20
-104.099937788743
 10
352.80500238425
 20
-104.102996943335
 10
352.80768984745
 20
-104.106069941545
 10
352.810370697098
 20
-104.10915681829
 10
352.813044924198
 20
-104.112257608488
 10
352.815712519756
 20
-104.115372347056
 10
352.818373474782
 20
-104.118501068911
 10
352.821027780281
 20
-104.121643808969
 10
352.823675427262
 20
-104.124800602147
 10
352.826316406729
 20
-104.127971483362
 10
352.828950709693
 20
-104.131156487532
 10
352.831578327158
 20
-104.134355649574
 10
352.834199250132
 20
-104.137569004403
 10
352.836813469623
 20
-104.140796586938
 10
352.839420976638
 20
-104.144038432095
 10
352.842021762183
 20
-104.147294574791
 10
352.844615817267
 20
-104.150565049943
 10
352.847203132895
 20
-104.153849892468
 10
352.849783700074
 20
-104.157149137283
 10
352.852357509814
 20
-104.160462819305
 10
352.854924553118
 20
-104.163790973451
 10
352.857484820998
 20
-104.167133634638
 10
352.860038304456
 20
-104.170490837783
 10
352.862584994502
 20
-104.173862617802
 10
352.865124882483
 20
-104.177249009425
 10
352.867657961095
 20
-104.180650046633
 10
352.870184223384
 20
-104.184065763216
 10
352.872703662386
 20
-104.187496192967
 10
352.875216271139
 20
-104.190941369678
 10
352.877722042688
 20
-104.19440132714
 10
352.880220970068
 20
-104.197876099147
 10
352.88271304632
 20
-104.201365719489
 10
352.885198264485
 20
-104.20487022196
 10
352.8876766176
 20
-104.20838964035
 10
352.890148098706
 20
-104.211924008452
 10
352.892612700844
 20
-104.215473360059
 10
352.895070417053
 20
-104.219037728961
 10
352.897521240371
 20
-104.222617148952
 10
352.899965163839
 20
-104.226211653822
 10
352.902402180496
 20
-104.229821277366
 10
352.904832283383
 20
-104.233446053372
 10
352.907255465538
 20
-104.237086015635
 10
352.909671720001
 20
-104.240741197948
 10
352.912081039813
 20
-104.244411634099
 10
352.914483418012
 20
-104.248097357883
 10
352.916878847638
 20
-104.251798403091
 10
352.919267321733
 20
-104.255514803516
 10
352.921648833333
 20
-104.259246592949
 10
352.924023375481
 20
-104.262993805183
 10
352.926390941213
 20
-104.266756474009
 10
352.928751523572
 20
-104.27053463322
 10
352.931105115597
 20
-104.274328316606
 10
352.933451710324
 20
-104.278137557962
 10
352.935791300799
 20
-104.281962391078
 10
352.938123880056
 20
-104.285802849747
 10
352.940449440461
 20
-104.289658967085
 10
352.942767971678
 20
-104.293530773515
 10
352.94507946269
 20
-104.297418298782
 10
352.947383902485
 20
-104.30132157263
 10
352.949681280048
 20
-104.305240624807
 10
352.951971584366
 20
-104.309175485058
 10
352.954254804425
 20
-104.31312618313
 10
352.95653092921
 20
-104.317092748768
 10
352.95879994771
 20
-104.321075211718
 10
352.96106184891
 20
-104.325073601727
 10
352.963316621794
 20
-104.329087948539
 10
352.965564255348
 20
-104.333118281902
 10
352.967804738563
 20
-104.33716463156
 10
352.970038060421
 20
-104.34122702726
 10
352.97226420991
 20
-104.345305498749
 10
352.974483176015
 20
-104.349400075771
 10
352.97669494772
 20
-104.353510788073
 10
352.978899514017
 20
-104.357637665401
 10
352.981096863887
 20
-104.3617807375
 10
352.983286986319
 20
-104.365940034118
 10
352.985469870299
 20
-104.370115584998
 10
352.987645504811
 20
-104.374307419888
 10
352.989813878843
 20
-104.378515568534
 10
352.99197498138
 20
-104.382740060681
 10
352.994128801409
 20
-104.386980926076
 10
352.996275327918
 20
-104.391238194463
 10
352.99841454989
 20
-104.39551189559
 10
353.000546456311
 20
-104.399802059203
 10
353.002671036171
 20
-104.404108715046
 10
353.004788278451
 20
-104.408431892867
 10
353.006898172142
 20
-104.41277162241
 10
353.00900070836
 20
-104.417127936742
 10
353.011095886757
 20
-104.421500882199
 10
353.013183709118
 20
-104.425890508439
 10
353.015264177226
 20
-104.430296865119
 10
353.017337292868
 20
-104.434720001896
 10
353.019403057824
 20
-104.439159968428
 10
353.02146147388
 20
-104.44361681437
 10
353.023512542819
 20
-104.44809058938
 10
353.025556266428
 20
-104.452581343116
 10
353.027592646491
 20
-104.457089125233
 10
353.029621684789
 20
-104.46161398539
 10
353.031643383109
 20
-104.466155973241
 10
353.033657743232
 20
-104.470715138446
 10
353.035664766947
 20
-104.475291530662
 10
353.037664456035
 20
-104.479885199545
 10
353.03965681228
 20
-104.484496194751
 10
353.041641837466
 20
-104.489124565938
 10
353.043619533379
 20
-104.493770362764
 10
353.045589901802
 20
-104.498433634884
 10
353.04755294452
 20
-104.503114431956
 10
353.049508663317
 20
-104.507812803638
 10
353.051457059976
 20
-104.512528799585
 10
353.053398136281
 20
-104.517262469456
 10
353.055331894019
 20
-104.522013862907
 10
353.057258334971
 20
-104.526783029594
 10
353.059177460922
 20
-104.531570019175
 10
353.061089273659
 20
-104.536374881308
 10
353.062993774962
 20
-104.541197665649
 10
353.064890966616
 20
-104.546038421854
 10
353.066780850408
 20
-104.550897199581
 10
353.068663428119
 20
-104.555774048487
 10
353.070538693475
 20
-104.560669004966
 10
353.072406607964
 20
-104.565582052354
 10
353.074267125012
 20
-104.570513160726
 10
353.076120198046
 20
-104.575462300155
 10
353.077965780493
 20
-104.580429440714
 10
353.079803825782
 20
-104.585414552478
 10
353.081634287337
 20
-104.59041760552
 10
353.083457118588
 20
-104.595438569913
 10
353.08527227296
 20
-104.600477415732
 10
353.087079703883
 20
-104.60553411305
 10
353.088879364783
 20
-104.610608631941
 10
353.090671209086
 20
-104.615700942478
 10
353.092455190219
 20
-104.620811014735
 10
353.094231261612
 20
-104.625938818786
 10
353.09599937669
 20
-104.631084324705
 10
353.097759488883
 20
-104.636247502563
 10
353.099511551613
 20
-104.641428322439
 10
353.101255518312
 20
-104.646626754401
 10
353.102991342405
 20
-104.651842768526
 10
353.104718977318
 20
-104.657076334886
 10
353.106438376483
 20
-104.662327423556
 10
353.108149493323
 20
-104.66759600461
 10
353.109852281265
 20
-104.672882048119
 10
353.111546693737
 20
-104.67818552416
 10
353.113232684169
 20
-104.683506402805
 10
353.114910205986
 20
-104.688844654127
 10
353.116579212616
 20
-104.694200248201
 10
353.118239657482
 20
-104.6995731551
 10
353.119891494018
 20
-104.704963344898
 10
353.121534675646
 20
-104.710370787669
 10
353.123169155795
 20
-104.715795453485
 10
353.124794918535
 20
-104.721237362721
 10
353.126412070488
 20
-104.726696736949
 10
353.128020748927
 20
-104.73217384804
 10
353.129621091119
 20
-104.737668967868
 10
353.13121323433
 20
-104.743182368303
 10
353.13279731583
 20
-104.748714321217
 10
353.134373472887
 20
-104.754265098483
 10
353.135941842769
 20
-104.759834971973
 10
353.137502562742
 20
-104.765424213558
 10
353.139055770078
 20
-104.771033095109
 10
353.140601602041
 20
-104.7766618885
 10
353.142140195902
 20
-104.782310865602
 10
353.143671688926
 20
-104.787980298288
 10
353.145196218386
 20
-104.793670458428
 10
353.146713921544
 20
-104.799381617895
 10
353.148224935671
 20
-104.80511404856
 10
353.149729398036
 20
-104.810868022298
 10
353.151227445906
 20
-104.816643810977
 10
353.152719216549
 20
-104.82244168647
 10
353.154204847233
 20
-104.828261920651
 10
353.155684475225
 20
-104.83410478539
 10
353.157158237795
 20
-104.839970552559
 10
353.158626272211
 20
-104.845859494031
 10
353.160088715739
 20
-104.851771881677
 10
353.161545705649
 20
-104.857707987369
 10
353.162997379208
 20
-104.86366808298
 10
353.164443873684
 20
-104.86965244038
 10
353.165885326345
 20
-104.875661331443
 10
353.16732187446
 20
-104.881695028039
 10
353.168753655297
 20
-104.887753802041
 10
353.170180806123
 20
-104.893837925321
 10
353.17160334871
 20
-104.89994748212
 10
353.173020842838
 20
-104.90608180616
 10
353.174432732791
 20
-104.912240043528
 10
353.175838462854
 20
-104.918421340315
 10
353.17723747731
 20
-104.924624842612
 10
353.178629220442
 20
-104.930849696508
 10
353.180013136535
 20
-104.937095048092
 10
353.181388669875
 20
-104.943360043454
 10
353.182755264741
 20
-104.949643828684
 10
353.184112365423
 20
-104.955945549874
 10
353.1854594162
 20
-104.962264353111
 10
353.186795861357
 20
-104.968599384485
 10
353.18812114518
 20
-104.974949790088
 10
353.189434711951
 20
-104.981314716008
 10
353.190736005952
 20
-104.987693308334
 10
353.192024471471
 20
-104.994084713158
 10
353.193299552792
 20
-105.000488076569
 10
353.194560694196
 20
-105.006902544656
 10
353.195807339966
 20
-105.01332726351
 10
353.19703893439
 20
-105.019761379221
 10
353.198254921748
 20
-105.026204037878
 10
353.199454746328
 20
-105.03265438557
 10
353.200637852409
 20
-105.039111568389
 10
353.20180368428
 20
-105.045574732422
 10
353.202951686222
 20
-105.052043023762
 10
353.20408130252
 20
-105.058515588496
 10
353.205191977455
 20
-105.064991572716
 10
353.206283155316
 20
-105.071470122512
 10
353.207354280381
 20
-105.07795038397
 10
353.20840479694
 20
-105.084431503185
 10
353.209434149272
 20
-105.090912626243
 10
353.2104418129
 20
-105.097392942844
 10
353.211427388298
 20
-105.103871817121
 10
353.212390507173
 20
-105.110348656816
 10
353.213330801236
 20
-105.116822869672
 10
353.214247902197
 20
-105.123293863428
 10
353.215141441764
 20
-105.129761045826
 10
353.216011051647
 20
-105.13622382461
 10
353.216856363555
 20
-105.142681607521
 10
353.217677009199
 20
-105.1491338023
 10
353.218472620289
 20
-105.155579816689
 10
353.219242828531
 20
-105.162019058431
 10
353.219987265639
 20
-105.168450935265
 10
353.220705563319
 20
-105.174874854936
 10
353.221397353284
 20
-105.181290225184
 10
353.22206226724
 20
-105.187696453751
 10
353.2226999369
 20
-105.19409294838
 10
353.22330999397
 20
-105.200479116811
 10
353.223892070162
 20
-105.206854366787
 10
353.224445797185
 20
-105.213218106048
 10
353.224970806747
 20
-105.219569742338
 10
353.225466730561
 20
-105.225908683397
 10
353.225933200334
 20
-105.232234336969
 10
353.226369847775
 20
-105.238546110793
 10
353.226776304595
 20
-105.244843412613
 10
353.227152202504
 20
-105.251125650169
 10
353.22749717321
 20
-105.257392231206
 10
353.227810848424
 20
-105.263642563462
 10
353.228092859854
 20
-105.26987605468
 10
353.228342839211
 20
-105.276092112603
 10
353.228560418204
 20
-105.282290144971
 10
353.228745228542
 20
-105.288469559528
 10
353.22889700674
 20
-105.294629890802
 10
353.229015908526
 20
-105.30077118048
 10
353.229102194433
 20
-105.30689359704
 10
353.229156124995
 20
-105.312997308953
 10
353.229177960744
 20
-105.319082484697
 10
353.229167962214
 20
-105.325149292745
 10
353.229126389937
 20
-105.331197901574
 10
353.229053504449
 20
-105.337228479659
 10
353.228949566281
 20
-105.343241195473
 10
353.228814835964
 20
-105.349236217493
 10
353.228649574036
 20
-105.355213714194
 10
353.228454041026
 20
-105.361173854051
 10
353.228228497468
 20
-105.367116805539
 10
353.227973203899
 20
-105.373042737134
 10
353.227688420848
 20
-105.378951817309
 10
353.227374408847
 20
-105.384844214541
 10
353.227031428433
 20
-105.390720097304
 10
353.226659740136
 20
-105.396579634074
 10
353.226259604493
 20
-105.402422993326
 10
353.225831282034
 20
-105.408250343534
 10
353.225375033291
 20
-105.414061853175
 10
353.2248911188
 20
-105.419857690722
 10
353.224379799094
 20
-105.425638024652
 10
353.223841334704
 20
-105.431403023439
 10
353.223275986166
 20
-105.437152855559
 10
353.22268401401
 20
-105.442887689487
 10
353.222065678772
 20
-105.448607693697
 10
353.221421240984
 20
-105.454313036666
 10
353.220750961178
 20
-105.460003886867
 10
353.220055099888
 20
-105.465680412777
 10
353.219333917649
 20
-105.471342782869
 10
353.218587646701
 20
-105.47699113218
 10
353.217816406148
 20
-105.48262546198
 10
353.217020286791
 20
-105.488245740102
 10
353.216199379444
 20
-105.493851934376
 10
353.215353774913
 20
-105.499444012633
 10
353.214483564005
 20
-105.505021942705
 10
353.213588837531
 20
-105.510585692424
 10
353.212669686298
 20
-105.516135229619
 10
353.211726201116
 20
-105.521670522123
 10
353.210758472791
 20
-105.527191537767
 10
353.209766592134
 20
-105.532698244383
 10
353.20875064995
 20
-105.538190609801
 10
353.207710737052
 20
-105.543668601853
 10
353.206646944245
 20
-105.54913218837
 10
353.205559362337
 20
-105.554581337183
 10
353.204448082141
 20
-105.560016016125
 10
353.203313194461
 20
-105.565436193025
 10
353.202154790106
 20
-105.570841835714
 10
353.200972959887
 20
-105.576232912026
 10
353.199767794609
 20
-105.58160938979
 10
353.198539385081
 20
-105.586971236839
 10
353.197287822115
 20
-105.592318421002
 10
353.196013196517
 20
-105.597650910113
 10
353.194715599093
 20
-105.602968672001
 10
353.193395120656
 20
-105.608271674499
 10
353.192051852011
 20
-105.613559885436
 10
353.190685883969
 20
-105.618833272646
 10
353.189297307336
 20
-105.624091803958
 10
353.187886212922
 20
-105.629335447205
 10
353.186452691534
 20
-105.634564170217
 10
353.184996833983
 20
-105.639777940827
 10
353.183518738832
 20
-105.644976735472
 10
353.182018535667
 20
-105.650160565015
 10
353.180496361829
 20
-105.655329448929
 10
353.178952354665
 20
-105.660483406686
 10
353.177386651514
 20
-105.665622457755
 10
353.175799389723
 20
-105.67074662161
 10
353.17419070663
 20
-105.675855917721
 10
353.172560739579
 20
-105.68095036556
 10
353.170909625915
 20
-105.686029984597
 10
353.169237502976
 20
-105.691094794303
 10
353.167544508109
 20
-105.696144814152
 10
353.165830778657
 20
-105.701180063614
 10
353.164096451958
 20
-105.706200562159
 10
353.162341665359
 20
-105.71120632926
 10
353.1605665562
 20
-105.716197384387
 10
353.158771261824
 20
-105.721173747012
 10
353.156955919578
 20
-105.726135436607
 10
353.155120666798
 20
-105.731082472643
 10
353.153265640831
 20
-105.73601487459
 10
353.151390979018
 20
-105.740932661921
 10
353.1494968187
 20
-105.745835854106
 10
353.147583297225
 20
-105.750724470618
 10
353.145650551931
 20
-105.755598530927
 10
353.143698720162
 20
-105.760458054505
 10
353.141727939261
 20
-105.765303060823
 10
353.13973834657
 20
-105.770133569351
 10
353.137730079432
 20
-105.774949599563
 10
353.13570327519
 20
-105.779751170929
 10
353.133658071187
 20
-105.78453830292
 10
353.131594604764
 20
-105.789311015007
 10
353.129513013264
 20
-105.794069326663
 10
353.127413431987
 20
-105.79881325507
 10
353.125295988059
 20
-105.803542808267
 10
353.123160806556
 20
-105.808257992002
 10
353.121008012562
 20
-105.812958812025
 10
353.118837731158
 20
-105.817645274086
 10
353.116650087423
 20
-105.822317383934
 10
353.114445206438
 20
-105.826975147318
 10
353.112223213284
 20
-105.83161856999
 10
353.109984233042
 20
-105.836247657697
 10
353.107728390795
 20
-105.840862416189
 10
353.105455811616
 20
-105.845462851217
 10
353.103166620595
 20
-105.85004896853
 10
353.100860942807
 20
-105.854620773877
 10
353.098538903332
 20
-105.859178273008
 10
353.096200627255
 20
-105.863721471673
 10
353.093846239654
 20
-105.868250375621
 10
353.091475865609
 20
-105.872764990601
 10
353.089089630205
 20
-105.877265322363
 10
353.086687658515
 20
-105.881751376658
 10
353.084270075626
 20
-105.886223159234
 10
353.081837006617
 20
-105.89068067584
 10
353.079388576569
 20
-105.895123932229
 10
353.076924910562
 20
-105.899552934146
 10
353.074446133676
 20
-105.903967687344
 10
353.071952370992
 20
-105.908368197571
 10
353.069443747592
 20
-105.912754470577
 10
353.066920388556
 20
-105.917126512111
 10
353.064382418965
 20
-105.921484327924
 10
353.061829963897
 20
-105.925827923764
 10
353.059263148436
 20
-105.930157305382
 10
353.056682097662
 20
-105.934472478527
 10
353.054086936844
 20
-105.938773449923
 10
353.051477792004
 20
-105.943060230194
 10
353.048854789351
 20
-105.947332830938
 10
353.046218055101
 20
-105.951591263753
 10
353.04356771546
 20
-105.955835540239
 10
353.040903896643
 20
-105.960065671991
 10
353.038226724857
 20
-105.964281670611
 10
353.035536326317
 20
-105.968483547695
 10
353.03283282723
 20
-105.972671314841
 10
353.030116353812
 20
-105.97684498365
 10
353.027387032269
 20
-105.981004565718
 10
353.024644988815
 20
-105.985150072643
 10
353.021890349659
 20
-105.989281516024
 10
353.019123241015
 20
-105.99339890746
 10
353.01634378909
 20
-105.997502258549
 10
353.013552120098
 20
-106.001591580888
 10
353.010748360248
 20
-106.005666886077
 10
353.007932635752
 20
-106.009728185713
 10
353.005105072822
 20
-106.013775491396
 10
353.002265797668
 20
-106.017808814722
 10
352.999414936501
 20
-106.021828167291
 10
352.996552615532
 20
-106.025833560701
 10
352.993678960971
 20
-106.02982500655
 10
352.990794099031
 20
-106.033802516436
 10
352.987898155922
 20
-106.037766101957
 10
352.984991257854
 20
-106.041715774713
 10
352.982073531041
 20
-106.045651546302
 10
352.97914510169
 20
-106.04957342832
 10
352.976206096013
 20
-106.053481432368
 10
352.973256640224
 20
-106.057375570042
 10
352.970296860531
 20
-106.061255852943
 10
352.967326884205
 20
-106.065122291488
 10
352.964346842757
 20
-106.068974891385
 10
352.961356868753
 20
-106.072813657158
 10
352.95835709476
 20
-106.076638593337
 10
352.955347653349
 20
-106.080449704447
 10
352.952328677089
 20
-106.084246995017
 10
352.949300298544
 20
-106.088030469571
 10
352.946262650287
 20
-106.091800132639
 10
352.943215864884
 20
-106.095555988746
 10
352.940160074903
 20
-106.099298042421
 10
352.937095412914
 20
-106.103026298189
 10
352.934022011483
 20
-106.106740760577
 10
352.93094000318
 20
-106.110441434113
 10
352.927849520573
 20
-106.114128323324
 10
352.924750696231
 20
-106.117801432737
 10
352.92164366272
 20
-106.121460766878
 10
352.918528552611
 20
-106.125106330275
 10
352.915405498469
 20
-106.128738127455
 10
352.912274632865
 20
-106.132356162944
 10
352.909136088369
 20
-106.135960441271
 10
352.905989997544
 20
-106.139550966961
 10
352.902836492964
 20
-106.143127744541
 10
352.899675707193
 20
-106.14669077854
 10
352.896507772801
 20
-106.150240073483
 10
352.893332822356
 20
-106.153775633898
 10
352.890150988427
 20
-106.15729746431
 10
352.886962403582
 20
-106.16080556925
 10
352.883767200389
 20
-106.164299953241
 10
352.880565511416
 20
-106.167780620813
 10
352.877357469232
 20
-106.171247576491
 10
352.874143206406
 20
-106.174700824802
 10
352.870922851436
 20
-106.178140372815
 10
352.86769651656
 20
-106.181566237755
 10
352.86446430994
 20
-106.184978439391
 10
352.861226339745
 20
-106.188376997488
 10
352.85798271414
 20
-106.191761931816
 10
352.854733541295
 20
-106.195133262142
 10
352.85147892937
 20
-106.198491008231
 10
352.848218986536
 20
-106.201835189852
 10
352.844953820959
 20
-106.205165826773
 10
352.841683540803
 20
-106.20848293876
 10
352.838408254236
 20
-106.211786545579
 10
352.835128069424
 20
-106.215076667
 10
352.831843094533
 20
-106.218353322789
 10
352.828553437732
 20
-106.221616532714
 10
352.825259207182
 20
-106.224866316541
 10
352.821960511054
 20
-106.228102694038
 10
352.818657457512
 20
-106.231325684973
 10
352.815350154724
 20
-106.234535309112
 10
352.812038710854
 20
-106.237731586224
 10
352.80872323407
 20
-106.240914536074
 10
352.805403832539
 20
-106.244084178431
 10
352.802080614425
 20
-106.247240533062
 10
352.798753687897
 20
-106.250383619734
 10
352.79542316112
 20
-106.253513458214
 10
352.79208914226
 20
-106.25663006827
 10
352.788751739483
 20
-106.259733469668
 10
352.785411060957
 20
-106.262823682177
 10
352.782067214848
 20
-106.265900725564
 10
352.77872030932
 20
-106.268964619596
 10
352.775370452542
 20
-106.272015384039
 10
352.772017752679
 20
-106.275053038662
 10
352.768662332747
 20
-106.27807759545
 10
352.765304375156
 20
-106.281089035258
 10
352.761944077165
 20
-106.28408733116
 10
352.758581636034
 20
-106.287072456229
 10
352.755217249022
 20
-106.290044383539
 10
352.751851113388
 20
-106.293003086164
 10
352.748483426393
 20
-106.295948537178
 10
352.745114385292
 20
-106.298880709654
 10
352.741744187348
 20
-106.301799576665
 10
352.738373029821
 20
-106.304705111285
 10
352.735001109966
 20
-106.307597286589
 10
352.731628625046
 20
-106.310476075649
 10
352.728255772319
 20
-106.313341451539
 10
352.724882749048
 20
-106.316193387332
 10
352.721509752484
 20
-106.319031856103
 10
352.718136979893
 20
-106.321856830924
 10
352.714764628534
 20
-106.32466828487
 10
352.711392895663
 20
-106.327466191015
 10
352.708021978542
 20
-106.330250522431
 10
352.704652074428
 20
-106.333021252192
 10
352.701283380582
 20
-106.335778353373
 10
352.697916094263
 20
-106.338521799046
 10
352.694550412731
 20
-106.341251562285
 10
352.691186533244
 20
-106.343967616164
 10
352.687824653062
 20
-106.346669933757
 10
352.684464969443
 20
-106.349358488136
 10
352.681107679648
 20
-106.352033252377
 10
352.677752980937
 20
-106.35469419955
 10
352.674401070566
 20
-106.357341302732
 10
352.671052145797
 20
-106.359974534997
 10
352.667706403889
 20
-106.362593869415
 10
352.664363987002
 20
-106.365199307218
 10
352.661024816909
 20
-106.367790962256
 10
352.657688760281
 20
-106.370368976535
 10
352.654355683792
 20
-106.372933492062
 10
352.651025454114
 20
-106.375484650842
 10
352.647697937919
 20
-106.378022594881
 10
352.64437300188
 20
-106.380547466188
 10
352.641050512673
 20
-106.383059406766
 10
352.637730336967
 20
-106.385558558623
 10
352.634412341437
 20
-106.388045063765
 10
352.631096392754
 20
-106.390519064198
 10
352.627782357593
 20
-106.392980701929
 10
352.624470102626
 20
-106.395430118962
 10
352.621159494526
 20
-106.397867457305
 10
352.617850399964
 20
-106.400292858965
 10
352.614542685615
 20
-106.402706465947
 10
352.611236218152
 20
-106.405108420257
 10
352.607930864246
 20
-106.407498863902
 10
352.604626490571
 20
-106.409877938888
 10
352.601322963799
 20
-106.412245787221
 10
352.598020150605
 20
-106.414602550907
 10
352.59471791766
 20
-106.416948371953
 10
352.591416131636
 20
-106.419283392366
 10
352.588114659208
 20
-106.42160775415
 10
352.584813367048
 20
-106.423921599313
 10
352.581512121828
 20
-106.426225069859
 10
352.578210790222
 20
-106.428518307797
 10
352.574909238902
 20
-106.430801455132
 10
352.57160733454
 20
-106.433074653871
 10
352.568304943811
 20
-106.435338046019
 10
352.565001933386
 20
-106.437591773582
 10
352.561698375481
 20
-106.439835873729
 10
352.558395164481
 20
-106.442069964267
 10
352.555093400308
 20
-106.444293558165
 10
352.551794182891
 20
-106.446506168394
 10
352.548498612156
 20
-106.448707307923
 10
352.545207788024
 20
-106.45089648972
 10
352.541922810426
 20
-106.453073226756
 10
352.538644779285
 20
-106.455237032001
 10
352.535374794527
 20
-106.457387418423
 10
352.532113956079
 20
-106.45952389899
 10
352.528863363865
 20
-106.461645986675
 10
352.525624117812
 20
-106.463753194445
 10
352.522397317846
 20
-106.465845035271
 10
352.519184063891
 20
-106.46792102212
 10
352.515985455874
 20
-106.469980667964
 10
352.512802593719
 20
-106.472023485771
 10
352.509636577355
 20
-106.474048988512
 10
352.506488506706
 20
-106.476056689153
 10
352.503359481698
 20
-106.478046100667
 10
352.500250602256
 20
-106.480016736022
 10
352.497162968306
 20
-106.481968108187
 10
352.494097679774
 20
-106.483899730132
 10
352.491055836583
 20
-106.485811114826
 10
352.488038538664
 20
-106.48770177524
 10
352.485046885939
 20
-106.489571224341
 10
352.482081978335
 20
-106.4914189751
 10
352.479144915777
 20
-106.493244540485
 10
352.476236798191
 20
-106.495047433467
 10
352.473358725503
 20
-106.496827167015
 10
352.470511797641
 20
-106.498583254099
 10
352.467697114526
 20
-106.500315207687
 10
352.464915008683
 20
-106.502022932053
 10
352.462162743023
 20
-106.503707896686
 10
352.459436813055
 20
-106.50537196238
 10
352.456733714286
 20
-106.507016989928
 10
352.454049942222
 20
-106.508644840123
 10
352.451381992374
 20
-106.510257373759
 10
352.448726360252
 20
-106.511856451627
 10
352.446079541358
 20
-106.513443934524
 10
352.443438031205
 20
-106.515021683239
 10
352.440798325297
 20
-106.516591558569
 10
352.438156919147
 20
-106.518155421305
 10
352.435510308258
 20
-106.519715132241
 10
352.432854988141
 20
-106.52127255217
 10
352.430187454304
 20
-106.522829541885
 10
352.427504202253
 20
-106.524387962179
 10
352.424801727499
 20
-106.525949673847
 10
352.422076525547
 20
-106.527516537682
 10
352.419325091905
 20
-106.529090414475
 10
352.416543922085
 20
-106.530673165022
 10
352.413729511593
 20
-106.532266650113
 10
352.410878355933
 20
-106.533872730544
 10
352.407986950619
 20
-106.535493267108
 10
352.405051791157
 20
-106.537130120597
 10
352.402069373053
 20
-106.538785151805
 10
352.399036191815
 20
-106.540460221526
 10
352.395948742955
 20
-106.542157190552
 10
352.392803521976
 20
-106.543877919676
 10
352.38959702439
 20
-106.545624269692
 10
352.386325745705
 20
-106.547398101394
 10
352.382986181427
 20
-106.549201275573
 10
352.379574827064
 20
-106.551035653025
 10
352.376089167016
 20
-106.552902606645
 10
352.372530641249
 20
-106.554801557748
 10
352.36890167862
 20
-106.55673143975
 10
352.365204707985
 20
-106.558691186069
 10
352.361442158206
 20
-106.560679730123
 10
352.357616458136
 20
-106.562696005326
 10
352.353730036632
 20
-106.564738945099
 10
352.349785322555
 20
-106.566807482857
 10
352.345784744757
 20
-106.568900552018
 10
352.3417307321
 20
-106.571017086
 10
352.337625713441
 20
-106.573156018219
 10
352.333472117635
 20
-106.575316282093
 10
352.32927237354
 20
-106.577496811039
 10
352.325028910013
 20
-106.579696538474
 10
352.320744155912
 20
-106.581914397817
 10
352.316420540094
 20
-106.584149322483
 10
352.312060491419
 20
-106.586400245889
 10
352.307666438737
 20
-106.588666101454
 10
352.303240810914
 20
-106.590945822595
 10
352.298786036801
 20
-106.593238342729
 10
352.29430454526
 20
-106.595542595272
 10
352.289798765145
 20
-106.597857513643
 10
352.285271125315
 20
-106.600182031259
 10
352.280724054625
 20
-106.602515081538
 10
352.276159981935
 20
-106.604855597894
 10
352.271581336099
 20
-106.607202513748
 10
352.266990545979
 20
-106.609554762515
 10
352.262390040429
 20
-106.611911277613
 10
352.257782248307
 20
-106.614270992459
 10
352.253169598471
 20
-106.616632840471
 10
352.248554519776
 20
-106.618995755066
  0
LWPOLYLINE
  5
273
330
193
100
AcDbEntity
  8
Layer11
  6
AUSGEZOGEN
 62
     7
370
    50
100
AcDbPolyline
 90
      683
 70
     0
 43
0.0
 10
351.892693448885
 20
-103.915532257444
 10
351.896036677954
 20
-103.917541619826
 10
351.899379268343
 20
-103.919551196283
 10
351.902720581373
 20
-103.92156120089
 10
351.906059978365
 20
-103.923571847723
 10
351.909396820638
 20
-103.925583350857
 10
351.912730469514
 20
-103.927595924367
 10
351.916060286314
 20
-103.929609782328
 10
351.919385632357
 20
-103.931625138816
 10
351.922705868965
 20
-103.933642207907
 10
351.926020357456
 20
-103.935661203674
 10
351.929328459155
 20
-103.937682340193
 10
351.932629535379
 20
-103.93970583154
 10
351.935922947449
 20
-103.941731891789
 10
351.939208056685
 20
-103.943760735017
 10
351.94248422441
 20
-103.945792575299
 10
351.945750811941
 20
-103.947827626709
 10
351.949007180603
 20
-103.949866103322
 10
351.952252691714
 20
-103.951908219215
 10
351.955486706593
 20
-103.953954188461
 10
351.958708586563
 20
-103.956004225138
 10
351.961917692943
 20
-103.958058543319
 10
351.965113387054
 20
-103.960117357079
 10
351.968295030218
 20
-103.962180880495
 10
351.971461983753
 20
-103.964249327641
 10
351.974613608982
 20
-103.966322912594
 10
351.977749267222
 20
-103.968401849426
 10
351.980868319799
 20
-103.970486352216
 10
351.983970128029
 20
-103.972576635036
 10
351.987054053232
 20
-103.974672911963
 10
351.990119456734
 20
-103.976775397072
 10
351.993165699849
 20
-103.978884304437
 10
351.996192365283
 20
-103.980999857019
 10
351.999199921251
 20
-103.983122313308
 10
352.002189057359
 20
-103.985251940679
 10
352.005160463205
 20
-103.987389006507
 10
352.008114828388
 20
-103.989533778168
 10
352.01105284251
 20
-103.991686523037
 10
352.01397519517
 20
-103.993847508487
 10
352.016882575972
 20
-103.996017001897
 10
352.019775674513
 20
-103.998195270638
 10
352.022655180394
 20
-104.000382582087
 10
352.025521783217
 20
-104.002579203619
 10
352.028376172581
 20
-104.004785402609
 10
352.031219038087
 20
-104.007001446431
 10
352.034051069333
 20
-104.009227602461
 10
352.036872955923
 20
-104.011464138074
 10
352.039685387459
 20
-104.013711320646
 10
352.042489053536
 20
-104.01596941755
 10
352.045284643757
 20
-104.018238696162
 10
352.048072847723
 20
-104.020519423858
 10
352.050854355035
 20
-104.022811868012
 10
352.053629855291
 20
-104.025116295998
 10
352.056400038093
 20
-104.027432975194
 10
352.05916559304
 20
-104.029762172971
 10
352.061927209736
 20
-104.032104156709
 10
352.06468557778
 20
-104.034459193779
 10
352.067441386769
 20
-104.036827551558
 10
352.070195326307
 20
-104.03920949742
 10
352.072948085994
 20
-104.04160529874
 10
352.075700355428
 20
-104.044015222894
 10
352.078452824215
 20
-104.046439537257
 10
352.081206181949
 20
-104.048878509204
 10
352.083960961933
 20
-104.051332342533
 10
352.086717072262
 20
-104.053800986743
 10
352.089474264729
 20
-104.056284327753
 10
352.092232291132
 20
-104.058782251486
 10
352.094990903261
 20
-104.061294643863
 10
352.097749852912
 20
-104.063821390804
 10
352.100508891881
 20
-104.066362378231
 10
352.103267771962
 20
-104.068917492066
 10
352.106026244948
 20
-104.071486618229
 10
352.108784062635
 20
-104.074069642641
 10
352.111540976816
 20
-104.076666451225
 10
352.114296739286
 20
-104.0792769299
 10
352.117051101839
 20
-104.081900964588
 10
352.119803816271
 20
-104.084538441211
 10
352.122554634376
 20
-104.08718924569
 10
352.125303307947
 20
-104.089853263945
 10
352.128049588781
 20
-104.092530381899
 10
352.130793228669
 20
-104.095220485471
 10
352.133533979406
 20
-104.097923460584
 10
352.13627159279
 20
-104.100639193159
 10
352.139005820613
 20
-104.103367569117
 10
352.141736414669
 20
-104.106108474379
 10
352.144463126753
 20
-104.108861794865
 10
352.14718570866
 20
-104.1116274165
 10
352.149903912183
 20
-104.1144052252
 10
352.152617489119
 20
-104.117195106891
 10
352.15532619126
 20
-104.119996947491
 10
352.158029770401
 20
-104.122810632923
 10
352.160727978335
 20
-104.125636049107
 10
352.16342056686
 20
-104.128473081964
 10
352.166107287769
 20
-104.131321617418
 10
352.168787934956
 20
-104.134181558456
 10
352.171462470715
 20
-104.137052876344
 10
352.174130899444
 20
-104.139935559418
 10
352.176793225539
 20
-104.14282959601
 10
352.179449453394
 20
-104.145734974456
 10
352.182099587404
 20
-104.14865168309
 10
352.184743631968
 20
-104.151579710246
 10
352.187381591477
 20
-104.154519044258
 10
352.19001347033
 20
-104.157469673461
 10
352.192639272922
 20
-104.16043158619
 10
352.195259003646
 20
-104.163404770778
 10
352.197872666902
 20
-104.166389215559
 10
352.200480267082
 20
-104.16938490887
 10
352.203081808584
 20
-104.172391839043
 10
352.205677295802
 20
-104.175409994412
 10
352.208266733133
 20
-104.178439363312
 10
352.210850124972
 20
-104.181479934078
 10
352.213427475712
 20
-104.184531695045
 10
352.215998789754
 20
-104.187594634544
 10
352.218564071489
 20
-104.190668740914
 10
352.221123325315
 20
-104.193754002485
 10
352.223676555627
 20
-104.196850407594
 10
352.226223766819
 20
-104.199957944574
 10
352.228764963289
 20
-104.20307660176
 10
352.231300149433
 20
-104.206206367487
 10
352.233829329644
 20
-104.209347230088
 10
352.236352508319
 20
-104.212499177897
 10
352.238869689854
 20
-104.21566219925
 10
352.241380878644
 20
-104.21883628248
 10
352.243886079085
 20
-104.222021415922
 10
352.246385295572
 20
-104.225217587911
 10
352.248878520835
 20
-104.228424782312
 10
352.251365700941
 20
-104.231642965111
 10
352.253846770284
 20
-104.234872097829
 10
352.256321663265
 20
-104.238112141985
 10
352.258790314283
 20
-104.241363059098
 10
352.261252657738
 20
-104.244624810686
 10
352.263708628027
 20
-104.247897358269
 10
352.26615815955
 20
-104.251180663367
 10
352.268601186703
 20
-104.254474687498
 10
352.271037643887
 20
-104.257779392181
 10
352.273467465501
 20
-104.261094738935
 10
352.275890585943
 20
-104.264420689279
 10
352.278306939612
 20
-104.267757204732
 10
352.280716460906
 20
-104.271104246815
 10
352.283119084225
 20
-104.274461777044
 10
352.285514743966
 20
-104.27782975694
 10
352.287903374531
 20
-104.281208148022
 10
352.290284910314
 20
-104.284596911809
 10
352.292659285717
 20
-104.287996009819
 10
352.295026435139
 20
-104.291405403572
 10
352.297386292976
 20
-104.294825054587
 10
352.299738793629
 20
-104.298254924382
 10
352.302083871497
 20
-104.301694974479
 10
352.304421460977
 20
-104.305145166393
 10
352.306751496468
 20
-104.308605461647
 10
352.309073912371
 20
-104.312075821757
 10
352.311388643082
 20
-104.315556208244
 10
352.313695623001
 20
-104.319046582626
 10
352.315994786526
 20
-104.322546906422
 10
352.318286068057
 20
-104.326057141152
 10
352.320569401993
 20
-104.329577248334
 10
352.322844726297
 20
-104.333107190601
 10
352.325111993214
 20
-104.336646935035
 10
352.327371158546
 20
-104.340196449828
 10
352.329622178104
 20
-104.343755703178
 10
352.331865007695
 20
-104.347324663277
 10
352.334099603122
 20
-104.350903298321
 10
352.336325920198
 20
-104.354491576504
 10
352.338543914728
 20
-104.358089466022
 10
352.340753542518
 20
-104.361696935068
 10
352.342954759375
 20
-104.365313951836
 10
352.345147521108
 20
-104.368940484523
 10
352.347331783525
 20
-104.372576501321
 10
352.349507502433
 20
-104.376221970427
 10
352.351674633636
 20
-104.379876860035
 10
352.353833132946
 20
-104.383541138338
 10
352.355982956168
 20
-104.387214773532
 10
352.358124059107
 20
-104.390897733811
 10
352.360256397573
 20
-104.394589987371
 10
352.362379927374
 20
-104.398291502404
 10
352.364494604317
 20
-104.402002247108
 10
352.366600384207
 20
-104.405722189675
 10
352.368697222854
 20
-104.4094512983
 10
352.370785076062
 20
-104.413189541178
 10
352.372863899642
 20
-104.416936886504
 10
352.374933649399
 20
-104.420693302473
 10
352.376994281142
 20
-104.424458757277
 10
352.379045750675
 20
-104.428233219113
 10
352.381088013808
 20
-104.432016656176
 10
352.383121026349
 20
-104.435809036659
 10
352.385144744101
 20
-104.439610328756
 10
352.387159122878
 20
-104.443420500665
 10
352.389164117205
 20
-104.44723952019
 10
352.391159676499
 20
-104.451067353591
 10
352.393145748904
 20
-104.454903966737
 10
352.395122282558
 20
-104.458749325501
 10
352.397089225602
 20
-104.462603395754
 10
352.399046526176
 20
-104.466466143364
 10
352.400994132422
 20
-104.470337534206
 10
352.402931992478
 20
-104.474217534148
 10
352.404860054485
 20
-104.478106109062
 10
352.406778266585
 20
-104.482003224818
 10
352.408686576917
 20
-104.485908847289
 10
352.410584933621
 20
-104.489822942343
 10
352.412473284838
 20
-104.493745475854
 10
352.414351578708
 20
-104.49767641369
 10
352.416219763373
 20
-104.501615721724
 10
352.41807778697
 20
-104.505563365827
 10
352.419925597642
 20
-104.509519311868
 10
352.421763143528
 20
-104.513483525719
 10
352.423590372772
 20
-104.517455973252
 10
352.425407233508
 20
-104.521436620336
 10
352.42721367388
 20
-104.525425432844
 10
352.42900964203
 20
-104.529422376645
 10
352.430795086097
 20
-104.533427417611
 10
352.432569954217
 20
-104.537440521612
 10
352.434334194539
 20
-104.54146165452
 10
352.436087755196
 20
-104.545490782206
 10
352.437830584331
 20
-104.549527870539
 10
352.439562630083
 20
-104.553572885392
 10
352.441283840595
 20
-104.557625792635
 10
352.442994164007
 20
-104.56168655814
 10
352.444693548456
 20
-104.565755147776
 10
352.446381942533
 20
-104.569831527824
 10
352.448059296599
 20
-104.573915666201
 10
352.449725561472
 20
-104.57800753123
 10
352.451380687962
 20
-104.582107091239
 10
352.453024626881
 20
-104.58621431455
 10
352.454657329043
 20
-104.59032916949
 10
352.456278745258
 20
-104.594451624384
 10
352.457888826342
 20
-104.598581647557
 10
352.459487523105
 20
-104.602719207333
 10
352.461074786361
 20
-104.606864272039
 10
352.462650566922
 20
-104.611016809999
 10
352.464214815598
 20
-104.615176789539
 10
352.465767483205
 20
-104.619344178982
 10
352.467308520556
 20
-104.623518946655
 10
352.46883787846
 20
-104.627701060884
 10
352.470355507732
 20
-104.631890489992
 10
352.471861359185
 20
-104.636087202304
 10
352.473355383629
 20
-104.640291166147
 10
352.474837531878
 20
-104.644502349845
 10
352.476307754743
 20
-104.648720721724
 10
352.47776600304
 20
-104.652946250108
 10
352.47921222758
 20
-104.657178903322
 10
352.480646379172
 20
-104.661418649693
 10
352.482068408634
 20
-104.665665457544
 10
352.483478266773
 20
-104.669919295201
 10
352.484875904407
 20
-104.674180130989
 10
352.486261272345
 20
-104.678447933234
 10
352.4876343214
 20
-104.682722670259
 10
352.488995002386
 20
-104.687004310392
 10
352.490343266114
 20
-104.691292821955
 10
352.491679063398
 20
-104.695588173276
 10
352.49300234508
 20
-104.699890331992
 10
352.494313062131
 20
-104.704199262997
 10
352.495611165552
 20
-104.708514930501
 10
352.496896606348
 20
-104.712837298712
 10
352.498169335519
 20
-104.717166331835
 10
352.499429304066
 20
-104.72150199408
 10
352.500676462991
 20
-104.725844249655
 10
352.501910763296
 20
-104.730193062767
 10
352.503132155984
 20
-104.734548397626
 10
352.504340592055
 20
-104.738910218439
 10
352.505536022513
 20
-104.743278489413
 10
352.506718398358
 20
-104.747653174757
 10
352.507887670592
 20
-104.752034238679
 10
352.509043790218
 20
-104.756421645387
 10
352.510186708238
 20
-104.760815359087
 10
352.511316375653
 20
-104.76521534399
 10
352.512432743464
 20
-104.769621564304
 10
352.513535762673
 20
-104.774033984234
 10
352.514625384283
 20
-104.778452567991
 10
352.515701559296
 20
-104.78287727978
 10
352.516764238713
 20
-104.787308083813
 10
352.517813373536
 20
-104.791744944294
 10
352.518848914766
 20
-104.796187825433
 10
352.519870813405
 20
-104.800636691438
 10
352.520879020458
 20
-104.805091506516
 10
352.521873486923
 20
-104.809552234877
 10
352.522854163803
 20
-104.814018840727
 10
352.5238210021
 20
-104.818491288275
 10
352.524773952817
 20
-104.822969541729
 10
352.525712966954
 20
-104.827453565295
 10
352.526637995514
 20
-104.831943323185
 10
352.527548988721
 20
-104.836438781274
 10
352.52844589371
 20
-104.840939912131
 10
352.529328656829
 20
-104.845446689992
 10
352.530197224434
 20
-104.849959089093
 10
352.531051542881
 20
-104.854477083673
 10
352.531891558523
 20
-104.859000647968
 10
352.532717217711
 20
-104.863529756216
 10
352.533528466802
 20
-104.868064382653
 10
352.534325252149
 20
-104.872604501516
 10
352.535107520107
 20
-104.877150087043
 10
352.535875217029
 20
-104.881701113471
 10
352.536628289268
 20
-104.886257555037
 10
352.53736668318
 20
-104.890819385977
 10
352.538090345119
 20
-104.89538658053
 10
352.538799221437
 20
-104.899959112931
 10
352.53949325849
 20
-104.90453695742
 10
352.540172402629
 20
-104.909120088231
 10
352.540836600212
 20
-104.913708479604
 10
352.54148579759
 20
-104.918302105773
 10
352.542119941118
 20
-104.922900940977
 10
352.542738977151
 20
-104.927504959454
 10
352.543342852041
 20
-104.932114135439
 10
352.543931512142
 20
-104.936728443171
 10
352.54450490381
 20
-104.941347856886
 10
352.545062973399
 20
-104.94597235082
 10
352.545605667259
 20
-104.950601899212
 10
352.54613293175
 20
-104.955236476299
 10
352.546644713221
 20
-104.959876056317
 10
352.547140958028
 20
-104.964520613505
 10
352.547621612526
 20
-104.969170122097
 10
352.548086623067
 20
-104.973824556333
 10
352.548535939506
 20
-104.978483884679
 10
352.548969525702
 20
-104.983148052526
 10
352.549387349009
 20
-104.987816999497
 10
352.54978937679
 20
-104.99249066521
 10
352.550175576398
 20
-104.997168989289
 10
352.550545915194
 20
-105.001851911354
 10
352.550900360537
 20
-105.006539371025
 10
352.55123887978
 20
-105.011231307924
 10
352.551561440283
 20
-105.015927661674
 10
352.551868009407
 20
-105.020628371894
 10
352.552158554507
 20
-105.025333378207
 10
352.552433042942
 20
-105.030042620231
 10
352.552691442068
 20
-105.03475603759
 10
352.552933719246
 20
-105.039473569906
 10
352.553159841829
 20
-105.044195156797
 10
352.553369777179
 20
-105.048920737887
 10
352.553563492653
 20
-105.053650252795
 10
352.553740955609
 20
-105.058383641143
 10
352.553902133405
 20
-105.063120842553
 10
352.554046993397
 20
-105.067861796646
 10
352.554175502945
 20
-105.072606443042
 10
352.554287629406
 20
-105.077354721363
 10
352.554383340137
 20
-105.08210657123
 10
352.554462602499
 20
-105.086861932265
 10
352.554525383847
 20
-105.091620744088
 10
352.554571651537
 20
-105.096382946321
 10
352.554601372933
 20
-105.101148478585
 10
352.554614515388
 20
-105.1059172805
 10
352.55461104626
 20
-105.110689291689
 10
352.554590932909
 20
-105.115464451773
 10
352.554554142693
 20
-105.120242700372
 10
352.554500629074
 20
-105.125023998717
 10
352.554430289955
 20
-105.129808394472
 10
352.554343009335
 20
-105.134595956913
 10
352.554238671224
 20
-105.139386755312
 10
352.554117159624
 20
-105.144180858946
 10
352.553978358539
 20
-105.148978337087
 10
352.553822151977
 20
-105.153779259011
 10
352.553648423942
 20
-105.158583693989
 10
352.553457058437
 20
-105.163391711298
 10
352.55324793947
 20
-105.168203380212
 10
352.553020951044
 20
-105.173018770003
 10
352.552775977163
 20
-105.177837949946
 10
352.552512901834
 20
-105.182660989318
 10
352.552231609061
 20
-105.18748795739
 10
352.551931982849
 20
-105.192318923436
 10
352.551613907204
 20
-105.197153956732
 10
352.551277266132
 20
-105.201993126551
 10
352.550921943632
 20
-105.206836502168
 10
352.550547823716
 20
-105.211684152857
 10
352.550154790384
 20
-105.216536147891
 10
352.549742727644
 20
-105.221392556545
 10
352.549311519499
 20
-105.226253448093
 10
352.548861049956
 20
-105.23111889181
 10
352.548391203018
 20
-105.23598895697
 10
352.54790186269
 20
-105.240863712846
 10
352.547392912981
 20
-105.245743228712
 10
352.546864237889
 20
-105.250627573843
 10
352.546315721426
 20
-105.255516817514
 10
352.54574724759
 20
-105.260411028998
 10
352.545158700392
 20
-105.265310277569
 10
352.544549963834
 20
-105.270214632503
 10
352.543920973987
 20
-105.275124082405
 10
352.5432718752
 20
-105.280038293222
 10
352.542602863885
 20
-105.284956850231
 10
352.541914136453
 20
-105.28987933871
 10
352.541205889316
 20
-105.294805343938
 10
352.54047831889
 20
-105.299734451191
 10
352.539731621584
 20
-105.304666245751
 10
352.538965993814
 20
-105.309600312893
 10
352.53818163199
 20
-105.314536237896
 10
352.537378732528
 20
-105.31947360604
 10
352.536557491836
 20
-105.3244120026
 10
352.535718106332
 20
-105.329351012857
 10
352.534860772427
 20
-105.334290222087
 10
352.533985686531
 20
-105.33922921557
 10
352.533093045058
 20
-105.344167578583
 10
352.532183044423
 20
-105.349104896404
 10
352.531255881037
 20
-105.354040754312
 10
352.530311751312
 20
-105.358974737585
 10
352.529350851663
 20
-105.363906431502
 10
352.528373378502
 20
-105.36883542134
 10
352.527379528239
 20
-105.373761292378
 10
352.526369497291
 20
-105.378683629892
 10
352.525343482066
 20
-105.383602019163
 10
352.524301678983
 20
-105.388516045468
 10
352.523244284448
 20
-105.393425294085
 10
352.522171494879
 20
-105.398329350293
 10
352.521083506685
 20
-105.40322779937
 10
352.519980516281
 20
-105.408120226593
 10
352.518862720079
 20
-105.413006217242
 10
352.517730314492
 20
-105.417885356594
 10
352.516583495932
 20
-105.422757229926
 10
352.515422267659
 20
-105.427621722836
 10
352.514245860322
 20
-105.432479922185
 10
352.513053311419
 20
-105.437333215153
 10
352.511843658442
 20
-105.44218298892
 10
352.510615938887
 20
-105.447030630665
 10
352.509369190251
 20
-105.451877527567
 10
352.508102450033
 20
-105.456725066809
 10
352.506814755722
 20
-105.461574635567
 10
352.505505144818
 20
-105.466427621022
 10
352.504172654815
 20
-105.471285410355
 10
352.502816323211
 20
-105.476149390744
 10
352.5014351875
 20
-105.48102094937
 10
352.500028285178
 20
-105.485901473411
 10
352.49859465374
 20
-105.490792350048
 10
352.497133330684
 20
-105.495694966461
 10
352.495643353503
 20
-105.500610709828
 10
352.494123759694
 20
-105.50554096733
 10
352.492573586753
 20
-105.510487126147
 10
352.490991872175
 20
-105.515450573459
 10
352.489377653457
 20
-105.520432696443
 10
352.487729968092
 20
-105.525434882282
 10
352.486047853581
 20
-105.530458518154
 10
352.484330347414
 20
-105.535504991239
 10
352.48257648709
 20
-105.540575688716
 10
352.480785310101
 20
-105.545671997766
 10
352.478955853949
 20
-105.550795305568
 10
352.477087156125
 20
-105.555946999302
 10
352.475178254126
 20
-105.561128466147
 10
352.473228185449
 20
-105.566341093283
 10
352.471235987585
 20
-105.571586267891
 10
352.469200698037
 20
-105.576865377148
 10
352.46712163313
 20
-105.582179187273
 10
352.464999224536
 20
-105.587525980628
 10
352.462834182758
 20
-105.592903418613
 10
352.460627218301
 20
-105.598309162628
 10
352.458379041673
 20
-105.603740874072
 10
352.456090363372
 20
-105.609196214346
 10
352.453761893909
 20
-105.614672844848
 10
352.451394343785
 20
-105.62016842698
 10
352.448988423505
 20
-105.62568062214
 10
352.446544843575
 20
-105.631207091729
 10
352.444064314497
 20
-105.636745497148
 10
352.441547546778
 20
-105.642293499794
 10
352.438995250921
 20
-105.647848761068
 10
352.436408137432
 20
-105.653408942369
 10
352.433786916812
 20
-105.658971705099
 10
352.431132299571
 20
-105.664534710657
 10
352.428444996211
 20
-105.670095620442
 10
352.425725717234
 20
-105.675652095853
 10
352.422975173148
 20
-105.681201798293
 10
352.420194074457
 20
-105.686742389159
 10
352.417383131664
 20
-105.692271529851
 10
352.414543055275
 20
-105.697786881771
 10
352.411674555793
 20
-105.703286106317
 10
352.408778343725
 20
-105.708766864888
 10
352.405855129575
 20
-105.714226818886
 10
352.402905623843
 20
-105.71966362971
 10
352.399930537042
 20
-105.725074958759
 10
352.396930579667
 20
-105.730458467434
 10
352.393906462232
 20
-105.735811817134
 10
352.390858895235
 20
-105.741132669259
 10
352.387788589182
 20
-105.746418685208
 10
352.384696146102
 20
-105.751668028912
 10
352.381581734126
 20
-105.756880874407
 10
352.378445412904
 20
-105.762057898264
 10
352.375287242088
 20
-105.767199777051
 10
352.372107281337
 20
-105.772307187337
 10
352.368905590298
 20
-105.777380805688
 10
352.365682228625
 20
-105.782421308674
 10
352.362437255972
 20
-105.787429372864
 10
352.359170731994
 20
-105.792405674824
 10
352.35588271634
 20
-105.797350891125
 10
352.352573268665
 20
-105.802265698334
 10
352.349242448621
 20
-105.807150773018
 10
352.345890315865
 20
-105.812006791749
 10
352.342516930045
 20
-105.816834431092
 10
352.339122350815
 20
-105.821634367616
 10
352.335706637829
 20
-105.826407277891
 10
352.33226985074
 20
-105.831153838483
 10
352.328812049202
 20
-105.835874725962
 10
352.325333292865
 20
-105.840570616896
 10
352.321833641385
 20
-105.845242187853
 10
352.318313154412
 20
-105.849890115402
 10
352.314771891601
 20
-105.854515076109
 10
352.311209912605
 20
-105.859117746546
 10
352.307627277078
 20
-105.863698803279
 10
352.30402404467
 20
-105.868258922877
 10
352.300400275035
 20
-105.872798781908
 10
352.296756027829
 20
-105.877319056941
 10
352.293091362701
 20
-105.881820424544
 10
352.289406339305
 20
-105.886303561284
 10
352.285701017296
 20
-105.890769143732
 10
352.281975456325
 20
-105.895217848453
 10
352.278229748761
 20
-105.899650216075
 10
352.274464117838
 20
-105.904066243447
 10
352.270678819505
 20
-105.908465791475
 10
352.26687410971
 20
-105.912848721066
 10
352.263050244403
 20
-105.917214893127
 10
352.259207479532
 20
-105.921564168565
 10
352.255346071048
 20
-105.925896408286
 10
352.251466274898
 20
-105.930211473196
 10
352.247568347033
 20
-105.934509224204
 10
352.243652543403
 20
-105.938789522213
 10
352.239719119953
 20
-105.943052228134
 10
352.235768332634
 20
-105.947297202871
 10
352.231800437396
 20
-105.951524307329
 10
352.227815690187
 20
-105.955733402418
 10
352.223814346957
 20
-105.959924349045
 10
352.219796663654
 20
-105.964097008113
 10
352.215762896227
 20
-105.968251240531
 10
352.211713300629
 20
-105.972386907205
 10
352.207648132802
 20
-105.976503869043
 10
352.203567648701
 20
-105.98060198695
 10
352.199472104272
 20
-105.984681121833
 10
352.195361755467
 20
-105.988741134599
 10
352.191236858231
 20
-105.992781886155
 10
352.187097668515
 20
-105.996803237407
 10
352.182944442269
 20
-106.000805049262
 10
352.178777435442
 20
-106.004787182626
 10
352.174596903982
 20
-106.008749498407
 10
352.170403103839
 20
-106.012691857511
 10
352.16619629096
 20
-106.016614120844
 10
352.161976721296
 20
-106.020516149313
 10
352.157744650797
 20
-106.024397803825
 10
352.15350031422
 20
-106.028258986892
 10
352.149243861568
 20
-106.032099767452
 10
352.144975421656
 20
-106.035920256045
 10
352.140695123291
 20
-106.039720563216
 10
352.136403095292
 20
-106.043500799506
 10
352.132099466466
 20
-106.047261075458
 10
352.127784365628
 20
-106.051001501613
 10
352.123457921591
 20
-106.054722188517
 10
352.119120263166
 20
-106.058423246709
 10
352.114771519166
 20
-106.062104786733
 10
352.110411818403
 20
-106.065766919131
 10
352.106041289692
 20
-106.069409754447
 10
352.101660061841
 20
-106.073033403221
 10
352.097268263666
 20
-106.076637975998
 10
352.092866023979
 20
-106.080223583318
 10
352.088453471592
 20
-106.083790335726
 10
352.084030735316
 20
-106.087338343762
 10
352.079597943967
 20
-106.09086771797
 10
352.075155226354
 20
-106.094378568892
 10
352.070702711291
 20
-106.097871007071
 10
352.066240527591
 20
-106.101345143049
 10
352.061768804066
 20
-106.104801087368
 10
352.057287669526
 20
-106.108238950572
 10
352.052797252789
 20
-106.111658843202
 10
352.048297682663
 20
-106.115060875802
 10
352.04378908796
 20
-106.118445158912
 10
352.039271597496
 20
-106.121811803077
 10
352.034745340083
 20
-106.125160918839
 10
352.030210444529
 20
-106.12849261674
 10
352.025667039652
 20
-106.131807007322
 10
352.021115254262
 20
-106.135104201127
 10
352.016555267987
 20
-106.138384278958
 10
352.011987463711
 20
-106.141647202645
 10
352.00741227514
 20
-106.144892904279
 10
352.002830135973
 20
-106.14812131595
 10
351.998241479911
 20
-106.151332369749
 10
351.993646740655
 20
-106.154525997765
 10
351.989046351912
 20
-106.157702132089
 10
351.984440747376
 20
-106.160860704811
 10
351.979830360753
 20
-106.164001648022
 10
351.975215625746
 20
-106.167124893812
 10
351.970596976051
 20
-106.17023037427
 10
351.965974845374
 20
-106.173318021487
 10
351.961349667416
 20
-106.176387767553
 10
351.956721875879
 20
-106.17943954456
 10
351.952091904461
 20
-106.182473284596
 10
351.947460186866
 20
-106.185488919752
 10
351.942827156798
 20
-106.188486382118
 10
351.938193247954
 20
-106.191465603785
 10
351.933558894038
 20
-106.194426516842
 10
351.928924528753
 20
-106.197369053381
 10
351.924290585798
 20
-106.200293145492
 10
351.919657498875
 20
-106.203198725263
 10
351.915025701685
 20
-106.206085724786
 10
351.910395627933
 20
-106.208954076152
 10
351.905767711316
 20
-106.211803711449
 10
351.901142385537
 20
-106.214634562769
 10
351.8965200843
 20
-106.217446562201
 10
351.891901241305
 20
-106.220239641837
 10
351.887286290252
 20
-106.223013733766
 10
351.882675664845
 20
-106.225768770079
 10
351.878069798784
 20
-106.228504682864
 10
351.873468945058
 20
-106.231221480071
 10
351.868872633795
 20
-106.233919473083
 10
351.864280214415
 20
-106.236599049138
 10
351.859691036336
 20
-106.239260595476
 10
351.855104448972
 20
-106.241904499335
 10
351.850519801745
 20
-106.244531147956
 10
351.845936444068
 20
-106.247140928579
 10
351.841353725358
 20
-106.249734228442
 10
351.836770995036
 20
-106.252311434787
 10
351.832187602519
 20
-106.254872934851
 10
351.827602897218
 20
-106.257419115876
 10
351.823016228558
 20
-106.2599503651
 10
351.818426945951
 20
-106.262467069762
 10
351.813834398818
 20
-106.264969617103
 10
351.809237936572
 20
-106.267458394363
 10
351.804636908633
 20
-106.269933788779
 10
351.800030664419
 20
-106.272396187594
 10
351.795418553346
 20
-106.274845978044
 10
351.790799924831
 20
-106.277283547372
 10
351.786174128291
 20
-106.279709282815
 10
351.781540513144
 20
-106.282123571615
 10
351.776898428807
 20
-106.284526801009
 10
351.772247224697
 20
-106.286919358238
 10
351.767586250233
 20
-106.289301630542
 10
351.76291485483
 20
-106.291674005159
 10
351.758232387903
 20
-106.29403686933
 10
351.753538198877
 20
-106.296390610294
 10
351.74883163716
 20
-106.298735615291
 10
351.744112052176
 20
-106.30107227156
 10
351.73937879334
 20
-106.303400966341
 10
351.734631210071
 20
-106.305722086873
 10
351.729869322466
 20
-106.30803574821
 10
351.725095833375
 20
-106.310340976655
 10
351.720314116327
 20
-106.31263652633
 10
351.715527544852
 20
-106.314921151348
 10
351.710739492479
 20
-106.317193605832
 10
351.705953332738
 20
-106.319452643897
 10
351.70117243916
 20
-106.321697019664
 10
351.696400185274
 20
-106.323925487249
 10
351.691639944611
 20
-106.326136800771
 10
351.686895090701
 20
-106.328329714348
 10
351.682168997075
 20
-106.330502982099
 10
351.677465037261
 20
-106.332655358141
 10
351.67278658479
 20
-106.334785596594
 10
351.66813701319
 20
-106.336892451575
 10
351.663519695994
 20
-106.338974677203
 10
351.658938006733
 20
-106.341031027595
 10
351.654395318932
 20
-106.34306025687
 10
351.649895006127
 20
-106.345061119147
 10
351.645440441844
 20
-106.347032368542
 10
351.641034999613
 20
-106.348972759176
 10
351.636682052966
 20
-106.350881045166
 10
351.632384975434
 20
-106.35275598063
 10
351.628147140542
 20
-106.354596319687
 10
351.623971921825
 20
-106.356400816454
 10
351.619862692813
 20
-106.35816822505
 10
351.615822827031
 20
-106.359897299593
 10
351.611855698015
 20
-106.361586794203
 10
351.607964679292
 20
-106.363235462995
 10
351.604153144392
 20
-106.364842060089
 10
351.600424466846
 20
-106.366405339604
 10
351.596782020182
 20
-106.367924055658
 10
351.593228133934
 20
-106.369397416302
 10
351.589760961635
 20
-106.370826445323
 10
351.586377612819
 20
-106.372212620443
 10
351.583075197023
 20
-106.373557419382
 10
351.579850823779
 20
-106.37486231986
 10
351.576701602626
 20
-106.376128799599
 10
351.573624643095
 20
-106.377358336318
 10
351.570617054724
 20
-106.378552407741
 10
351.567675947046
 20
-106.379712491585
 10
351.564798429598
 20
-106.380840065573
 10
351.561981611914
 20
-106.381936607426
 10
351.55922260353
 20
-106.383003594863
 10
351.556518513979
 20
-106.384042505607
 10
351.553866452796
 20
-106.385054817377
 10
351.55126352952
 20
-106.386042007894
 10
351.548706853681
 20
-106.387005554879
 10
351.546193534818
 20
-106.387946936053
 10
351.543720682463
 20
-106.388867629135
 10
351.541285406153
 20
-106.389769111849
 10
351.538884815422
 20
-106.390652861914
 10
351.536516019807
 20
-106.39152035705
 10
351.53417612884
 20
-106.392373074978
 10
351.531862252059
 20
-106.39321249342
 10
351.529571498995
 20
-106.394040090096
 10
351.527300979189
 20
-106.394857342726
 10
351.525047802172
 20
-106.395665729033
 10
351.522809077478
 20
-106.396466726735
 10
351.520581914645
 20
-106.397261813554
 10
351.518363423207
 20
-106.398052467212
 10
351.5161507127
 20
-106.398840165427
 10
351.513940892655
 20
-106.399626385922
  0
LINE
  5
274
330
193
100
AcDbEntity
  8
Layer11
  6
AUSGEZOGEN
 62
     7
370
    50
100
AcDbLine
 10
343.986883424408
 20
-91.066297382522
 30
0.0
 11
345.428507222771
 21
-90.622606161943
 31
0.0
  0
LINE
  5
275
330
193
100
AcDbEntity
  8
Layer11
  6
AUSGEZOGEN
 62
     7
370
    50
100
AcDbLine
 10
345.429329961695
 20
-90.62529721971
 30
0.0
 11
346.836904821841
 21
-95.22926713673
 31
0.0
  0
LINE
  5
276
330
193
100
AcDbEntity
  8
Layer11
  6
AUSGEZOGEN
 62
     7
370
    50
100
AcDbLine
 10
347.770639261005
 20
-89.909487132127
 30
0.0
 11
348.859049539879
 21
-93.469516742763
 31
0.0
  0
LINE
  5
277
330
193
100
AcDbEntity
  8
Layer11
  6
AUSGEZOGEN
 62
     7
370
    50
100
AcDbLine
 10
348.141065341299
 20
-89.796236514168
 30
0.0
 11
349.236523301443
 21
-93.379318051546
 31
0.0
  0
LWPOLYLINE
  5
278
330
193
100
AcDbEntity
  8
Layer11
  6
AUSGEZOGEN
 62
     7
370
    50
100
AcDbPolyline
 90
     1396
 70
     0
 43
0.0
 10
345.060210200125
 20
-94.576991077363
 10
345.060945540039
 20
-94.579277819807
 10
345.061680217518
 20
-94.581562579346
 10
345.062413570122
 20
-94.583843373079
 10
345.063144935423
 20
-94.5861182181
 10
345.063873650979
 20
-94.588385131507
 10
345.064599054356
 20
-94.590642130397
 10
345.065320483122
 20
-94.592887231865
 10
345.066037274835
 20
-94.595118453009
 10
345.066748767064
 20
-94.597333810923
 10
345.067454297372
 20
-94.599531322707
 10
345.068153203323
 20
-94.601709005454
 10
345.068844822483
 20
-94.603864876262
 10
345.069528492412
 20
-94.605996952227
 10
345.07020355068
 20
-94.608103250446
 10
345.070869334846
 20
-94.610181788015
 10
345.071525182481
 20
-94.612230582031
 10
345.07217043114
 20
-94.61424764959
 10
345.072804418396
 20
-94.616231007787
 10
345.07342648181
 20
-94.618178673722
 10
345.074035958944
 20
-94.620088664487
 10
345.074632187367
 20
-94.621958997182
 10
345.075214504639
 20
-94.623787688903
 10
345.075782248327
 20
-94.625572756745
 10
345.076334755995
 20
-94.627312217805
 10
345.076871365205
 20
-94.62900408918
 10
345.077391413525
 20
-94.630646387965
 10
345.077894238517
 20
-94.632237131258
 10
345.078379177745
 20
-94.633774336155
 10
345.078845568775
 20
-94.635256019751
 10
345.07929274917
 20
-94.636680199144
 10
345.079720056496
 20
-94.638044891431
 10
345.080127296617
 20
-94.63934944025
 10
345.080516148612
 20
-94.640598495411
 10
345.080888759862
 20
-94.641798033266
 10
345.081247277744
 20
-94.642954030167
 10
345.081593849638
 20
-94.644072462467
 10
345.081930622924
 20
-94.645159306518
 10
345.082259744984
 20
-94.646220538671
 10
345.082583363194
 20
-94.64726213528
 10
345.082903624936
 20
-94.648290072697
 10
345.083222677589
 20
-94.649310327273
 10
345.083542668534
 20
-94.650328875361
 10
345.083865745148
 20
-94.651351693314
 10
345.084194054813
 20
-94.652384757483
 10
345.084529744907
 20
-94.653434044221
 10
345.08487496281
 20
-94.65450552988
 10
345.085231855901
 20
-94.655605190813
 10
345.085602571562
 20
-94.656739003371
 10
345.085989257172
 20
-94.657912943907
 10
345.086394060109
 20
-94.659132988772
 10
345.086819127753
 20
-94.66040511432
 10
345.087266607485
 20
-94.661735296904
 10
345.087738646684
 20
-94.663129512874
 10
345.088237392729
 20
-94.664593738582
 10
345.088764993001
 20
-94.666133950383
 10
345.089323594879
 20
-94.667756124625
 10
345.089915345741
 20
-94.669466237665
 10
345.090542392969
 20
-94.671270265852
 10
345.091206883943
 20
-94.67317418554
 10
345.091910966041
 20
-94.67518397308
 10
345.092656786641
 20
-94.677305604826
 10
345.093446493127
 20
-94.679545057128
 10
345.094281659433
 20
-94.681906604173
 10
345.095161565722
 20
-94.684387711477
 10
345.096084918712
 20
-94.686984142392
 10
345.097050425124
 20
-94.68969166027
 10
345.098056791678
 20
-94.692506028459
 10
345.099102725091
 20
-94.695423010312
 10
345.100186932086
 20
-94.698438369179
 10
345.101308119378
 20
-94.701547868411
 10
345.102464993688
 20
-94.704747271358
 10
345.103656261738
 20
-94.70803234137
 10
345.104880630243
 20
-94.711398841801
 10
345.106136805927
 20
-94.714842535999
 10
345.107423495505
 20
-94.718359187316
 10
345.1087394057
 20
-94.721944559103
 10
345.110083243228
 20
-94.725594414709
 10
345.11145371481
 20
-94.729304517487
 10
345.112849527166
 20
-94.733070630786
 10
345.114269387017
 20
-94.736888517957
 10
345.115712001078
 20
-94.740753942352
 10
345.11717607607
 20
-94.744662667321
 10
345.118660318715
 20
-94.748610456214
 10
345.120163435728
 20
-94.752593072384
 10
345.121684133832
 20
-94.756606279179
 10
345.123221119746
 20
-94.760645839952
 10
345.124773100188
 20
-94.764707518053
 10
345.126338781876
 20
-94.768787076833
 10
345.127916871534
 20
-94.772880279642
 10
345.129506075879
 20
-94.776982889831
 10
345.131105101628
 20
-94.781090670751
 10
345.132712655501
 20
-94.785199385753
 10
345.134327444223
 20
-94.789304798189
 10
345.13594844398
 20
-94.793403511891
 10
345.137575708868
 20
-94.797495492632
 10
345.139209562451
 20
-94.801581546667
 10
345.140850328298
 20
-94.805662480252
 10
345.142498329971
 20
-94.809739099644
 10
345.144153891039
 20
-94.813812211095
 10
345.145817335066
 20
-94.817882620863
 10
345.147488985618
 20
-94.821951135204
 10
345.149169166262
 20
-94.82601856037
 10
345.150858200563
 20
-94.830085702622
 10
345.152556412088
 20
-94.834153368211
 10
345.154264124402
 20
-94.838222363393
 10
345.155981661072
 20
-94.842293494426
 10
345.15770934566
 20
-94.846367567563
 10
345.159447501738
 20
-94.850445389061
 10
345.161196452868
 20
-94.854527765176
 10
345.162956522616
 20
-94.85861550216
 10
345.16472803455
 20
-94.862709406274
 10
345.166511312233
 20
-94.866810283769
 10
345.168306679234
 20
-94.870918940902
 10
345.170114459117
 20
-94.875036183929
 10
345.171934975448
 20
-94.879162819105
 10
345.173768551793
 20
-94.883299652685
 10
345.175615511718
 20
-94.887447490926
 10
345.177476178791
 20
-94.891607140083
 10
345.179350876575
 20
-94.89577940641
 10
345.181239928636
 20
-94.899965096165
 10
345.183143658542
 20
-94.904165015601
 10
345.185062389857
 20
-94.908379970975
 10
345.186996446148
 20
-94.912610768542
 10
345.188946150982
 20
-94.916858214558
 10
345.190911753769
 20
-94.921122889094
 10
345.192893207317
 20
-94.925404467484
 10
345.194890390272
 20
-94.929702398877
 10
345.196903181292
 20
-94.934016132423
 10
345.198931459021
 20
-94.938345117271
 10
345.200975102116
 20
-94.942688802572
 10
345.203033989226
 20
-94.947046637474
 10
345.205107999004
 20
-94.951418071128
 10
345.207197010097
 20
-94.955802552682
 10
345.209300901161
 20
-94.960199531287
 10
345.211419550844
 20
-94.964608456092
 10
345.213552837799
 20
-94.969028776246
 10
345.215700640678
 20
-94.973459940899
 10
345.21786283813
 20
-94.977901399201
 10
345.220039308808
 20
-94.982352600302
 10
345.222229931362
 20
-94.98681299335
 10
345.224434584445
 20
-94.991282027496
 10
345.226653146707
 20
-94.995759151889
 10
345.228885496799
 20
-95.000243815678
 10
345.231131513374
 20
-95.004735468014
 10
345.233391075081
 20
-95.009233558045
 10
345.235664060572
 20
-95.013737534921
 10
345.237950348499
 20
-95.018246847793
 10
345.240249817514
 20
-95.022760945809
 10
345.242562346266
 20
-95.027279278119
 10
345.244887813409
 20
-95.031801293872
 10
345.247226097592
 20
-95.036326442219
 10
345.249577077466
 20
-95.040854172309
 10
345.251940631684
 20
-95.045383933291
 10
345.254316638897
 20
-95.049915174315
 10
345.256704977757
 20
-95.054447344531
 10
345.259105552747
 20
-95.058979956648
 10
345.261518371692
 20
-95.063512777626
 10
345.263943468252
 20
-95.068045637981
 10
345.266380876081
 20
-95.072578368233
 10
345.268830628838
 20
-95.077110798899
 10
345.271292760183
 20
-95.081642760498
 10
345.273767303774
 20
-95.086174083548
 10
345.276254293265
 20
-95.090704598568
 10
345.278753762317
 20
-95.095234136077
 10
345.281265744587
 20
-95.099762526591
 10
345.283790273734
 20
-95.104289600631
 10
345.286327383414
 20
-95.108815188713
 10
345.288877107287
 20
-95.113339121358
 10
345.291439479008
 20
-95.117861229082
 10
345.294014532237
 20
-95.122381342405
 10
345.296602300632
 20
-95.126899291845
 10
345.299202817851
 20
-95.131414907919
 10
345.30181611755
 20
-95.135928021147
 10
345.30444223339
 20
-95.140438462047
 10
345.307081199026
 20
-95.144946061137
 10
345.309733048116
 20
-95.149450648936
 10
345.31239781432
 20
-95.153952055962
 10
345.315075531295
 20
-95.158450112733
 10
345.317766232698
 20
-95.162944649767
 10
345.320469952189
 20
-95.167435497584
 10
345.323186723423
 20
-95.171922486702
 10
345.325916580059
 20
-95.176405447638
 10
345.328659555755
 20
-95.180884210912
 10
345.33141568417
 20
-95.185358607041
 10
345.334184998959
 20
-95.189828466544
 10
345.336967533786
 20
-95.194293619939
 10
345.339763293882
 20
-95.198753869814
 10
345.34257217081
 20
-95.203208907022
 10
345.345394027711
 20
-95.207658394487
 10
345.348228727726
 20
-95.212101995133
 10
345.351076133995
 20
-95.216539371882
 10
345.353936109658
 20
-95.22097018766
 10
345.356808517854
 20
-95.225394105388
 10
345.359693221726
 20
-95.22981078799
 10
345.362590084415
 20
-95.234219898389
 10
345.365498969059
 20
-95.238621099508
 10
345.3684197388
 20
-95.243014054273
 10
345.371352256778
 20
-95.247398425603
 10
345.374296386133
 20
-95.251773876425
 10
345.377251990009
 20
-95.25614006966
 10
345.38021893154
 20
-95.260496668232
 10
345.383197073872
 20
-95.264843335065
 10
345.386186280143
 20
-95.269179733082
 10
345.389186413493
 20
-95.273505525205
 10
345.392197337065
 20
-95.277820374359
 10
345.395218913998
 20
-95.282123943467
 10
345.398251007433
 20
-95.286415895452
 10
345.401293480509
 20
-95.290695893236
 10
345.404346196367
 20
-95.294963599746
 10
345.40740901815
 20
-95.299218677901
 10
345.410481808995
 20
-95.303460790627
 10
345.413564432045
 20
-95.307689600847
 10
345.416656750438
 20
-95.311904771484
 10
345.419758627319
 20
-95.31610596546
 10
345.422869925822
 20
-95.3202928457
 10
345.425990509093
 20
-95.324465075128
 10
345.429120240269
 20
-95.328622316665
 10
345.432259070209
 20
-95.332764282171
 10
345.435407300624
 20
-95.336890879238
 10
345.438565320943
 20
-95.341002064398
 10
345.441733520598
 20
-95.345097794178
 10
345.444912289018
 20
-95.349178025109
 10
345.448102015631
 20
-95.353242713719
 10
345.451303089865
 20
-95.357291816537
 10
345.454515901152
 20
-95.361325290093
 10
345.45774083892
 20
-95.365343090916
 10
345.460978292598
 20
-95.369345175535
 10
345.464228651618
 20
-95.373331500479
 10
345.467492305403
 20
-95.377302022278
 10
345.470769643389
 20
-95.381256697459
 10
345.474061055
 20
-95.385195482554
 10
345.47736692967
 20
-95.38911833409
 10
345.480687656826
 20
-95.393025208597
 10
345.484023625895
 20
-95.396916062604
 10
345.48737522631
 20
-95.400790852641
 10
345.490742847498
 20
-95.404649535236
 10
345.49412687889
 20
-95.408492066918
 10
345.497527709915
 20
-95.412318404218
 10
345.50094573
 20
-95.416128503663
 10
345.504381328578
 20
-95.419922321784
 10
345.507834895074
 20
-95.423699815108
 10
345.511306818921
 20
-95.427460940166
 10
345.514797489545
 20
-95.431205653487
 10
345.518307296376
 20
-95.4349339116
 10
345.521836628847
 20
-95.438645671033
 10
345.525385876383
 20
-95.442340888316
 10
345.528955428414
 20
-95.446019519979
 10
345.532545674371
 20
-95.44968152255
 10
345.536156680606
 20
-95.453326683859
 10
345.539787221165
 20
-95.456954116939
 10
345.543435747022
 20
-95.460562766119
 10
345.547100709148
 20
-95.464151575735
 10
345.550780558513
 20
-95.467719490117
 10
345.55447374609
 20
-95.471265453598
 10
345.558178722848
 20
-95.474788410509
 10
345.561893939761
 20
-95.478287305184
 10
345.565617847799
 20
-95.481761081954
 10
345.569348897933
 20
-95.485208685152
 10
345.573085541135
 20
-95.488629059108
 10
345.576826228377
 20
-95.492021148158
 10
345.580569410628
 20
-95.495383896631
 10
345.584313538862
 20
-95.498716248861
 10
345.58805706405
 20
-95.50201714918
 10
345.591798437161
 20
-95.505285541919
 10
345.595536109169
 20
-95.508520371412
 10
345.599268531045
 20
-95.51172058199
 10
345.602994153758
 20
-95.514885117986
 10
345.606711428282
 20
-95.518012923731
 10
345.610418805587
 20
-95.521102943558
 10
345.614114736647
 20
-95.5241541218
 10
345.617797672429
 20
-95.527165402787
 10
345.621466063907
 20
-95.530135730854
 10
345.625118362052
 20
-95.533064050333
 10
345.628753017836
 20
-95.535949305553
 10
345.632368482229
 20
-95.538790440849
 10
345.635963206203
 20
-95.541586400552
 10
345.63953564073
 20
-95.544336128995
 10
345.643084236781
 20
-95.54703857051
 10
345.646607445326
 20
-95.54969266943
 10
345.650104923127
 20
-95.552297996309
 10
345.653581150106
 20
-95.554856626596
 10
345.657041811972
 20
-95.557371261963
 10
345.660492594436
 20
-95.559844604082
 10
345.663939183207
 20
-95.562279354624
 10
345.667387263999
 20
-95.564678215262
 10
345.670842522517
 20
-95.567043887666
 10
345.674310644476
 20
-95.569379073509
 10
345.677797315584
 20
-95.571686474463
 10
345.681308221552
 20
-95.573968792199
 10
345.684849048092
 20
-95.576228728388
 10
345.68842548091
 20
-95.578468984703
 10
345.692043205722
 20
-95.580692262816
 10
345.695707908235
 20
-95.582901264398
 10
345.699425274161
 20
-95.585098691121
 10
345.703200989207
 20
-95.587287244656
 10
345.707040739088
 20
-95.589469626676
 10
345.710950209512
 20
-95.591648538852
 10
345.714935086189
 20
-95.593826682856
 10
345.719001054833
 20
-95.59600676036
 10
345.723153801148
 20
-95.598191473036
 10
345.72739901085
 20
-95.600383522554
 10
345.731742369648
 20
-95.602585610587
 10
345.73618956325
 20
-95.604800438807
 10
345.74074627737
 20
-95.607030708886
 10
345.745418197716
 20
-95.609279122495
 10
345.750211009998
 20
-95.611548381305
 10
345.755130399928
 20
-95.613841186989
 10
345.760182053217
 20
-95.616160241219
 10
345.765371655573
 20
-95.618508245666
 10
345.770704892708
 20
-95.620887902002
 10
345.776185339135
 20
-95.623301073952
 10
345.781808124577
 20
-95.625746273451
 10
345.787566267558
 20
-95.62822117449
 10
345.793452786606
 20
-95.630723451057
 10
345.799460700244
 20
-95.633250777141
 10
345.805583027001
 20
-95.635800826733
 10
345.8118127854
 20
-95.638371273821
 10
345.818142993965
 20
-95.640959792393
 10
345.824566671227
 20
-95.64356405644
 10
345.831076835706
 20
-95.646181739951
 10
345.837666505932
 20
-95.648810516916
 10
345.844328700427
 20
-95.651448061321
 10
345.851056437718
 20
-95.654092047158
 10
345.857842736332
 20
-95.656740148416
 10
345.864680614792
 20
-95.659390039084
 10
345.871563091625
 20
-95.662039393152
 10
345.878483185356
 20
-95.664685884606
 10
345.885433914511
 20
-95.667327187439
 10
345.892408297618
 20
-95.669960975638
 10
345.899399353199
 20
-95.672584923193
 10
345.906400099779
 20
-95.675196704094
 10
345.913403555887
 20
-95.677793992329
 10
345.920402740047
 20
-95.680374461886
 10
345.927390670784
 20
-95.682935786757
 10
345.934360366624
 20
-95.685475640931
 10
345.941304846092
 20
-95.687991698395
 10
345.948217127716
 20
-95.690481633141
 10
345.95509023002
 20
-95.692943119155
 10
345.961917171528
 20
-95.695373830428
 10
345.968690970767
 20
-95.69777144095
 10
345.975404646264
 20
-95.700133624709
 10
345.982052708883
 20
-95.702458565054
 10
345.988635638847
 20
-95.704746482773
 10
345.995155408722
 20
-95.70699810801
 10
346.001613991072
 20
-95.709214170914
 10
346.008013358458
 20
-95.711395401632
 10
346.014355483449
 20
-95.713542530309
 10
346.020642338605
 20
-95.71565628709
 10
346.026875896489
 20
-95.717737402126
 10
346.03305812967
 20
-95.719786605559
 10
346.039191010708
 20
-95.721804627539
 10
346.045276512168
 20
-95.723792198211
 10
346.051316606616
 20
-95.725750047721
 10
346.057313266612
 20
-95.727678906216
 10
346.063268464725
 20
-95.729579503844
 10
346.069184173514
 20
-95.731452570749
 10
346.075062365544
 20
-95.73329883708
 10
346.080905013383
 20
-95.735119032981
 10
346.08671408959
 20
-95.736913888602
 10
346.092491566733
 20
-95.738684134086
 10
346.098239417374
 20
-95.740430499582
 10
346.103959614077
 20
-95.742153715235
 10
346.109654129405
 20
-95.743854511193
 10
346.115324935923
 20
-95.745533617601
 10
346.120974006197
 20
-95.747191764606
 10
346.126603312789
 20
-95.748829682356
 10
346.132214828264
 20
-95.750448100996
 10
346.137810525183
 20
-95.752047750672
 10
346.143392376113
 20
-95.753629361533
 10
346.148962353617
 20
-95.755193663724
 10
346.154522430259
 20
-95.756741387391
 10
346.160074578604
 20
-95.758273262682
 10
346.165620371367
 20
-95.759789883687
 10
346.171159781874
 20
-95.761291300279
 10
346.176692383602
 20
-95.762777426276
 10
346.182217750029
 20
-95.764248175496
 10
346.187735454631
 20
-95.765703461755
 10
346.193245070888
 20
-95.767143198872
 10
346.198746172275
 20
-95.768567300664
 10
346.204238332272
 20
-95.769975680947
 10
346.209721124353
 20
-95.771368253541
 10
346.215194121998
 20
-95.772744932262
 10
346.220656898684
 20
-95.774105630928
 10
346.22610902789
 20
-95.775450263355
 10
346.231550083092
 20
-95.776778743363
 10
346.236979637766
 20
-95.778090984769
 10
346.242397265391
 20
-95.779386901389
 10
346.247802539445
 20
-95.780666407041
 10
346.253195033405
 20
-95.781929415543
 10
346.258574320748
 20
-95.783175840713
 10
346.263939974952
 20
-95.784405596367
 10
346.269291569494
 20
-95.785618596325
 10
346.274628677853
 20
-95.786814754401
 10
346.279950873505
 20
-95.787993984415
 10
346.285257729926
 20
-95.789156200184
 10
346.290548820596
 20
-95.790301315526
 10
346.295823718993
 20
-95.791429244257
 10
346.301081998592
 20
-95.792539900196
 10
346.306323232872
 20
-95.79363319716
 10
346.31154699531
 20
-95.794709048965
 10
346.316752859384
 20
-95.795767369431
 10
346.321940398572
 20
-95.796808072375
 10
346.32710918635
 20
-95.797831071613
 10
346.33225890322
 20
-95.798836316922
 10
346.337389657778
 20
-95.799823901906
 10
346.342501665644
 20
-95.800793956129
 10
346.347595142439
 20
-95.801746609155
 10
346.352670303783
 20
-95.802681990547
 10
346.357727365296
 20
-95.803600229869
 10
346.362766542596
 20
-95.804501456682
 10
346.367788051306
 20
-95.805385800552
 10
346.372792107046
 20
-95.806253391042
 10
346.377778925435
 20
-95.807104357713
 10
346.382748722094
 20
-95.807938830131
 10
346.38770171264
 20
-95.808756937859
 10
346.392638112699
 20
-95.809558810459
 10
346.397558137886
 20
-95.810344577496
 10
346.402462003824
 20
-95.811114368532
 10
346.407349926132
 20
-95.811868313131
 10
346.412222120429
 20
-95.812606540857
 10
346.417078802337
 20
-95.813329181272
 10
346.421920187477
 20
-95.81403636394
 10
346.426746491467
 20
-95.814728218425
 10
346.431557929928
 20
-95.815404874289
 10
346.436354718479
 20
-95.816066461096
 10
346.44113707274
 20
-95.81671310841
 10
346.445905208335
 20
-95.817344945794
 10
346.450659340879
 20
-95.81796210281
 10
346.455399685996
 20
-95.818564709025
 10
346.460126459304
 20
-95.819152893999
 10
346.464839876424
 20
-95.819726787295
 10
346.469540152975
 20
-95.820286518478
 10
346.474227504579
 20
-95.820832217112
 10
346.478902146855
 20
-95.82136401276
 10
346.483564267103
 20
-95.821882025778
 10
346.488213939334
 20
-95.822386339702
 10
346.492851209241
 20
-95.822877028862
 10
346.497476122517
 20
-95.823354167587
 10
346.50208872485
 20
-95.823817830206
 10
346.506689061937
 20
-95.82426809105
 10
346.511277179467
 20
-95.824705024445
 10
346.515853123132
 20
-95.825128704723
 10
346.520416938624
 20
-95.825539206214
 10
346.524968671633
 20
-95.825936603244
 10
346.529508367854
 20
-95.826320970146
 10
346.534036072979
 20
-95.826692381248
 10
346.538551832697
 20
-95.827050910879
 10
346.543055692701
 20
-95.827396633368
 10
346.547547698683
 20
-95.827729623046
 10
346.552027896336
 20
-95.828049954241
 10
346.55649633135
 20
-95.828357701283
 10
346.560953049419
 20
-95.8286529385
 10
346.565398096233
 20
-95.828935740223
 10
346.569831517483
 20
-95.829206180782
 10
346.574253358864
 20
-95.829464334503
 10
346.578663666063
 20
-95.82971027572
 10
346.583062484777
 20
-95.829944078759
 10
346.587449860696
 20
-95.83016581795
 10
346.591825839511
 20
-95.830375567622
 10
346.596190466913
 20
-95.830573402107
 10
346.600543788598
 20
-95.830759395731
 10
346.604885850253
 20
-95.830933622825
 10
346.609216697572
 20
-95.831096157719
 10
346.613536376248
 20
-95.831247074741
 10
346.617844931971
 20
-95.831386448221
 10
346.6221424171
 20
-95.831514354682
 10
346.626428910668
 20
-95.83163087942
 10
346.630704498373
 20
-95.831736109925
 10
346.634969265917
 20
-95.831830133687
 10
346.639223298997
 20
-95.831913038196
 10
346.64346668331
 20
-95.831984910941
 10
346.64769950456
 20
-95.832045839414
 10
346.651921848441
 20
-95.832095911103
 10
346.656133800656
 20
-95.832135213499
 10
346.660335446903
 20
-95.83216383409
 10
346.664526872881
 20
-95.832181860368
 10
346.668708164289
 20
-95.832189379822
 10
346.672879406826
 20
-95.832186479943
 10
346.677040686191
 20
-95.832173248219
 10
346.681192088083
 20
-95.832149772141
 10
346.685333698204
 20
-95.832116139199
 10
346.689465602249
 20
-95.832072436882
 10
346.693587885921
 20
-95.832018752681
 10
346.697700634915
 20
-95.831955174084
 10
346.701803934935
 20
-95.831881788585
 10
346.705897871674
 20
-95.831798683669
 10
346.709982530838
 20
-95.831705946828
 10
346.714057998121
 20
-95.831603665553
 10
346.718124359224
 20
-95.831491927333
 10
346.722181699848
 20
-95.831370819657
 10
346.726230105689
 20
-95.831240430016
 10
346.730269662447
 20
-95.8311008459
 10
346.734300455823
 20
-95.830952154797
 10
346.738322571513
 20
-95.830794444199
 10
346.74233609522
 20
-95.830627801596
 10
346.746341112641
 20
-95.830452314476
 10
346.750337710921
 20
-95.830268070098
 10
346.754325982993
 20
-95.830075154791
 10
346.758306023239
 20
-95.829873654651
 10
346.762277926038
 20
-95.829663655775
 10
346.766241785768
 20
-95.82944524426
 10
346.770197696813
 20
-95.829218506201
 10
346.774145753549
 20
-95.828983527696
 10
346.778086050356
 20
-95.828740394842
 10
346.782018681614
 20
-95.828489193733
 10
346.785943741705
 20
-95.828230010468
 10
346.789861325006
 20
-95.827962931144
 10
346.793771525898
 20
-95.827688041855
 10
346.797674438762
 20
-95.8274054287
 10
346.801570157975
 20
-95.827115177775
 10
346.805458777919
 20
-95.826817375177
 10
346.809340392974
 20
-95.826512107002
 10
346.813215097518
 20
-95.826199459345
 10
346.817082985932
 20
-95.825879518306
 10
346.820944152594
 20
-95.825552369978
 10
346.824798691889
 20
-95.825218100461
 10
346.82864669819
 20
-95.824876795848
 10
346.832488265882
 20
-95.82452854224
 10
346.836323489341
 20
-95.82417342573
 10
346.840152462948
 20
-95.823811532417
 10
346.843975281085
 20
-95.823442948395
 10
346.84779203813
 20
-95.823067759762
 10
346.851602828461
 20
-95.822686052616
 10
346.855407746462
 20
-95.822297913051
 10
346.859206886509
 20
-95.821903427164
 10
346.863000342983
 20
-95.821502681054
 10
346.866788210266
 20
-95.821095760815
 10
346.870570570278
 20
-95.82068275128
 10
346.874347455129
 20
-95.820263732225
 10
346.878118884466
 20
-95.819838782155
 10
346.881884877939
 20
-95.819407979581
 10
346.885645455201
 20
-95.818971403014
 10
346.889400635897
 20
-95.818529130962
 10
346.893150439679
 20
-95.818081241933
 10
346.896894886199
 20
-95.817627814438
 10
346.900633995105
 20
-95.817168926986
 10
346.904367786047
 20
-95.816704658085
 10
346.908096278676
 20
-95.816235086245
 10
346.91181949264
 20
-95.815760289976
 10
346.915537447591
 20
-95.815280347786
 10
346.919250163177
 20
-95.814795338185
 10
346.922957659048
 20
-95.814305339683
 10
346.926659954858
 20
-95.813810430787
 10
346.930357070251
 20
-95.813310690008
 10
346.934049024882
 20
-95.812806195855
 10
346.937735838397
 20
-95.812297026838
 10
346.941417530448
 20
-95.811783261464
 10
346.945094120685
 20
-95.811264978244
 10
346.948765628757
 20
-95.810742255687
 10
346.952432074315
 20
-95.810215172301
 10
346.956093477007
 20
-95.809683806599
 10
346.959749856486
 20
-95.809148237086
 10
346.963401232399
 20
-95.808608542273
 10
346.967047624398
 20
-95.808064800668
 10
346.970689052132
 20
-95.807517090782
 10
346.974325535252
 20
-95.806965491124
 10
346.977957093404
 20
-95.806410080203
 10
346.981583746243
 20
-95.805850936527
 10
346.985205561356
 20
-95.805288143667
 10
346.988822798092
 20
-95.804721805432
 10
346.992435763736
 20
-95.804152030688
 10
346.996044765574
 20
-95.803578928305
 10
346.999650110896
 20
-95.803002607152
 10
347.003252106988
 20
-95.802423176096
 10
347.006851061135
 20
-95.801840744008
 10
347.010447280627
 20
-95.801255419754
 10
347.014041072747
 20
-95.800667312204
 10
347.017632744786
 20
-95.800076530228
 10
347.021222604028
 20
-95.799483182691
 10
347.024810957763
 20
-95.798887378463
 10
347.028398113275
 20
-95.798289226414
 10
347.031984377851
 20
-95.797688835411
 10
347.035570058779
 20
-95.797086314323
 10
347.039155463346
 20
-95.796481772019
 10
347.042740898838
 20
-95.795875317366
 10
347.046326672542
 20
-95.795267059234
 10
347.049913091747
 20
-95.794657106491
 10
347.053500463739
 20
-95.794045568006
 10
347.057089095803
 20
-95.793432552648
 10
347.060679295228
 20
-95.792818169283
 10
347.0642713693
 20
-95.792202526783
 10
347.067865625304
 20
-95.791585734014
 10
347.071462370532
 20
-95.790967899846
 10
347.075061912267
 20
-95.790349133146
 10
347.078664557798
 20
-95.789729542785
 10
347.082270614408
 20
-95.789109237629
 10
347.085880389388
 20
-95.788488326548
 10
347.089494190024
 20
-95.78786691841
 10
347.093112323603
 20
-95.787245122084
 10
347.096734919178
 20
-95.786623028588
 10
347.100361392874
 20
-95.786000657543
 10
347.10399098258
 20
-95.78537801072
 10
347.107622926189
 20
-95.78475508989
 10
347.111256461591
 20
-95.784131896822
 10
347.114890826675
 20
-95.783508433289
 10
347.118525259335
 20
-95.78288470106
 10
347.12215899746
 20
-95.782260701906
 10
347.125791278941
 20
-95.781636437598
 10
347.129421341668
 20
-95.781011909907
 10
347.133048423533
 20
-95.780387120603
 10
347.136671762428
 20
-95.779762071457
 10
347.140290596242
 20
-95.77913676424
 10
347.143904162866
 20
-95.778511200723
 10
347.147511700192
 20
-95.777885382677
 10
347.151112446109
 20
-95.77725931187
 10
347.154705638508
 20
-95.776632990076
 10
347.158290515283
 20
-95.776006419064
 10
347.16186631432
 20
-95.775379600605
 10
347.165432273512
 20
-95.77475253647
 10
347.168987630752
 20
-95.77412522843
 10
347.172531623928
 20
-95.773497678254
 10
347.176063490932
 20
-95.772869887714
 10
347.179582469655
 20
-95.772241858583
 10
347.183087797987
 20
-95.771613592628
 10
347.18657871382
 20
-95.77098509162
 10
347.190054455041
 20
-95.770356357332
 10
347.193514259547
 20
-95.769727391533
 10
347.196957365224
 20
-95.769098195995
 10
347.200383009966
 20
-95.768468772488
 10
347.203790431661
 20
-95.767839122782
 10
347.207179282938
 20
-95.76720916635
 10
347.210550875369
 20
-95.766578493469
 10
347.21390693526
 20
-95.765946612118
 10
347.21724918892
 20
-95.765313030274
 10
347.220579362657
 20
-95.764677255918
 10
347.22389918278
 20
-95.764038797028
 10
347.227210375593
 20
-95.763397161581
 10
347.230514667408
 20
-95.762751857557
 10
347.233813784533
 20
-95.762102392935
 10
347.237109453272
 20
-95.761448275694
 10
347.240403399938
 20
-95.76078901381
 10
347.243697350834
 20
-95.760124115263
 10
347.24699303227
 20
-95.759453088033
 10
347.250292170557
 20
-95.758775440097
 10
347.253596491997
 20
-95.758090679436
 10
347.256907722902
 20
-95.757398314025
 10
347.260227589579
 20
-95.756697851844
 10
347.263557818335
 20
-95.755988800873
 10
347.266900135479
 20
-95.755270669089
 10
347.270256267319
 20
-95.754542964472
 10
347.273627940162
 20
-95.753805195
 10
347.277016880317
 20
-95.753056868651
 10
347.280424814091
 20
-95.752297493405
 10
347.283853467792
 20
-95.751526577239
 10
347.287304567728
 20
-95.750743628132
 10
347.290779840209
 20
-95.749948154064
 10
347.294281011538
 20
-95.749139663013
 10
347.297809808028
 20
-95.748317662957
 10
347.301367955985
 20
-95.747481661874
 10
347.304957181714
 20
-95.746631167745
 10
347.308579211527
 20
-95.745765688546
 10
347.312235372058
 20
-95.744884847571
 10
347.315925391247
 20
-95.743988729357
 10
347.319648597361
 20
-95.743077533757
 10
347.323404318668
 20
-95.742151460625
 10
347.327191883433
 20
-95.741210709812
 10
347.331010619928
 20
-95.740255481171
 10
347.334859856416
 20
-95.739285974554
 10
347.338738921166
 20
-95.738302389815
 10
347.342647142447
 20
-95.737304926804
 10
347.346583848523
 20
-95.736293785374
 10
347.350548367664
 20
-95.73526916538
 10
347.354540028137
 20
-95.73423126667
 10
347.358558158209
 20
-95.7331802891
 10
347.362602086147
 20
-95.732116432521
 10
347.366671140219
 20
-95.731039896786
 10
347.370764648691
 20
-95.729950881746
 10
347.374881939832
 20
-95.728849587255
 10
347.379022341909
 20
-95.727736213164
 10
347.383185183189
 20
-95.726610959327
 10
347.387369791941
 20
-95.725474025597
 10
347.391575496429
 20
-95.724325611824
 10
347.395801624922
 20
-95.723165917861
 10
347.400047505689
 20
-95.721995143561
 10
347.404312466995
 20
-95.720813488776
 10
347.408595837107
 20
-95.719621153359
 10
347.412896944297
 20
-95.718418337162
 10
347.417215116828
 20
-95.717205240037
 10
347.421549682968
 20
-95.715982061838
 10
347.425899970984
 20
-95.714749002416
 10
347.430265309144
 20
-95.713506261623
 10
347.434645025716
 20
-95.712254039314
 10
347.439038556324
 20
-95.710992504783
 10
347.443445766017
 20
-95.709721705117
 10
347.447866627205
 20
-95.70844165684
 10
347.452301112291
 20
-95.707152376483
 10
347.456749193683
 20
-95.705853880573
 10
347.461210843787
 20
-95.704546185638
 10
347.465686035012
 20
-95.703229308207
 10
347.470174739765
 20
-95.701903264806
 10
347.474676930451
 20
-95.700568071966
 10
347.479192579476
 20
-95.699223746213
 10
347.48372165925
 20
-95.697870304076
 10
347.488264142178
 20
-95.696507762083
 10
347.492820000665
 20
-95.695136136762
 10
347.497389207123
 20
-95.693755444641
 10
347.501971733955
 20
-95.692365702249
 10
347.506567553568
 20
-95.690966926113
 10
347.511176638369
 20
-95.689559132762
 10
347.515798960765
 20
-95.688142338724
 10
347.520434493166
 20
-95.686716560526
 10
347.525083207973
 20
-95.685281814698
 10
347.529745077598
 20
-95.683838117766
 10
347.534420074444
 20
-95.682385486261
 10
347.539108170921
 20
-95.680923936708
 10
347.543809339433
 20
-95.679453485636
 10
347.548523552389
 20
-95.677974149575
 10
347.553250782194
 20
-95.676485945051
 10
347.557991001257
 20
-95.674988888593
 10
347.562744181982
 20
-95.67348299673
 10
347.56751029678
 20
-95.671968285988
 10
347.572289318054
 20
-95.670444772897
 10
347.577081218213
 20
-95.668912473984
 10
347.581885940879
 20
-95.667371413474
 10
347.586703314537
 20
-95.665821646383
 10
347.591533138894
 20
-95.66426323542
 10
347.596375213645
 20
-95.662696243295
 10
347.601229338499
 20
-95.661120732721
 10
347.606095313155
 20
-95.659536766408
 10
347.610972937315
 20
-95.657944407066
 10
347.615862010684
 20
-95.656343717407
 10
347.620762332959
 20
-95.654734760142
 10
347.625673703848
 20
-95.653117597982
 10
347.630595923051
 20
-95.651492293636
 10
347.63552879027
 20
-95.649858909816
 10
347.640472105206
 20
-95.648217509234
 10
347.645425667564
 20
-95.6465681546
 10
347.650389277045
 20
-95.644910908624
 10
347.655362733351
 20
-95.643245834019
 10
347.660345836184
 20
-95.641572993494
 10
347.665338385247
 20
-95.63989244976
 10
347.670340180243
 20
-95.638204265529
 10
347.675351020873
 20
-95.63650850351
 10
347.68037070684
 20
-95.634805226417
 10
347.685399037844
 20
-95.633094496957
 10
347.690435813591
 20
-95.631376377843
 10
347.69548083378
 20
-95.629650931787
 10
347.700533898115
 20
-95.627918221498
 10
347.705594806299
 20
-95.626178309687
 10
347.710663358034
 20
-95.624431259066
 10
347.71573935302
 20
-95.622677132345
 10
347.72082259096
 20
-95.620915992235
 10
347.72591287156
 20
-95.619147901447
 10
347.731009994517
 20
-95.617372922692
 10
347.736113766909
 20
-95.615591117117
 10
347.741224025307
 20
-95.61380253962
 10
347.746340613658
 20
-95.612007243535
 10
347.7514633759
 20
-95.610205282194
 10
347.756592155984
 20
-95.608396708933
 10
347.76172679785
 20
-95.606581577083
 10
347.766867145441
 20
-95.60475993998
 10
347.772013042706
 20
-95.602931850957
 10
347.777164333588
 20
-95.601097363348
 10
347.782320862027
 20
-95.599256530487
 10
347.787482471973
 20
-95.597409405706
 10
347.792649007366
 20
-95.595556042342
 10
347.797820312153
 20
-95.593696493725
 10
347.802996230277
 20
-95.591830813192
 10
347.808176605684
 20
-95.589959054076
 10
347.813361282315
 20
-95.588081269709
 10
347.818550104119
 20
-95.586197513426
 10
347.823742915036
 20
-95.584307838561
 10
347.828939559011
 20
-95.582412298447
 10
347.83413987999
 20
-95.580510946419
 10
347.839343721915
 20
-95.578603835809
 10
347.844550928734
 20
-95.576691019954
 10
347.849761344387
 20
-95.574772552183
 10
347.854974812821
 20
-95.572848485834
 10
347.860191177979
 20
-95.570918874238
 10
347.865410283807
 20
-95.568983770731
 10
347.870631974247
 20
-95.567043228645
 10
347.875856093244
 20
-95.565097301314
 10
347.881082484744
 20
-95.563146042074
 10
347.88631099269
 20
-95.561189504255
 10
347.891541461026
 20
-95.559227741193
 10
347.896773732626
 20
-95.557260805976
 10
347.902007646084
 20
-95.555288750705
 10
347.907243038921
 20
-95.553311627235
 10
347.912479748664
 20
-95.551329487424
 10
347.917717612834
 20
-95.549342383124
 10
347.922956468956
 20
-95.547350366193
 10
347.92819615455
 20
-95.545353488487
 10
347.933436507141
 20
-95.543351801862
 10
347.938677364253
 20
-95.541345358171
 10
347.943918563408
 20
-95.539334209273
 10
347.949159942131
 20
-95.537318407021
 10
347.954401337942
 20
-95.535298003273
 10
347.959642588365
 20
-95.533273049882
 10
347.964883530927
 20
-95.531243598705
 10
347.970124003147
 20
-95.529209701599
 10
347.975363842548
 20
-95.527171410416
 10
347.980602886657
 20
-95.525128777016
 10
347.985840972993
 20
-95.523081853253
 10
347.991077939083
 20
-95.521030690981
 10
347.996313622449
 20
-95.518975342057
 10
348.001547860611
 20
-95.516915858338
 10
348.006780491098
 20
-95.514852291676
 10
348.012011351428
 20
-95.51278469393
 10
348.017240279125
 20
-95.510713116955
 10
348.022467111716
 20
-95.508637612606
 10
348.027691686721
 20
-95.506558232739
 10
348.032913841664
 20
-95.504475029209
 10
348.038133414066
 20
-95.502388053873
 10
348.043350241453
 20
-95.500297358585
 10
348.048564161349
 20
-95.498202995203
 10
348.053775011275
 20
-95.49610501558
 10
348.058982626657
 20
-95.494003473817
 10
348.064186834538
 20
-95.491898432987
 10
348.069387459858
 20
-95.489789958408
 10
348.074584327562
 20
-95.487678115398
 10
348.079777262594
 20
-95.485562969274
 10
348.084966089895
 20
-95.483444585354
 10
348.090150634411
 20
-95.481323028956
 10
348.095330721084
 20
-95.479198365396
 10
348.100506174857
 20
-95.477070659994
 10
348.105676820675
 20
-95.474939978065
 10
348.110842483479
 20
-95.472806384929
 10
348.116002988212
 20
-95.470669945902
 10
348.121158159822
 20
-95.468530726302
 10
348.126307823248
 20
-95.466388791447
 10
348.131451803433
 20
-95.464244206654
 10
348.136589925322
 20
-95.462097037241
 10
348.141722013859
 20
-95.459947348526
 10
348.146847893986
 20
-95.457795205826
 10
348.151967390648
 20
-95.455640674459
 10
348.157080328787
 20
-95.453483819741
 10
348.162186533344
 20
-95.451324706993
 10
348.167285829266
 20
-95.449163401528
 10
348.172378041496
 20
-95.446999968669
 10
348.177462994976
 20
-95.444834473729
 10
348.182540514649
 20
-95.442666982028
 10
348.187610425459
 20
-95.440497558883
 10
348.19267255235
 20
-95.438326269612
 10
348.197726720264
 20
-95.436153179532
 10
348.202772754147
 20
-95.433978353961
 10
348.207810478938
 20
-95.431801858215
 10
348.212839719583
 20
-95.429623757615
 10
348.217860309386
 20
-95.42744410872
 10
348.222872115081
 20
-95.425262933069
 10
348.227875011766
 20
-95.423080243447
 10
348.23286887454
 20
-95.420896052634
 10
348.237853578499
 20
-95.418710373415
 10
348.24282899874
 20
-95.416523218571
 10
348.247795010359
 20
-95.414334600888
 10
348.252751488453
 20
-95.412144533146
 10
348.25769830812
 20
-95.409953028129
 10
348.262635344454
 20
-95.40776009862
 10
348.267562472556
 20
-95.405565757403
 10
348.272479567521
 20
-95.403370017258
 10
348.277386504446
 20
-95.40117289097
 10
348.282283158427
 20
-95.398974391322
 10
348.287169404563
 20
-95.396774531097
 10
348.292045117949
 20
-95.394573323076
 10
348.296910173682
 20
-95.392370780043
 10
348.30176444686
 20
-95.390166914783
 10
348.306607812578
 20
-95.387961740075
 10
348.311440145935
 20
-95.385755268706
 10
348.316261322029
 20
-95.383547513456
 10
348.321071215955
 20
-95.381338487108
 10
348.325869702807
 20
-95.379128202448
 10
348.330656657687
 20
-95.376916672255
 10
348.33543195569
 20
-95.374703909314
 10
348.340195471912
 20
-95.372489926407
 10
348.344947081452
 20
-95.370274736319
 10
348.349686659403
 20
-95.36805835183
 10
348.354414080866
 20
-95.365840785724
 10
348.359129220939
 20
-95.363622050785
 10
348.363831954712
 20
-95.361402159795
 10
348.368522126843
 20
-95.359181157679
 10
348.373199460208
 20
-95.356959217936
 10
348.377863647235
 20
-95.354736546202
 10
348.382514380355
 20
-95.35251334812
 10
348.387151352003
 20
-95.350289829328
 10
348.391774254608
 20
-95.348066195465
 10
348.396382780597
 20
-95.345842652172
 10
348.400976622408
 20
-95.343619405088
 10
348.405555472466
 20
-95.341396659852
 10
348.410119023207
 20
-95.339174622103
 10
348.414666967059
 20
-95.336953497482
 10
348.419198996453
 20
-95.334733491628
 10
348.423714803823
 20
-95.33251481018
 10
348.428214081596
 20
-95.330297658778
 10
348.432696522206
 20
-95.328082243062
 10
348.437161818085
 20
-95.325868768671
 10
348.441609661659
 20
-95.323657441245
 10
348.446039745364
 20
-95.321448466422
 10
348.45045176163
 20
-95.319242049844
 10
348.454845402887
 20
-95.317038397148
 10
348.459220361565
 20
-95.314837713975
 10
348.463576330098
 20
-95.312640205964
 10
348.467913000916
 20
-95.310446078755
 10
348.472230066449
 20
-95.308255537988
 10
348.476527219129
 20
-95.306068789301
 10
348.480804151386
 20
-95.303886038335
 10
348.485060555653
 20
-95.301707490729
 10
348.489296124359
 20
-95.299533352122
 10
348.493510549936
 20
-95.297363828155
 10
348.497703524816
 20
-95.295199124465
 10
348.501874741429
 20
-95.293039446694
 10
348.50602400483
 20
-95.290884881634
 10
348.510151570579
 20
-95.288735040693
 10
348.514257806854
 20
-95.28658941643
 10
348.518343081836
 20
-95.284447501405
 10
348.522407763711
 20
-95.282308788181
 10
348.526452220655
 20
-95.280172769318
 10
348.530476820854
 20
-95.278038937375
 10
348.534481932486
 20
-95.275906784913
 10
348.538467923732
 20
-95.273775804493
 10
348.542435162779
 20
-95.271645488677
 10
348.546384017804
 20
-95.269515330023
 10
348.550314856988
 20
-95.267384821092
 10
348.554228048514
 20
-95.265253454446
 10
348.558123960564
 20
-95.263120722644
 10
348.562002961317
 20
-95.260986118247
 10
348.565865418958
 20
-95.258849133817
 10
348.569711701665
 20
-95.256709261912
 10
348.573542177621
 20
-95.254565995094
 10
348.577357215007
 20
-95.252418825923
 10
348.581157182005
 20
-95.250267246961
 10
348.584942446798
 20
-95.248110750767
 10
348.588713377565
 20
-95.245948829901
 10
348.592470342486
 20
-95.243780976925
 10
348.596213709749
 20
-95.241606684399
 10
348.599943847527
 20
-95.239425444885
 10
348.603661124007
 20
-95.23723675094
 10
348.60736590737
 20
-95.235040095127
 10
348.611058565795
 20
-95.232834970007
 10
348.614739467467
 20
-95.230620868139
 10
348.618408980563
 20
-95.228397282085
 10
348.622067473269
 20
-95.226163704404
 10
348.62571489437
 20
-95.223920070698
 10
348.629349515093
 20
-95.221668088728
 10
348.632969187267
 20
-95.219409909295
 10
348.636571762723
 20
-95.217147683201
 10
348.640155093294
 20
-95.214883561247
 10
348.643717030806
 20
-95.212619694235
 10
348.647255427093
 20
-95.210358232966
 10
348.650768133988
 20
-95.208101328243
 10
348.654253003319
 20
-95.205851130866
 10
348.657707886918
 20
-95.203609791636
 10
348.661130636614
 20
-95.201379461357
 10
348.664519104241
 20
-95.199162290828
 10
348.66787114163
 20
-95.196960430852
 10
348.671184600609
 20
-95.194776032229
 10
348.674457333011
 20
-95.192611245762
 10
348.677687190666
 20
-95.190468222252
 10
348.680872025405
 20
-95.1883491125
 10
348.684009689061
 20
-95.186256067309
 10
348.687098033463
 20
-95.184191237478
 10
348.690134910441
 20
-95.182156773812
 10
348.693118171828
 20
-95.180154827109
 10
348.696045669454
 20
-95.178187548172
 10
348.698915255151
 20
-95.176257087804
 10
348.701724780747
 20
-95.174365596804
 10
348.704472098078
 20
-95.172515225974
 10
348.707155058968
 20
-95.170708126117
 10
348.709771515254
 20
-95.168946448033
 10
348.712319318766
 20
-95.167232342525
 10
348.714796321332
 20
-95.165567960393
 10
348.717200374784
 20
-95.163955452439
 10
348.719529330956
 20
-95.162396969465
 10
348.721782606081
 20
-95.160893008395
 10
348.723965874027
 20
-95.159437450647
 10
348.726086373066
 20
-95.158022523761
 10
348.728151341468
 20
-95.156640455278
 10
348.730168017504
 20
-95.155283472739
 10
348.732143639447
 20
-95.153943803683
 10
348.734085445569
 20
-95.152613675654
 10
348.736000674138
 20
-95.151285316189
 10
348.737896563431
 20
-95.149950952831
 10
348.739780351716
 20
-95.148602813118
 10
348.741659277266
 20
-95.147233124595
 10
348.743540578351
 20
-95.145834114798
 10
348.745431493246
 20
-95.14439801127
 10
348.747339260219
 20
-95.142917041551
 10
348.749271117542
 20
-95.141383433182
 10
348.751234303487
 20
-95.139789413704
 10
348.753236056328
 20
-95.138127210656
 10
348.755283614335
 20
-95.13638905158
 10
348.757384215778
 20
-95.134567164017
 10
348.75954509893
 20
-95.132653775507
 10
348.761773502063
 20
-95.13064111359
 10
348.764076663449
 20
-95.128521405807
 10
348.766461821357
 20
-95.126286879699
 10
348.768936214061
 20
-95.123929762806
 10
348.771507079832
 20
-95.12144228267
 10
348.77418165694
 20
-95.11881666683
 10
348.77696718366
 20
-95.116045142828
 10
348.779870898261
 20
-95.113119938203
 10
348.782900039016
 20
-95.110033280496
 10
348.786061844194
 20
-95.106777397249
 10
348.789363552069
 20
-95.103344516001
 10
348.792809995754
 20
-95.099729393605
 10
348.796396387718
 20
-95.095936904156
 10
348.800115535276
 20
-95.091974451057
 10
348.80396024574
 20
-95.087849437718
 10
348.807923326422
 20
-95.083569267541
 10
348.811997584637
 20
-95.079141343935
 10
348.816175827697
 20
-95.074573070304
 10
348.820450862912
 20
-95.069871850053
 10
348.824815497597
 20
-95.065045086591
 10
348.829262539066
 20
-95.060100183322
 10
348.83378479463
 20
-95.055044543652
 10
348.838375071602
 20
-95.049885570987
 10
348.843026177294
 20
-95.044630668732
 10
348.847730919019
 20
-95.039287240294
 10
348.85248210409
 20
-95.033862689078
 10
348.857272539821
 20
-95.02836441849
 10
348.862095033523
 20
-95.022799831937
 10
348.86694239251
 20
-95.017176332824
 10
348.871807424092
 20
-95.011501324556
 10
348.876682935585
 20
-95.00578221054
 10
348.881561734299
 20
-95.000026394182
 10
348.886436627549
 20
-94.994241278887
 10
348.891300422647
 20
-94.988434268062
 10
348.896145926905
 20
-94.982612765111
 10
348.900965947638
 20
-94.976784173442
 10
348.905753292154
 20
-94.97095589646
 10
348.910500767772
 20
-94.96513533757
 10
348.915201181799
 20
-94.959329900179
 10
348.919847341551
 20
-94.953546987692
 10
348.924432054341
 20
-94.947794003516
 10
348.928948127477
 20
-94.942078351056
 10
348.933389906699
 20
-94.936405883982
 10
348.937757891421
 20
-94.930776257024
 10
348.942054119485
 20
-94.925187575176
 10
348.946280628727
 20
-94.91963794343
 10
348.950439456985
 20
-94.914125466781
 10
348.954532642101
 20
-94.908648250222
 10
348.958562221913
 20
-94.903204398745
 10
348.962530234259
 20
-94.897792017347
 10
348.96643871698
 20
-94.892409211019
 10
348.97028970791
 20
-94.887054084756
 10
348.974085244892
 20
-94.88172474355
 10
348.977827365765
 20
-94.876419292396
 10
348.981518108367
 20
-94.871135836287
 10
348.985159510536
 20
-94.865872480217
 10
348.988753610113
 20
-94.86062732918
 10
348.992302444933
 20
-94.855398488167
 10
348.99580805284
 20
-94.850184062176
 10
348.999272471669
 20
-94.844982156196
 10
349.002697739259
 20
-94.839790875223
 10
349.006085893451
 20
-94.834608324251
 10
349.009438972084
 20
-94.829432608273
 10
349.012759012994
 20
-94.824261832282
 10
349.016048054022
 20
-94.819094101273
 10
349.019308133007
 20
-94.813927520237
 10
349.022541287788
 20
-94.80876019417
 10
349.025749556202
 20
-94.803590228064
 10
349.02893497609
 20
-94.798415726915
 10
349.032099585289
 20
-94.793234795714
 10
349.035245421641
 20
-94.788045539455
 10
349.038374522981
 20
-94.782846063134
 10
349.041488927151
 20
-94.777634471741
 10
349.044590259459
 20
-94.772409285938
 10
349.047678495088
 20
-94.767170689047
 10
349.050753196698
 20
-94.761919280056
 10
349.053813926943
 20
-94.756655657952
 10
349.056860248482
 20
-94.751380421726
 10
349.059891723966
 20
-94.746094170365
 10
349.062907916057
 20
-94.740797502856
 10
349.065908387405
 20
-94.735491018189
 10
349.068892700672
 20
-94.730175315353
 10
349.07186041851
 20
-94.724850993334
 10
349.074811103576
 20
-94.719518651123
 10
349.077744318527
 20
-94.714178887705
 10
349.080659626019
 20
-94.708832302072
 10
349.083556588707
 20
-94.70347949321
 10
349.086434769246
 20
-94.698121060107
 10
349.089293730294
 20
-94.692757601752
 10
349.092133034508
 20
-94.687389717134
 10
349.094952244543
 20
-94.682018005242
 10
349.097750923054
 20
-94.676643065061
 10
349.100528632698
 20
-94.671265495583
 10
349.103284936129
 20
-94.665885895794
 10
349.106019396008
 20
-94.660504864683
 10
349.108731574987
 20
-94.655123001238
 10
349.111421035723
 20
-94.649740904449
 10
349.114087340873
 20
-94.644359173301
 10
349.116730053091
 20
-94.638978406786
 10
349.119348735036
 20
-94.63359920389
 10
349.121942949361
 20
-94.628222163602
 10
349.124512258725
 20
-94.62284788491
 10
349.127056225782
 20
-94.617476966803
 10
349.129574413188
 20
-94.612110008269
 10
349.132066494609
 20
-94.606747496669
 10
349.134532587747
 20
-94.601389472858
 10
349.136972921313
 20
-94.596035866061
 10
349.139387724017
 20
-94.590686605507
 10
349.14177722457
 20
-94.585341620424
 10
349.144141651685
 20
-94.580000840037
 10
349.146481234069
 20
-94.574664193572
 10
349.148796200438
 20
-94.569331610259
 10
349.151086779499
 20
-94.564003019324
 10
349.153353199965
 20
-94.558678349994
 10
349.155595690545
 20
-94.553357531496
 10
349.157814479953
 20
-94.548040493057
 10
349.160009796897
 20
-94.542727163904
 10
349.162181870088
 20
-94.537417473264
 10
349.164330928241
 20
-94.532111350364
 10
349.166457200061
 20
-94.526808724433
 10
349.168560914264
 20
-94.521509524695
 10
349.170642299558
 20
-94.516213680379
 10
349.172701584656
 20
-94.510921120713
 10
349.174738998267
 20
-94.50563177492
 10
349.176754769102
 20
-94.500345572233
 10
349.178749125873
 20
-94.495062441873
 10
349.180722297291
 20
-94.489782313072
 10
349.182674512067
 20
-94.484505115054
 10
349.184605998911
 20
-94.479230777048
 10
349.186516986534
 20
-94.473959228279
 10
349.188407703649
 20
-94.468690397976
 10
349.190278378965
 20
-94.463424215366
 10
349.192129241192
 20
-94.458160609674
 10
349.193960519044
 20
-94.45289951013
 10
349.19577244123
 20
-94.44764084596
 10
349.197565206181
 20
-94.442384576492
 10
349.199338891213
 20
-94.437130781474
 10
349.201093543361
 20
-94.431879570753
 10
349.202829209662
 20
-94.426631054175
 10
349.204545937148
 20
-94.421385341591
 10
349.206243772858
 20
-94.416142542847
 10
349.207922763824
 20
-94.41090276779
 10
349.209582957086
 20
-94.405666126269
 10
349.211224399675
 20
-94.400432728133
 10
349.212847138628
 20
-94.395202683228
 10
349.214451220982
 20
-94.389976101404
 10
349.216036693768
 20
-94.384753092507
 10
349.217603604028
 20
-94.379533766385
 10
349.219151998792
 20
-94.374318232887
 10
349.220681925097
 20
-94.36910660186
 10
349.22219342998
 20
-94.363898983152
 10
349.223686560474
 20
-94.358695486612
 10
349.225161363617
 20
-94.353496222087
 10
349.226617886441
 20
-94.348301299426
 10
349.228056175986
 20
-94.343110828475
 10
349.229476279283
 20
-94.337924919082
 10
349.23087824337
 20
-94.332743681097
 10
349.232262115282
 20
-94.327567224366
 10
349.233627942053
 20
-94.322395658738
 10
349.234975770722
 20
-94.31722909406
 10
349.236305648319
 20
-94.312067640181
 10
349.237617621886
 20
-94.306911406948
 10
349.238911738452
 20
-94.30176050421
 10
349.240188045056
 20
-94.296615041812
 10
349.241446588734
 20
-94.291475129606
 10
349.242687416521
 20
-94.286340877437
 10
349.243910583897
 20
-94.281212386874
 10
349.245116180137
 20
-94.27608972637
 10
349.24630430296
 20
-94.270972956095
 10
349.247475050086
 20
-94.265862136221
 10
349.248628519234
 20
-94.26075732692
 10
349.249764808123
 20
-94.255658588365
 10
349.250884014475
 20
-94.250565980726
 10
349.251986236006
 20
-94.245479564175
 10
349.253071570438
 20
-94.240399398886
 10
349.254140115492
 20
-94.235325545029
 10
349.255191968885
 20
-94.230258062775
 10
349.256227228338
 20
-94.225197012298
 10
349.257245991568
 20
-94.220142453769
 10
349.258248356299
 20
-94.215094447359
 10
349.259234420248
 20
-94.21005305324
 10
349.260204281134
 20
-94.205018331585
 10
349.261158036678
 20
-94.199990342566
 10
349.2620957846
 20
-94.194969146352
 10
349.263017622618
 20
-94.189954803118
 10
349.263923648452
 20
-94.184947373034
 10
349.264813959824
 20
-94.179946916274
 10
349.26568865445
 20
-94.174953493008
 10
349.266547830052
 20
-94.169967163407
 10
349.267391584348
 20
-94.164987987644
 10
349.26822001506
 20
-94.160016025891
 10
349.269033219906
 20
-94.15505133832
 10
349.269831296604
 20
-94.150093985103
 10
349.270614342877
 20
-94.14514402641
 10
349.271382456442
 20
-94.140201522415
 10
349.27213573502
 20
-94.135266533289
 10
349.272874276332
 20
-94.130339119203
 10
349.273598175811
 20
-94.125419342607
 10
349.274307519762
 20
-94.120507275047
 10
349.275002392204
 20
-94.115602990353
 10
349.275682877156
 20
-94.110706562349
 10
349.276349058639
 20
-94.105818064862
 10
349.277001020672
 20
-94.100937571717
 10
349.277638847274
 20
-94.096065156739
 10
349.278262622465
 20
-94.091200893756
 10
349.278872430265
 20
-94.086344856592
 10
349.279468354693
 20
-94.081497119075
 10
349.280050479769
 20
-94.076657755028
 10
349.280618889512
 20
-94.071826838281
 10
349.281173667943
 20
-94.067004442655
 10
349.28171489908
 20
-94.06219064198
 10
349.282242666945
 20
-94.05738551008
 10
349.282757055555
 20
-94.052589120782
 10
349.283258148929
 20
-94.047801547909
 10
349.28374603109
 20
-94.043022865291
 10
349.284220786056
 20
-94.038253146751
 10
349.284682497844
 20
-94.033492466117
 10
349.285131250477
 20
-94.028740897213
 10
349.285567127974
 20
-94.023998513865
 10
349.285990214354
 20
-94.0192653899
 10
349.286400593637
 20
-94.014541599144
 10
349.286798349842
 20
-94.009827215422
 10
349.287183566989
 20
-94.00512231256
 10
349.287556329097
 20
-94.000426964385
 10
349.287916720187
 20
-93.995741244722
 10
349.288264824278
 20
-93.991065227396
 10
349.288600725388
 20
-93.986398986235
 10
349.288924507539
 20
-93.981742595063
 10
349.289236255407
 20
-93.977096127982
 10
349.289536056305
 20
-93.972459660189
 10
349.289823998204
 20
-93.967833267157
 10
349.290100169074
 20
-93.963217024359
 10
349.290364656885
 20
-93.958611007269
 10
349.290617549608
 20
-93.954015291356
 10
349.290858935214
 20
-93.949429952096
 10
349.291088901673
 20
-93.944855064959
 10
349.291307536954
 20
-93.940290705421
 10
349.291514929031
 20
-93.935736948953
 10
349.291711165872
 20
-93.931193871026
 10
349.291896335446
 20
-93.926661547115
 10
349.292070525728
 20
-93.922140052692
 10
349.292233824685
 20
-93.91762946323
 10
349.292386320287
 20
-93.913129854202
 10
349.292528100507
 20
-93.908641301078
 10
349.292659253313
 20
-93.904163879334
 10
349.292779866677
 20
-93.899697664441
 10
349.29289002857
 20
-93.895242731873
 10
349.292989826962
 20
-93.8907991571
 10
349.293079349824
 20
-93.886367015598
 10
349.293158685123
 20
-93.881946382838
 10
349.293227920835
 20
-93.877537334292
 10
349.293287144925
 20
-93.873139945434
 10
349.293336445368
 20
-93.868754291736
 10
349.293375910133
 20
-93.864380448671
 10
349.293405627188
 20
-93.860018491711
 10
349.293425684508
 20
-93.85566849633
 10
349.293436170059
 20
-93.851330537999
 10
349.293437171815
 20
-93.847004692193
 10
349.293428777745
 20
-93.842691034382
 10
349.29341107473
 20
-93.838389635441
 10
349.293384145298
 20
-93.834100547838
 10
349.293348070885
 20
-93.829823819445
 10
349.293302932929
 20
-93.825559498131
 10
349.293248812868
 20
-93.821307631768
 10
349.29318579214
 20
-93.817068268226
 10
349.293113952183
 20
-93.812841455374
 10
349.293033374432
 20
-93.808627241083
 10
349.292944140325
 20
-93.804425673223
 10
349.292846331304
 20
-93.800236799665
 10
349.292740028799
 20
-93.796060668279
 10
349.292625314254
 20
-93.791897326935
 10
349.292502269105
 20
-93.787746823505
 10
349.292370974789
 20
-93.783609205856
 10
349.292231512744
 20
-93.77948452186
 10
349.292083964407
 20
-93.775372819389
 10
349.291928411214
 20
-93.771274146311
 10
349.291764934606
 20
-93.767188550497
 10
349.291593616017
 20
-93.763116079816
 10
349.291414536887
 20
-93.759056782142
 10
349.291227778653
 20
-93.755010705341
 10
349.291033422753
 20
-93.750977897285
 10
349.290831550625
 20
-93.746958405846
 10
349.290622243705
 20
-93.742952278892
 10
349.29040558343
 20
-93.738959564294
 10
349.290181651241
 20
-93.734980309922
 10
349.289950528572
 20
-93.731014563647
 10
349.289712296861
 20
-93.72706237334
 10
349.289467037548
 20
-93.723123786869
 10
349.28921483207
 20
-93.719198852106
 10
349.288955761862
 20
-93.71528761692
 10
349.288689912697
 20
-93.711390148205
 10
349.288417387681
 20
-93.70750658894
 10
349.288138294251
 20
-93.703637101126
 10
349.287852739845
 20
-93.699781846765
 10
349.287560831903
 20
-93.69594098786
 10
349.287262677863
 20
-93.69211468641
 10
349.286958385163
 20
-93.688303104419
 10
349.286648061241
 20
-93.684506403888
 10
349.286331813539
 20
-93.680724746818
 10
349.286009749492
 20
-93.676958295211
 10
349.285681976539
 20
-93.67320721107
 10
349.28534860212
 20
-93.669471656394
 10
349.285009733672
 20
-93.665751793188
 10
349.284665478636
 20
-93.662047783451
 10
349.284315944448
 20
-93.658359789186
 10
349.283961238547
 20
-93.654687972394
 10
349.283601468371
 20
-93.651032495077
 10
349.283236741361
 20
-93.647393519237
 10
349.282867164952
 20
-93.643771206875
 10
349.282492846585
 20
-93.640165719993
 10
349.2821138937
 20
-93.636577220592
 10
349.281730413732
 20
-93.633005870675
 10
349.281342514121
 20
-93.629451832243
 10
349.280950302307
 20
-93.625915267298
 10
349.280553885727
 20
-93.622396337842
 10
349.28015337182
 20
-93.618895205875
 10
349.279748868023
 20
-93.615412033399
 10
349.279340481775
 20
-93.611946982417
 10
349.278928320517
 20
-93.60850021493
 10
349.278512491687
 20
-93.605071892941
 10
349.278093102721
 20
-93.601662178449
 10
349.277670244481
 20
-93.598271162073
 10
349.277243941521
 20
-93.594898648883
 10
349.276814201814
 20
-93.59154437257
 10
349.276381033338
 20
-93.58820806682
 10
349.275944444064
 20
-93.584889465321
 10
349.275504441968
 20
-93.58158830176
 10
349.275061035029
 20
-93.578304309826
 10
349.274614231217
 20
-93.575037223207
 10
349.274164038509
 20
-93.571786775589
 10
349.273710464879
 20
-93.568552700662
 10
349.273253518304
 20
-93.565334732111
 10
349.272793206758
 20
-93.562132603627
 10
349.272329538213
 20
-93.558946048895
 10
349.271862520651
 20
-93.555774801604
 10
349.271392162038
 20
-93.552618595441
 10
349.270918470356
 20
-93.549477164095
 10
349.27044145358
 20
-93.546350241253
 10
349.269961119681
 20
-93.543237560602
 10
349.269477476633
 20
-93.540138855831
 10
349.268990532415
 20
-93.537053860627
 10
349.268500295002
 20
-93.533982308678
 10
349.268006772367
 20
-93.530923933671
 10
349.267509972486
 20
-93.527878469296
 10
349.267009903331
 20
-93.524845649238
 10
349.266506572882
 20
-93.521825207186
 10
349.265999989111
 20
-93.518816876828
 10
349.265490159993
 20
-93.515820391851
 10
349.264977093504
 20
-93.512835485944
 10
349.264460797618
 20
-93.509861892793
 10
349.263941280311
 20
-93.506899346087
 10
349.263418549556
 20
-93.503947579513
 10
349.262892675001
 20
-93.501006592284
 10
349.262363972976
 20
-93.498077445709
 10
349.261832821478
 20
-93.495161466623
 10
349.261299598513
 20
-93.49225998186
 10
349.260764682078
 20
-93.489374318254
 10
349.260228450174
 20
-93.48650580264
 10
349.259691280804
 20
-93.483655761852
 10
349.259153551964
 20
-93.480825522724
 10
349.25861564166
 20
-93.478016412089
 10
349.258077927891
 20
-93.475229756785
 10
349.257540788655
 20
-93.472466883643
 10
349.257004601954
 20
-93.469729119499
 10
349.256469745789
 20
-93.467017791187
 10
349.255936598164
 20
-93.464334225539
 10
349.255405537075
 20
-93.461679749393
 10
349.254876940522
 20
-93.459055689581
 10
349.25435118651
 20
-93.456463372938
 10
349.253828653036
 20
-93.453904126298
 10
349.253309718104
 20
-93.451379276496
 10
349.252794759712
 20
-93.448890150365
 10
349.252284155862
 20
-93.44643807474
 10
349.251778284554
 20
-93.444024376457
 10
349.251277523787
 20
-93.441650382347
 10
349.250782251566
 20
-93.439317419246
 10
349.250292845885
 20
-93.437026813988
 10
349.249809684752
 20
-93.434779893409
 10
349.249333146165
 20
-93.432577984341
 10
349.248863608122
 20
-93.430422413619
 10
349.248401448626
 20
-93.428314508078
 10
349.247947045679
 20
-93.426255594552
 10
349.247500777278
 20
-93.424246999874
 10
349.247062912659
 20
-93.422289552075
 10
349.246633285991
 20
-93.42038208397
 10
349.246211622675
 20
-93.41852292957
 10
349.245797648113
 20
-93.416710422883
 10
349.245391087705
 20
-93.41494289792
 10
349.244991666856
 20
-93.413218688692
 10
349.244599110964
 20
-93.411536129208
 10
349.244213145432
 20
-93.409893553479
 10
349.243833495663
 20
-93.408289295516
 10
349.243459887057
 20
-93.406721689327
 10
349.243092045015
 20
-93.405189068923
 10
349.242729694943
 20
-93.403689768316
 10
349.242372562236
 20
-93.402222121515
 10
349.242020372302
 20
-93.400784462529
 10
349.241672850538
 20
-93.399375125371
 10
349.241329722347
 20
-93.397992444048
 10
349.240990713133
 20
-93.396634752573
 10
349.240655548296
 20
-93.395300384954
 10
349.240323953236
 20
-93.393987675203
 10
349.239995653356
 20
-93.392694957329
 10
349.239670374058
 20
-93.391420565342
 10
349.239347840743
 20
-93.390162833253
 10
349.239027778815
 20
-93.388920095073
 10
349.238709913672
 20
-93.387690684811
 10
349.238393970718
 20
-93.386472936478
 10
349.238079675353
 20
-93.385265184083
 10
349.237766752982
 20
-93.384065761637
 10
349.237454929004
 20
-93.382873003149
 10
349.237143928818
 20
-93.381685242632
 10
349.236833477831
 20
-93.380500814093
 10
349.236523301443
 20
-93.379318051546
  0
LWPOLYLINE
  5
279
330
193
100
AcDbEntity
  8
Layer11
  6
AUSGEZOGEN
 62
     7
370
    50
100
AcDbPolyline
 90
      714
 70
     0
 43
0.0
 10
346.836904821841
 20
-95.22926713673
 10
346.837281087987
 20
-95.230158232258
 10
346.837659359382
 20
-95.231052373301
 10
346.838041641279
 20
-95.231952605374
 10
346.838429938924
 20
-95.232861973993
 10
346.83882625757
 20
-95.233783524672
 10
346.839232602466
 20
-95.234720302926
 10
346.839650978864
 20
-95.235675354272
 10
346.84008339201
 20
-95.236651724224
 10
346.840531847158
 20
-95.237652458296
 10
346.840998349557
 20
-95.238680602005
 10
346.841484904457
 20
-95.239739200865
 10
346.841993517106
 20
-95.240831300393
 10
346.842526192757
 20
-95.241959946101
 10
346.843084936658
 20
-95.243128183506
 10
346.843671754061
 20
-95.244339058123
 10
346.844288650213
 20
-95.245595615467
 10
346.844937630367
 20
-95.246900901054
 10
346.845620699773
 20
-95.248257960398
 10
346.84633986368
 20
-95.249669839014
 10
346.847097127337
 20
-95.251139582419
 10
346.847894495995
 20
-95.252670236125
 10
346.848733974907
 20
-95.254264845649
 10
346.849617569318
 20
-95.255926456508
 10
346.850547284481
 20
-95.257658114213
 10
346.851525125645
 20
-95.259462864283
 10
346.852553098061
 20
-95.26134375223
 10
346.853633206978
 20
-95.263303823572
 10
346.854767457648
 20
-95.265346123822
 10
346.85595785532
 20
-95.267473698495
 10
346.857206405243
 20
-95.269689593109
 10
346.858515112668
 20
-95.271996853176
 10
346.859885972723
 20
-95.274396937381
 10
346.861320940045
 20
-95.276884957075
 10
346.862821959149
 20
-95.279454436782
 10
346.864390974552
 20
-95.282098901021
 10
346.866029930765
 20
-95.284811874315
 10
346.867740772308
 20
-95.287586881184
 10
346.869525443694
 20
-95.29041744615
 10
346.871385889439
 20
-95.293297093735
 10
346.873324054057
 20
-95.296219348457
 10
346.875341882064
 20
-95.299177734842
 10
346.877441317975
 20
-95.302165777407
 10
346.879624306306
 20
-95.305177000675
 10
346.881892791571
 20
-95.308204929168
 10
346.884248718287
 20
-95.311243087406
 10
346.886694030966
 20
-95.314284999911
 10
346.889230674126
 20
-95.317324191205
 10
346.891860592281
 20
-95.320354185807
 10
346.894585729948
 20
-95.32336850824
 10
346.89740803164
 20
-95.326360683024
 10
346.900329441875
 20
-95.329324234682
 10
346.903351905163
 20
-95.332252687733
 10
346.906477366025
 20
-95.3351395667
 10
346.909707768973
 20
-95.337978396104
 10
346.913045058524
 20
-95.340762700465
 10
346.916491179191
 20
-95.343486004306
 10
346.92004807549
 20
-95.346141832148
 10
346.923717691938
 20
-95.34872370851
 10
346.927501973047
 20
-95.351225157916
 10
346.931402863335
 20
-95.353639704887
 10
346.935422307317
 20
-95.355960873942
 10
346.939562249507
 20
-95.358182189603
 10
346.943822819503
 20
-95.360298611859
 10
346.948196887232
 20
-95.362310842558
 10
346.952675507702
 20
-95.364221019017
 10
346.957249735922
 20
-95.366031278552
 10
346.961910626902
 20
-95.367743758477
 10
346.966649235648
 20
-95.369360596111
 10
346.971456617175
 20
-95.370883928766
 10
346.976323826486
 20
-95.372315893761
 10
346.981241918591
 20
-95.37365862841
 10
346.986201948501
 20
-95.374914270029
 10
346.991194971223
 20
-95.376084955936
 10
346.996212041766
 20
-95.377172823444
 10
347.001244215139
 20
-95.37818000987
 10
347.006282546352
 20
-95.37910865253
 10
347.011318090414
 20
-95.379960888739
 10
347.016341902332
 20
-95.380738855815
 10
347.021345037116
 20
-95.381444691072
 10
347.026318549775
 20
-95.382080531826
 10
347.031253495319
 20
-95.382648515392
 10
347.036140928755
 20
-95.383150779088
 10
347.040971905092
 20
-95.383589460229
 10
347.045737479337
 20
-95.38396669613
 10
347.050428706505
 20
-95.384284624108
 10
347.055036641599
 20
-95.384545381478
 10
347.05955233963
 20
-95.384751105556
 10
347.063966855607
 20
-95.384903933658
 10
347.06827124454
 20
-95.385006003101
 10
347.072456561437
 20
-95.385059451199
 10
347.076513861304
 20
-95.385066415268
 10
347.080434199155
 20
-95.385029032625
 10
347.084208629997
 20
-95.384949440584
 10
347.087830964776
 20
-95.384829637337
 10
347.091306038216
 20
-95.384671064572
 10
347.094641440972
 20
-95.384475024851
 10
347.097844763705
 20
-95.384242820737
 10
347.100923597071
 20
-95.383975754792
 10
347.103885531731
 20
-95.383675129578
 10
347.106738158344
 20
-95.383342247659
 10
347.109489067567
 20
-95.382978411597
 10
347.11214585006
 20
-95.382584923955
 10
347.114716096481
 20
-95.382163087294
 10
347.117207397491
 20
-95.381714204178
 10
347.119627343746
 20
-95.381239577169
 10
347.121983525907
 20
-95.380740508829
 10
347.124283534631
 20
-95.380218301722
 10
347.12653496058
 20
-95.379674258409
 10
347.12874539441
 20
-95.379109681454
 10
347.130922426779
 20
-95.378525873419
 10
347.133073648347
 20
-95.377924136866
 10
347.135206649775
 20
-95.377305774357
 10
347.13732902172
 20
-95.376672088457
 10
347.139448354839
 20
-95.376024381726
 10
347.141572239794
 20
-95.375363956728
 10
347.143708267242
 20
-95.374692116025
 10
347.145864027844
 20
-95.374010162179
 10
347.148047112256
 20
-95.373319397753
 10
347.150265111137
 20
-95.372621125311
 10
347.152525615147
 20
-95.371916647414
 10
347.154836214944
 20
-95.371207266624
 10
347.157204501189
 20
-95.370494285506
 10
347.159638064539
 20
-95.369779006619
 10
347.162144495653
 20
-95.369062732529
 10
347.164729740693
 20
-95.368346490571
 10
347.167393167831
 20
-95.367630207184
 10
347.170132500744
 20
-95.366913533577
 10
347.172945463108
 20
-95.366196120965
 10
347.1758297786
 20
-95.365477620559
 10
347.178783170895
 20
-95.364757683568
 10
347.18180336367
 20
-95.364035961208
 10
347.184888080599
 20
-95.36331210469
 10
347.188035045361
 20
-95.362585765224
 10
347.191241981629
 20
-95.361856594023
 10
347.194506613081
 20
-95.361124242299
 10
347.197826663393
 20
-95.360388361263
 10
347.201199856241
 20
-95.359648602129
 10
347.204623915299
 20
-95.358904616107
 10
347.208096564247
 20
-95.358156054409
 10
347.211615526758
 20
-95.357402568247
 10
347.215178526509
 20
-95.356643808834
 10
347.218783287175
 20
-95.35587942738
 10
347.222427532435
 20
-95.355109075099
 10
347.226108985962
 20
-95.354332403201
 10
347.229825371433
 20
-95.353549062898
 10
347.233574412525
 20
-95.352758705404
 10
347.237353832914
 20
-95.351960981929
 10
347.241161356275
 20
-95.351155543684
 10
347.244994706283
 20
-95.350342041884
 10
347.248851606617
 20
-95.349520127738
 10
347.25272978095
 20
-95.348689452459
 10
347.256626952962
 20
-95.347849667259
 10
347.260540846324
 20
-95.34700042335
 10
347.264469184718
 20
-95.346141371942
 10
347.268409691815
 20
-95.34527216425
 10
347.272360532421
 20
-95.344392524884
 10
347.276321635847
 20
-95.343502472055
 10
347.280293372536
 20
-95.342602097373
 10
347.284276112929
 20
-95.341691492451
 10
347.288270227462
 20
-95.340770748898
 10
347.292276086579
 20
-95.339839958325
 10
347.29629406072
 20
-95.338899212343
 10
347.300324520326
 20
-95.337948602562
 10
347.304367835836
 20
-95.336988220595
 10
347.30842437769
 20
-95.336018158051
 10
347.312494516329
 20
-95.335038506541
 10
347.316578622196
 20
-95.334049357676
 10
347.320677065729
 20
-95.333050803067
 10
347.324790217368
 20
-95.332042934324
 10
347.328918447555
 20
-95.331025843057
 10
347.333062126731
 20
-95.329999620881
 10
347.337221625334
 20
-95.328964359402
 10
347.341397313805
 20
-95.327920150232
 10
347.345589562585
 20
-95.326867084984
 10
347.349798742116
 20
-95.325805255266
 10
347.354025222838
 20
-95.32473475269
 10
347.358269375189
 20
-95.323655668867
 10
347.362531569612
 20
-95.322568095407
 10
347.366812176544
 20
-95.321472123923
 10
347.37111156643
 20
-95.320367846023
 10
347.375430109709
 20
-95.319255353319
 10
347.379768176819
 20
-95.318134737421
 10
347.384126138204
 20
-95.317006089941
 10
347.388504364302
 20
-95.315869502489
 10
347.392903225555
 20
-95.314725066676
 10
347.3973230924
 20
-95.313572874113
 10
347.401764216728
 20
-95.312412996864
 10
347.406226376199
 20
-95.311245428811
 10
347.410709229928
 20
-95.310070144287
 10
347.415212437023
 20
-95.308887117628
 10
347.419735656593
 20
-95.307696323168
 10
347.424278547749
 20
-95.306497735241
 10
347.428840769602
 20
-95.305291328184
 10
347.433421981263
 20
-95.304077076329
 10
347.438021841839
 20
-95.302854954012
 10
347.442640010444
 20
-95.301624935568
 10
347.447276146188
 20
-95.30038699533
 10
347.451929908177
 20
-95.299141107635
 10
347.456600955526
 20
-95.297887246815
 10
347.461288947343
 20
-95.296625387205
 10
347.465993542739
 20
-95.295355503144
 10
347.470714400825
 20
-95.29407756896
 10
347.475451180708
 20
-95.292791558993
 10
347.480203541502
 20
-95.291497447574
 10
347.484971142316
 20
-95.290195209041
 10
347.489753642258
 20
-95.288884817725
 10
347.494550700442
 20
-95.287566247964
 10
347.499361975977
 20
-95.286239474091
 10
347.504187127972
 20
-95.28490447044
 10
347.509025815536
 20
-95.283561211347
 10
347.513877697784
 20
-95.282209671146
 10
347.518742433824
 20
-95.280849824171
 10
347.523619682765
 20
-95.279481644759
 10
347.528509103717
 20
-95.278105107242
 10
347.533410355791
 20
-95.276720185956
 10
347.538323098099
 20
-95.275326855235
 10
347.54324698975
 20
-95.273925089414
 10
347.548181721719
 20
-95.272514868351
 10
347.553127112448
 20
-95.271096193991
 10
347.55808301224
 20
-95.269669073807
 10
347.563049271401
 20
-95.268233515265
 10
347.568025740238
 20
-95.266789525836
 10
347.573012269055
 20
-95.265337112991
 10
347.578008708157
 20
-95.263876284199
 10
347.58301490785
 20
-95.262407046928
 10
347.588030718442
 20
-95.260929408651
 10
347.593055990236
 20
-95.259443376834
 10
347.598090573536
 20
-95.25794895895
 10
347.603134318652
 20
-95.256446162466
 10
347.608187075883
 20
-95.254934994853
 10
347.613248695541
 20
-95.25341546358
 10
347.618319027926
 20
-95.251887576118
 10
347.62339792335
 20
-95.250351339935
 10
347.628485232112
 20
-95.248806762502
 10
347.633580804519
 20
-95.247253851287
 10
347.63868449088
 20
-95.245692613762
 10
347.643796141496
 20
-95.244123057396
 10
347.648915606675
 20
-95.242545189657
 10
347.654042736722
 20
-95.240959018016
 10
347.659177381942
 20
-95.239364549943
 10
347.664319392641
 20
-95.237761792907
 10
347.669468619124
 20
-95.236150754377
 10
347.674624911697
 20
-95.234531441825
 10
347.679788120666
 20
-95.232903862719
 10
347.684958096336
 20
-95.231268024529
 10
347.69013468901
 20
-95.229623934723
 10
347.695317748996
 20
-95.227971600773
 10
347.7005071266
 20
-95.226311030148
 10
347.705702663983
 20
-95.224642227904
 10
347.710904170739
 20
-95.222965189433
 10
347.716111448315
 20
-95.221279907717
 10
347.721324298162
 20
-95.219586375735
 10
347.726542521727
 20
-95.217884586467
 10
347.731765920462
 20
-95.216174532893
 10
347.736994295814
 20
-95.214456207994
 10
347.742227449233
 20
-95.212729604748
 10
347.747465182169
 20
-95.210994716136
 10
347.752707296071
 20
-95.209251535138
 10
347.757953592387
 20
-95.207500054734
 10
347.763203872568
 20
-95.205740267903
 10
347.768457938062
 20
-95.203972167625
 10
347.773715590318
 20
-95.202195746881
 10
347.778976630787
 20
-95.20041099865
 10
347.784240860916
 20
-95.198617915912
 10
347.789508082155
 20
-95.196816491647
 10
347.794778095955
 20
-95.195006718835
 10
347.800050703762
 20
-95.193188590456
 10
347.805325707028
 20
-95.19136209949
 10
347.810602907201
 20
-95.189527238917
 10
347.81588210573
 20
-95.187684001716
 10
347.821163104063
 20
-95.185832380866
 10
347.826445703653
 20
-95.18397236935
 10
347.831729705948
 20
-95.182103960146
 10
347.837014912395
 20
-95.180227146235
 10
347.842301124443
 20
-95.178341920595
 10
347.847588143544
 20
-95.176448276206
 10
347.852875771147
 20
-95.174546206051
 10
347.8581638087
 20
-95.172635703107
 10
347.863452057653
 20
-95.170716760354
 10
347.868740319495
 20
-95.168789375113
 10
347.874028395878
 20
-95.166853562067
 10
347.8793160885
 20
-95.164909340237
 10
347.884603199049
 20
-95.162956728645
 10
347.889889529223
 20
-95.160995746314
 10
347.895174880716
 20
-95.159026412268
 10
347.900459055218
 20
-95.157048745526
 10
347.905741854426
 20
-95.155062765112
 10
347.911023080033
 20
-95.15306849005
 10
347.916302533733
 20
-95.15106593936
 10
347.921580017217
 20
-95.149055132066
 10
347.926855332182
 20
-95.147036087188
 10
347.932128280321
 20
-95.145008823752
 10
347.937398663329
 20
-95.142973360777
 10
347.942666282898
 20
-95.140929717287
 10
347.94793094072
 20
-95.138877912304
 10
347.953192438492
 20
-95.136817964851
 10
347.958450577906
 20
-95.134749893949
 10
347.963705160657
 20
-95.132673718621
 10
347.968955988438
 20
-95.130589457891
 10
347.974202862943
 20
-95.128497130778
 10
347.979445585865
 20
-95.126396756307
 10
347.984683958897
 20
-95.124288353501
 10
347.989917783736
 20
-95.12217194138
 10
347.995146862073
 20
-95.120047538967
 10
348.000370995602
 20
-95.117915165285
 10
348.005589986018
 20
-95.115774839356
 10
348.010803635014
 20
-95.113626580203
 10
348.016011744283
 20
-95.111470406848
 10
348.021214115521
 20
-95.109306338312
 10
348.026410550421
 20
-95.10713439362
 10
348.031600859446
 20
-95.104954575876
 10
348.03678488816
 20
-95.102766824528
 10
348.04196249089
 20
-95.100571063103
 10
348.04713352197
 20
-95.098367215131
 10
348.05229783573
 20
-95.096155204143
 10
348.057455286502
 20
-95.093934953667
 10
348.062605728616
 20
-95.091706387233
 10
348.067749016406
 20
-95.08946942837
 10
348.0728850042
 20
-95.087224000607
 10
348.07801354633
 20
-95.084970027476
 10
348.08313449713
 20
-95.082707432503
 10
348.088247710928
 20
-95.08043613922
 10
348.093353042059
 20
-95.078156071157
 10
348.098450344849
 20
-95.075867151841
 10
348.103539473636
 20
-95.073569304803
 10
348.108620282745
 20
-95.071262453572
 10
348.11369262651
 20
-95.068946521677
 10
348.118756359263
 20
-95.066621432649
 10
348.123811335336
 20
-95.064287110016
 10
348.128857409058
 20
-95.061943477309
 10
348.133894434759
 20
-95.059590458057
 10
348.138922266775
 20
-95.057227975788
 10
348.143940759436
 20
-95.054855954033
 10
348.14894976707
 20
-95.052474316321
 10
348.153949144011
 20
-95.050082986181
 10
348.158938744589
 20
-95.047681887143
 10
348.163918423139
 20
-95.045270942737
 10
348.168888033986
 20
-95.042850076492
 10
348.173847431466
 20
-95.040419211938
 10
348.178796469911
 20
-95.037978272603
 10
348.183735003648
 20
-95.035527182018
 10
348.188662850653
 20
-95.033065923772
 10
348.193579683459
 20
-95.030594721691
 10
348.198485138241
 20
-95.028113859667
 10
348.203378851173
 20
-95.025623621585
 10
348.208260458432
 20
-95.023124291333
 10
348.213129596196
 20
-95.0206161528
 10
348.217985900638
 20
-95.018099489875
 10
348.222829007931
 20
-95.015574586443
 10
348.227658554253
 20
-95.013041726394
 10
348.23247417578
 20
-95.010501193616
 10
348.237275508686
 20
-95.007953271996
 10
348.242062189145
 20
-95.005398245422
 10
348.246833853337
 20
-95.002836397783
 10
348.25159013743
 20
-95.000268012966
 10
348.256330677607
 20
-94.997693374859
 10
348.261055110039
 20
-94.99511276735
 10
348.265763070902
 20
-94.992526474329
 10
348.270454196372
 20
-94.98993477968
 10
348.275128122625
 20
-94.987337967294
 10
348.279784485834
 20
-94.984736321058
 10
348.284422922176
 20
-94.98213012486
 10
348.289043067827
 20
-94.979519662588
 10
348.293644558961
 20
-94.97690521813
 10
348.298227031754
 20
-94.974287075373
 10
348.30279012238
 20
-94.971665518207
 10
348.307333467017
 20
-94.969040830518
 10
348.311856701839
 20
-94.966413296195
 10
348.316359463021
 20
-94.963783199126
 10
348.320841386736
 20
-94.961150823197
 10
348.325302109166
 20
-94.9585164523
 10
348.32974126648
 20
-94.955880370318
 10
348.334158633283
 20
-94.953242636645
 10
348.338554537881
 20
-94.950602412669
 10
348.342929447008
 20
-94.947958635286
 10
348.347283827399
 20
-94.94531024139
 10
348.351618145786
 20
-94.942656167874
 10
348.355932868905
 20
-94.93999535163
 10
348.360228463487
 20
-94.937326729553
 10
348.364505396268
 20
-94.934649238538
 10
348.368764133982
 20
-94.931961815475
 10
348.373005143363
 20
-94.92926339726
 10
348.377228891143
 20
-94.926552920786
 10
348.381435844056
 20
-94.923829322947
 10
348.385626468837
 20
-94.921091540637
 10
348.389801232219
 20
-94.918338510747
 10
348.393960600937
 20
-94.915569170173
 10
348.398105041724
 20
-94.912782455807
 10
348.402235021313
 20
-94.909977304545
 10
348.406351006439
 20
-94.907152653278
 10
348.410453463836
 20
-94.904307438901
 10
348.414542860237
 20
-94.901440598307
 10
348.418619662376
 20
-94.898551068389
 10
348.422684336987
 20
-94.895637786041
 10
348.426737350803
 20
-94.892699688158
 10
348.43077917056
 20
-94.889735711631
 10
348.43481026299
 20
-94.886744793356
 10
348.438831094827
 20
-94.883725870225
 10
348.442842132805
 20
-94.880677879131
 10
348.446843843658
 20
-94.87759975697
 10
348.450836694121
 20
-94.874490440634
 10
348.454821150925
 20
-94.871348867016
 10
348.458797680805
 20
-94.86817397301
 10
348.462766231389
 20
-94.864965533622
 10
348.466724673865
 20
-94.861726676306
 10
348.470670360319
 20
-94.858461366628
 10
348.474600642836
 20
-94.855173570153
 10
348.478512873495
 20
-94.85186725245
 10
348.482404404386
 20
-94.848546379081
 10
348.486272587587
 20
-94.845214915615
 10
348.490114775185
 20
-94.841876827617
 10
348.493928319262
 20
-94.838536080654
 10
348.497710571903
 20
-94.835196640291
 10
348.501458885192
 20
-94.831862472094
 10
348.50517061121
 20
-94.82853754163
 10
348.508843102045
 20
-94.825225814465
 10
348.512473709776
 20
-94.821931256164
 10
348.516059786491
 20
-94.818657832294
 10
348.51959868427
 20
-94.81540950842
 10
348.523087755199
 20
-94.81219025011
 10
348.526524351362
 20
-94.809004022928
 10
348.529905824842
 20
-94.805854792441
 10
348.533229527721
 20
-94.802746524216
 10
348.536492812084
 20
-94.799683183817
 10
348.539693030016
 20
-94.796668736812
 10
348.5428275336
 20
-94.793707148766
 10
348.545893674918
 20
-94.790802385245
 10
348.548888806057
 20
-94.787958411816
 10
348.551810279096
 20
-94.785179194045
 10
348.554655446124
 20
-94.782468697496
 10
348.557421659222
 20
-94.779830887737
 10
348.56010627047
 20
-94.777269730334
 10
348.56270663196
 20
-94.774789190853
 10
348.565220095769
 20
-94.77239323486
 10
348.567645796258
 20
-94.770083404507
 10
348.569989996881
 20
-94.767851548295
 10
348.572260743366
 20
-94.765687091311
 10
348.574466081444
 20
-94.763579458639
 10
348.576614056843
 20
-94.761518075369
 10
348.578712715293
 20
-94.759492366587
 10
348.580770102521
 20
-94.757491757377
 10
348.582794264259
 20
-94.75550567283
 10
348.584793246235
 20
-94.753523538029
 10
348.586775094176
 20
-94.751534778063
 10
348.588747853814
 20
-94.749528818018
 10
348.590719570875
 20
-94.74749508298
 10
348.592698291093
 20
-94.745422998037
 10
348.594692060193
 20
-94.743301988275
 10
348.596708923906
 20
-94.74112147878
 10
348.598756927959
 20
-94.73887089464
 10
348.600844118082
 20
-94.73653966094
 10
348.602978540006
 20
-94.734117202769
 10
348.605168239457
 20
-94.731592945212
 10
348.607421262168
 20
-94.728956313357
 10
348.609745653863
 20
-94.72619673229
 10
348.612149460276
 20
-94.723303627096
 10
348.614640727134
 20
-94.720266422865
 10
348.617227500165
 20
-94.717074544682
 10
348.619917825099
 20
-94.713717417633
 10
348.622719747666
 20
-94.710184466805
 10
348.625641313595
 20
-94.706465117286
 10
348.628690568612
 20
-94.702548794162
 10
348.631875558451
 20
-94.698424922519
 10
348.635204328837
 20
-94.694082927444
 10
348.638684925502
 20
-94.689512234025
 10
348.642322277661
 20
-94.684706401617
 10
348.646108848489
 20
-94.679675526656
 10
348.650033984645
 20
-94.674433839848
 10
348.65408703279
 20
-94.668995571898
 10
348.658257339586
 20
-94.66337495351
 10
348.662534251693
 20
-94.657586215393
 10
348.666907115771
 20
-94.651643588249
 10
348.671365278482
 20
-94.645561302786
 10
348.675898086485
 20
-94.639353589708
 10
348.680494886445
 20
-94.633034679719
 10
348.685145025018
 20
-94.626618803528
 10
348.68983784887
 20
-94.620120191838
 10
348.694562704655
 20
-94.613553075356
 10
348.69930893904
 20
-94.606931684786
 10
348.704065898685
 20
-94.600270250834
 10
348.708822930246
 20
-94.593583004206
 10
348.713569380389
 20
-94.586884175606
 10
348.718294595772
 20
-94.580187995742
 10
348.722987923058
 20
-94.573508695316
 10
348.727638708906
 20
-94.566860505037
 10
348.732236299979
 20
-94.560257655608
 10
348.736770042935
 20
-94.553714377735
 10
348.741229284437
 20
-94.547244902124
 10
348.745603371144
 20
-94.54086345948
 10
348.749881649719
 20
-94.534584280508
 10
348.754053466821
 20
-94.528421595915
 10
348.758108169112
 20
-94.522389636406
 10
348.762035103253
 20
-94.516502632685
 10
348.765823615902
 20
-94.510774815459
 10
348.769463053725
 20
-94.505220415432
 10
348.772942763379
 20
-94.499853663311
 10
348.776254955381
 20
-94.494684958723
 10
348.779403295672
 20
-94.489709376988
 10
348.782394314049
 20
-94.484918162346
 10
348.785234540308
 20
-94.480302559038
 10
348.787930504245
 20
-94.475853811307
 10
348.790488735656
 20
-94.471563163394
 10
348.792915764338
 20
-94.467421859538
 10
348.795218120089
 20
-94.463421143983
 10
348.797402332701
 20
-94.45955226097
 10
348.799474931975
 20
-94.455806454738
 10
348.801442447704
 20
-94.452174969532
 10
348.803311409687
 20
-94.44864904959
 10
348.805088347719
 20
-94.445219939155
 10
348.806779791598
 20
-94.441878882469
 10
348.808392271116
 20
-94.438617123771
 10
348.809932316073
 20
-94.435425907304
 10
348.811406456265
 20
-94.432296477309
 10
348.812821221487
 20
-94.429220078027
 10
348.814183141538
 20
-94.426187953701
 10
348.815498746211
 20
-94.42319134857
 10
348.816774565305
 20
-94.420221506876
 10
348.818017128615
 20
-94.417269672861
 10
348.81923296594
 20
-94.414327090766
 10
348.820428607071
 20
-94.411385004832
 10
348.821610581808
 20
-94.408434659301
 10
348.822785419947
 20
-94.405467298413
 10
348.823959651285
 20
-94.402474166411
 10
348.825139805618
 20
-94.399446507535
 10
348.82633241274
 20
-94.396375566027
 10
348.827544002452
 20
-94.393252586128
 10
348.828781104545
 20
-94.39006881208
 10
348.830048851553
 20
-94.386817329729
 10
348.83134678693
 20
-94.383498591336
 10
348.83267305687
 20
-94.380114890772
 10
348.834025807566
 20
-94.376668521904
 10
348.835403185207
 20
-94.373161778601
 10
348.836803335984
 20
-94.36959695473
 10
348.838224406089
 20
-94.365976344158
 10
348.839664541714
 20
-94.362302240756
 10
348.841121889051
 20
-94.35857693839
 10
348.842594594289
 20
-94.35480273093
 10
348.844080803621
 20
-94.350981912241
 10
348.845578663239
 20
-94.347116776194
 10
348.847086319333
 20
-94.343209616654
 10
348.848601918095
 20
-94.339262727493
 10
348.850123605717
 20
-94.335278402577
 10
348.851649528388
 20
-94.331258935774
 10
348.853177832303
 20
-94.327206620952
 10
348.854706663649
 20
-94.32312375198
 10
348.856234168623
 20
-94.319012622725
 10
348.85775849341
 20
-94.314875527057
 10
348.859277784206
 20
-94.310714758842
 10
348.860790187202
 20
-94.306532611948
 10
348.862293848586
 20
-94.302331380244
 10
348.863786914553
 20
-94.298113357599
 10
348.865267531294
 20
-94.293880837879
 10
348.866733844998
 20
-94.289636114954
 10
348.868184001858
 20
-94.285381482691
 10
348.869616148066
 20
-94.281119234959
 10
348.871028429811
 20
-94.276851665625
 10
348.872418993286
 20
-94.272581068558
 10
348.873785984683
 20
-94.268309737625
 10
348.875127923309
 20
-94.264039463677
 10
348.876444820937
 20
-94.259770025493
 10
348.87773706246
 20
-94.255500698831
 10
348.879005032763
 20
-94.251230759454
 10
348.880249116739
 20
-94.246959483122
 10
348.881469699278
 20
-94.242686145593
 10
348.88266716527
 20
-94.238410022631
 10
348.883841899604
 20
-94.234130389994
 10
348.88499428717
 20
-94.229846523442
 10
348.886124712859
 20
-94.225557698736
 10
348.88723356156
 20
-94.221263191638
 10
348.888321218163
 20
-94.216962277907
 10
348.889388067559
 20
-94.212654233303
 10
348.890434494637
 20
-94.208338333586
 10
348.891460884286
 20
-94.204013854518
 10
348.892467621399
 20
-94.199680071859
 10
348.893455090864
 20
-94.195336261368
 10
348.894423677572
 20
-94.190981698807
 10
348.895373766409
 20
-94.186615659935
 10
348.89630574227
 20
-94.182237420515
 10
348.897219990044
 20
-94.177846256303
 10
348.89811689462
 20
-94.173441443064
 10
348.898996840886
 20
-94.169022256556
 10
348.899860213735
 20
-94.164587972539
 10
348.900707398056
 20
-94.160137866775
 10
348.901538778739
 20
-94.155671215022
 10
348.902354740673
 20
-94.151187293043
 10
348.90315566875
 20
-94.146685376598
 10
348.903941947858
 20
-94.142164741445
 10
348.904713962889
 20
-94.137624663346
 10
348.90547209873
 20
-94.133064418063
 10
348.906216645381
 20
-94.128483452818
 10
348.90694751326
 20
-94.123881900689
 10
348.907664517898
 20
-94.11926006622
 10
348.908367474822
 20
-94.114618253952
 10
348.90905619956
 20
-94.109956768429
 10
348.909730507643
 20
-94.105275914191
 10
348.910390214595
 20
-94.100575995782
 10
348.911035135945
 20
-94.095857317743
 10
348.911665087224
 20
-94.091120184617
 10
348.912279883956
 20
-94.086364900946
 10
348.912879341675
 20
-94.081591771273
 10
348.913463275902
 20
-94.076801100139
 10
348.914031502171
 20
-94.071993192087
 10
348.914583836008
 20
-94.067168351658
 10
348.915120092941
 20
-94.062326883397
 10
348.915640088499
 20
-94.057469091843
 10
348.916143638209
 20
-94.052595281541
 10
348.916630557598
 20
-94.047705757031
 10
348.917100662198
 20
-94.042800822856
 10
348.917553767537
 20
-94.03788078356
 10
348.917989689137
 20
-94.032945943683
 10
348.918408242533
 20
-94.027996607768
 10
348.918809243251
 20
-94.023033080357
 10
348.919192506819
 20
-94.018055665993
 10
348.919557848764
 20
-94.013064669218
 10
348.919905084615
 20
-94.008060394573
 10
348.920234029902
 20
-94.003043146602
 10
348.92054450015
 20
-93.998013229846
 10
348.920836310888
 20
-93.992970948849
 10
348.921109277646
 20
-93.987916608151
 10
348.921363215952
 20
-93.982850512295
 10
348.921597947616
 20
-93.977772781226
 10
348.921813319577
 20
-93.972682796491
 10
348.922009185062
 20
-93.967579755041
 10
348.922185397291
 20
-93.962462853827
 10
348.922341809488
 20
-93.957331289798
 10
348.922478274879
 20
-93.952184259906
 10
348.922594646683
 20
-93.9470209611
 10
348.922690778127
 20
-93.941840590331
 10
348.922766522434
 20
-93.936642344548
 10
348.922821732826
 20
-93.931425420703
 10
348.922856262525
 20
-93.926189015746
 10
348.922869964758
 20
-93.920932326626
 10
348.922862692747
 20
-93.915654550296
 10
348.922834299712
 20
-93.910354883702
 10
348.922784638882
 20
-93.905032523799
 10
348.922713563476
 20
-93.899686667533
 10
348.92262092672
 20
-93.894316511858
 10
348.922506581836
 20
-93.888921253723
 10
348.922370382046
 20
-93.883500090078
 10
348.922212180576
 20
-93.878052217873
 10
348.922031830649
 20
-93.872576834059
 10
348.921829185487
 20
-93.867073135586
 10
348.921604098314
 20
-93.861540319404
 10
348.921356422354
 20
-93.855977582463
 10
348.921086010829
 20
-93.850384121715
 10
348.920792716961
 20
-93.84475913411
 10
348.920476393978
 20
-93.839101816597
 10
348.9201368951
 20
-93.833411366126
 10
348.919774073551
 20
-93.827686979648
 10
348.919387782553
 20
-93.821927854115
 10
348.918977875332
 20
-93.816133186475
 10
348.918544274819
 20
-93.810302742806
 10
348.918087182778
 20
-93.804438565691
 10
348.917606870688
 20
-93.798543266841
 10
348.917103610016
 20
-93.792619457966
 10
348.916577672244
 20
-93.786669750775
 10
348.916029328843
 20
-93.78069675698
 10
348.915458851287
 20
-93.77470308829
 10
348.914866511052
 20
-93.768691356416
 10
348.914252579613
 20
-93.762664173067
 10
348.913617328441
 20
-93.756624149954
 10
348.912961029013
 20
-93.750573898787
 10
348.912283952805
 20
-93.744516031278
 10
348.911586371287
 20
-93.738453159134
 10
348.910868555937
 20
-93.732387894068
 10
348.91013077823
 20
-93.726322847788
 10
348.909373309638
 20
-93.720260632005
 10
348.908596421636
 20
-93.714203858431
 10
348.9078003857
 20
-93.708155138773
 10
348.906985473303
 20
-93.702117084744
 10
348.90615195592
 20
-93.696092308052
 10
348.905300105025
 20
-93.690083420409
 10
348.904430192093
 20
-93.684093033524
 10
348.903542488599
 20
-93.678123759108
 10
348.902637266016
 20
-93.672178208871
 10
348.901714795819
 20
-93.666258994522
 10
348.900775349481
 20
-93.660368727773
 10
348.899819198479
 20
-93.654510020333
 10
348.898846614288
 20
-93.648685483913
 10
348.897857868382
 20
-93.642897730224
 10
348.896853232233
 20
-93.637149370974
 10
348.895832977316
 20
-93.631443017874
 10
348.894797412373
 20
-93.625780607468
 10
348.893746995213
 20
-93.620161375638
 10
348.892682220907
 20
-93.614583883096
 10
348.891603584533
 20
-93.609046690558
 10
348.890511581158
 20
-93.603548358737
 10
348.889406705863
 20
-93.598087448347
 10
348.888289453718
 20
-93.592662520102
 10
348.887160319799
 20
-93.587272134717
 10
348.886019799178
 20
-93.581914852906
 10
348.884868386931
 20
-93.576589235383
 10
348.883706578132
 20
-93.571293842862
 10
348.882534867851
 20
-93.566027236058
 10
348.881353751167
 20
-93.560787975685
 10
348.880163723152
 20
-93.555574622456
 10
348.878965278878
 20
-93.550385737087
 10
348.877758913423
 20
-93.54521988029
 10
348.876545121857
 20
-93.540075612781
 10
348.875324399256
 20
-93.534951495274
 10
348.874097240694
 20
-93.529846088481
 10
348.872864141246
 20
-93.52475795312
 10
348.871625595981
 20
-93.519685649901
 10
348.870382099978
 20
-93.514627739542
 10
348.86913414831
 20
-93.509582782754
 10
348.867882236051
 20
-93.504549340253
 10
348.866626858273
 20
-93.499525972753
 10
348.865368510051
 20
-93.494511240968
 10
348.864107686461
 20
-93.489503705612
 10
348.862844882573
 20
-93.4845019274
 10
348.861580593464
 20
-93.479504467045
 10
348.860315314209
 20
-93.47450988526
 10
348.859049539879
 20
-93.469516742763
  0
LINE
  5
27A
330
193
100
AcDbEntity
  8
Layer11
  6
AUSGEZOGEN
 62
     7
370
    50
100
AcDbLine
 10
347.770639261005
 20
-89.909487132127
 30
0.0
 11
348.141065341299
 21
-89.796236514168
 31
0.0
  0
CIRCLE
  5
27B
330
193
100
AcDbEntity
  8
Layer11
  6
AUSGEZOGEN
 62
     7
370
    50
100
AcDbCircle
 10
350.268991602287
 20
-89.842391966658
 30
0.0
 40
0.6666953676709393
  0
LINE
  5
27C
330
193
100
AcDbEntity
  8
Layer11
  6
AUSGEZOGEN
 62
     7
370
    50
100
AcDbLine
 10
349.803435794053
 20
-89.457878697572
 30
0.0
 11
350.098045436502
 21
-90.421503418011
 31
0.0
  0
LINE
  5
27D
330
193
100
AcDbEntity
  8
Layer11
  6
AUSGEZOGEN
 62
     7
370
    50
100
AcDbLine
 10
350.191947363525
 20
-90.392794717872
 30
0.0
 11
349.923839224565
 21
-89.51585250952
 31
0.0
  0
LINE
  5
27E
330
193
100
AcDbEntity
  8
Layer11
  6
AUSGEZOGEN
 62
     7
370
    50
100
AcDbLine
 10
350.151037987456
 20
-89.92820927363
 30
0.0
 11
350.602543848456
 21
-90.267262774729
 31
0.0
  0
LINE
  5
27F
330
193
100
AcDbEntity
  8
Layer11
  6
AUSGEZOGEN
 62
     7
370
    50
100
AcDbLine
 10
350.602543848456
 20
-90.267262774729
 30
0.0
 11
350.718865588069
 21
-90.231699650009
 31
0.0
  0
LINE
  5
280
330
193
100
AcDbEntity
  8
Layer11
  6
AUSGEZOGEN
 62
     7
370
    50
100
AcDbLine
 10
350.718865588069
 20
-90.231699650009
 30
0.0
 11
350.34542145038
 21
-89.952502375563
 31
0.0
  0
LWPOLYLINE
  5
281
330
193
100
AcDbEntity
  8
Layer11
  6
AUSGEZOGEN
 62
     7
370
    50
100
AcDbPolyline
 90
      404
 70
     0
 43
0.0
 10
349.923839224565
 20
-89.51585250952
 10
349.92985915693
 20
-89.513996192516
 10
349.935874519915
 20
-89.512141371504
 10
349.94188074414
 20
-89.510289542479
 10
349.947873260226
 20
-89.508442201433
 10
349.953847498795
 20
-89.506600844361
 10
349.959798890465
 20
-89.504766967254
 10
349.965722865855
 20
-89.502942066107
 10
349.971614855587
 20
-89.501127636911
 10
349.977470290283
 20
-89.499325175662
 10
349.983284600561
 20
-89.497536178351
 10
349.989053217043
 20
-89.495762140972
 10
349.994771570348
 20
-89.494004559519
 10
350.000435091097
 20
-89.492264929983
 10
350.006039209908
 20
-89.49054474836
 10
350.011579357404
 20
-89.488845510641
 10
350.017050964205
 20
-89.48716871282
 10
350.022449460932
 20
-89.48551585089
 10
350.027770278203
 20
-89.483888420844
 10
350.033008846638
 20
-89.482287918676
 10
350.038160596862
 20
-89.480715840379
 10
350.043220959488
 20
-89.479173681945
 10
350.048185365144
 20
-89.477662939369
 10
350.053049244445
 20
-89.476185108643
 10
350.057808028012
 20
-89.474741685761
 10
350.062457146469
 20
-89.473334166715
 10
350.066992030432
 20
-89.4719640475
 10
350.071408110522
 20
-89.470632824107
 10
350.075700817361
 20
-89.469341992531
 10
350.079865581567
 20
-89.468093048764
 10
350.083897833764
 20
-89.466887488799
 10
350.08779300457
 20
-89.465726808632
 10
350.091548153749
 20
-89.464612038764
 10
350.09516685764
 20
-89.463542347748
 10
350.098654321726
 20
-89.462516438644
 10
350.102015751494
 20
-89.461533014517
 10
350.105256352423
 20
-89.460590778427
 10
350.108381329998
 20
-89.459688433437
 10
350.111395889702
 20
-89.458824682608
 10
350.114305237019
 20
-89.457998229003
 10
350.117114577432
 20
-89.457207775685
 10
350.119829116422
 20
-89.456452025714
 10
350.122454059478
 20
-89.455729682155
 10
350.124994612077
 20
-89.455039448067
 10
350.127455979706
 20
-89.454380026514
 10
350.129843367846
 20
-89.453750120558
 10
350.132161981983
 20
-89.45314843326
 10
350.134417027599
 20
-89.452573667682
 10
350.136613710178
 20
-89.452024526889
 10
350.138757235202
 20
-89.45149971394
 10
350.140852808154
 20
-89.450997931899
 10
350.142905634519
 20
-89.450517883827
 10
350.144920919778
 20
-89.450058272787
 10
350.146903869418
 20
-89.44961780184
 10
350.14885968892
 20
-89.449195174048
 10
350.150793583766
 20
-89.448789092475
 10
350.152710759441
 20
-89.448398260181
 10
350.154616421427
 20
-89.44802138023
 10
350.15651577521
 20
-89.447657155683
 10
350.158414026271
 20
-89.447304289602
 10
350.160316380094
 20
-89.44696148505
 10
350.162228042162
 20
-89.446627445088
 10
350.164154217959
 20
-89.446300872779
 10
350.166099004982
 20
-89.445980711156
 10
350.168062068784
 20
-89.44566686314
 10
350.170041966936
 20
-89.445359471623
 10
350.172037257004
 20
-89.445058679496
 10
350.174046496557
 20
-89.444764629653
 10
350.176068243163
 20
-89.444477464984
 10
350.178101054389
 20
-89.44419732838
 10
350.180143487807
 20
-89.443924362736
 10
350.182194100982
 20
-89.443658710942
 10
350.184251451483
 20
-89.44340051589
 10
350.18631409688
 20
-89.443149920473
 10
350.188380594738
 20
-89.442907067581
 10
350.190449502629
 20
-89.442672100108
 10
350.192519378117
 20
-89.442445160946
 10
350.194588778775
 20
-89.442226392985
 10
350.196656262168
 20
-89.442015939118
 10
350.198720385866
 20
-89.441813942238
 10
350.200779707435
 20
-89.441620545234
 10
350.202832784446
 20
-89.441435891002
 10
350.204878174464
 20
-89.44126012243
 10
350.206914435061
 20
-89.441093382413
 10
350.208940123803
 20
-89.440935813841
 10
350.21095379826
 20
-89.440787559607
 10
350.212954015999
 20
-89.440648762603
 10
350.214939334586
 20
-89.44051956572
 10
350.216908311593
 20
-89.440400111851
 10
350.218859504587
 20
-89.440290543887
 10
350.220791471136
 20
-89.440191004721
 10
350.22270276881
 20
-89.440101637243
 10
350.224591955174
 20
-89.440022584347
 10
350.226457587798
 20
-89.439953988925
 10
350.228298770955
 20
-89.439896073097
 10
350.230116795738
 20
-89.439849375898
 10
350.231913499942
 20
-89.439814515594
 10
350.233690721365
 20
-89.439792110447
 10
350.235450297805
 20
-89.439782778725
 10
350.237194067057
 20
-89.43978713869
 10
350.238923866917
 20
-89.439805808606
 10
350.240641535185
 20
-89.43983940674
 10
350.242348909655
 20
-89.439888551355
 10
350.244047828124
 20
-89.439953860715
 10
350.245740128392
 20
-89.440035953085
 10
350.247427648254
 20
-89.44013544673
 10
350.249112225505
 20
-89.440252959914
 10
350.250795697943
 20
-89.440389110901
 10
350.252479903366
 20
-89.440544517956
 10
350.25416667957
 20
-89.440719799344
 10
350.255857864351
 20
-89.440915573328
 10
350.257555295508
 20
-89.441132458174
 10
350.259260810835
 20
-89.441371072146
 10
350.260976248134
 20
-89.441632033509
 10
350.262703445195
 20
-89.441915960526
 10
350.26444423982
 20
-89.442223471463
 10
350.266200469803
 20
-89.442555184583
 10
350.267973972941
 20
-89.442911718152
 10
350.269766587033
 20
-89.443293690434
 10
350.271580149875
 20
-89.443701719692
 10
350.273416499262
 20
-89.444136424194
 10
350.275277472993
 20
-89.4445984222
 10
350.277164908865
 20
-89.445088331978
 10
350.279080644672
 20
-89.445606771791
 10
350.281026518215
 20
-89.446154359904
 10
350.283003765331
 20
-89.44673158687
 10
350.285011214037
 20
-89.447338432397
 10
350.287047090387
 20
-89.447974748486
 10
350.289109620446
 20
-89.448640387131
 10
350.291197030267
 20
-89.449335200332
 10
350.293307545912
 20
-89.450059040088
 10
350.295439393434
 20
-89.450811758395
 10
350.297590798895
 20
-89.45159320725
 10
350.299759988353
 20
-89.452403238654
 10
350.301945187865
 20
-89.453241704603
 10
350.304144623491
 20
-89.454108457095
 10
350.306356521287
 20
-89.455003348127
 10
350.308579107314
 20
-89.455926229699
 10
350.310810607629
 20
-89.456876953808
 10
350.313049248289
 20
-89.457855372451
 10
350.315293255351
 20
-89.458861337627
 10
350.317540854878
 20
-89.459894701334
 10
350.319790272925
 20
-89.460955315569
 10
350.322039735549
 20
-89.462043032329
 10
350.324287468811
 20
-89.463157703614
 10
350.326531698769
 20
-89.464299181422
 10
350.32877065148
 20
-89.465467317749
 10
350.331002553003
 20
-89.466661964594
 10
350.333225629395
 20
-89.467882973955
 10
350.335438106715
 20
-89.469130197829
 10
350.337638211022
 20
-89.470403488215
 10
350.339824168374
 20
-89.47170269711
 10
350.341994204828
 20
-89.473027676513
 10
350.344146546442
 20
-89.474378278421
 10
350.346279419279
 20
-89.475754354832
 10
350.348391049389
 20
-89.477155757744
 10
350.350479977722
 20
-89.478582258778
 10
350.352546004764
 20
-89.48003330805
 10
350.354589245883
 20
-89.481508275298
 10
350.356609816456
 20
-89.48300653026
 10
350.35860783185
 20
-89.484527442676
 10
350.360583407439
 20
-89.486070382283
 10
350.362536658595
 20
-89.487634718821
 10
350.364467700689
 20
-89.489219822028
 10
350.366376649096
 20
-89.490825061641
 10
350.368263619185
 20
-89.492449807401
 10
350.370128726325
 20
-89.494093429046
 10
350.371972085894
 20
-89.495755296314
 10
350.37379381326
 20
-89.497434778943
 10
350.375594023795
 20
-89.499131246674
 10
350.377372832873
 20
-89.500844069243
 10
350.379130355865
 20
-89.502572616389
 10
350.38086670814
 20
-89.504316257851
 10
350.382582005074
 20
-89.506074363369
 10
350.384276362038
 20
-89.507846302679
 10
350.3859498944
 20
-89.509631445521
 10
350.387602717538
 20
-89.511429161635
 10
350.389234946819
 20
-89.513238820756
 10
350.390846697616
 20
-89.515059792625
 10
350.392438085303
 20
-89.51689144698
 10
350.394009225249
 20
-89.51873315356
 10
350.395560232826
 20
-89.520584282103
 10
350.397091223409
 20
-89.522444202348
 10
350.398602312365
 20
-89.524312284034
 10
350.400093615072
 20
-89.526187896899
 10
350.401565246897
 20
-89.528070410681
 10
350.403017323213
 20
-89.529959195119
 10
350.404449912825
 20
-89.531853926905
 10
350.405862898268
 20
-89.533755510545
 10
350.407256115508
 20
-89.535665157498
 10
350.40862940051
 20
-89.537584079225
 10
350.409982589247
 20
-89.539513487183
 10
350.411315517679
 20
-89.541454592832
 10
350.412628021775
 20
-89.543408607631
 10
350.413919937506
 20
-89.54537674304
 10
350.415191100834
 20
-89.547360210518
 10
350.416441347727
 20
-89.549360221523
 10
350.417670514155
 20
-89.551377987516
 10
350.418878436082
 20
-89.553414719956
 10
350.420064949474
 20
-89.555471630302
 10
350.421229890301
 20
-89.557549930013
 10
350.422373094529
 20
-89.559650830549
 10
350.423494398123
 20
-89.561775543368
 10
350.424593637054
 20
-89.56392527993
 10
350.425670647285
 20
-89.566101251695
 10
350.426725264784
 20
-89.568304670121
 10
350.427757325519
 20
-89.570536746667
 10
350.428766665455
 20
-89.572798692794
 10
350.429753120561
 20
-89.57509171996
 10
350.430716526804
 20
-89.577417039625
 10
350.43165672015
 20
-89.579775863248
 10
350.432573536568
 20
-89.582169402288
 10
350.433466812019
 20
-89.584598868205
 10
350.434336382478
 20
-89.587065472457
 10
350.435182083906
 20
-89.589570426504
 10
350.436003752271
 20
-89.592114941805
 10
350.436801223543
 20
-89.59470022982
 10
350.437574333686
 20
-89.597327502007
 10
350.438322884566
 20
-89.599997410282
 10
350.439046541638
 20
-89.602708368374
 10
350.439744936259
 20
-89.605458230472
 10
350.44041769978
 20
-89.608244850764
 10
350.441064463556
 20
-89.611066083435
 10
350.441684858943
 20
-89.613919782672
 10
350.442278517292
 20
-89.616803802663
 10
350.44284506996
 20
-89.619715997593
 10
350.443384148301
 20
-89.62265422165
 10
350.443895383665
 20
-89.625616329021
 10
350.444378407412
 20
-89.628600173892
 10
350.444832850892
 20
-89.631603610452
 10
350.445258345461
 20
-89.634624492885
 10
350.445654522471
 20
-89.637660675379
 10
350.44602101328
 20
-89.640710012122
 10
350.44635744924
 20
-89.643770357299
 10
350.446663461704
 20
-89.646839565099
 10
350.446938682028
 20
-89.649915489707
 10
350.447182741564
 20
-89.652995985311
 10
350.447395271669
 20
-89.656078906097
 10
350.447575903694
 20
-89.659162106252
 10
350.447724268996
 20
-89.662243439962
 10
350.447839998928
 20
-89.665320761417
 10
350.447922724841
 20
-89.668391924801
 10
350.447972078095
 20
-89.671454784301
 10
350.447987690041
 20
-89.674507194105
 10
350.447969192033
 20
-89.677547008399
 10
350.447916215426
 20
-89.680572081372
 10
350.447828391574
 20
-89.683580267207
 10
350.44770535183
 20
-89.686569420093
 10
350.44754672755
 20
-89.689537394218
 10
350.447352093836
 20
-89.692482519801
 10
350.447120800793
 20
-89.695405031198
 10
350.446852142277
 20
-89.698305638798
 10
350.446545412142
 20
-89.701185052991
 10
350.44619990424
 20
-89.704043984166
 10
350.44581491243
 20
-89.706883142711
 10
350.445389730561
 20
-89.709703239018
 10
350.444923652491
 20
-89.712504983475
 10
350.444415972074
 20
-89.715289086471
 10
350.443865983161
 20
-89.718056258395
 10
350.443272979612
 20
-89.720807209638
 10
350.442636255279
 20
-89.723542650588
 10
350.441955104014
 20
-89.726263291634
 10
350.441228819675
 20
-89.728969843167
 10
350.440456696115
 20
-89.731663015574
 10
350.439638027188
 20
-89.734343519246
 10
350.438772106749
 20
-89.737012064572
 10
350.437858228652
 20
-89.739669361941
 10
350.436895686751
 20
-89.742316121743
 10
350.435883774903
 20
-89.744953054366
 10
350.434821786959
 20
-89.747580870201
 10
350.433709016776
 20
-89.750200279635
 10
350.432544758205
 20
-89.752811993061
 10
350.431328305105
 20
-89.755416720865
 10
350.430058951328
 20
-89.758015173438
 10
350.428735990729
 20
-89.760608061169
 10
350.427358717159
 20
-89.763196094446
 10
350.425926424478
 20
-89.765779983661
 10
350.424438406537
 20
-89.7683604392
 10
350.422893957191
 20
-89.770938171456
 10
350.421292370296
 20
-89.773513890816
 10
350.419633652544
 20
-89.776087830217
 10
350.417920661987
 20
-89.77865831279
 10
350.416156969517
 20
-89.781223184212
 10
350.414346146026
 20
-89.783780290159
 10
350.412491762405
 20
-89.786327476311
 10
350.410597389546
 20
-89.788862588344
 10
350.40866659834
 20
-89.791383471937
 10
350.406702959677
 20
-89.793887972764
 10
350.404710044452
 20
-89.796373936507
 10
350.402691423551
 20
-89.79883920884
 10
350.400650667871
 20
-89.801281635443
 10
350.398591348301
 20
-89.803699061991
 10
350.396517035733
 20
-89.806089334164
 10
350.394431301058
 20
-89.808450297639
 10
350.392337715168
 20
-89.810779798092
 10
350.390239848956
 20
-89.813075681202
 10
350.388141273308
 20
-89.815335792646
 10
350.38604555912
 20
-89.817557978101
 10
350.383956277285
 20
-89.819740083245
 10
350.38187699869
 20
-89.821879953756
 10
350.37981129423
 20
-89.823975435311
 10
350.377762734794
 20
-89.826024373588
 10
350.375734891275
 20
-89.828024614263
 10
350.373731334563
 20
-89.829974003014
 10
350.371755635552
 20
-89.831870385521
 10
350.369811365132
 20
-89.833711607458
 10
350.367902094193
 20
-89.835495514506
 10
350.366031393629
 20
-89.837219952339
 10
350.364202834331
 20
-89.838882766637
 10
350.362419987189
 20
-89.840481803076
 10
350.360686423094
 20
-89.842014907334
 10
350.359004683724
 20
-89.84348071239
 10
350.357373193891
 20
-89.844881000427
 10
350.355789349187
 20
-89.84621834093
 10
350.354250545212
 20
-89.847495303381
 10
350.35275417756
 20
-89.848714457266
 10
350.351297641826
 20
-89.849878372068
 10
350.349878333607
 20
-89.850989617273
 10
350.3484936485
 20
-89.852050762363
 10
350.347140982098
 20
-89.853064376823
 10
350.345817729998
 20
-89.854033030137
 10
350.344521287796
 20
-89.85495929179
 10
350.34324905109
 20
-89.855845731266
 10
350.341998415472
 20
-89.856694918048
 10
350.340766776539
 20
-89.857509421622
 10
350.339551529887
 20
-89.858291811471
 10
350.338350071114
 20
-89.859044657079
 10
350.337159795812
 20
-89.859770527931
 10
350.33597809958
 20
-89.86047199351
 10
350.334802378013
 20
-89.861151623301
 10
350.333630026704
 20
-89.861811986789
 10
350.332458441255
 20
-89.862455653457
 10
350.331285017255
 20
-89.863085192789
 10
350.330107150305
 20
-89.86370317427
 10
350.328922235997
 20
-89.864312167383
 10
350.32772766993
 20
-89.864914741614
 10
350.326520847697
 20
-89.865513466447
 10
350.325299164895
 20
-89.866110911364
 10
350.324060017123
 20
-89.866709645851
 10
350.322800799972
 20
-89.867312239392
 10
350.321518909037
 20
-89.86792126147
 10
350.32021173992
 20
-89.868539281571
 10
350.318876908752
 20
-89.869168444515
 10
350.317512913822
 20
-89.869809196472
 10
350.316118473964
 20
-89.870461558946
 10
350.314692308006
 20
-89.871125553445
 10
350.313233134775
 20
-89.871801201474
 10
350.311739673103
 20
-89.872488524541
 10
350.310210641821
 20
-89.873187544149
 10
350.308644759758
 20
-89.873898281806
 10
350.307040745742
 20
-89.874620759017
 10
350.305397318605
 20
-89.87535499729
 10
350.303713197176
 20
-89.876101018129
 10
350.301987100284
 20
-89.87685884304
 10
350.300217746757
 20
-89.87762849353
 10
350.29840385543
 20
-89.878409991105
 10
350.296544145129
 20
-89.879203357272
 10
350.294637334684
 20
-89.880008613534
 10
350.292682142925
 20
-89.880825781399
 10
350.290677288682
 20
-89.881654882373
 10
350.288621490785
 20
-89.882495937963
 10
350.286513468065
 20
-89.883348969673
 10
350.284351939348
 20
-89.88421399901
 10
350.282135623467
 20
-89.88509104748
 10
350.27986323925
 20
-89.88598013659
 10
350.277533505529
 20
-89.886881287844
 10
350.27514514113
 20
-89.88779452275
 10
350.272696864886
 20
-89.888719862812
 10
350.270187395625
 20
-89.889657329538
 10
350.267615452178
 20
-89.890606944433
 10
350.264979753374
 20
-89.891568729003
 10
350.262279018043
 20
-89.892542704754
 10
350.259511965014
 20
-89.893528893193
 10
350.25667789008
 20
-89.894527246466
 10
350.253778396889
 20
-89.895537439281
 10
350.250815666046
 20
-89.896559076987
 10
350.247791878163
 20
-89.897591764931
 10
350.244709213845
 20
-89.898635108464
 10
350.241569853703
 20
-89.899688712932
 10
350.238375978344
 20
-89.900752183686
 10
350.23512976838
 20
-89.901825126073
 10
350.231833404418
 20
-89.902907145442
 10
350.228489067064
 20
-89.903997847143
 10
350.225098936928
 20
-89.905096836523
 10
350.221665194622
 20
-89.90620371893
 10
350.218190020751
 20
-89.907318099714
 10
350.214675595922
 20
-89.908439584224
 10
350.21112410075
 20
-89.909567777807
 10
350.207537715838
 20
-89.910702285812
 10
350.203918621797
 20
-89.911842713589
 10
350.200268999235
 20
-89.912988666485
 10
350.19659102876
 20
-89.914139749849
 10
350.192886890982
 20
-89.91529556903
 10
350.189158766509
 20
-89.916455729377
 10
350.185408835951
 20
-89.917619836237
 10
350.181639279912
 20
-89.91878749496
 10
350.177852279008
 20
-89.919958310895
 10
350.174050013841
 20
-89.921131889389
 10
350.170234665022
 20
-89.922307835791
 10
350.166408413161
 20
-89.92348575545
 10
350.162573438866
 20
-89.924665253715
 10
350.158731922744
 20
-89.925845935934
 10
350.154886045404
 20
-89.927027407457
 10
350.151037987456
 20
-89.92820927363
  0
LWPOLYLINE
  5
282
330
193
100
AcDbEntity
  8
Layer11
  6
AUSGEZOGEN
 62
     7
370
    50
100
AcDbPolyline
 90
      373
 70
     0
 43
0.0
 10
349.803435794053
 20
-89.457878697572
 10
349.812399983188
 20
-89.455127147057
 10
349.82135617729
 20
-89.452378109137
 10
349.830296381328
 20
-89.449634096408
 10
349.839212600268
 20
-89.446897621461
 10
349.848096839076
 20
-89.444171196894
 10
349.856941102722
 20
-89.4414573353
 10
349.865737396173
 20
-89.438758549273
 10
349.874477724392
 20
-89.436077351409
 10
349.883154092353
 20
-89.433416254303
 10
349.891758505019
 20
-89.430777770549
 10
349.900282967359
 20
-89.42816441274
 10
349.908719484338
 20
-89.425578693474
 10
349.917060060927
 20
-89.423023125343
 10
349.925296702091
 20
-89.420500220944
 10
349.9334214128
 20
-89.418012492869
 10
349.941426198017
 20
-89.415562453714
 10
349.949303062711
 20
-89.413152616074
 10
349.957044011852
 20
-89.410785492543
 10
349.964641050403
 20
-89.408463595716
 10
349.972086183336
 20
-89.406189438188
 10
349.979371415615
 20
-89.403965532552
 10
349.986488752209
 20
-89.401794391405
 10
349.993430198083
 20
-89.399678527341
 10
350.000187758207
 20
-89.397620452954
 10
350.006753437549
 20
-89.395622680838
 10
350.013119241072
 20
-89.393687723589
 10
350.019277173748
 20
-89.391818093802
 10
350.025219240541
 20
-89.39001630407
 10
350.030937446422
 20
-89.388284866988
 10
350.036423796353
 20
-89.386626295152
 10
350.041670295308
 20
-89.385043101156
 10
350.046671921249
 20
-89.383536940384
 10
350.051435544145
 20
-89.382106039373
 10
350.055971006959
 20
-89.380747767454
 10
350.060288152663
 20
-89.379459493953
 10
350.064396824219
 20
-89.378238588199
 10
350.068306864596
 20
-89.377082419518
 10
350.072028116758
 20
-89.37598835724
 10
350.075570423673
 20
-89.374953770694
 10
350.078943628305
 20
-89.373976029205
 10
350.082157573625
 20
-89.373052502102
 10
350.085222102596
 20
-89.372180558714
 10
350.088147058185
 20
-89.371357568369
 10
350.090942283358
 20
-89.370580900393
 10
350.093617621082
 20
-89.369847924117
 10
350.096182914324
 20
-89.369156008866
 10
350.098648006048
 20
-89.36850252397
 10
350.101022739222
 20
-89.367884838756
 10
350.103316956813
 20
-89.367300322553
 10
350.105540501787
 20
-89.366746344688
 10
350.107703217109
 20
-89.366220274489
 10
350.109814945747
 20
-89.365719481285
 10
350.111885530667
 20
-89.365241334403
 10
350.113924814836
 20
-89.364783203171
 10
350.11594264122
 20
-89.364342456917
 10
350.117948852783
 20
-89.363916464969
 10
350.119953292495
 20
-89.363502596657
 10
350.121965803319
 20
-89.363098221305
 10
350.123996228225
 20
-89.362700708245
 10
350.126054410177
 20
-89.362307426802
 10
350.128150192142
 20
-89.361915746305
 10
350.130293417086
 20
-89.361523036083
 10
350.132491598663
 20
-89.361127154338
 10
350.134742933275
 20
-89.360727914773
 10
350.137043288014
 20
-89.360325619964
 10
350.13938852997
 20
-89.35992057249
 10
350.14177452623
 20
-89.359513074929
 10
350.144197143887
 20
-89.359103429857
 10
350.146652250031
 20
-89.358691939853
 10
350.149135711752
 20
-89.358278907494
 10
350.151643396139
 20
-89.357864635356
 10
350.154171170283
 20
-89.357449426018
 10
350.156714901274
 20
-89.357033582059
 10
350.159270456203
 20
-89.356617406053
 10
350.161833702159
 20
-89.35620120058
 10
350.164400506234
 20
-89.355785268217
 10
350.166966735515
 20
-89.355369911542
 10
350.169528257093
 20
-89.354955433131
 10
350.172080938061
 20
-89.354542135563
 10
350.174620645505
 20
-89.354130321414
 10
350.177143246518
 20
-89.353720293264
 10
350.17964460819
 20
-89.353312353688
 10
350.18212059761
 20
-89.352906805265
 10
350.18456708187
 20
-89.352503950572
 10
350.186979928058
 20
-89.352104092186
 10
350.189355003264
 20
-89.351707532685
 10
350.19168817458
 20
-89.351314574648
 10
350.193975309096
 20
-89.35092552065
 10
350.196212273899
 20
-89.35054067327
 10
350.198394936084
 20
-89.350160335085
 10
350.200519162738
 20
-89.349784808674
 10
350.202580820951
 20
-89.349414396611
 10
350.204575777814
 20
-89.349049401477
 10
350.206501655903
 20
-89.348690303446
 10
350.208363099735
 20
-89.348338293092
 10
350.210166509313
 20
-89.34799473858
 10
350.211918284637
 20
-89.347661008085
 10
350.213624825712
 20
-89.347338469774
 10
350.215292532541
 20
-89.347028491817
 10
350.216927805124
 20
-89.346732442383
 10
350.218537043467
 20
-89.346451689644
 10
350.22012664757
 20
-89.346187601767
 10
350.221703017436
 20
-89.345941546924
 10
350.223272553069
 20
-89.345714893285
 10
350.22484165447
 20
-89.345509009018
 10
350.226416721642
 20
-89.345325262295
 10
350.228004154588
 20
-89.345165021283
 10
350.229610353308
 20
-89.345029654154
 10
350.231241717811
 20
-89.344920529076
 10
350.232904648092
 20
-89.344839014221
 10
350.23460554416
 20
-89.344786477757
 10
350.236350806012
 20
-89.344764287855
 10
350.238146833654
 20
-89.344773812684
 10
350.240000027088
 20
-89.344816420414
 10
350.241916786316
 20
-89.344893479214
 10
350.243903511342
 20
-89.345006357255
 10
350.245966602166
 20
-89.345156422707
 10
350.248112458794
 20
-89.345345043739
 10
350.250347481226
 20
-89.34557358852
 10
350.252678069465
 20
-89.345843425222
 10
350.255110623513
 20
-89.346155922012
 10
350.257651543374
 20
-89.346512447062
 10
350.260307229051
 20
-89.346914368542
 10
350.263084080545
 20
-89.347363054619
 10
350.265986391276
 20
-89.347859600522
 10
350.269010028336
 20
-89.348404009703
 10
350.272148752232
 20
-89.348996012672
 10
350.275396323474
 20
-89.349635339937
 10
350.278746502565
 20
-89.350321722009
 10
350.282193050018
 20
-89.351054889396
 10
350.28572972634
 20
-89.351834572608
 10
350.289350292038
 20
-89.352660502154
 10
350.293048507618
 20
-89.353532408545
 10
350.296818133593
 20
-89.354450022289
 10
350.300652930466
 20
-89.355413073896
 10
350.304546658748
 20
-89.356421293874
 10
350.308493078948
 20
-89.357474412734
 10
350.31248595157
 20
-89.358572160983
 10
350.316519037126
 20
-89.359714269134
 10
350.320586096121
 20
-89.360900467695
 10
350.324680889064
 20
-89.362130487174
 10
350.328797176462
 20
-89.363404058082
 10
350.332928718828
 20
-89.364720910928
 10
350.337069276664
 20
-89.366080776221
 10
350.34121261048
 20
-89.367483384471
 10
350.345352480785
 20
-89.368928466185
 10
350.349482648086
 20
-89.370415751877
 10
350.35359687289
 20
-89.371944972052
 10
350.357688915709
 20
-89.373515857222
 10
350.361752537047
 20
-89.375128137895
 10
350.365781497412
 20
-89.376781544582
 10
350.369769557314
 20
-89.378475807791
 10
350.373710477261
 20
-89.380210658032
 10
350.37759801776
 20
-89.381985825813
 10
350.381425939319
 20
-89.383801041646
 10
350.385189279176
 20
-89.385656166525
 10
350.388888181493
 20
-89.387551583399
 10
350.39252406716
 20
-89.389487805699
 10
350.396098357065
 20
-89.39146534686
 10
350.399612472102
 20
-89.393484720315
 10
350.40306783316
 20
-89.395546439498
 10
350.406465861132
 20
-89.397651017841
 10
350.409807976905
 20
-89.39979896878
 10
350.413095601371
 20
-89.401990805746
 10
350.41633015542
 20
-89.404227042174
 10
350.419513059946
 20
-89.406508191498
 10
350.422645735835
 20
-89.40883476715
 10
350.42572960398
 20
-89.411207282566
 10
350.428766085272
 20
-89.413626251177
 10
350.431756600601
 20
-89.416092186416
 10
350.434702570858
 20
-89.418605601719
 10
350.437605416934
 20
-89.421167010518
 10
350.440466559716
 20
-89.423776926247
 10
350.443287420098
 20
-89.42643586234
 10
350.446069418971
 20
-89.429144332229
 10
350.448813977226
 20
-89.431902849349
 10
350.45152251575
 20
-89.434711927133
 10
350.454196455438
 20
-89.437572079016
 10
350.456837217178
 20
-89.440483818428
 10
350.459446221859
 20
-89.443447658806
 10
350.462024890378
 20
-89.446464113581
 10
350.464574643618
 20
-89.449533696188
 10
350.467096902474
 20
-89.452656920061
 10
350.469593087835
 20
-89.455834298632
 10
350.472064620594
 20
-89.459066345335
 10
350.474512921639
 20
-89.462353573605
 10
350.476938976939
 20
-89.46569587352
 10
350.479342032777
 20
-89.469090641749
 10
350.481720900509
 20
-89.472534651606
 10
350.484074391498
 20
-89.476024676405
 10
350.486401317099
 20
-89.479557489461
 10
350.488700488673
 20
-89.483129864087
 10
350.490970717581
 20
-89.486738573598
 10
350.493210815179
 20
-89.490380391309
 10
350.495419592828
 20
-89.494052090534
 10
350.497595861885
 20
-89.497750444586
 10
350.499738433713
 20
-89.501472226782
 10
350.501846119667
 20
-89.505214210432
 10
350.503917731108
 20
-89.508973168855
 10
350.505952079395
 20
-89.512745875363
 10
350.507947975886
 20
-89.51652910327
 10
350.509904231942
 20
-89.520319625892
 10
350.511819658919
 20
-89.524114216541
 10
350.51369306818
 20
-89.527909648532
 10
350.515523271082
 20
-89.531702695181
 10
350.517309078985
 20
-89.5354901298
 10
350.519049303248
 20
-89.539268725704
 10
350.520742755227
 20
-89.543035256209
 10
350.522388246285
 20
-89.546786494628
 10
350.523984587781
 20
-89.550519214274
 10
350.525530591073
 20
-89.554230188463
 10
350.527025067519
 20
-89.557916190509
 10
350.528466828479
 20
-89.561573993726
 10
350.529854685312
 20
-89.565200371429
 10
350.531187449378
 20
-89.56879209693
 10
350.532463932034
 20
-89.572345943547
 10
350.533682944643
 20
-89.575858684591
 10
350.534843693262
 20
-89.579327902478
 10
350.535946962766
 20
-89.582754416012
 10
350.536993932729
 20
-89.5861398531
 10
350.537985782727
 20
-89.589485841646
 10
350.538923692333
 20
-89.592794009556
 10
350.539808841126
 20
-89.596065984737
 10
350.540642408676
 20
-89.599303395093
 10
350.54142557456
 20
-89.602507868529
 10
350.542159518355
 20
-89.605681032952
 10
350.542845419634
 20
-89.608824516266
 10
350.543484457971
 20
-89.611939946377
 10
350.544077812942
 20
-89.61502895119
 10
350.544626664121
 20
-89.618093158611
 10
350.545132191086
 20
-89.621134196545
 10
350.545595573409
 20
-89.624153692898
 10
350.546017990666
 20
-89.627153275575
 10
350.54640062243
 20
-89.630134572482
 10
350.54674464828
 20
-89.633099211524
 10
350.547051247788
 20
-89.636048820605
 10
350.547321600529
 20
-89.638985027633
 10
350.547556886079
 20
-89.641909460512
 10
350.547758284011
 20
-89.644823747147
 10
350.547926973901
 20
-89.647729515444
 10
350.548064135326
 20
-89.650628393309
 10
350.548170947859
 20
-89.653522008646
 10
350.548248591076
 20
-89.656411989363
 10
350.54829824455
 20
-89.659299963363
 10
350.548321087858
 20
-89.662187558552
 10
350.548318300573
 20
-89.665076402835
 10
350.548291062271
 20
-89.667968124118
 10
350.548240552529
 20
-89.670864350308
 10
350.548167714486
 20
-89.67376633075
 10
350.548072545562
 20
-89.676673800563
 10
350.547954806742
 20
-89.679586116304
 10
350.547814259013
 20
-89.682502634532
 10
350.547650663359
 20
-89.685422711809
 10
350.547463780764
 20
-89.688345704691
 10
350.547253372217
 20
-89.691270969737
 10
350.547019198703
 20
-89.694197863508
 10
350.546761021206
 20
-89.697125742561
 10
350.546478600711
 20
-89.700053963457
 10
350.546171698207
 20
-89.702981882754
 10
350.545840074676
 20
-89.70590885701
 10
350.545483491105
 20
-89.708834242786
 10
350.545101708482
 20
-89.711757396639
 10
350.544694487788
 20
-89.71467767513
 10
350.54426159001
 20
-89.717594434816
 10
350.543802776138
 20
-89.720507032257
 10
350.543317807151
 20
-89.723414824012
 10
350.54280644404
 20
-89.726317166641
 10
350.542268447787
 20
-89.729213416701
 10
350.54170357938
 20
-89.732102930752
 10
350.541111599803
 20
-89.734985065354
 10
350.540492270042
 20
-89.737859177064
 10
350.539845351083
 20
-89.740724622443
 10
350.539170603912
 20
-89.743580758048
 10
350.538467789513
 20
-89.746426940439
 10
350.537736668872
 20
-89.749262526176
 10
350.536977002976
 20
-89.752086871817
 10
350.536188552811
 20
-89.75489933392
 10
350.535371079361
 20
-89.757699269046
 10
350.53452434361
 20
-89.760486033752
 10
350.533648181829
 20
-89.763259099989
 10
350.532742731408
 20
-89.766018401269
 10
350.531808205026
 20
-89.768763986495
 10
350.530844815352
 20
-89.771495904569
 10
350.529852775068
 20
-89.774214204394
 10
350.528832296843
 20
-89.776918934874
 10
350.527783593356
 20
-89.779610144909
 10
350.526706877279
 20
-89.782287883404
 10
350.525602361289
 20
-89.784952199261
 10
350.524470258061
 20
-89.787603141383
 10
350.523310780269
 20
-89.790240758673
 10
350.522124140589
 20
-89.792865100033
 10
350.520910551695
 20
-89.795476214365
 10
350.519670226262
 20
-89.798074150575
 10
350.518403376964
 20
-89.800658957563
 10
350.517110216479
 20
-89.803230684232
 10
350.515790957479
 20
-89.805789379486
 10
350.51444581264
 20
-89.808335092226
 10
350.513074994639
 20
-89.810867871356
 10
350.511678716146
 20
-89.813387765778
 10
350.510257189843
 20
-89.815894824396
 10
350.508810628399
 20
-89.818389096112
 10
350.50733924449
 20
-89.820870629828
 10
350.505843250792
 20
-89.823339474448
 10
350.504322859981
 20
-89.825795678875
 10
350.502778284732
 20
-89.82823929201
 10
350.501209737717
 20
-89.830670362757
 10
350.499617431613
 20
-89.833088940018
 10
350.498001579095
 20
-89.835495072697
 10
350.496362392838
 20
-89.837888809696
 10
350.494700085517
 20
-89.840270199917
 10
350.493014805592
 20
-89.842639209341
 10
350.491306444659
 20
-89.844995472247
 10
350.489574830103
 20
-89.847338539998
 10
350.487819789302
 20
-89.84966796395
 10
350.486041149641
 20
-89.851983295463
 10
350.4842387385
 20
-89.854284085894
 10
350.482412383262
 20
-89.856569886602
 10
350.480561911312
 20
-89.858840248947
 10
350.478687150029
 20
-89.861094724287
 10
350.476787926795
 20
-89.863332863981
 10
350.474864068992
 20
-89.865554219386
 10
350.472915404004
 20
-89.867758341864
 10
350.470941759211
 20
-89.869944782771
 10
350.468942961998
 20
-89.872113093466
 10
350.466918839744
 20
-89.874262825309
 10
350.464869219832
 20
-89.876393529657
 10
350.462793929644
 20
-89.878504757869
 10
350.460692796565
 20
-89.880596061305
 10
350.458565647972
 20
-89.882666991323
 10
350.456412311251
 20
-89.884717099281
 10
350.454232613782
 20
-89.886745936539
 10
350.452026382949
 20
-89.888753054453
 10
350.449793446133
 20
-89.890738004386
 10
350.447533630715
 20
-89.892700337692
 10
350.445246764079
 20
-89.894639605734
 10
350.442932673606
 20
-89.896555359866
 10
350.440591186678
 20
-89.898447151451
 10
350.438222130679
 20
-89.900314531846
 10
350.435825332989
 20
-89.902157052409
 10
350.43340062099
 20
-89.9039742645
 10
350.430947822064
 20
-89.905765719476
 10
350.428466944299
 20
-89.907531184363
 10
350.425958718588
 20
-89.90927128884
 10
350.423424056528
 20
-89.910986878256
 10
350.420863869718
 20
-89.912678797957
 10
350.418279069758
 20
-89.914347893291
 10
350.415670568244
 20
-89.915995009605
 10
350.413039276777
 20
-89.917620992244
 10
350.410386106953
 20
-89.919226686558
 10
350.407711970369
 20
-89.920812937891
 10
350.405017778623
 20
-89.922380591592
 10
350.402304443318
 20
-89.923930493006
 10
350.399572876049
 20
-89.925463487481
 10
350.396823988413
 20
-89.926980420365
 10
350.394058692011
 20
-89.928482137004
 10
350.391277898438
 20
-89.929969482745
 10
350.388482519295
 20
-89.931443302934
 10
350.385673466179
 20
-89.93290444292
 10
350.382851650688
 20
-89.934353748047
 10
350.380017984419
 20
-89.935792063666
 10
350.377173378973
 20
-89.93722023512
 10
350.374318745948
 20
-89.938639107758
 10
350.371454996939
 20
-89.940049526926
 10
350.368583043546
 20
-89.941452337973
 10
350.36570379737
 20
-89.942848386243
 10
350.362818170004
 20
-89.944238517084
 10
350.359927073052
 20
-89.945623575844
 10
350.357031418105
 20
-89.94700440787
 10
350.354132116769
 20
-89.948381858508
 10
350.351230080636
 20
-89.949756773105
 10
350.348326221307
 20
-89.951129997007
 10
350.34542145038
 20
-89.952502375563
  0
LINE
  5
283
330
193
100
AcDbEntity
  8
Layer11
  6
AUSGEZOGEN
 62
     7
370
    50
100
AcDbLine
 10
350.098045436502
 20
-90.421503418011
 30
0.0
 11
350.191947363525
 21
-90.392794717872
 31
0.0
  0
LINE
  5
284
330
193
100
AcDbEntity
  8
Layer11
  6
AUSGEZOGEN
 62
     7
370
    50
100
AcDbLine
 10
353.939476745422
 20
-99.995061324463
 30
0.0
 11
354.089523003099
 21
-99.949187579852
 31
0.0
  0
LINE
  5
285
330
193
100
AcDbEntity
  8
Layer11
  6
AUSGEZOGEN
 62
     7
370
    50
100
AcDbLine
 10
356.888258276053
 20
-105.228220803964
 30
0.0
 11
357.038304533731
 21
-105.182347059354
 31
0.0
  0
LINE
  5
286
330
193
100
AcDbEntity
  8
Layer11
  6
AUSGEZOGEN
 62
     7
370
    50
100
AcDbLine
 10
347.855078712164
 20
-108.695135835143
 30
0.0
 11
342.253967778939
 21
-90.374727472781
 31
0.0
  0
LINE
  5
287
330
193
100
AcDbEntity
  8
Layer11
  6
AUSGEZOGEN
 62
     7
370
    50
100
AcDbLine
 10
357.263660953075
 20
-98.732039254352
 30
0.0
 11
365.479775704433
 21
-103.306725213195
 31
0.0
  0
LINE
  5
288
330
193
100
AcDbEntity
  8
Layer11
  6
AUSGEZOGEN
 62
     7
370
    50
100
AcDbLine
 10
356.907905155522
 20
-98.533956449875
 30
0.0
 11
357.119677863033
 21
-98.651870288819
 31
0.0
  0
LINE
  5
289
330
193
100
AcDbEntity
  8
Layer11
  6
AUSGEZOGEN
 62
     7
370
    50
100
AcDbLine
 10
356.238841745884
 20
-98.161425749141
 30
0.0
 11
356.551824870994
 21
-98.335692972899
 31
0.0
  0
LINE
  5
28A
330
193
100
AcDbEntity
  8
Layer11
  6
AUSGEZOGEN
 62
     7
370
    50
100
AcDbLine
 10
355.707526577084
 20
-97.865592485367
 30
0.0
 11
356.041123976575
 21
-98.051337619843
 31
0.0
  0
LINE
  5
28B
330
193
100
AcDbEntity
  8
Layer11
  6
AUSGEZOGEN
 62
     7
370
    50
100
AcDbLine
 10
349.246904088243
 20
-94.268354632743
 30
0.0
 11
355.597636314779
 21
-97.804406212391
 31
0.0
  0
LINE
  5
28C
330
193
100
AcDbEntity
  8
Layer11
  6
AUSGEZOGEN
 62
     7
370
    50
100
AcDbLine
 10
345.988438751172
 20
-92.45405966779
 30
0.0
 11
348.912787809377
 21
-94.082320589184
 31
0.0
  0
LINE
  5
28D
330
193
100
AcDbEntity
  8
Layer11
  6
AUSGEZOGEN
 62
     7
370
    50
100
AcDbLine
 10
342.253967778939
 20
-90.374727472781
 30
0.0
 11
344.087584158751
 21
-91.395674643126
 31
0.0
  0
ENDBLK
  5
195
330
193
100
AcDbEntity
  8
0
100
AcDbBlockEnd
  0
BLOCK
  5
2A2
330
2A1
100
AcDbEntity
  8
0
100
AcDbBlockBegin
  2
*D17
 70
     1
 10
0.0
 20
0.0
 30
0.0
  3
*D17
  1

  0
HATCH
  5
2A4
330
2A1
100
AcDbEntity
  8
Layer30
  6
AUSGEZOGEN
 62
     4
420
    65535
370
    18
100
AcDbHatch
 10
0.0
 20
0.0
 30
0.0
210
0.0
220
0.0
230
1.0
  2
SOLID
 70
     1
 71
     0
 91
        1
 92
        2
 72
     0
 73
     1
 93
        3
 10
-99.159
 20
18.084738587976
 10
-102.659
 20
18.784738587976
 10
-102.659
 20
17.384738587976
 97
        0
 75
     0
 76
     1
 98
        0
  0
HATCH
  5
2A5
330
2A1
100
AcDbEntity
  8
Layer30
  6
AUSGEZOGEN
 62
     4
420
    65535
370
    18
100
AcDbHatch
 10
0.0
 20
0.0
 30
0.0
210
0.0
220
0.0
230
1.0
  2
SOLID
 70
     1
 71
     0
 91
        1
 92
        2
 72
     0
 73
     1
 93
        3
 10
-112.159
 20
18.084738587976
 10
-108.659
 20
17.384738587976
 10
-108.659
 20
18.784738587976
 97
        0
 75
     0
 76
     1
 98
        0
  0
LINE
  5
2A6
330
2A1
100
AcDbEntity
  8
Layer30
  6
AUSGEZOGEN
 62
     4
420
    65535
370
    18
100
AcDbLine
 10
-108.659
 20
18.084738587976
 30
0.0
 11
-102.659
 21
18.084738587976
 31
0.0
  0
LINE
  5
2A7
330
2A1
100
AcDbEntity
  8
Layer30
  6
AUSGEZOGEN
 62
     4
420
    65535
370
    18
100
AcDbLine
 10
-112.159
 20
32.943
 30
0.0
 11
-112.159
 21
15.584738587976
 31
0.0
  0
LINE
  5
2A8
330
2A1
100
AcDbEntity
  8
Layer30
  6
AUSGEZOGEN
 62
     4
420
    65535
370
    18
100
AcDbLine
 10
-99.159
 20
32.943
 30
0.0
 11
-99.159
 21
15.584738587976
 31
0.0
  0
TEXT
  5
2A9
330
2A1
100
AcDbEntity
  8
Layer30
  6
AUSGEZOGEN
 62
     4
420
    65535
370
    18
100
AcDbText
 10
-107.886272727273
 20
19.834738587976
 30
0.0
 40
3.5
  1
13
 41
0.820056232427
  7
Arial
 72
     5
 11
-103.431727272727
 21
19.834738587976
 31
0.0
100
AcDbText
  0
ENDBLK
  5
2A3
330
2A1
100
AcDbEntity
  8
0
100
AcDbBlockEnd
  0
BLOCK
  5
2AC
330
2AB
100
AcDbEntity
  8
0
100
AcDbBlockBegin
  2
*D18
 70
     1
 10
0.0
 20
0.0
 30
0.0
  3
*D18
  1

  0
HATCH
  5
2AE
330
2AB
100
AcDbEntity
  8
Layer30
  6
AUSGEZOGEN
 62
     4
420
    65535
370
    18
100
AcDbHatch
 10
0.0
 20
0.0
 30
0.0
210
0.0
220
0.0
230
1.0
  2
SOLID
 70
     1
 71
     0
 91
        1
 92
        2
 72
     0
 73
     1
 93
        3
 10
-80.0
 20
32.943
 10
-79.3
 20
36.443
 10
-80.7
 20
36.443
 97
        0
 75
     0
 76
     1
 98
        0
  0
HATCH
  5
2AF
330
2AB
100
AcDbEntity
  8
Layer30
  6
AUSGEZOGEN
 62
     4
420
    65535
370
    18
100
AcDbHatch
 10
0.0
 20
0.0
 30
0.0
210
0.0
220
0.0
230
1.0
  2
SOLID
 70
     1
 71
     0
 91
        1
 92
        2
 72
     0
 73
     1
 93
        3
 10
-80.0
 20
52.943
 10
-80.7
 20
49.443
 10
-79.3
 20
49.443
 97
        0
 75
     0
 76
     1
 98
        0
  0
LINE
  5
2B0
330
2AB
100
AcDbEntity
  8
Layer30
  6
AUSGEZOGEN
 62
     4
420
    65535
370
    18
100
AcDbLine
 10
-80.0
 20
49.443
 30
0.0
 11
-80.0
 21
36.443
 31
0.0
  0
LINE
  5
2B1
330
2AB
100
AcDbEntity
  8
Layer30
  6
AUSGEZOGEN
 62
     4
420
    65535
370
    18
100
AcDbLine
 10
-99.159
 20
52.943
 30
0.0
 11
-77.5
 21
52.943
 31
0.0
  0
LINE
  5
2B2
330
2AB
100
AcDbEntity
  8
Layer30
  6
AUSGEZOGEN
 62
     4
420
    65535
370
    18
100
AcDbLine
 10
-99.159
 20
32.943
 30
0.0
 11
-77.5
 21
32.943
 31
0.0
  0
TEXT
  5
2B3
330
2AB
100
AcDbEntity
  8
Layer30
  6
AUSGEZOGEN
 62
     4
420
    65535
370
    18
100
AcDbText
 10
-81.75
 20
40.715727272727
 30
0.0
 40
3.5
  1
20
 50
90.0
 41
0.820056232427
  7
Arial
 72
     5
 11
-81.75
 21
45.170272727273
 31
0.0
100
AcDbText
  0
ENDBLK
  5
2AD
330
2AB
100
AcDbEntity
  8
0
100
AcDbBlockEnd
  0
BLOCK
  5
2B8
330
2B7
100
AcDbEntity
  8
0
100
AcDbBlockBegin
  2
*D19
 70
     1
 10
0.0
 20
0.0
 30
0.0
  3
*D19
  1

  0
HATCH
  5
2BA
330
2B7
100
AcDbEntity
  8
Layer12
  6
AUSGEZOGEN
 62
     4
420
    65535
370
    18
100
AcDbHatch
 10
0.0
 20
0.0
 30
0.0
210
0.0
220
0.0
230
1.0
  2
SOLID
 70
     1
 71
     0
 91
        1
 92
        2
 72
     0
 73
     1
 93
        3
 10
348.2450680773425
 20
92.94299999999998
 10
348.7700680773425
 20
96.44299999999998
 10
347.7200680773425
 20
96.44299999999998
 97
        0
 75
     0
 76
     1
 98
        0
  0
HATCH
  5
2BB
330
2B7
100
AcDbEntity
  8
Layer12
  6
AUSGEZOGEN
 62
     4
420
    65535
370
    18
100
AcDbHatch
 10
0.0
 20
0.0
 30
0.0
210
0.0
220
0.0
230
1.0
  2
SOLID
 70
     1
 71
     0
 91
        1
 92
        2
 72
     0
 73
     1
 93
        3
 10
348.2450680773425
 20
252.943
 10
347.7200680773425
 20
249.443
 10
348.7700680773425
 20
249.443
 97
        0
 75
     0
 76
     1
 98
        0
  0
LINE
  5
2BC
330
2B7
100
AcDbEntity
  8
Layer12
  6
AUSGEZOGEN
 62
     4
420
    65535
370
    18
100
AcDbLine
 10
348.245068077343
 20
249.443
 30
0.0
 11
348.245068077343
 21
96.443
 31
0.0
  0
LINE
  5
2BD
330
2B7
100
AcDbEntity
  8
Layer12
  6
AUSGEZOGEN
 62
     4
420
    65535
370
    18
100
AcDbLine
 10
287.341
 20
252.943
 30
0.0
 11
350.245068077343
 21
252.943
 31
0.0
  0
LINE
  5
2BE
330
2B7
100
AcDbEntity
  8
Layer12
  6
AUSGEZOGEN
 62
     4
420
    65535
370
    18
100
AcDbLine
 10
316.8361
 20
92.943
 30
0.0
 11
350.245068077343
 21
92.943
 31
0.0
  0
WIPEOUT
  5
2BF
330
2B7
100
AcDbEntity
  8
Layer12
  6
AUSGEZOGEN
 62
     4
420
    65535
370
    18
160
               152
310
98000000040000000C0000000E000000120000000C00000016000000000000C20C00000014000000010000006C000000070000000400000048B11A6685C975404B37894ED1186540000000000000000048B11A6685C97540E5D022CE882366400000000000000000AE1781CCEB6F7540E5D022CE8823664000000000000000
310
00AE1781CCEB6F75404B37894ED11865400000000000000000
100
AcDbWipeout
 90
        0
 10
342.995068077343
 20
168.775550144196
 30
0.0
 11
8.334899711608898
 21
0.0
 31
0.0
 12
0.0
 22
8.334899711608898
 32
0.0
 13
1.0
 23
1.0
340
0
 70
     7
280
     1
281
    50
282
    50
283
     0
360
0
 71
     2
 91
        5
 14
0.171873710994
 24
0.5
 14
0.171873710994
 24
-0.5
 14
-0.5
 24
-0.5
 14
-0.5
 24
0.5
 14
0.171873710994
 24
0.5
290
     0
  0
TEXT
  5
2C0
330
2B7
100
AcDbEntity
  8
Layer12
  6
AUSGEZOGEN
 62
     4
420
    65535
370
    18
100
AcDbText
 10
347.545068077343
 20
168.775550144196
 30
0.0
 40
3.5
  1
160
 50
90.0
 41
1.022938108936
  7
Arial
 72
     5
 11
347.545068077343
 21
177.110449855804
 31
0.0
100
AcDbText
  0
ENDBLK
  5
2B9
330
2B7
100
AcDbEntity
  8
0
100
AcDbBlockEnd
  0
BLOCK
  5
2C7
330
2C6
100
AcDbEntity
  8
0
100
AcDbBlockBegin
  2
*D20
 70
     1
 10
0.0
 20
0.0
 30
0.0
  3
*D20
  1

  0
HATCH
  5
2C9
330
2C6
100
AcDbEntity
  8
Layer12
  6
AUSGEZOGEN
 62
     4
420
    65535
370
    18
100
AcDbHatch
 10
0.0
 20
0.0
 30
0.0
210
0.0
220
0.0
230
1.0
  2
SOLID
 70
     1
 71
     0
 91
        1
 92
        2
 72
     0
 73
     1
 93
        3
 10
156.841
 20
275.0
 10
160.341
 20
274.475
 10
160.341
 20
275.525
 97
        0
 75
     0
 76
     1
 98
        0
  0
HATCH
  5
2CA
330
2C6
100
AcDbEntity
  8
Layer12
  6
AUSGEZOGEN
 62
     4
420
    65535
370
    18
100
AcDbHatch
 10
0.0
 20
0.0
 30
0.0
210
0.0
220
0.0
230
1.0
  2
SOLID
 70
     1
 71
     0
 91
        1
 92
        2
 72
     0
 73
     1
 93
        3
 10
281.841
 20
275.0
 10
278.341
 20
275.525
 10
278.341
 20
274.475
 97
        0
 75
     0
 76
     1
 98
        0
  0
LINE
  5
2CB
330
2C6
100
AcDbEntity
  8
Layer12
  6
AUSGEZOGEN
 62
     4
420
    65535
370
    18
100
AcDbLine
 10
278.341
 20
275.0
 30
0.0
 11
160.341
 21
275.0
 31
0.0
  0
LINE
  5
2CC
330
2C6
100
AcDbEntity
  8
Layer12
  6
AUSGEZOGEN
 62
     4
420
    65535
370
    18
100
AcDbLine
 10
281.841
 20
250.752475019311
 30
0.0
 11
281.841
 21
274.642524361193
 31
0.0
  0
LINE
  5
2CD
330
2C6
100
AcDbEntity
  8
Layer12
  6
AUSGEZOGEN
 62
     4
420
    65535
370
    18
100
AcDbLine
 10
281.841
 20
278.142524361193
 30
0.0
 11
281.841
 21
277.0
 31
0.0
  0
LINE
  5
2CE
330
2C6
100
AcDbEntity
  8
Layer12
  6
AUSGEZOGEN
 62
     4
420
    65535
370
    18
100
AcDbLine
 10
156.841
 20
250.752475019311
 30
0.0
 11
156.841
 21
274.642524361193
 31
0.0
  0
LINE
  5
2CF
330
2C6
100
AcDbEntity
  8
Layer12
  6
AUSGEZOGEN
 62
     4
420
    65535
370
    18
100
AcDbLine
 10
156.841
 20
278.142524361193
 30
0.0
 11
156.841
 21
277.0
 31
0.0
  0
WIPEOUT
  5
2D0
330
2C6
100
AcDbEntity
  8
Layer12
  6
AUSGEZOGEN
 62
     4
420
    65535
370
    18
160
               152
310
98000000040000000C0000000E000000120000000C00000016000000000000C20C00000014000000010000006C0000000700000004000000273108B98DE56A4066666666662A71400000000000000000C1CAA13845F06B4066666666662A71400000000000000000C1CAA13845F06B40000000000084714000000000000000
310
00273108B98DE56A4000000000008471400000000000000000
100
AcDbWipeout
 90
        0
 10
215.173550144196
 20
274.65
 30
0.0
 11
8.334899711608898
 21
0.0
 31
0.0
 12
0.0
 22
8.334899711608898
 32
0.0
 13
1.0
 23
1.0
340
0
 70
     7
280
     1
281
    50
282
    50
283
     0
360
0
 71
     2
 91
        5
 14
-0.5
 24
0.5
 14
0.5
 24
0.5
 14
0.5
 24
-0.171873710994
 14
-0.5
 24
-0.171873710994
 14
-0.5
 24
0.5
290
     0
  0
TEXT
  5
2D1
330
2C6
100
AcDbEntity
  8
Layer12
  6
AUSGEZOGEN
 62
     4
420
    65535
370
    18
100
AcDbText
 10
215.173550144196
 20
275.7
 30
0.0
 40
3.5
  1
125
 41
1.022938108936
  7
Arial
 72
     5
 11
223.508449855804
 21
275.7
 31
0.0
100
AcDbText
  0
ENDBLK
  5
2C8
330
2C6
100
AcDbEntity
  8
0
100
AcDbBlockEnd
  0
BLOCK
  5
2D4
330
2D3
100
AcDbEntity
  8
0
100
AcDbBlockBegin
  2
*D21
 70
     1
 10
0.0
 20
0.0
 30
0.0
  3
*D21
  1

  0
HATCH
  5
2D6
330
2D3
100
AcDbEntity
  8
Layer12
  6
AUSGEZOGEN
 62
     4
420
    65535
370
    18
100
AcDbHatch
 10
0.0
 20
0.0
 30
0.0
210
0.0
220
0.0
230
1.0
  2
SOLID
 70
     1
 71
     0
 91
        1
 92
        2
 72
     0
 73
     1
 93
        3
 10
287.341
 20
290.0
 10
283.841
 20
290.525
 10
283.841
 20
289.475
 97
        0
 75
     0
 76
     1
 98
        0
  0
HATCH
  5
2D7
330
2D3
100
AcDbEntity
  8
Layer12
  6
AUSGEZOGEN
 62
     4
420
    65535
370
    18
100
AcDbHatch
 10
0.0
 20
0.0
 30
0.0
210
0.0
220
0.0
230
1.0
  2
SOLID
 70
     1
 71
     0
 91
        1
 92
        2
 72
     0
 73
     1
 93
        3
 10
151.341
 20
290.0
 10
154.841
 20
289.475
 10
154.841
 20
290.525
 97
        0
 75
     0
 76
     1
 98
        0
  0
LINE
  5
2D8
330
2D3
100
AcDbEntity
  8
Layer12
  6
AUSGEZOGEN
 62
     4
420
    65535
370
    18
100
AcDbLine
 10
154.841
 20
290.0
 30
0.0
 11
283.841
 21
290.0
 31
0.0
  0
LINE
  5
2D9
330
2D3
100
AcDbEntity
  8
Layer12
  6
AUSGEZOGEN
 62
     4
420
    65535
370
    18
100
AcDbLine
 10
151.341
 20
244.943
 30
0.0
 11
151.341
 21
251.193
 31
0.0
  0
LINE
  5
2DA
330
2D3
100
AcDbEntity
  8
Layer12
  6
AUSGEZOGEN
 62
     4
420
    65535
370
    18
100
AcDbLine
 10
151.341
 20
254.693
 30
0.0
 11
151.341
 21
292.0
 31
0.0
  0
LINE
  5
2DB
330
2D3
100
AcDbEntity
  8
Layer12
  6
AUSGEZOGEN
 62
     4
420
    65535
370
    18
100
AcDbLine
 10
287.341
 20
244.943
 30
0.0
 11
287.341
 21
251.193
 31
0.0
  0
LINE
  5
2DC
330
2D3
100
AcDbEntity
  8
Layer12
  6
AUSGEZOGEN
 62
     4
420
    65535
370
    18
100
AcDbLine
 10
287.341
 20
254.693
 30
0.0
 11
287.341
 21
292.0
 31
0.0
  0
WIPEOUT
  5
2DD
330
2D3
100
AcDbEntity
  8
Layer12
  6
AUSGEZOGEN
 62
     4
420
    65535
370
    18
160
               152
310
98000000040000000C0000000E000000120000000C00000016000000000000C20C00000014000000010000006C0000000700000004000000273108B98DE56A4066666666661A72400000000000000000C1CAA13845F06B4066666666661A72400000000000000000C1CAA13845F06B40000000000074724000000000000000
310
00273108B98DE56A4000000000007472400000000000000000
100
AcDbWipeout
 90
        0
 10
215.173550144196
 20
289.65
 30
0.0
 11
8.334899711608898
 21
0.0
 31
0.0
 12
0.0
 22
8.334899711608898
 32
0.0
 13
1.0
 23
1.0
340
0
 70
     7
280
     1
281
    50
282
    50
283
     0
360
0
 71
     2
 91
        5
 14
-0.5
 24
0.5
 14
0.5
 24
0.5
 14
0.5
 24
-0.171873710994
 14
-0.5
 24
-0.171873710994
 14
-0.5
 24
0.5
290
     0
  0
TEXT
  5
2DE
330
2D3
100
AcDbEntity
  8
Layer12
  6
AUSGEZOGEN
 62
     4
420
    65535
370
    18
100
AcDbText
 10
215.173550144196
 20
290.7
 30
0.0
 40
3.5
  1
136
 41
1.022938108936
  7
Arial
 72
     5
 11
223.508449855804
 21
290.7
 31
0.0
100
AcDbText
  0
ENDBLK
  5
2D5
330
2D3
100
AcDbEntity
  8
0
100
AcDbBlockEnd
  0
BLOCK
  5
2E1
330
2E0
100
AcDbEntity
  8
0
100
AcDbBlockBegin
  2
*D22
 70
     1
 10
0.0
 20
0.0
 30
0.0
  3
*D22
  1

  0
HATCH
  5
2E3
330
2E0
100
AcDbEntity
  8
Layer12
  6
AUSGEZOGEN
 62
     4
420
    65535
370
    18
100
AcDbHatch
 10
0.0
 20
0.0
 30
0.0
210
0.0
220
0.0
230
1.0
  2
SOLID
 70
     1
 71
     0
 91
        1
 92
        2
 72
     0
 73
     1
 93
        3
 10
317.8361
 20
75.0
 10
314.3361
 20
75.525
 10
314.3361
 20
74.475
 97
        0
 75
     0
 76
     1
 98
        0
  0
HATCH
  5
2E4
330
2E0
100
AcDbEntity
  8
Layer12
  6
AUSGEZOGEN
 62
     4
420
    65535
370
    18
100
AcDbHatch
 10
0.0
 20
0.0
 30
0.0
210
0.0
220
0.0
230
1.0
  2
SOLID
 70
     1
 71
     0
 91
        1
 92
        2
 72
     0
 73
     1
 93
        3
 10
120.841
 20
75.0
 10
124.341
 20
74.475
 10
124.341
 20
75.525
 97
        0
 75
     0
 76
     1
 98
        0
  0
LINE
  5
2E5
330
2E0
100
AcDbEntity
  8
Layer12
  6
AUSGEZOGEN
 62
     4
420
    65535
370
    18
100
AcDbLine
 10
124.341
 20
75.0
 30
0.0
 11
314.3361
 21
75.0
 31
0.0
  0
LINE
  5
2E6
330
2E0
100
AcDbEntity
  8
Layer12
  6
AUSGEZOGEN
 62
     4
420
    65535
370
    18
100
AcDbLine
 10
120.841
 20
100.943
 30
0.0
 11
120.841
 21
94.693
 31
0.0
  0
LINE
  5
2E7
330
2E0
100
AcDbEntity
  8
Layer12
  6
AUSGEZOGEN
 62
     4
420
    65535
370
    18
100
AcDbLine
 10
120.841
 20
91.193
 30
0.0
 11
120.841
 21
73.0
 31
0.0
  0
LINE
  5
2E8
330
2E0
100
AcDbEntity
  8
Layer12
  6
AUSGEZOGEN
 62
     4
420
    65535
370
    18
100
AcDbLine
 10
317.8361
 20
100.943
 30
0.0
 11
317.8361
 21
94.693
 31
0.0
  0
LINE
  5
2E9
330
2E0
100
AcDbEntity
  8
Layer12
  6
AUSGEZOGEN
 62
     4
420
    65535
370
    18
100
AcDbLine
 10
317.8361
 20
91.193
 30
0.0
 11
317.8361
 21
73.0
 31
0.0
  0
WIPEOUT
  5
2EA
330
2E0
100
AcDbEntity
  8
Layer12
  6
AUSGEZOGEN
 62
     4
420
    65535
370
    18
160
               152
310
98000000040000000C0000000E000000120000000C00000016000000000000C20C00000014000000010000006C0000000700000004000000257502A779E56A409A99999999A952400000000000000000BF0E9C2631F06B409A99999999A952400000000000000000BF0E9C2631F06B40000000000010544000000000000000
310
00257502A779E56A4000000000001054400000000000000000
100
AcDbWipeout
 90
        0
 10
215.171100144196
 20
74.65
 30
0.0
 11
8.334899711608898
 21
0.0
 31
0.0
 12
0.0
 22
8.334899711608898
 32
0.0
 13
1.0
 23
1.0
340
0
 70
     7
280
     1
281
    50
282
    50
283
     0
360
0
 71
     2
 91
        5
 14
-0.5
 24
0.5
 14
0.5
 24
0.5
 14
0.5
 24
-0.171873710994
 14
-0.5
 24
-0.171873710994
 14
-0.5
 24
0.5
290
     0
  0
TEXT
  5
2EB
330
2E0
100
AcDbEntity
  8
Layer12
  6
AUSGEZOGEN
 62
     4
420
    65535
370
    18
100
AcDbText
 10
215.171100144196
 20
75.7
 30
0.0
 40
3.5
  1
197
 41
1.022938108936
  7
Arial
 72
     5
 11
223.505999855804
 21
75.7
 31
0.0
100
AcDbText
  0
ENDBLK
  5
2E2
330
2E0
100
AcDbEntity
  8
0
100
AcDbBlockEnd
  0
BLOCK
  5
2F7
330
2F6
100
AcDbEntity
  8
0
100
AcDbBlockBegin
  2
*D23
 70
     1
 10
0.0
 20
0.0
 30
0.0
  3
*D23
  1

  0
HATCH
  5
2F9
330
2F6
100
AcDbEntity
  8
Layer30
  6
AUSGEZOGEN
 62
     4
420
    65535
370
    18
100
AcDbHatch
 10
0.0
 20
0.0
 30
0.0
210
0.0
220
0.0
230
1.0
  2
SOLID
 70
     1
 71
     0
 91
        1
 92
        2
 72
     0
 73
     1
 93
        3
 10
225.303
 20
18.084738587976
 10
221.803
 20
18.784738587976
 10
221.803
 20
17.384738587976
 97
        0
 75
     0
 76
     1
 98
        0
  0
HATCH
  5
2FA
330
2F6
100
AcDbEntity
  8
Layer30
  6
AUSGEZOGEN
 62
     4
420
    65535
370
    18
100
AcDbHatch
 10
0.0
 20
0.0
 30
0.0
210
0.0
220
0.0
230
1.0
  2
SOLID
 70
     1
 71
     0
 91
        1
 92
        2
 72
     0
 73
     1
 93
        3
 10
212.303
 20
18.084738587976
 10
215.803
 20
17.384738587976
 10
215.803
 20
18.784738587976
 97
        0
 75
     0
 76
     1
 98
        0
  0
LINE
  5
2FB
330
2F6
100
AcDbEntity
  8
Layer30
  6
AUSGEZOGEN
 62
     4
420
    65535
370
    18
100
AcDbLine
 10
215.803
 20
18.084738587976
 30
0.0
 11
221.803
 21
18.084738587976
 31
0.0
  0
LINE
  5
2FC
330
2F6
100
AcDbEntity
  8
Layer30
  6
AUSGEZOGEN
 62
     4
420
    65535
370
    18
100
AcDbLine
 10
212.303
 20
32.943
 30
0.0
 11
212.303
 21
15.584738587976
 31
0.0
  0
LINE
  5
2FD
330
2F6
100
AcDbEntity
  8
Layer30
  6
AUSGEZOGEN
 62
     4
420
    65535
370
    18
100
AcDbLine
 10
225.303
 20
32.943
 30
0.0
 11
225.303
 21
15.584738587976
 31
0.0
  0
TEXT
  5
2FE
330
2F6
100
AcDbEntity
  8
Layer30
  6
AUSGEZOGEN
 62
     4
420
    65535
370
    18
100
AcDbText
 10
216.575727272727
 20
19.834738587976
 30
0.0
 40
3.5
  1
13
 41
0.820056232427
  7
Arial
 72
     5
 11
221.030272727273
 21
19.834738587976
 31
0.0
100
AcDbText
  0
ENDBLK
  5
2F8
330
2F6
100
AcDbEntity
  8
0
100
AcDbBlockEnd
  0
BLOCK
  5
301
330
300
100
AcDbEntity
  8
0
100
AcDbBlockBegin
  2
*D24
 70
     1
 10
0.0
 20
0.0
 30
0.0
  3
*D24
  1

  0
HATCH
  5
303
330
300
100
AcDbEntity
  8
Layer30
  6
AUSGEZOGEN
 62
     4
420
    65535
370
    18
100
AcDbHatch
 10
0.0
 20
0.0
 30
0.0
210
0.0
220
0.0
230
1.0
  2
SOLID
 70
     1
 71
     0
 91
        1
 92
        2
 72
     0
 73
     1
 93
        3
 10
244.462
 20
32.943
 10
245.162
 20
36.443
 10
243.762
 20
36.443
 97
        0
 75
     0
 76
     1
 98
        0
  0
HATCH
  5
304
330
300
100
AcDbEntity
  8
Layer30
  6
AUSGEZOGEN
 62
     4
420
    65535
370
    18
100
AcDbHatch
 10
0.0
 20
0.0
 30
0.0
210
0.0
220
0.0
230
1.0
  2
SOLID
 70
     1
 71
     0
 91
        1
 92
        2
 72
     0
 73
     1
 93
        3
 10
244.462
 20
52.943
 10
243.762
 20
49.443
 10
245.162
 20
49.443
 97
        0
 75
     0
 76
     1
 98
        0
  0
LINE
  5
305
330
300
100
AcDbEntity
  8
Layer30
  6
AUSGEZOGEN
 62
     4
420
    65535
370
    18
100
AcDbLine
 10
244.462
 20
49.443
 30
0.0
 11
244.462
 21
36.443
 31
0.0
  0
LINE
  5
306
330
300
100
AcDbEntity
  8
Layer30
  6
AUSGEZOGEN
 62
     4
420
    65535
370
    18
100
AcDbLine
 10
225.303
 20
52.943
 30
0.0
 11
246.962
 21
52.943
 31
0.0
  0
LINE
  5
307
330
300
100
AcDbEntity
  8
Layer30
  6
AUSGEZOGEN
 62
     4
420
    65535
370
    18
100
AcDbLine
 10
225.303
 20
32.943
 30
0.0
 11
246.962
 21
32.943
 31
0.0
  0
TEXT
  5
308
330
300
100
AcDbEntity
  8
Layer30
  6
AUSGEZOGEN
 62
     4
420
    65535
370
    18
100
AcDbText
 10
242.712
 20
40.715727272727
 30
0.0
 40
3.5
  1
20
 50
90.0
 41
0.820056232427
  7
Arial
 72
     5
 11
242.712
 21
45.170272727273
 31
0.0
100
AcDbText
  0
ENDBLK
  5
302
330
300
100
AcDbEntity
  8
0
100
AcDbBlockEnd
  0
ENDSEC
  0
SECTION
  2
ENTITIES
  0
ARC
  5
78
330
1F
100
AcDbEntity
  8
Layer5
  6
AUSGEZOGEN
 62
     7
370
    35
100
AcDbCircle
 10
-145.105
 20
205.943
 30
0.0
 40
1.0
100
AcDbArc
 50
270.0
 51
0.0
  0
LINE
  5
79
330
1F
100
AcDbEntity
  8
Layer5
  6
AUSGEZOGEN
 62
     7
370
    35
100
AcDbLine
 10
-154.105
 20
204.943
 30
0.0
 11
-145.105
 21
204.943
 31
0.0
  0
LINE
  5
7A
330
1F
100
AcDbEntity
  8
Layer5
  6
AUSGEZOGEN
 62
     7
370
    35
100
AcDbLine
 10
-232.682
 20
162.94302
 30
0.0
 11
-154.105
 21
162.94302
 31
0.0
  0
CIRCLE
  5
7B
330
1F
100
AcDbEntity
  8
Layer5
  6
AUSGEZOGEN
 62
     7
370
    35
100
AcDbCircle
 10
-132.386
 20
187.9842
 30
0.0
 40
8.0
  0
LINE
  5
7C
330
1F
100
AcDbEntity
  8
Layer5
  6
AUSGEZOGEN
 62
     7
370
    35
100
AcDbLine
 10
-110.1
 20
162.94302
 30
0.0
 11
-154.105
 21
162.94302
 31
0.0
  0
LINE
  5
7D
330
1F
100
AcDbEntity
  8
Layer5
  6
AUSGEZOGEN
 62
     7
370
    35
100
AcDbLine
 10
-101.218
 20
162.94302
 30
0.0
 11
-57.2129
 21
162.94302
 31
0.0
  0
LINE
  5
7E
330
1F
100
AcDbEntity
  8
Layer5
  6
AUSGEZOGEN
 62
     7
370
    35
100
AcDbLine
 10
-67.2129
 20
217.943
 30
0.0
 11
-100.794
 21
217.943
 31
0.0
  0
LINE
  5
7F
330
1F
100
AcDbEntity
  8
Layer5
  6
AUSGEZOGEN
 62
     7
370
    35
100
AcDbLine
 10
-144.105
 20
217.943
 30
0.0
 11
-110.523
 21
217.943
 31
0.0
  0
LINE
  5
80
330
1F
100
AcDbEntity
  8
Layer5
  6
AUSGEZOGEN
 62
     7
370
    35
100
AcDbLine
 10
-144.105
 20
205.943
 30
0.0
 11
-144.105
 21
246.943
 31
0.0
  0
LINE
  5
81
330
1F
100
AcDbEntity
  8
Layer5
  6
AUSGEZOGEN
 62
     7
370
    35
100
AcDbLine
 10
-67.2129
 20
205.943
 30
0.0
 11
-67.2129
 21
246.943
 31
0.0
  0
LINE
  5
82
330
1F
100
AcDbEntity
  8
Layer5
  6
AUSGEZOGEN
 62
     7
370
    35
100
AcDbLine
 10
-109.551
 20
212.943
 30
0.0
 11
-115.657
 21
244.3552
 31
0.0
  0
LINE
  5
83
330
1F
100
AcDbEntity
  8
Layer5
  6
AUSGEZOGEN
 62
     7
370
    35
100
AcDbLine
 10
-101.766
 20
212.943
 30
0.0
 11
-95.66
 21
244.3552
 31
0.0
  0
LINE
  5
84
330
1F
100
AcDbEntity
  8
Layer5
  6
AUSGEZOGEN
 62
     7
370
    35
100
AcDbLine
 10
-72.2129
 20
251.943
 30
0.0
 11
-67.2129
 21
246.943
 31
0.0
  0
LINE
  5
85
330
1F
100
AcDbEntity
  8
Layer5
  6
AUSGEZOGEN
 62
     7
370
    35
100
AcDbLine
 10
-144.105
 20
219.943
 30
0.0
 11
-111.77
 21
219.943
 31
0.0
  0
LINE
  5
86
330
1F
100
AcDbEntity
  8
Layer5
  6
AUSGEZOGEN
 62
     7
370
    35
100
AcDbLine
 10
-67.2129
 20
219.943
 30
0.0
 11
-99.548
 21
219.943
 31
0.0
  0
LINE
  5
87
330
1F
100
AcDbEntity
  8
Layer5
  6
AUSGEZOGEN
 62
     7
370
    35
100
AcDbLine
 10
-72.2129
 20
251.943
 30
0.0
 11
-83.809
 21
251.943
 31
0.0
  0
ARC
  5
88
330
1F
100
AcDbEntity
  8
Layer5
  6
AUSGEZOGEN
 62
     7
370
    35
100
AcDbCircle
 10
-123.636
 20
244.943
 30
0.0
 40
8.0
100
AcDbArc
 50
118.955
 51
355.787
  0
LINE
  5
89
330
1F
100
AcDbEntity
  8
Layer5
  6
AUSGEZOGEN
 62
     7
370
    35
100
AcDbLine
 10
-139.105
 20
251.943
 30
0.0
 11
-144.105
 21
246.943
 31
0.0
  0
ARC
  5
8A
330
1F
100
AcDbEntity
  8
Layer5
  6
AUSGEZOGEN
 62
     7
370
    35
100
AcDbCircle
 10
-87.682
 20
244.943
 30
0.0
 40
8.0
100
AcDbArc
 50
184.213
 51
61.045
  0
LINE
  5
8B
330
1F
100
AcDbEntity
  8
Layer5
  6
AUSGEZOGEN
 62
     7
370
    35
100
AcDbLine
 10
-139.105
 20
251.943
 30
0.0
 11
-127.509
 21
251.943
 31
0.0
  0
CIRCLE
  5
8C
330
1F
100
AcDbEntity
  8
Layer5
  6
AUSGEZOGEN
 62
     7
370
    35
100
AcDbCircle
 10
-78.9314
 20
187.9842
 30
0.0
 40
8.0
  0
LINE
  5
8D
330
1F
100
AcDbEntity
  8
Layer5
  6
AUSGEZOGEN
 62
     7
370
    35
100
AcDbLine
 10
-106.636
 20
168.94302
 30
0.0
 11
-106.636
 21
187.4613
 31
0.0
  0
LINE
  5
8E
330
1F
100
AcDbEntity
  8
Layer5
  6
AUSGEZOGEN
 62
     7
370
    35
100
AcDbLine
 10
-106.636
 20
168.94302
 30
0.0
 11
-110.1
 21
162.94302
 31
0.0
  0
LINE
  5
8F
330
1F
100
AcDbEntity
  8
Layer5
  6
AUSGEZOGEN
 62
     7
370
    35
100
AcDbLine
 10
-99.803
 20
212.5614
 30
0.0
 11
-104.682
 21
187.4613
 31
0.0
  0
LINE
  5
90
330
1F
100
AcDbEntity
  8
Layer5
  6
AUSGEZOGEN
 62
     7
370
    35
100
AcDbLine
 10
-111.515
 20
212.5614
 30
0.0
 11
-106.636
 21
187.4613
 31
0.0
  0
LINE
  5
91
330
1F
100
AcDbEntity
  8
Layer5
  6
AUSGEZOGEN
 62
     7
370
    35
100
AcDbLine
 10
-57.2129
 20
204.943
 30
0.0
 11
-57.2129
 21
162.94302
 31
0.0
  0
LINE
  5
92
330
1F
100
AcDbEntity
  8
Layer5
  6
AUSGEZOGEN
 62
     7
370
    35
100
AcDbLine
 10
-104.682
 20
168.94302
 30
0.0
 11
-104.682
 21
187.4613
 31
0.0
  0
LINE
  5
93
330
1F
100
AcDbEntity
  8
Layer5
  6
AUSGEZOGEN
 62
     7
370
    35
100
AcDbLine
 10
-104.682
 20
168.94302
 30
0.0
 11
-101.218
 21
162.94302
 31
0.0
  0
LINE
  5
94
330
1F
100
AcDbEntity
  8
Layer5
  6
AUSGEZOGEN
 62
     7
370
    35
100
AcDbLine
 10
-101.766
 20
212.943
 30
0.0
 11
-99.803
 21
212.5614
 31
0.0
  0
LINE
  5
95
330
1F
100
AcDbEntity
  8
Layer5
  6
AUSGEZOGEN
 62
     7
370
    35
100
AcDbLine
 10
-109.551
 20
212.943
 30
0.0
 11
-111.515
 21
212.5614
 31
0.0
  0
LINE
  5
96
330
1F
100
AcDbEntity
  8
Layer5
  6
DASHED
 62
     7
370
    35
100
AcDbLine
 10
-152.682
 20
108.943
 30
0.0
 11
-154.105
 21
108.943
 31
0.0
  0
LINE
  5
97
330
1F
100
AcDbEntity
  8
Layer5
  6
DASHED
 62
     7
370
    35
100
AcDbLine
 10
-152.682
 20
92.943
 30
0.0
 11
-152.682
 21
108.943
 31
0.0
  0
LINE
  5
98
330
1F
100
AcDbEntity
  8
Layer5
  6
AUSGEZOGEN
 62
     7
370
    35
100
AcDbLine
 10
-232.682
 20
108.943
 30
0.0
 11
-154.105
 21
108.943
 31
0.0
  0
ARC
  5
99
330
1F
100
AcDbEntity
  8
Layer5
  6
AUSGEZOGEN
 62
     7
370
    35
100
AcDbCircle
 10
-66.2129
 20
205.943
 30
0.0
 40
1.0
100
AcDbArc
 50
180.0
 51
270.0
  0
LINE
  5
9A
330
1F
100
AcDbEntity
  8
Layer5
  6
AUSGEZOGEN
 62
     7
370
    35
100
AcDbLine
 10
-57.2129
 20
204.943
 30
0.0
 11
-66.2129
 21
204.943
 31
0.0
  0
LINE
  5
9B
330
1F
100
AcDbEntity
  8
Layer5
  6
AUSGEZOGEN
 62
     7
370
    35
100
AcDbLine
 10
-57.2129
 20
108.943
 30
0.0
 11
21.36423
 21
108.943
 31
0.0
  0
LINE
  5
9C
330
1F
100
AcDbEntity
  8
Layer5
  6
AUSGEZOGEN
 62
     7
370
    35
100
AcDbLine
 10
-93.344497377871
 20
162.94302
 30
0.0
 11
21.36423
 21
162.94302
 31
0.0
  0
ARC
  5
9D
330
1F
100
AcDbEntity
  8
Layer5
  6
AUSGEZOGEN
 62
     7
370
    35
100
AcDbCircle
 10
-98.636
 20
168.94302
 30
0.0
 40
8.0
100
AcDbArc
 50
180.0
 51
311.409622109271
  0
LINE
  5
9E
330
1F
100
AcDbEntity
  8
Layer5
  6
AUSGEZOGEN
 62
     7
370
    35
100
AcDbLine
 10
-232.682
 20
108.943
 30
0.0
 11
-232.682
 21
162.94302
 31
0.0
  0
ARC
  5
9F
330
1F
100
AcDbEntity
  8
Layer5
  6
AUSGEZOGEN
 62
     7
370
    35
100
AcDbCircle
 10
-112.682
 20
168.94302
 30
0.0
 40
8.0
100
AcDbArc
 50
228.590377890729
 51
331.387078833557
  0
ARC
  5
A0
330
1F
100
AcDbEntity
  8
Layer5
  6
AUSGEZOGEN
 62
     7
370
    35
100
AcDbCircle
 10
-112.682
 20
168.94302
 30
0.0
 40
8.0
100
AcDbArc
 50
331.387078833557
 51
0.0
  0
LINE
  5
A1
330
1F
100
AcDbEntity
  8
Layer5
  6
AUSGEZOGEN
 62
     7
370
    35
100
AcDbLine
 10
-57.2129
 20
162.94302
 30
0.0
 11
-57.2129
 21
108.943
 31
0.0
  0
LINE
  5
A2
330
1F
100
AcDbEntity
  8
Layer5
  6
AUSGEZOGEN
 62
     7
370
    35
100
AcDbLine
 10
-154.105
 20
204.943
 30
0.0
 11
-154.105
 21
108.943
 31
0.0
  0
LINE
  5
A3
330
1F
100
AcDbEntity
  8
Layer5
  6
AUSGEZOGEN
 62
     7
370
    35
100
AcDbLine
 10
21.36423
 20
108.943
 30
0.0
 11
21.36423
 21
162.94302
 31
0.0
  0
DIMENSION
  5
AD
330
1F
100
AcDbEntity
  8
Layer5
  6
AUSGEZOGEN
 62
     4
420
    65535
370
    18
100
AcDbDimension
280
     0
  2
*D1
 10
-87.682
 20
280.0
 30
0.0
 11
-105.659
 21
285.85
 31
0.0
 70
   160
 71
     5
 42
-1.0
 73
     0
 74
     0
 75
     0
  3
ISO-25
100
AcDbAlignedDimension
 13
-123.636
 23
244.943
 33
0.0
 14
-87.682
 24
244.943
 34
0.0
100
AcDbRotatedDimension
1001
ACAD
1000
DSTYLE
1002
{
1070
     3
1000
<>
1070
    44
1040
2.5
1070
   280
1070
     0
1070
    77
1070
     1
1070
   179
1070
     1
1070
   271
1070
     1
1070
   173
1070
     1
1070
    41
1040
3.5
1070
   147
1040
0.5
1070
   140
1040
3.5
1070
   178
1070
     4
1070
   177
1070
     4
1070
   176
1070
     4
1002
}
  0
DIMENSION
  5
B7
330
1F
100
AcDbEntity
  8
Layer5
  6
AUSGEZOGEN
 62
     4
420
    65535
370
    18
100
AcDbDimension
280
     0
  2
*D2
 10
-123.636
 20
280.0
 30
0.0
 11
-133.8705
 21
285.85
 31
0.0
 70
   160
 71
     5
 42
-1.0
 73
     0
 74
     0
 75
     0
  3
ISO-25
100
AcDbAlignedDimension
 13
-144.105
 23
246.943
 33
0.0
 14
-123.636
 24
244.943
 34
0.0
100
AcDbRotatedDimension
1001
ACAD
1000
DSTYLE
1002
{
1070
     3
1000
<>
1070
    44
1040
2.5
1070
   280
1070
     0
1070
    77
1070
     1
1070
   179
1070
     1
1070
   271
1070
     1
1070
   173
1070
     1
1070
    41
1040
3.5
1070
   147
1040
0.5
1070
   140
1040
3.5
1070
   178
1070
     4
1070
   177
1070
     4
1070
   176
1070
     4
1002
}
  0
DIMENSION
  5
C1
330
1F
100
AcDbEntity
  8
Layer5
  6
AUSGEZOGEN
 62
     4
420
    65535
370
    18
100
AcDbDimension
280
     0
  2
*D3
 10
-67.2129
 20
280.0
 30
0.0
 11
-77.44745
 21
285.85
 31
0.0
 70
   160
 71
     5
 42
-1.0
 73
     0
 74
     0
 75
     0
  3
ISO-25
100
AcDbAlignedDimension
 13
-87.682
 23
244.943
 33
0.0
 14
-67.2129
 24
246.943
 34
0.0
100
AcDbRotatedDimension
1001
ACAD
1000
DSTYLE
1002
{
1070
     3
1000
<>
1070
    44
1040
2.5
1070
   280
1070
     0
1070
    77
1070
     1
1070
   179
1070
     1
1070
   271
1070
     1
1070
   173
1070
     1
1070
    41
1040
3.5
1070
   147
1040
0.5
1070
   140
1040
3.5
1070
   178
1070
     4
1070
   177
1070
     4
1070
   176
1070
     4
1002
}
  0
LINE
  5
C2
330
1F
100
AcDbEntity
  8
Layer11
  6
AUSGEZOGEN
 62
     1
420
 16711680
370
    35
100
AcDbLine
 10
-152.682
 20
92.943
 30
0.0
 11
-57.2129
 21
92.943
 31
0.0
  0
LINE
  5
C3
330
1F
100
AcDbEntity
  8
Layer5
  6
DASHED
 62
     7
370
    35
100
AcDbLine
 10
-57.2129
 20
108.943
 30
0.0
 11
-58.2669
 21
108.943
 31
0.0
  0
LINE
  5
C4
330
1F
100
AcDbEntity
  8
Layer5
  6
DASHED
 62
     7
370
    35
100
AcDbLine
 10
-58.2669
 20
108.943
 30
0.0
 11
-58.2669
 21
92.943
 31
0.0
  0
LINE
  5
C5
330
1F
100
AcDbEntity
  8
Layer5
  6
AUSGEZOGEN
 62
     7
370
    35
100
AcDbLine
 10
-57.2129
 20
108.943
 30
0.0
 11
-57.2129
 21
92.943
 31
0.0
  0
LINE
  5
C6
330
1F
100
AcDbEntity
  8
Layer12
  6
DASHED
 62
     6
420
 16711935
370
    18
100
AcDbLine
 10
-58.2669
 20
92.943
 30
0.0
 11
-154.105
 21
92.943
 31
0.0
  0
LINE
  5
C7
330
1F
100
AcDbEntity
  8
Layer5
  6
AUSGEZOGEN
 62
     7
370
    35
100
AcDbLine
 10
-154.105
 20
92.943
 30
0.0
 11
-154.105
 21
108.943
 31
0.0
  0
LINE
  5
C8
330
1F
100
AcDbEntity
  8
Layer5
  6
AUSGEZOGEN
 62
     7
370
    35
100
AcDbLine
 10
-154.105
 20
162.94302
 30
0.0
 11
-117.973502622129
 21
162.94302
 31
0.0
  0
DIMENSION
  5
D2
330
1F
100
AcDbEntity
  8
Layer5
  6
AUSGEZOGEN
 62
     4
420
    65535
370
    18
100
AcDbDimension
280
     0
  2
*D4
 10
-139.59283492339
 20
236.189117929296
 30
0.0
 11
-129.683619610921
 21
236.362184075997
 31
0.0
 70
   160
 71
     5
 42
-1.0
 73
     0
 74
     0
 75
     0
 53
-35.175559158906
  3
ISO-25
100
AcDbAlignedDimension
 13
-117.096874283758
 23
240.334330466698
 33
0.0
 14
-130.175125716242
 24
249.551669533302
 34
0.0
 50
144.824440841094
100
AcDbRotatedDimension
1001
ACAD
1000
DSTYLE
1002
{
1070
     3
1000
%%c<>
1070
    44
1040
2.5
1070
   280
1070
     0
1070
    77
1070
     1
1070
   179
1070
     3
1070
   271
1070
     3
1070
   173
1070
     1
1070
    41
1040
3.5
1070
   147
1040
0.5
1070
   140
1040
3.5
1070
   178
1070
     4
1070
   177
1070
     4
1070
   176
1070
     4
1002
}
  0
CIRCLE
  5
D3
330
1F
100
AcDbEntity
  8
Layer5
  6
AUSGEZOGEN
 62
     7
370
    35
100
AcDbCircle
 10
-123.636
 20
244.943
 30
0.0
 40
8.0
  0
CIRCLE
  5
D4
330
1F
100
AcDbEntity
  8
Layer5
  6
AUSGEZOGEN
 62
     7
370
    35
100
AcDbCircle
 10
-87.682
 20
244.943
 30
0.0
 40
8.0
  0
LINE
  5
D5
330
1F
100
AcDbEntity
  8
Layer30
  6
AUSGEZOGEN
 62
     7
370
    25
100
AcDbLine
 10
-203.621
 20
92.943
 30
0.0
 11
-203.621
 21
107.943
 31
0.0
  0
LINE
  5
D6
330
1F
100
AcDbEntity
  8
Layer30
  6
AUSGEZOGEN
 62
     7
370
    25
100
AcDbLine
 10
-203.621
 20
107.943
 30
0.0
 11
-218.621
 21
107.943
 31
0.0
  0
LINE
  5
D7
330
1F
100
AcDbEntity
  8
Layer30
  6
AUSGEZOGEN
 62
     7
370
    25
100
AcDbLine
 10
-218.621
 20
107.943
 30
0.0
 11
-218.621
 21
52.943
 31
0.0
  0
LINE
  5
D8
330
1F
100
AcDbEntity
  8
Layer30
  6
AUSGEZOGEN
 62
     7
370
    25
100
AcDbLine
 10
-99.159
 20
52.943
 30
0.0
 11
8.6264
 21
52.943
 31
0.0
  0
LINE
  5
D9
330
1F
100
AcDbEntity
  8
Layer30
  6
AUSGEZOGEN
 62
     7
370
    25
100
AcDbLine
 10
-218.621
 20
52.943
 30
0.0
 11
-112.159
 21
52.943
 31
0.0
  0
LINE
  5
DA
330
1F
100
AcDbEntity
  8
Layer30
  6
AUSGEZOGEN
 62
     7
370
    25
100
AcDbLine
 10
8.6264
 20
52.943
 30
0.0
 11
8.6264
 21
107.943
 31
0.0
  0
LINE
  5
DB
330
1F
100
AcDbEntity
  8
Layer30
  6
AUSGEZOGEN
 62
     7
370
    25
100
AcDbLine
 10
8.6264
 20
107.943
 30
0.0
 11
-6.3736
 21
107.943
 31
0.0
  0
LINE
  5
DC
330
1F
100
AcDbEntity
  8
Layer30
  6
AUSGEZOGEN
 62
     7
370
    25
100
AcDbLine
 10
-6.3736
 20
107.943
 30
0.0
 11
-6.3736
 21
92.943
 31
0.0
  0
LINE
  5
DD
330
1F
100
AcDbEntity
  8
Layer30
  6
AUSGEZOGEN
 62
     7
370
    25
100
AcDbLine
 10
-6.3736
 20
92.943
 30
0.0
 11
-203.621
 21
92.943
 31
0.0
  0
LINE
  5
DE
330
1F
100
AcDbEntity
  8
Layer5
  6
AUSGEZOGEN
 62
     7
370
    35
100
AcDbLine
 10
-6.3736
 20
107.943
 30
0.0
 11
-58.2669
 21
107.943
 31
0.0
  0
LINE
  5
DF
330
1F
100
AcDbEntity
  8
Layer5
  6
DASHED
 62
     7
370
    35
100
AcDbLine
 10
-58.2669
 20
107.943
 30
0.0
 11
-58.2669
 21
92.943
 31
0.0
  0
LINE
  5
E0
330
1F
100
AcDbEntity
  8
Layer5
  6
DASHED
 62
     7
370
    35
100
AcDbLine
 10
-152.682
 20
92.943
 30
0.0
 11
-152.682
 21
107.943
 31
0.0
  0
LINE
  5
E1
330
1F
100
AcDbEntity
  8
Layer5
  6
AUSGEZOGEN
 62
     7
370
    35
100
AcDbLine
 10
-152.682
 20
107.943
 30
0.0
 11
-203.621
 21
107.943
 31
0.0
  0
DIMENSION
  5
EB
330
1F
100
AcDbEntity
  8
Layer5
  6
AUSGEZOGEN
 62
     4
420
    65535
370
    18
100
AcDbDimension
280
     0
  2
*D5
 10
-35.0
 20
252.943
 30
0.0
 11
-40.85
 21
172.943
 31
0.0
 70
   160
 71
     5
 42
-1.0
 73
     0
 74
     0
 75
     0
 53
90.0
  3
ISO-25
100
AcDbAlignedDimension
 13
-57.2129
 23
92.943
 33
0.0
 14
-87.682
 24
252.943
 34
0.0
 50
90.0
100
AcDbRotatedDimension
1001
ACAD
1000
DSTYLE
1002
{
1070
     3
1000
<>
1070
    44
1040
2.5
1070
   280
1070
     0
1070
    77
1070
     1
1070
   179
1070
     3
1070
   271
1070
     3
1070
   173
1070
     1
1070
    41
1040
3.5
1070
   147
1040
0.5
1070
   140
1040
3.5
1070
   178
1070
     4
1070
   177
1070
     4
1070
   176
1070
     4
1002
}
  0
DIMENSION
  5
F5
330
1F
100
AcDbEntity
  8
Layer5
  6
AUSGEZOGEN
 62
     4
420
    65535
370
    18
100
AcDbDimension
280
     0
  2
*D6
 10
-57.2129
 20
290.0
 30
0.0
 11
-105.65895
 21
295.85
 31
0.0
 70
   160
 71
     5
 42
-1.0
 73
     0
 74
     0
 75
     0
  3
ISO-25
100
AcDbAlignedDimension
 13
-154.105
 23
204.943
 33
0.0
 14
-57.2129
 24
204.943
 34
0.0
100
AcDbRotatedDimension
1001
ACAD
1000
DSTYLE
1002
{
1070
     3
1000
<>
1070
    44
1040
2.5
1070
   280
1070
     0
1070
    77
1070
     1
1070
   179
1070
     1
1070
   271
1070
     1
1070
   173
1070
     1
1070
    41
1040
3.5
1070
   147
1040
0.5
1070
   140
1040
3.5
1070
   178
1070
     4
1070
   177
1070
     4
1070
   176
1070
     4
1002
}
  0
ARC
  5
F6
330
1F
100
AcDbEntity
  8
Layer5
  6
AUSGEZOGEN
 62
     7
370
    35
100
AcDbCircle
 10
129.872
 20
205.943
 30
0.0
 40
1.0
100
AcDbArc
 50
270.0
 51
0.0
  0
LINE
  5
F7
330
1F
100
AcDbEntity
  8
Layer5
  6
AUSGEZOGEN
 62
     7
370
    35
100
AcDbLine
 10
119.841
 20
204.943
 30
0.0
 11
129.872
 21
204.943
 31
0.0
  0
LINE
  5
F8
330
1F
100
AcDbEntity
  8
Layer5
  6
AUSGEZOGEN
 62
     7
370
    35
100
AcDbLine
 10
171.049497377871
 20
162.94302
 30
0.0
 11
219.341
 21
162.94302
 31
0.0
  0
CIRCLE
  5
F9
330
1F
100
AcDbEntity
  8
Layer5
  6
AUSGEZOGEN
 62
     7
370
    35
100
AcDbCircle
 10
142.591
 20
187.9842
 30
0.0
 40
8.0
  0
LINE
  5
FA
330
1F
100
AcDbEntity
  8
Layer5
  6
AUSGEZOGEN
 62
     7
370
    35
100
AcDbLine
 10
273.805
 20
162.94302
 30
0.0
 11
317.841
 21
162.94302
 31
0.0
  0
LINE
  5
FB
330
1F
100
AcDbEntity
  8
Layer5
  6
AUSGEZOGEN
 62
     7
370
    35
100
AcDbLine
 10
307.8101
 20
217.943
 30
0.0
 11
274.229
 21
217.943
 31
0.0
  0
LINE
  5
FC
330
1F
100
AcDbEntity
  8
Layer5
  6
AUSGEZOGEN
 62
     7
370
    35
100
AcDbLine
 10
130.872
 20
217.943
 30
0.0
 11
164.454
 21
217.943
 31
0.0
  0
LINE
  5
FD
330
1F
100
AcDbEntity
  8
Layer5
  6
AUSGEZOGEN
 62
     7
370
    35
100
AcDbLine
 10
130.872
 20
205.943
 30
0.0
 11
130.872
 21
246.943
 31
0.0
  0
LINE
  5
FE
330
1F
100
AcDbEntity
  8
Layer5
  6
AUSGEZOGEN
 62
     7
370
    35
100
AcDbLine
 10
307.8101
 20
205.943
 30
0.0
 11
307.8101
 21
246.943
 31
0.0
  0
LINE
  5
FF
330
1F
100
AcDbEntity
  8
Layer5
  6
AUSGEZOGEN
 62
     7
370
    35
100
AcDbLine
 10
165.426
 20
212.943
 30
0.0
 11
159.32
 21
244.3552
 31
0.0
  0
LINE
  5
100
330
1F
100
AcDbEntity
  8
Layer5
  6
AUSGEZOGEN
 62
     7
370
    35
100
AcDbLine
 10
273.257
 20
212.943
 30
0.0
 11
279.363
 21
244.3552
 31
0.0
  0
LINE
  5
101
330
1F
100
AcDbEntity
  8
Layer5
  6
AUSGEZOGEN
 62
     7
370
    35
100
AcDbLine
 10
302.8101
 20
251.943
 30
0.0
 11
307.8101
 21
246.943
 31
0.0
  0
LINE
  5
102
330
1F
100
AcDbEntity
  8
Layer5
  6
AUSGEZOGEN
 62
     7
370
    35
100
AcDbLine
 10
130.872
 20
219.943
 30
0.0
 11
163.207
 21
219.943
 31
0.0
  0
LINE
  5
103
330
1F
100
AcDbEntity
  8
Layer5
  6
AUSGEZOGEN
 62
     7
370
    35
100
AcDbLine
 10
307.8101
 20
219.943
 30
0.0
 11
275.475
 21
219.943
 31
0.0
  0
LINE
  5
104
330
1F
100
AcDbEntity
  8
Layer5
  6
AUSGEZOGEN
 62
     7
370
    35
100
AcDbLine
 10
302.8101
 20
251.943
 30
0.0
 11
291.214
 21
251.943
 31
0.0
  0
ARC
  5
105
330
1F
100
AcDbEntity
  8
Layer5
  6
AUSGEZOGEN
 62
     7
370
    35
100
AcDbCircle
 10
151.341
 20
244.943
 30
0.0
 40
8.0
100
AcDbArc
 50
118.955
 51
355.787
  0
LINE
  5
106
330
1F
100
AcDbEntity
  8
Layer5
  6
AUSGEZOGEN
 62
     7
370
    35
100
AcDbLine
 10
135.872
 20
251.943
 30
0.0
 11
130.872
 21
246.943
 31
0.0
  0
ARC
  5
107
330
1F
100
AcDbEntity
  8
Layer5
  6
AUSGEZOGEN
 62
     7
370
    35
100
AcDbCircle
 10
287.341
 20
244.943
 30
0.0
 40
8.0
100
AcDbArc
 50
184.213
 51
61.045
  0
LINE
  5
108
330
1F
100
AcDbEntity
  8
Layer5
  6
AUSGEZOGEN
 62
     7
370
    35
100
AcDbLine
 10
135.872
 20
251.943
 30
0.0
 11
147.468
 21
251.943
 31
0.0
  0
CIRCLE
  5
109
330
1F
100
AcDbEntity
  8
Layer5
  6
AUSGEZOGEN
 62
     7
370
    35
100
AcDbCircle
 10
296.0916
 20
187.9842
 30
0.0
 40
8.0
  0
LINE
  5
10A
330
1F
100
AcDbEntity
  8
Layer5
  6
AUSGEZOGEN
 62
     7
370
    35
100
AcDbLine
 10
168.341
 20
168.94302
 30
0.0
 11
168.341
 21
187.4613
 31
0.0
  0
LINE
  5
10B
330
1F
100
AcDbEntity
  8
Layer5
  6
AUSGEZOGEN
 62
     7
370
    35
100
AcDbLine
 10
275.22
 20
212.5614
 30
0.0
 11
270.341
 21
187.4613
 31
0.0
  0
LINE
  5
10C
330
1F
100
AcDbEntity
  8
Layer5
  6
AUSGEZOGEN
 62
     7
370
    35
100
AcDbLine
 10
163.462
 20
212.5614
 30
0.0
 11
168.341
 21
187.4613
 31
0.0
  0
LINE
  5
10D
330
1F
100
AcDbEntity
  8
Layer5
  6
AUSGEZOGEN
 62
     7
370
    35
100
AcDbLine
 10
270.341
 20
168.94302
 30
0.0
 11
270.341
 21
187.4613
 31
0.0
  0
LINE
  5
10E
330
1F
100
AcDbEntity
  8
Layer5
  6
AUSGEZOGEN
 62
     7
370
    35
100
AcDbLine
 10
270.341
 20
168.94302
 30
0.0
 11
273.805
 21
162.94302
 31
0.0
  0
LINE
  5
10F
330
1F
100
AcDbEntity
  8
Layer5
  6
AUSGEZOGEN
 62
     7
370
    35
100
AcDbLine
 10
273.257
 20
212.943
 30
0.0
 11
275.22
 21
212.5614
 31
0.0
  0
LINE
  5
110
330
1F
100
AcDbEntity
  8
Layer5
  6
AUSGEZOGEN
 62
     7
370
    35
100
AcDbLine
 10
165.426
 20
212.943
 30
0.0
 11
163.462
 21
212.5614
 31
0.0
  0
LINE
  5
111
330
1F
100
AcDbEntity
  8
Layer5
  6
AUSGEZOGEN
 62
     7
370
    35
100
AcDbLine
 10
120.841
 20
108.943
 30
0.0
 11
119.841
 21
108.943
 31
0.0
  0
LINE
  5
112
330
1F
100
AcDbEntity
  8
Layer5
  6
AUSGEZOGEN
 62
     7
370
    35
100
AcDbLine
 10
216.3381
 20
108.943
 30
0.0
 11
222.3383
 21
108.943
 31
0.0
  0
ARC
  5
113
330
1F
100
AcDbEntity
  8
Layer5
  6
AUSGEZOGEN
 62
     7
370
    35
100
AcDbCircle
 10
308.8101
 20
205.943
 30
0.0
 40
1.0
100
AcDbArc
 50
180.0
 51
270.0
  0
LINE
  5
114
330
1F
100
AcDbEntity
  8
Layer5
  6
AUSGEZOGEN
 62
     7
370
    35
100
AcDbLine
 10
318.841
 20
204.943
 30
0.0
 11
308.8101
 21
204.943
 31
0.0
  0
LINE
  5
115
330
1F
100
AcDbEntity
  8
Layer5
  6
AUSGEZOGEN
 62
     7
370
    35
100
AcDbLine
 10
222.341
 20
108.943
 30
0.0
 11
293.63493
 21
108.943
 31
0.0
  0
LINE
  5
116
330
1F
100
AcDbEntity
  8
Layer5
  6
AUSGEZOGEN
 62
     7
370
    35
100
AcDbLine
 10
218.3361
 20
162.94302
 30
0.0
 11
293.72033
 21
162.94302
 31
0.0
  0
LINE
  5
117
330
1F
100
AcDbEntity
  8
Layer5
  6
AUSGEZOGEN
 62
     7
370
    35
100
AcDbLine
 10
181.552502622129
 20
162.94302
 30
0.0
 11
181.632502622129
 21
162.94302
 31
0.0
  0
ARC
  5
118
330
1F
100
AcDbEntity
  8
Layer5
  6
AUSGEZOGEN
 62
     7
370
    35
100
AcDbCircle
 10
176.341
 20
168.94302
 30
0.0
 40
8.0
100
AcDbArc
 50
180.0
 51
311.409622109271
  0
ARC
  5
119
330
1F
100
AcDbEntity
  8
Layer5
  6
AUSGEZOGEN
 62
     7
370
    35
100
AcDbCircle
 10
262.341
 20
168.94302
 30
0.0
 40
8.0
100
AcDbArc
 50
311.409622109271
 51
0.0
  0
LINE
  5
11A
330
1F
100
AcDbEntity
  8
Layer5
  6
AUSGEZOGEN
 62
     7
370
    35
100
AcDbLine
 10
293.63493
 20
108.943
 30
0.0
 11
293.63493
 21
162.94302
 31
0.0
  0
LINE
  5
11B
330
1F
100
AcDbEntity
  8
Layer11
  6
AUSGEZOGEN
 62
     1
420
 16711680
370
    35
100
AcDbLine
 10
215.3332
 20
92.943
 30
0.0
 11
215.8432
 21
92.943
 31
0.0
  0
LINE
  5
11C
330
1F
100
AcDbEntity
  8
Layer5
  6
AUSGEZOGEN
 62
     7
370
    35
100
AcDbLine
 10
318.841
 20
108.943
 30
0.0
 11
317.8361
 21
108.943
 31
0.0
  0
LINE
  5
11D
330
1F
100
AcDbEntity
  8
Layer12
  6
AUSGEZOGEN
 62
     6
420
 16711935
370
    35
100
AcDbLine
 10
317.8361
 20
92.943
 30
0.0
 11
222.341
 21
92.943
 31
0.0
  0
LINE
  5
11E
330
1F
100
AcDbEntity
  8
Layer5
  6
AUSGEZOGEN
 62
     7
370
    35
100
AcDbLine
 10
218.3361
 20
162.94302
 30
0.0
 11
257.914897377871
 21
162.94302
 31
0.0
  0
CIRCLE
  5
11F
330
1F
100
AcDbEntity
  8
Layer5
  6
AUSGEZOGEN
 62
     7
370
    35
100
AcDbCircle
 10
151.341
 20
244.943
 30
0.0
 40
8.0
  0
CIRCLE
  5
120
330
1F
100
AcDbEntity
  8
Layer5
  6
AUSGEZOGEN
 62
     7
370
    35
100
AcDbCircle
 10
287.341
 20
244.943
 30
0.0
 40
8.0
  0
LINE
  5
121
330
1F
100
AcDbEntity
  8
Layer5
  6
AUSGEZOGEN
 62
     7
370
    35
100
AcDbLine
 10
316.8361
 20
92.943
 30
0.0
 11
120.841
 21
92.943
 31
0.0
  0
DIMENSION
  5
12B
330
1F
100
AcDbEntity
  8
Layer5
  6
AUSGEZOGEN
 62
     4
420
    65535
370
    18
100
AcDbDimension
280
     0
  2
*D7
 10
258.1297
 20
252.943
 30
0.0
 11
252.2797
 21
207.94301
 31
0.0
 70
   160
 71
     5
 42
-1.0
 73
     0
 74
     0
 75
     0
 53
90.0
  3
ISO-25
100
AcDbAlignedDimension
 13
248.656497826087
 23
162.94302
 33
0.0
 14
287.341
 24
252.943
 34
0.0
 50
90.0
100
AcDbRotatedDimension
1001
ACAD
1000
DSTYLE
1002
{
1070
     3
1000
<>
1070
    44
1040
2.5
1070
   280
1070
     0
1070
    77
1070
     1
1070
   179
1070
     3
1070
   271
1070
     3
1070
   173
1070
     1
1070
    41
1040
3.5
1070
   147
1040
0.5
1070
   140
1040
3.5
1070
   178
1070
     4
1070
   177
1070
     4
1070
   176
1070
     4
1002
}
  0
DIMENSION
  5
135
330
1F
100
AcDbEntity
  8
Layer5
  6
AUSGEZOGEN
 62
     4
420
    65535
370
    18
100
AcDbDimension
280
     0
  2
*D8
 10
-160.0
 20
252.943
 30
0.0
 11
-165.85
 21
252.443
 31
0.0
 70
   160
 71
     5
 42
-1.0
 73
     0
 74
     0
 75
     0
 53
90.0
  3
ISO-25
100
AcDbAlignedDimension
 13
-139.105
 23
251.943
 33
0.0
 14
-123.636
 24
252.943
 34
0.0
 50
90.0
100
AcDbRotatedDimension
1001
ACAD
1000
DSTYLE
1002
{
1070
     3
1000
<>
1070
    44
1040
2.5
1070
   280
1070
     0
1070
    77
1070
     1
1070
   179
1070
     3
1070
   271
1070
     3
1070
   173
1070
     1
1070
    41
1040
3.5
1070
   147
1040
0.5
1070
   140
1040
3.5
1070
   178
1070
     4
1070
   177
1070
     4
1070
   176
1070
     4
1002
}
  0
DIMENSION
  5
13F
330
1F
100
AcDbEntity
  8
Layer5
  6
AUSGEZOGEN
 62
     4
420
    65535
370
    18
100
AcDbDimension
280
     0
  2
*D9
 10
106.456
 20
251.943
 30
0.0
 11
100.606
 21
252.443
 31
0.0
 70
   160
 71
     5
 42
-1.0
 73
     0
 74
     0
 75
     0
 53
90.0
  3
ISO-25
100
AcDbAlignedDimension
 13
151.881
 23
252.943
 33
0.0
 14
136.412
 24
251.943
 34
0.0
 50
-90.0
100
AcDbRotatedDimension
1001
ACAD
1000
DSTYLE
1002
{
1070
     3
1000
<>
1070
    44
1040
2.5
1070
   280
1070
     0
1070
    77
1070
     1
1070
   179
1070
     3
1070
   271
1070
     3
1070
   173
1070
     1
1070
    41
1040
3.5
1070
   147
1040
0.5
1070
   140
1040
3.5
1070
   178
1070
     4
1070
   177
1070
     4
1070
   176
1070
     4
1002
}
  0
DIMENSION
  5
149
330
1F
100
AcDbEntity
  8
Layer5
  6
AUSGEZOGEN
 62
     4
420
    65535
370
    18
100
AcDbDimension
280
     0
  2
*D10
 10
21.36423
 20
300.0
 30
0.0
 11
-105.658885
 21
305.85
 31
0.0
 70
   160
 71
     5
 42
-1.0
 73
     0
 74
     0
 75
     0
  3
ISO-25
100
AcDbAlignedDimension
 13
-232.682
 23
162.94302
 33
0.0
 14
21.36423
 24
162.94302
 34
0.0
100
AcDbRotatedDimension
1001
ACAD
1000
DSTYLE
1002
{
1070
     3
1000
<>
1070
    44
1040
2.5
1070
   280
1070
     0
1070
    77
1070
     1
1070
   179
1070
     0
1070
   271
1070
     0
1070
   173
1070
     1
1070
    41
1040
3.5
1070
   147
1040
0.5
1070
   140
1040
3.5
1070
   178
1070
     4
1070
   177
1070
     4
1070
   176
1070
     4
1002
}
  0
WIPEOUT
  5
14A
330
1F
100
AcDbEntity
  8
Layer5
  6
AUSGEZOGEN
 62
     4
420
    65535
370
    18
160
               152
310
98000000040000000C0000000E000000120000000C00000016000000000000C20C00000014000000010000006C0000000700000004000000D6D0622B873A5CC02A33E3CCCC7C7440000000000000000014082C20315846C02A33E3CCCC7C7440000000000000000014082C20315846C004CE7C6666D6744000000000000000
310
00D6D0622B873A5CC004CE7C6666D674400000000000000000
100
AcDbWipeout
 90
        0
 10
-112.914500090122
 20
327.800000083446
 30
0.0
 11
68.22550089359282
 21
0.0
 31
0.0
 12
0.0
 22
68.22550089359282
 32
0.0
 13
1.0
 23
1.0
340
0
 70
     7
280
     1
281
    50
282
    50
283
     0
360
0
 71
     2
 91
        5
 14
-0.5
 24
0.5
 14
0.5
 24
0.5
 14
0.5
 24
0.41791925414
 14
-0.5
 24
0.41791925414
 14
-0.5
 24
0.5
290
     0
  0
TEXT
  5
14B
330
1F
100
AcDbEntity
  8
Layer5
  6
AUSGEZOGEN
 62
     4
420
    65535
370
    18
100
AcDbText
 10
-112.914500090122
 20
328.850000083447
 30
0.0
 40
3.5
  1
65.125
 41
1.30239743687
  7
Arial
 72
     5
 11
-93.459287178151
 21
328.850000083447
 31
0.0
100
AcDbText
  0
WIPEOUT
  5
14C
330
1F
100
AcDbEntity
  8
Layer5
  6
AUSGEZOGEN
 62
     4
420
    65535
370
    18
160
               152
310
98000000040000000C0000000E000000120000000C00000016000000000000C20C00000014000000010000006C00000007000000040000005C37E9D34D825FC03233333333237440000000000000000020D53871BEE74CC03233333333237440000000000000000020D53871BEE74CC00CCECCCCCC7C744000000000000000
310
005C37E9D34D825FC00CCECCCCCC7C74400000000000000000
100
AcDbWipeout
 90
        0
 10
-126.036000230551
 20
322.2
 30
0.0
 11
68.22550089359282
 21
0.0
 31
0.0
 12
0.0
 22
68.22550089359282
 32
0.0
 13
1.0
 23
1.0
340
0
 70
     7
280
     1
281
    50
282
    50
283
     0
360
0
 71
     2
 91
        5
 14
-0.5
 24
0.5
 14
0.5
 24
0.5
 14
0.5
 24
0.41791925414
 14
-0.5
 24
0.41791925414
 14
-0.5
 24
0.5
290
     0
  0
TEXT
  5
14D
330
1F
100
AcDbEntity
  8
Layer5
  6
AUSGEZOGEN
 62
     4
420
    65535
370
    18
100
AcDbText
 10
-126.036000230551
 20
323.25
 30
0.0
 40
3.5
  1
125 t/m --> 90%%d
 41
1.362685512431
  7
Arial
 72
     5
 11
-81.74735839103
 21
323.25
 31
0.0
100
AcDbText
  0
WIPEOUT
  5
14E
330
1F
100
AcDbEntity
  8
Layer5
  6
AUSGEZOGEN
 62
     4
420
    65535
370
    18
160
               152
310
98000000040000000C0000000E000000120000000C00000016000000000000C20C00000014000000010000006C000000070000000400000043359E4C371961C02A33839999C973400000000000000000BA9DEFFDFF2351C02A33839999C973400000000000000000BA9DEFFDFF2351C004CE1C333323744000000000000000
310
0043359E4C371961C004CE1C33332374400000000000000000
100
AcDbWipeout
 90
        0
 10
-136.788000401497
 20
316.599999916553
 30
0.0
 11
68.22550089359282
 21
0.0
 31
0.0
 12
0.0
 22
68.22550089359282
 32
0.0
 13
1.0
 23
1.0
340
0
 70
     7
280
     1
281
    50
282
    50
283
     0
360
0
 71
     2
 91
        5
 14
-0.5
 24
0.5
 14
0.5
 24
0.5
 14
0.5
 24
0.41791925414
 14
-0.5
 24
0.41791925414
 14
-0.5
 24
0.5
290
     0
  0
TEXT
  5
14F
330
1F
100
AcDbEntity
  8
Layer5
  6
AUSGEZOGEN
 62
     4
420
    65535
370
    18
100
AcDbText
 10
-136.788000401497
 20
317.649999916553
 30
0.0
 40
3.5
  1
V=25mm up to 125mm
 41
1.358403894548
  7
Arial
 72
     5
 11
-69.475012214952
 21
317.649999916553
 31
0.0
100
AcDbText
  0
LINE
  5
150
330
1F
100
AcDbEntity
  8
Layer10
  6
DASHDOT
 62
     3
420
    65280
370
    25
100
AcDbLine
 10
-105.659
 20
32.943
 30
0.0
 11
-105.659
 21
256.943
 31
0.0
  0
LINE
  5
151
330
1F
100
AcDbEntity
  8
Layer10
  6
DASHDOT
 62
     3
420
    65280
370
    25
100
AcDbLine
 10
219.341
 20
92.943
 30
0.0
 11
219.341
 21
251.943
 31
0.0
  0
DIMENSION
  5
15B
330
1F
100
AcDbEntity
  8
Layer5
  6
AUSGEZOGEN
 62
     4
420
    65535
370
    18
100
AcDbDimension
280
     0
  2
*D11
 10
-93.659
 20
265.0
 30
0.0
 11
-105.659
 21
270.85
 31
0.0
 70
   160
  1
25
 71
     5
 42
-1.0
 73
     0
 74
     0
 75
     0
  3
ISO-25
100
AcDbAlignedDimension
 13
-117.659
 23
250.260468476634
 33
0.0
 14
-93.659
 24
250.260468476634
 34
0.0
100
AcDbRotatedDimension
1001
ACAD
1000
DSTYLE
1002
{
1070
    44
1040
2.5
1070
   280
1070
     0
1070
    77
1070
     1
1070
   179
1070
     3
1070
   271
1070
     3
1070
   173
1070
     1
1070
    41
1040
3.5
1070
   147
1040
0.5
1070
   140
1040
3.5
1070
   178
1070
     4
1070
   177
1070
     4
1070
   176
1070
     4
1002
}
  0
WIPEOUT
  5
15C
330
1F
100
AcDbEntity
  8
Layer5
  6
AUSGEZOGEN
 62
     4
420
    65535
370
    18
160
               152
310
98000000040000000C0000000E000000120000000C00000016000000000000C20C00000014000000010000006C0000000700000004000000180B95FEB2136A402A33E3CCCC7C74400000000000000000BEB81D26754D71402A33E3CCCC7C74400000000000000000BEB81D26754D714003CE7C6666D6744000000000000000
310
00180B95FEB2136A4003CE7C6666D674400000000000000000
100
AcDbWipeout
 90
        0
 10
208.615599909878
 20
327.800000083446
 30
0.0
 11
68.22550089359277
 21
0.0
 31
0.0
 12
0.0
 22
68.22550089359277
 32
0.0
 13
1.0
 23
1.0
340
0
 70
     7
280
     1
281
    50
282
    50
283
     0
360
0
 71
     2
 91
        5
 14
-0.5
 24
0.5
 14
0.5
 24
0.5
 14
0.5
 24
0.41791925414
 14
-0.5
 24
0.41791925414
 14
-0.5
 24
0.5
290
     0
  0
TEXT
  5
15D
330
1F
100
AcDbEntity
  8
Layer5
  6
AUSGEZOGEN
 62
     4
420
    65535
370
    18
100
AcDbText
 10
208.615599909878
 20
328.850000083447
 30
0.0
 40
3.5
  1
65.125
 41
1.30239743687
  7
Arial
 72
     5
 11
228.070812821849
 21
328.850000083447
 31
0.0
100
AcDbText
  0
WIPEOUT
  5
15E
330
1F
100
AcDbEntity
  8
Layer5
  6
AUSGEZOGEN
 62
     4
420
    65535
370
    18
160
               152
310
98000000040000000C0000000E000000120000000C00000016000000000000C20C00000014000000010000006C0000000700000004000000D4D751AACF6F6840333333333323744000000000000000001E1FFC7B837B7040333333333323744000000000000000001E1FFC7B837B70400DCECCCCCC7C744000000000000000
310
00D4D751AACF6F68400DCECCCCCC7C74400000000000000000
100
AcDbWipeout
 90
        0
 10
195.494099769449
 20
322.2
 30
0.0
 11
68.22550089359288
 21
0.0
 31
0.0
 12
0.0
 22
68.22550089359288
 32
0.0
 13
1.0
 23
1.0
340
0
 70
     7
280
     1
281
    50
282
    50
283
     0
360
0
 71
     2
 91
        5
 14
-0.5
 24
0.5
 14
0.5
 24
0.5
 14
0.5
 24
0.41791925414
 14
-0.5
 24
0.41791925414
 14
-0.5
 24
0.5
290
     0
  0
TEXT
  5
15F
330
1F
100
AcDbEntity
  8
Layer5
  6
AUSGEZOGEN
 62
     4
420
    65535
370
    18
100
AcDbText
 10
195.494099769449
 20
323.25
 30
0.0
 40
3.5
  1
125 t/m --> 90%%d
 41
1.362685512431
  7
Arial
 72
     5
 11
239.78274160897
 21
323.25
 31
0.0
100
AcDbText
  0
WIPEOUT
  5
160
330
1F
100
AcDbEntity
  8
Layer5
  6
AUSGEZOGEN
 62
     4
420
    65535
370
    18
160
               152
310
98000000040000000C0000000E000000120000000C00000016000000000000C20C00000014000000010000006C00000007000000040000003E3EA847BF1767402A33839999C973400000000000000000A6A44E95F69E6F402A33839999C973400000000000000000A6A44E95F69E6F4004CE1C333323744000000000000000
310
003E3EA847BF17674004CE1C33332374400000000000000000
100
AcDbWipeout
 90
        0
 10
184.742099598503
 20
316.599999916553
 30
0.0
 11
68.22550089359288
 21
0.0
 31
0.0
 12
0.0
 22
68.22550089359288
 32
0.0
 13
1.0
 23
1.0
340
0
 70
     7
280
     1
281
    50
282
    50
283
     0
360
0
 71
     2
 91
        5
 14
-0.5
 24
0.5
 14
0.5
 24
0.5
 14
0.5
 24
0.41791925414
 14
-0.5
 24
0.41791925414
 14
-0.5
 24
0.5
290
     0
  0
TEXT
  5
161
330
1F
100
AcDbEntity
  8
Layer5
  6
AUSGEZOGEN
 62
     4
420
    65535
370
    18
100
AcDbText
 10
184.742099598503
 20
317.649999916553
 30
0.0
 40
3.5
  1
V=25mm up to 125mm
 41
1.358403894548
  7
Arial
 72
     5
 11
252.055087785048
 21
317.649999916553
 31
0.0
100
AcDbText
  0
DIMENSION
  5
16B
330
1F
100
AcDbEntity
  8
Layer5
  6
AUSGEZOGEN
 62
     4
420
    65535
370
    18
100
AcDbDimension
280
     0
  2
*D12
 10
-232.682
 20
52.943
 30
0.0
 11
-237.232
 21
72.943
 31
0.0
 70
   160
 71
     5
 42
-1.0
 73
     0
 74
     0
 75
     0
 53
90.0
  3
ISO-25
100
AcDbAlignedDimension
 13
-203.621
 23
92.943
 33
0.0
 14
-218.621
 24
52.943
 34
0.0
 50
-90.0
100
AcDbRotatedDimension
1001
ACAD
1000
DSTYLE
1002
{
1070
     3
1000
<>
1070
    44
1040
2.5
1070
   280
1070
     0
1070
    77
1070
     1
1070
   179
1070
     2
1070
   271
1070
     2
1070
   173
1070
     1
1070
    41
1040
3.5
1070
   147
1040
0.5
1070
   140
1040
3.5
1070
   178
1070
     4
1070
   177
1070
     4
1070
   176
1070
     4
1002
}
  0
DIMENSION
  5
175
330
1F
100
AcDbEntity
  8
Layer30
  6
AUSGEZOGEN
 62
     4
420
    65535
370
    18
100
AcDbDimension
280
     0
  2
*D13
 10
25.0
 20
107.943
 30
0.0
 11
21.5
 21
100.443
 31
0.0
 70
   160
 71
     5
 42
-1.0
 73
     0
 74
     0
 75
     0
 53
90.0
  3
ISO-25
100
AcDbAlignedDimension
 13
-6.3736
 23
92.943
 33
0.0
 14
-6.3736
 24
107.943
 34
0.0
 50
90.0
100
AcDbRotatedDimension
1001
ACAD
1000
DSTYLE
1002
{
1070
     3
1000
<>
1070
    44
1040
2.5
1070
   280
1070
     0
1070
    77
1070
     1
1070
   179
1070
     2
1070
   271
1070
     2
1070
   173
1070
     1
1070
    41
1040
3.5
1070
   147
1040
0.5
1070
   140
1040
3.5
1070
   178
1070
     4
1070
   177
1070
     4
1070
   176
1070
     4
1002
}
  0
LINE
  5
176
330
1F
100
AcDbEntity
  8
Layer5
  6
AUSGEZOGEN
 62
     7
370
    35
100
AcDbLine
 10
-112.159
 20
32.943
 30
0.0
 11
-99.159
 21
32.943
 31
0.0
  0
LINE
  5
177
330
1F
100
AcDbEntity
  8
Layer5
  6
AUSGEZOGEN
 62
     7
370
    35
100
AcDbLine
 10
-112.159
 20
32.943
 30
0.0
 11
-112.159
 21
54.943
 31
0.0
  0
LINE
  5
178
330
1F
100
AcDbEntity
  8
Layer5
  6
AUSGEZOGEN
 62
     7
370
    35
100
AcDbLine
 10
-99.159
 20
32.943
 30
0.0
 11
-99.159
 21
54.943
 31
0.0
  0
LINE
  5
179
330
1F
100
AcDbEntity
  8
Layer5
  6
AUSGEZOGEN
 62
     7
370
    35
100
AcDbLine
 10
-112.159
 20
54.943
 30
0.0
 11
-99.159
 21
54.943
 31
0.0
  0
TEXT
  5
17A
330
1F
100
AcDbEntity
  8
Layer5
  6
AUSGEZOGEN
 62
     4
420
    65535
370
    35
100
AcDbText
 10
-81.221516666667
 20
63.547713178796
 30
0.0
 40
6.614583333333
  1
66.125 L
 41
0.968216492676
  7
Arial
 72
     5
 11
-46.433094661281
 21
63.547713178796
 31
0.0
100
AcDbText
  0
TEXT
  5
17B
330
1F
100
AcDbEntity
  8
Layer5
  6
AUSGEZOGEN
 62
     7
370
    35
100
AcDbText
 10
-339.248903547083
 20
-106.211671268438
 30
0.0
 40
1.804200013876
  1
Weitergabe und Vervielfältigung dieser Unterlage, sowie
 50
0.000002414837
 41
1.050091578468
  7
Arial
 72
     5
 11
-273.402941065485
 21
-106.211668493238
 31
0.0
100
AcDbText
  0
TEXT
  5
17C
330
1F
100
AcDbEntity
  8
Layer5
  6
AUSGEZOGEN
 62
     7
370
    35
100
AcDbText
 10
-339.248903452446
 20
-108.376711285088
 30
0.0
 40
1.804200013876
  1
Verwertung und Mitteilung ihres Inhalts nicht gestattet,
 50
0.000002414837
 41
1.052870986059
  7
Arial
 72
     5
 11
-275.435981700065
 21
-108.376708595574
 31
0.0
100
AcDbText
  0
TEXT
  5
17D
330
1F
100
AcDbEntity
  8
Layer5
  6
AUSGEZOGEN
 62
     7
370
    35
100
AcDbText
 10
-339.248903357809
 20
-110.541751301739
 30
0.0
 40
1.804200013876
  1
soweit nicht ausdrücklich zugestanden. Alle Rechte vorbehalten
 50
0.000002561321
 41
1.048285569291
  7
Arial
 72
     5
 11
-264.710215429317
 21
-110.5417479696
 31
0.0
100
AcDbText
  0
LINE
  5
17E
330
1F
100
AcDbEntity
  8
Layer5
  6
AUSGEZOGEN
 62
     7
370
    35
100
AcDbLine
 10
489.128899481224
 20
470.597448582635
 30
0.0
 11
-339.871100518776
 21
470.597448582635
 31
0.0
  0
LINE
  5
17F
330
1F
100
AcDbEntity
  8
Layer5
  6
AUSGEZOGEN
 62
     7
370
    35
100
AcDbLine
 10
-339.871100518776
 20
470.597448582635
 30
0.0
 11
-339.871100518776
 21
-111.402551417365
 31
0.0
  0
LINE
  5
180
330
1F
100
AcDbEntity
  8
Layer5
  6
AUSGEZOGEN
 62
     7
370
    35
100
AcDbLine
 10
-339.871100518776
 20
-111.402551417365
 30
0.0
 11
489.128899481224
 21
-111.402551417365
 31
0.0
  0
LINE
  5
181
330
1F
100
AcDbEntity
  8
Layer5
  6
AUSGEZOGEN
 62
     7
370
    35
100
AcDbLine
 10
489.128899481224
 20
-111.402551417365
 30
0.0
 11
489.128899481224
 21
470.597448582635
 31
0.0
  0
LINE
  5
182
330
1F
100
AcDbEntity
  8
Layer5
  6
AUSGEZOGEN
 62
     7
370
    35
100
AcDbLine
 10
289.924553637262
 20
-111.402551417365
 30
0.0
 11
489.128899481224
 21
-111.402551417365
 31
0.0
  0
LINE
  5
183
330
1F
100
AcDbEntity
  8
Layer11
  6
AUSGEZOGEN
 62
     7
370
    50
100
AcDbLine
 10
445.924553637262
 20
-87.337066776331
 30
0.0
 11
339.924553637262
 21
-87.337066776331
 31
0.0
  0
LINE
  5
184
330
1F
100
AcDbEntity
  8
Layer11
  6
AUSGEZOGEN
 62
     7
370
    50
100
AcDbLine
 10
289.924553637262
 20
-87.337066776331
 30
0.0
 11
339.924553637262
 21
-87.337066776331
 31
0.0
  0
LINE
  5
185
330
1F
100
AcDbEntity
  8
Layer11
  6
AUSGEZOGEN
 62
     7
370
    50
100
AcDbLine
 10
289.924553637262
 20
-103.33222843048
 30
0.0
 11
339.924553637262
 21
-103.33222843048
 31
0.0
  0
LINE
  5
186
330
1F
100
AcDbEntity
  8
Layer11
  6
AUSGEZOGEN
 62
     7
370
    50
100
AcDbLine
 10
319.924553637262
 20
-111.337066776331
 30
0.0
 11
319.924553637262
 21
-103.33222843048
 31
0.0
  0
LINE
  5
187
330
1F
100
AcDbEntity
  8
Layer11
  6
AUSGEZOGEN
 62
     7
370
    50
100
AcDbLine
 10
339.924553637262
 20
-111.337066776331
 30
0.0
 11
339.924553637262
 21
-87.337066776331
 31
0.0
  0
TEXT
  5
188
330
1F
100
AcDbEntity
  8
Layer11
  6
AUSGEZOGEN
 62
     7
370
    50
100
AcDbText
 10
321.424553637262
 20
-106.230327388814
 30
0.0
 40
1.48828125
  1
Format:
 41
0.948938145843
  7
Arial
 72
     5
 11
328.216241098276
 21
-106.230327388814
 31
0.0
100
AcDbText
  0
TEXT
  5
189
330
1F
100
AcDbEntity
  8
Layer11
  6
AUSGEZOGEN
 62
     7
370
    50
100
AcDbText
 10
291.424553637262
 20
-106.230327388814
 30
0.0
 40
1.48828125
  1
Maßstab:
 41
0.954510176787
  7
Arial
 72
     5
 11
299.689485744511
 21
-106.230327388814
 31
0.0
100
AcDbText
  0
TEXT
  5
18A
330
1F
100
AcDbEntity
  8
Layer11
  6
AUSGEZOGEN
 62
     1
420
 16711680
370
    50
100
AcDbText
 10
332.828270277362
 20
-109.362977087376
 30
0.0
 40
2.645833333333
  1
A1
 41
0.797845049623
  7
Arial
 72
     5
 11
336.43168757867
 21
-109.362977087376
 31
0.0
100
AcDbText
  0
TEXT
  5
18B
330
1F
100
AcDbEntity
  8
Layer11
  6
AUSGEZOGEN
 62
     1
420
 16711680
370
    50
100
AcDbText
 10
311.748270277362
 20
-109.792925004043
 30
0.0
 40
2.9765625
  1
1:1
 41
0.796022720563
  7
Arial
 72
     5
 11
316.344928352964
 21
-109.792925004043
 31
0.0
100
AcDbText
  0
LINE
  5
18C
330
1F
100
AcDbEntity
  8
Layer11
  6
AUSGEZOGEN
 62
     7
370
    50
100
AcDbLine
 10
289.924553637262
 20
-111.337066776331
 30
0.0
 11
289.924553637262
 21
-87.337066776331
 31
0.0
  0
INSERT
  5
290
330
1F
100
AcDbEntity
  8
0
100
AcDbBlockReference
  2
ukb-a4_nNn013
 10
0.0
 20
0.0
 30
0.0
  0
TEXT
  5
291
330
1F
100
AcDbEntity
  8
Layer11
  6
AUSGEZOGEN
 62
     7
370
    50
100
AcDbText
 10
369.180203597827
 20
-91.06252304826
 30
0.0
 40
2.315104166667
  1
UKB - Uwe Krumm Burbach GmbH
 41
0.861543303105
  7
Arial
 72
     5
 11
412.653687646897
 21
-91.06252304826
 31
0.0
100
AcDbText
  0
TEXT
  5
292
330
1F
100
AcDbEntity
  8
Layer11
  6
AUSGEZOGEN
 62
     7
370
    50
100
AcDbText
 10
369.180203597827
 20
-94.766689714926
 30
0.0
 40
2.315104166667
  1
Carl-Benz-Str. 49
 41
0.879554920931
  7
Arial
 72
     5
 11
391.135172527521
 21
-94.766689714926
 31
0.0
100
AcDbText
  0
TEXT
  5
293
330
1F
100
AcDbEntity
  8
Layer11
  6
AUSGEZOGEN
 62
     7
370
    50
100
AcDbText
 10
369.180203597827
 20
-98.470856381593
 30
0.0
 40
2.315104166667
  1
57299 Burbach
 41
0.878982582527
  7
Arial
 72
     5
 11
388.442910038425
 21
-98.470856381593
 31
0.0
100
AcDbText
  0
TEXT
  5
294
330
1F
100
AcDbEntity
  8
Layer11
  6
AUSGEZOGEN
 62
     7
370
    50
100
AcDbText
 10
369.180203597827
 20
-102.17502304826
 30
0.0
 40
2.315104166667
  1
Tel (0 27 36) 44 42 -0
 41
0.878942058746
  7
Arial
 72
     5
 11
396.491858592107
 21
-102.17502304826
 31
0.0
100
AcDbText
  0
TEXT
  5
295
330
1F
100
AcDbEntity
  8
Layer11
  6
AUSGEZOGEN
 62
     7
370
    50
100
AcDbText
 10
369.180203597827
 20
-105.879189714926
 30
0.0
 40
2.315104166667
  1
Fax (0 27 36) 44 42 22
 41
0.878349163174
  7
Arial
 72
     5
 11
397.894830748868
 21
-105.879189714926
 31
0.0
100
AcDbText
  0
TEXT
  5
296
330
1F
100
AcDbEntity
  8
Layer11
  6
AUSGEZOGEN
 62
     7
370
    50
100
AcDbText
 10
369.180203597827
 20
-109.583356381593
 30
0.0
 40
2.315104166667
  1
post@ukb-gmbh.de
 41
0.869665081504
  7
Arial
 72
     5
 11
393.745273059364
 21
-109.583356381593
 31
0.0
100
AcDbText
  0
LINE
  5
297
330
1F
100
AcDbEntity
  8
Layer11
  6
AUSGEZOGEN
 62
     7
370
    50
100
AcDbLine
 10
489.128899481224
 20
-87.337066776331
 30
0.0
 11
445.924553637262
 21
-87.337066776331
 31
0.0
  0
LINE
  5
298
330
1F
100
AcDbEntity
  8
Layer11
  6
AUSGEZOGEN
 62
     7
370
    50
100
AcDbLine
 10
489.128899481224
 20
-95.337066776331
 30
0.0
 11
445.924553637262
 21
-95.337066776331
 31
0.0
  0
TEXT
  5
299
330
1F
100
AcDbEntity
  8
Layer11
  6
AUSGEZOGEN
 62
     7
370
    50
100
AcDbText
 10
447.424553637262
 20
-98.235165734664
 30
0.0
 40
1.48828125
  1
Beschreibung:
 41
0.971275520319
  7
Arial
 72
     5
 11
460.321582517183
 21
-98.235165734664
 31
0.0
100
AcDbText
  0
TEXT
  5
29A
330
1F
100
AcDbEntity
  8
Layer11
  6
AUSGEZOGEN
 62
     7
370
    50
100
AcDbText
 10
447.424553637262
 20
-90.235165734664
 30
0.0
 40
1.48828125
  1
Belastbarkeit
 41
0.999535677038
  7
Arial
 72
     5
 11
459.42643142606
 21
-90.235165734664
 31
0.0
100
AcDbText
  0
LINE
  5
29B
330
1F
100
AcDbEntity
  8
Layer10
  6
AUSGEZOGEN
 62
     7
370
    35
100
AcDbLine
 10
445.924553637262
 20
-87.337066776331
 30
0.0
 11
445.924553637262
 21
-111.337066776331
 31
0.0
  0
TEXT
  5
29C
330
1F
100
AcDbEntity
  8
Layer11
  6
AUSGEZOGEN
 62
     1
420
 16711680
370
    50
100
AcDbText
 10
462.826545849625
 20
-91.711676151331
 30
0.0
 40
2.48046875
  1
bei max. 90%%d
 41
0.911055540778
  7
Arial
 72
     5
 11
480.392319467708
 21
-91.711676151331
 31
0.0
100
AcDbText
  0
TEXT
  5
29D
330
1F
100
AcDbEntity
  8
Layer11
  6
AUSGEZOGEN
 62
     1
420
 16711680
370
    50
100
AcDbText
 10
462.826545849625
 20
-95.680426151331
 30
0.0
 40
2.48046875
  1
125 t/m
 41
0.890851957268
  7
Arial
 72
     5
 11
473.112841051915
 21
-95.680426151331
 31
0.0
100
AcDbText
  0
TEXT
  5
29E
330
1F
100
AcDbEntity
  8
Layer11
  6
AUSGEZOGEN
 62
     1
420
 16711680
370
    50
100
AcDbText
 10
465.482944129825
 20
-102.376650109664
 30
0.0
 40
2.645833333333
  1
65.125
 41
0.890654191652
  7
Arial
 72
     5
 11
475.540582367877
 21
-102.376650109664
 31
0.0
100
AcDbText
  0
TEXT
  5
29F
330
1F
100
AcDbEntity
  8
Layer11
  6
AUSGEZOGEN
 62
     1
420
 16711680
370
    50
100
AcDbText
 10
465.482944129825
 20
-106.609983442998
 30
0.0
 40
2.645833333333
  1
+
 41
0.794911362867
  7
Arial
 72
     5
 11
467.197054559273
 21
-106.609983442998
 31
0.0
100
AcDbText
  0
TEXT
  5
2A0
330
1F
100
AcDbEntity
  8
Layer11
  6
AUSGEZOGEN
 62
     1
420
 16711680
370
    50
100
AcDbText
 10
465.482944129825
 20
-110.843316776331
 30
0.0
 40
2.645833333333
  1
66.125 L
 41
0.90318702675
  7
Arial
 72
     5
 11
478.46369860945
 21
-110.843316776331
 31
0.0
100
AcDbText
  0
DIMENSION
  5
2AA
330
1F
100
AcDbEntity
  8
Layer30
  6
AUSGEZOGEN
 62
     4
420
    65535
370
    18
100
AcDbDimension
280
     0
  2
*D17
 10
-99.159
 20
18.084738587976
 30
0.0
 11
-105.659
 21
21.584738587976
 31
0.0
 70
   160
 71
     5
 42
-1.0
 73
     0
 74
     0
 75
     0
  3
ISO-25
100
AcDbAlignedDimension
 13
-112.159
 23
32.943
 33
0.0
 14
-99.159
 24
32.943
 34
0.0
100
AcDbRotatedDimension
1001
ACAD
1000
DSTYLE
1002
{
1070
     3
1000
<>
1070
    44
1040
2.5
1070
   280
1070
     0
1070
    77
1070
     1
1070
   179
1070
     2
1070
   271
1070
     2
1070
   173
1070
     1
1070
    41
1040
3.5
1070
   147
1040
0.5
1070
   140
1040
3.5
1070
   178
1070
     4
1070
   177
1070
     4
1070
   176
1070
     4
1002
}
  0
DIMENSION
  5
2B4
330
1F
100
AcDbEntity
  8
Layer30
  6
AUSGEZOGEN
 62
     4
420
    65535
370
    18
100
AcDbDimension
280
     0
  2
*D18
 10
-80.0
 20
32.943
 30
0.0
 11
-83.5
 21
42.943
 31
0.0
 70
   160
 71
     5
 42
-1.0
 73
     0
 74
     0
 75
     0
 53
90.0
  3
ISO-25
100
AcDbAlignedDimension
 13
-99.159
 23
52.943
 33
0.0
 14
-99.159
 24
32.943
 34
0.0
 50
-90.0
100
AcDbRotatedDimension
1001
ACAD
1000
DSTYLE
1002
{
1070
     3
1000
<>
1070
    44
1040
2.5
1070
   280
1070
     0
1070
    77
1070
     1
1070
   179
1070
     2
1070
   271
1070
     2
1070
   173
1070
     1
1070
    41
1040
3.5
1070
   147
1040
0.5
1070
   140
1040
3.5
1070
   178
1070
     4
1070
   177
1070
     4
1070
   176
1070
     4
1002
}
  0
LINE
  5
2B5
330
1F
100
AcDbEntity
  8
Layer5
  6
AUSGEZOGEN
 62
     7
370
    35
100
AcDbLine
 10
216.3381
 20
108.943
 30
0.0
 11
216.3381
 21
92.943
 31
0.0
  0
LINE
  5
2B6
330
1F
100
AcDbEntity
  8
Layer5
  6
AUSGEZOGEN
 62
     7
370
    35
100
AcDbLine
 10
222.341
 20
92.943
 30
0.0
 11
222.341
 21
108.943
 31
0.0
  0
DIMENSION
  5
2C1
330
1F
100
AcDbEntity
  8
Layer12
  6
AUSGEZOGEN
 62
     4
420
    65535
370
    18
100
AcDbDimension
280
     0
  2
*D19
 10
348.245068077343
 20
92.943
 30
0.0
 11
345.795068077343
 21
172.943
 31
0.0
 70
   160
 71
     5
 42
-1.0
 73
     0
 74
     0
 75
     0
 53
90.0
  3
ISO-25
100
AcDbAlignedDimension
 13
287.341
 23
252.943
 33
0.0
 14
316.8361
 24
92.943
 34
0.0
 50
-90.0
100
AcDbRotatedDimension
1001
ACAD
1000
DSTYLE
1002
{
1070
     3
1000
<>
1070
    44
1040
2.5
1070
   280
1070
     0
1070
    77
1070
     1
1070
    78
1070
     8
1070
   179
1070
     2
1070
   271
1070
     2
1070
   173
1070
     1
1070
    41
1040
3.5
1070
   147
1040
0.5
1070
   140
1040
3.5
1070
   178
1070
     4
1070
   177
1070
     4
1070
   176
1070
     4
1002
}
  0
LINE
  5
2C2
330
1F
100
AcDbEntity
  8
Layer5
  6
AUSGEZOGEN
 62
     7
370
    35
100
AcDbLine
 10
119.841
 20
108.943
 30
0.0
 11
119.841
 21
204.943
 31
0.0
  0
LINE
  5
2C3
330
1F
100
AcDbEntity
  8
Layer5
  6
AUSGEZOGEN
 62
     7
370
    35
100
AcDbLine
 10
120.841
 20
92.943
 30
0.0
 11
120.841
 21
108.943
 31
0.0
  0
LINE
  5
2C4
330
1F
100
AcDbEntity
  8
Layer5
  6
AUSGEZOGEN
 62
     7
370
    35
100
AcDbLine
 10
317.8361
 20
108.943
 30
0.0
 11
317.8361
 21
92.943
 31
0.0
  0
LINE
  5
2C5
330
1F
100
AcDbEntity
  8
Layer5
  6
AUSGEZOGEN
 62
     7
370
    35
100
AcDbLine
 10
318.841
 20
108.943
 30
0.0
 11
318.841
 21
204.943
 31
0.0
  0
DIMENSION
  5
2D2
330
1F
100
AcDbEntity
  8
Layer12
  6
AUSGEZOGEN
 62
     4
420
    65535
370
    18
100
AcDbDimension
280
     0
  2
*D20
 10
156.841
 20
275.0
 30
0.0
 11
219.341
 21
277.45
 31
0.0
 70
   160
 71
     5
 42
-1.0
 73
     0
 74
     0
 75
     0
  3
ISO-25
100
AcDbAlignedDimension
 13
281.841
 23
250.752475019311
 33
0.0
 14
156.841
 24
250.752475019311
 34
0.0
 50
180.0
100
AcDbRotatedDimension
1001
ACAD
1000
DSTYLE
1002
{
1070
     3
1000
<>
1070
    44
1040
2.5
1070
   280
1070
     0
1070
    77
1070
     1
1070
    78
1070
     8
1070
   179
1070
     2
1070
   271
1070
     2
1070
   173
1070
     1
1070
    41
1040
3.5
1070
   147
1040
0.5
1070
   140
1040
3.5
1070
   178
1070
     4
1070
   177
1070
     4
1070
   176
1070
     4
1002
}
  0
DIMENSION
  5
2DF
330
1F
100
AcDbEntity
  8
Layer12
  6
AUSGEZOGEN
 62
     4
420
    65535
370
    18
100
AcDbDimension
280
     0
  2
*D21
 10
287.341
 20
290.0
 30
0.0
 11
219.341
 21
292.45
 31
0.0
 70
   160
 71
     5
 42
-1.0
 73
     0
 74
     0
 75
     0
  3
ISO-25
100
AcDbAlignedDimension
 13
151.341
 23
244.943
 33
0.0
 14
287.341
 24
244.943
 34
0.0
100
AcDbRotatedDimension
1001
ACAD
1000
DSTYLE
1002
{
1070
     3
1000
<>
1070
    44
1040
2.5
1070
   280
1070
     0
1070
    77
1070
     1
1070
    78
1070
     8
1070
   179
1070
     2
1070
   271
1070
     2
1070
   173
1070
     1
1070
    41
1040
3.5
1070
   147
1040
0.5
1070
   140
1040
3.5
1070
   178
1070
     4
1070
   177
1070
     4
1070
   176
1070
     4
1002
}
  0
DIMENSION
  5
2EC
330
1F
100
AcDbEntity
  8
Layer12
  6
AUSGEZOGEN
 62
     4
420
    65535
370
    18
100
AcDbDimension
280
     0
  2
*D22
 10
317.8361
 20
75.0
 30
0.0
 11
219.33855
 21
77.45
 31
0.0
 70
   160
 71
     5
 42
-1.0
 73
     0
 74
     0
 75
     0
  3
ISO-25
100
AcDbAlignedDimension
 13
120.841
 23
100.943
 33
0.0
 14
317.8361
 24
100.943
 34
0.0
100
AcDbRotatedDimension
1001
ACAD
1000
DSTYLE
1002
{
1070
     3
1000
<>
1070
    44
1040
2.5
1070
   280
1070
     0
1070
    77
1070
     1
1070
    78
1070
     8
1070
   179
1070
     2
1070
   271
1070
     2
1070
   173
1070
     1
1070
    41
1040
3.5
1070
   147
1040
0.5
1070
   140
1040
3.5
1070
   178
1070
     4
1070
   177
1070
     4
1070
   176
1070
     4
1002
}
  0
LINE
  5
2ED
330
1F
100
AcDbEntity
  8
Layer30
  6
AUSGEZOGEN
 62
     7
370
    25
100
AcDbLine
 10
120.841
 20
107.943
 30
0.0
 11
105.841
 21
107.943
 31
0.0
  0
LINE
  5
2EE
330
1F
100
AcDbEntity
  8
Layer30
  6
AUSGEZOGEN
 62
     7
370
    25
100
AcDbLine
 10
105.841
 20
107.943
 30
0.0
 11
105.841
 21
52.943
 31
0.0
  0
LINE
  5
2EF
330
1F
100
AcDbEntity
  8
Layer30
  6
AUSGEZOGEN
 62
     7
370
    25
100
AcDbLine
 10
225.303
 20
52.943
 30
0.0
 11
333.0884
 21
52.943
 31
0.0
  0
LINE
  5
2F0
330
1F
100
AcDbEntity
  8
Layer30
  6
AUSGEZOGEN
 62
     7
370
    25
100
AcDbLine
 10
105.841
 20
52.943
 30
0.0
 11
212.303
 21
52.943
 31
0.0
  0
LINE
  5
2F1
330
1F
100
AcDbEntity
  8
Layer30
  6
AUSGEZOGEN
 62
     7
370
    25
100
AcDbLine
 10
333.0884
 20
52.943
 30
0.0
 11
333.0884
 21
107.943
 31
0.0
  0
LINE
  5
2F2
330
1F
100
AcDbEntity
  8
Layer5
  6
AUSGEZOGEN
 62
     7
370
    35
100
AcDbLine
 10
212.303
 20
32.943
 30
0.0
 11
225.303
 21
32.943
 31
0.0
  0
LINE
  5
2F3
330
1F
100
AcDbEntity
  8
Layer5
  6
AUSGEZOGEN
 62
     7
370
    35
100
AcDbLine
 10
212.303
 20
32.943
 30
0.0
 11
212.303
 21
54.943
 31
0.0
  0
LINE
  5
2F4
330
1F
100
AcDbEntity
  8
Layer5
  6
AUSGEZOGEN
 62
     7
370
    35
100
AcDbLine
 10
225.303
 20
32.943
 30
0.0
 11
225.303
 21
54.943
 31
0.0
  0
LINE
  5
2F5
330
1F
100
AcDbEntity
  8
Layer5
  6
AUSGEZOGEN
 62
     7
370
    35
100
AcDbLine
 10
212.303
 20
54.943
 30
0.0
 11
225.303
 21
54.943
 31
0.0
  0
DIMENSION
  5
2FF
330
1F
100
AcDbEntity
  8
Layer30
  6
AUSGEZOGEN
 62
     4
420
    65535
370
    18
100
AcDbDimension
280
     0
  2
*D23
 10
225.303
 20
18.084738587976
 30
0.0
 11
218.803
 21
21.584738587976
 31
0.0
 70
   160
 71
     5
 42
-1.0
 73
     0
 74
     0
 75
     0
  3
ISO-25
100
AcDbAlignedDimension
 13
212.303
 23
32.943
 33
0.0
 14
225.303
 24
32.943
 34
0.0
100
AcDbRotatedDimension
1001
ACAD
1000
DSTYLE
1002
{
1070
     3
1000
<>
1070
    44
1040
2.5
1070
   280
1070
     0
1070
    77
1070
     1
1070
   179
1070
     2
1070
   271
1070
     2
1070
   173
1070
     1
1070
    41
1040
3.5
1070
   147
1040
0.5
1070
   140
1040
3.5
1070
   178
1070
     4
1070
   177
1070
     4
1070
   176
1070
     4
1002
}
  0
DIMENSION
  5
309
330
1F
100
AcDbEntity
  8
Layer30
  6
AUSGEZOGEN
 62
     4
420
    65535
370
    18
100
AcDbDimension
280
     0
  2
*D24
 10
244.462
 20
32.943
 30
0.0
 11
240.962
 21
42.943
 31
0.0
 70
   160
 71
     5
 42
-1.0
 73
     0
 74
     0
 75
     0
 53
90.0
  3
ISO-25
100
AcDbAlignedDimension
 13
225.303
 23
52.943
 33
0.0
 14
225.303
 24
32.943
 34
0.0
 50
-90.0
100
AcDbRotatedDimension
1001
ACAD
1000
DSTYLE
1002
{
1070
     3
1000
<>
1070
    44
1040
2.5
1070
   280
1070
     0
1070
    77
1070
     1
1070
   179
1070
     2
1070
   271
1070
     2
1070
   173
1070
     1
1070
    41
1040
3.5
1070
   147
1040
0.5
1070
   140
1040
3.5
1070
   178
1070
     4
1070
   177
1070
     4
1070
   176
1070
     4
1002
}
  0
LINE
  5
30A
330
1F
100
AcDbEntity
  8
Layer5
  6
AUSGEZOGEN
 62
     7
370
    35
100
AcDbLine
 10
333.0884
 20
107.943
 30
0.0
 11
317.8361
 21
107.943
 31
0.0
  0
ENDSEC
  0
SECTION
  2
OBJECTS
  0
DICTIONARY
  5
C
330
0
100
AcDbDictionary
281
     1
  3
ACAD_DETAILVIEWSTYLE
350
343
  3
ACAD_GROUP
350
D
  3
ACAD_LAYOUT
350
1A
  3
ACAD_MATERIAL
350
43
  3
ACAD_MLEADERSTYLE
350
6B
  3
ACAD_MLINESTYLE
350
17
  3
ACAD_PLOTSETTINGS
350
19
  3
ACAD_PLOTSTYLENAME
350
E
  3
ACAD_SCALELIST
350
47
  3
ACAD_SECTIONVIEWSTYLE
350
344
  3
ACAD_TABLESTYLE
350
69
  3
ACAD_VISUALSTYLE
350
2A
  3
ACAD_WIPEOUT_VARS
350
340
  3
ACDB_RECOMPOSE_DATA
350
33F
  3
AcDbVariableDictionary
350
30B
  0
SUN
  5
6D
330
29
100
AcDbSun
 90
        1
290
     0
 63
     7
421
 16777215
 40
1.0
291
     1
 91
  2455826
 92
 54000000
292
     0
 70
     2
 71
   256
280
     1
  0
DICTIONARY
  5
343
102
{ACAD_REACTORS
330
C
102
}
330
C
100
AcDbDictionary
281
     1
  0
DICTIONARY
  5
D
102
{ACAD_REACTORS
330
C
102
}
330
C
100
AcDbDictionary
281
     1
  0
DICTIONARY
  5
1A
102
{ACAD_REACTORS
330
C
102
}
330
C
100
AcDbDictionary
281
     1
  3
Layout1
350
1E
  3
Layout2
350
26
  3
Model
350
22
  0
DICTIONARY
  5
43
102
{ACAD_REACTORS
330
C
102
}
330
C
100
AcDbDictionary
281
     1
  3
ByBlock
350
45
  3
ByLayer
350
44
  3
Global
350
46
  0
DICTIONARY
  5
6B
102
{ACAD_REACTORS
330
C
102
}
330
C
100
AcDbDictionary
281
     1
  3
Standard
350
6C
  0
DICTIONARY
  5
17
102
{ACAD_REACTORS
330
C
102
}
330
C
100
AcDbDictionary
281
     1
  3
Standard
350
18
  0
DICTIONARY
  5
19
102
{ACAD_REACTORS
330
C
102
}
330
C
100
AcDbDictionary
281
     1
  0
ACDBDICTIONARYWDFLT
  5
E
102
{ACAD_REACTORS
330
C
102
}
330
C
100
AcDbDictionary
281
     1
  3
Normal
350
F
100
AcDbDictionaryWithDefault
340
F
  0
DICTIONARY
  5
47
102
{ACAD_REACTORS
330
C
102
}
330
C
100
AcDbDictionary
281
     1
  3
A0
350
48
  3
A1
350
49
  3
A2
350
4A
  3
A3
350
4B
  3
A4
350
4C
  3
A5
350
4D
  3
A6
350
4E
  3
A7
350
4F
  3
A8
350
50
  3
A9
350
51
  3
B0
350
52
  3
B1
350
53
  3
B2
350
54
  3
B3
350
55
  3
B4
350
56
  3
B5
350
57
  3
B6
350
58
  3
B7
350
59
  3
B8
350
5A
  3
B9
350
5B
  3
C0
350
5C
  3
C1
350
5D
  3
C2
350
5E
  3
C3
350
5F
  3
C4
350
60
  3
C5
350
61
  3
C6
350
62
  3
C7
350
63
  3
C8
350
64
  3
C9
350
65
  3
D0
350
66
  3
D1
350
67
  3
D2
350
68
  0
DICTIONARY
  5
344
102
{ACAD_REACTORS
330
C
102
}
330
C
100
AcDbDictionary
281
     1
  0
DICTIONARY
  5
69
102
{ACAD_REACTORS
330
C
102
}
330
C
100
AcDbDictionary
281
     1
  3
Standard
350
6A
  0
DICTIONARY
  5
2A
102
{ACAD_REACTORS
330
C
102
}
330
C
100
AcDbDictionary
281
     1
  3
2dWireframe
350
2F
  3
Basic
350
32
  3
Brighten
350
36
  3
ColorChange
350
3A
  3
Conceptual
350
34
  3
Dim
350
35
  3
EdgeColorOff
350
3D
  3
Facepattern
350
39
  3
Flat
350
2B
  3
FlatWithEdges
350
2C
  3
Gouraud
350
2D
  3
GouraudWithEdges
350
2E
  3
Hidden
350
31
  3
JitterOff
350
3B
  3
Linepattern
350
38
  3
OverhangOff
350
3C
  3
Realistic
350
33
  3
Shaded
350
42
  3
Shaded with edges
350
41
  3
Shades of Gray
350
3E
  3
Sketchy
350
3F
  3
Thicken
350
37
  3
Wireframe
350
30
  3
X-Ray
350
40
  0
WIPEOUTVARIABLES
  5
340
102
{ACAD_REACTORS
330
C
102
}
330
C
100
AcDbWipeoutVariables
 70
     0
  0
XRECORD
  5
33F
102
{ACAD_REACTORS
330
C
102
}
330
C
100
AcDbXrecord
280
     1
 90
        1
330
6A
  0
DICTIONARY
  5
30B
102
{ACAD_REACTORS
330
C
102
}
330
C
100
AcDbDictionary
281
     1
  3
CANNOSCALE
350
30C
  3
CMLEADERSTYLE
350
342
  3
CTABLESTYLE
350
341
  3
SECTIONTHICKNESSINC
350
346
  3
WIPEOUTFRAME
350
345
  0
LAYOUT
  5
1E
102
{ACAD_REACTORS
330
1A
102
}
330
1A
100
AcDbPlotSettings
  1

  2
none_device
  4

  6

 40
0.0
 41
0.0
 42
0.0
 43
0.0
 44
0.0
 45
0.0
 46
0.0
 47
0.0
 48
0.0
 49
0.0
140
0.0
141
0.0
142
1.0
143
1.0
 70
   688
 72
     1
 73
     0
 74
     5
  7

 75
    16
 76
     0
 77
     2
 78
   300
147
1.0
148
0.0
149
0.0
100
AcDbLayout
  1
Layout1
 70
     1
 71
     1
 10
0.0
 20
0.0
 11
420.0
 21
297.0
 12
0.0
 22
0.0
 32
0.0
 14
1.000000000000E+20
 24
1.000000000000E+20
 34
1.000000000000E+20
 15
-1.000000000000E+20
 25
-1.000000000000E+20
 35
-1.000000000000E+20
146
0.0
 13
0.0
 23
0.0
 33
0.0
 16
1.0
 26
0.0
 36
0.0
 17
0.0
 27
1.0
 37
0.0
 76
     0
330
1B
  0
LAYOUT
  5
26
102
{ACAD_REACTORS
330
1A
102
}
330
1A
100
AcDbPlotSettings
  1

  2
none_device
  4

  6

 40
0.0
 41
0.0
 42
0.0
 43
0.0
 44
0.0
 45
0.0
 46
0.0
 47
0.0
 48
0.0
 49
0.0
140
0.0
141
0.0
142
1.0
143
1.0
 70
   688
 72
     1
 73
     0
 74
     5
  7

 75
    16
 76
     0
 77
     2
 78
   300
147
1.0
148
0.0
149
0.0
100
AcDbLayout
  1
Layout2
 70
     1
 71
     2
 10
0.0
 20
0.0
 11
0.0
 21
0.0
 12
0.0
 22
0.0
 32
0.0
 14
0.0
 24
0.0
 34
0.0
 15
0.0
 25
0.0
 35
0.0
146
0.0
 13
0.0
 23
0.0
 33
0.0
 16
1.0
 26
0.0
 36
0.0
 17
0.0
 27
1.0
 37
0.0
 76
     0
330
23
  0
LAYOUT
  5
22
102
{ACAD_REACTORS
330
1A
102
}
330
1A
100
AcDbPlotSettings
  1

  2
none_device
  4
Letter_(8.50_x_11.00_Inches)
  6

 40
6.35
 41
6.35
 42
6.35000508
 43
6.35000508
 44
215.9
 45
279.4
 46
0.0
 47
0.0
 48
0.0
 49
0.0
140
0.0
141
0.0
142
1.0
143
1.0
 70
  1712
 72
     1
 73
     0
 74
     0
  7

 75
     0
 76
     0
 77
     2
 78
   300
147
1.0
148
0.0
149
0.0
100
AcDbLayout
  1
Model
 70
     1
 71
     0
 10
0.0
 20
0.0
 11
420.0
 21
297.0
 12
0.0
 22
0.0
 32
0.0
 14
-691.141902155487
 24
-140.748792544279
 34
0.0
 15
840.399701117934
 25
499.709174350583
 35
0.0
146
0.0
 13
0.0
 23
0.0
 33
0.0
 16
1.0
 26
0.0
 36
0.0
 17
0.0
 27
1.0
 37
0.0
 76
     0
330
1F
331
29
  0
MATERIAL
  5
45
102
{ACAD_REACTORS
330
43
102
}
330
43
100
AcDbMaterial
  1
ByBlock
 72
     1
 94
      127
  0
MATERIAL
  5
44
102
{ACAD_REACTORS
330
43
102
}
330
43
100
AcDbMaterial
  1
ByLayer
 72
     1
 94
      127
  0
MATERIAL
  5
46
102
{ACAD_REACTORS
330
43
102
}
330
43
100
AcDbMaterial
  1
Global
 72
     1
 94
      127
  0
MLEADERSTYLE
  5
6C
102
{ACAD_REACTORS
330
6B
102
}
330
6B
100
AcDbMLeaderStyle
179
     2
170
     2
171
     1
172
     0
 90
        2
 40
0.0
 41
0.0
173
     1
 91
-1056964608
340
14
 92
       -2
290
     1
 42
2.0
291
     1
 43
8.0
  3
Standard
341
0
 44
4.0
300

342
11
174
     1
178
     6
175
     1
176
     0
 93
-1056964608
 45
4.0
292
     0
297
     0
 46
4.0
343
0
 94
-1056964608
 47
1.0
 49
1.0
140
1.0
293
     1
141
0.0
294
     1
177
     0
142
1.0
295
     0
296
     0
143
3.75
271
     0
272
     9
273
     9
  0
MLINESTYLE
  5
18
102
{ACAD_REACTORS
330
17
102
}
330
17
100
AcDbMlineStyle
  2
Standard
 70
     0
  3

 62
   256
 51
90.0
 52
90.0
 71
     2
 49
0.5
 62
   256
  6
BYLAYER
 49
-0.5
 62
   256
  6
BYLAYER
  0
ACDBPLACEHOLDER
  5
F
102
{ACAD_REACTORS
330
E
102
}
330
E
  0
SCALE
  5
48
102
{ACAD_REACTORS
330
47
102
}
330
47
100
AcDbScale
 70
     0
300
1:1
140
1.0
141
1.0
290
     1
  0
SCALE
  5
49
102
{ACAD_REACTORS
330
47
102
}
330
47
100
AcDbScale
 70
     0
300
1:2
140
1.0
141
2.0
290
     0
  0
SCALE
  5
4A
102
{ACAD_REACTORS
330
47
102
}
330
47
100
AcDbScale
 70
     0
300
1:4
140
1.0
141
4.0
290
     0
  0
SCALE
  5
4B
102
{ACAD_REACTORS
330
47
102
}
330
47
100
AcDbScale
 70
     0
300
1:5
140
1.0
141
5.0
290
     0
  0
SCALE
  5
4C
102
{ACAD_REACTORS
330
47
102
}
330
47
100
AcDbScale
 70
     0
300
1:8
140
1.0
141
8.0
290
     0
  0
SCALE
  5
4D
102
{ACAD_REACTORS
330
47
102
}
330
47
100
AcDbScale
 70
     0
300
1:10
140
1.0
141
10.0
290
     0
  0
SCALE
  5
4E
102
{ACAD_REACTORS
330
47
102
}
330
47
100
AcDbScale
 70
     0
300
1:16
140
1.0
141
16.0
290
     0
  0
SCALE
  5
4F
102
{ACAD_REACTORS
330
47
102
}
330
47
100
AcDbScale
 70
     0
300
1:20
140
1.0
141
20.0
290
     0
  0
SCALE
  5
50
102
{ACAD_REACTORS
330
47
102
}
330
47
100
AcDbScale
 70
     0
300
1:30
140
1.0
141
30.0
290
     0
  0
SCALE
  5
51
102
{ACAD_REACTORS
330
47
102
}
330
47
100
AcDbScale
 70
     0
300
1:40
140
1.0
141
40.0
290
     0
  0
SCALE
  5
52
102
{ACAD_REACTORS
330
47
102
}
330
47
100
AcDbScale
 70
     0
300
1:50
140
1.0
141
50.0
290
     0
  0
SCALE
  5
53
102
{ACAD_REACTORS
330
47
102
}
330
47
100
AcDbScale
 70
     0
300
1:100
140
1.0
141
100.0
290
     0
  0
SCALE
  5
54
102
{ACAD_REACTORS
330
47
102
}
330
47
100
AcDbScale
 70
     0
300
2:1
140
2.0
141
1.0
290
     0
  0
SCALE
  5
55
102
{ACAD_REACTORS
330
47
102
}
330
47
100
AcDbScale
 70
     0
300
4:1
140
4.0
141
1.0
290
     0
  0
SCALE
  5
56
102
{ACAD_REACTORS
330
47
102
}
330
47
100
AcDbScale
 70
     0
300
8:1
140
8.0
141
1.0
290
     0
  0
SCALE
  5
57
102
{ACAD_REACTORS
330
47
102
}
330
47
100
AcDbScale
 70
     0
300
10:1
140
10.0
141
1.0
290
     0
  0
SCALE
  5
58
102
{ACAD_REACTORS
330
47
102
}
330
47
100
AcDbScale
 70
     0
300
100:1
140
100.0
141
1.0
290
     0
  0
SCALE
  5
59
102
{ACAD_REACTORS
330
47
102
}
330
47
100
AcDbScale
 70
     0
300
1/128" = 1'-0"
140
0.0078125
141
12.0
290
     0
  0
SCALE
  5
5A
102
{ACAD_REACTORS
330
47
102
}
330
47
100
AcDbScale
 70
     0
300
1/64" = 1'-0"
140
0.015625
141
12.0
290
     0
  0
SCALE
  5
5B
102
{ACAD_REACTORS
330
47
102
}
330
47
100
AcDbScale
 70
     0
300
1/32" = 1'-0"
140
0.03125
141
12.0
290
     0
  0
SCALE
  5
5C
102
{ACAD_REACTORS
330
47
102
}
330
47
100
AcDbScale
 70
     0
300
1/16" = 1'-0"
140
0.0625
141
12.0
290
     0
  0
SCALE
  5
5D
102
{ACAD_REACTORS
330
47
102
}
330
47
100
AcDbScale
 70
     0
300
3/32" = 1'-0"
140
0.09375
141
12.0
290
     0
  0
SCALE
  5
5E
102
{ACAD_REACTORS
330
47
102
}
330
47
100
AcDbScale
 70
     0
300
1/8" = 1'-0"
140
0.125
141
12.0
290
     0
  0
SCALE
  5
5F
102
{ACAD_REACTORS
330
47
102
}
330
47
100
AcDbScale
 70
     0
300
3/16" = 1'-0"
140
0.1875
141
12.0
290
     0
  0
SCALE
  5
60
102
{ACAD_REACTORS
330
47
102
}
330
47
100
AcDbScale
 70
     0
300
1/4" = 1'-0"
140
0.25
141
12.0
290
     0
  0
SCALE
  5
61
102
{ACAD_REACTORS
330
47
102
}
330
47
100
AcDbScale
 70
     0
300
3/8" = 1'-0"
140
0.375
141
12.0
290
     0
  0
SCALE
  5
62
102
{ACAD_REACTORS
330
47
102
}
330
47
100
AcDbScale
 70
     0
300
1/2" = 1'-0"
140
0.5
141
12.0
290
     0
  0
SCALE
  5
63
102
{ACAD_REACTORS
330
47
102
}
330
47
100
AcDbScale
 70
     0
300
3/4" = 1'-0"
140
0.75
141
12.0
290
     0
  0
SCALE
  5
64
102
{ACAD_REACTORS
330
47
102
}
330
47
100
AcDbScale
 70
     0
300
1" = 1'-0"
140
1.0
141
12.0
290
     0
  0
SCALE
  5
65
102
{ACAD_REACTORS
330
47
102
}
330
47
100
AcDbScale
 70
     0
300
1-1/2" = 1'-0"
140
1.5
141
12.0
290
     0
  0
SCALE
  5
66
102
{ACAD_REACTORS
330
47
102
}
330
47
100
AcDbScale
 70
     0
300
3" = 1'-0"
140
3.0
141
12.0
290
     0
  0
SCALE
  5
67
102
{ACAD_REACTORS
330
47
102
}
330
47
100
AcDbScale
 70
     0
300
6" = 1'-0"
140
6.0
141
12.0
290
     0
  0
SCALE
  5
68
102
{ACAD_REACTORS
330
47
102
}
330
47
100
AcDbScale
 70
     0
300
1'-0" = 1'-0"
140
12.0
141
12.0
290
     0
  0
TABLESTYLE
  5
6A
102
{ACAD_REACTORS
330
69
102
}
102
{ACAD_XDICTIONARY
360
33D
102
}
330
69
100
AcDbTableStyle
  3
Standard
 70
     0
 71
     0
 40
0.06
 41
0.06
280
     0
281
     0
  7
Standard
140
4.5
170
     2
 62
     0
 63
   257
283
     0
 90
        4
 91
        0
  1

274
    -2
284
     1
 64
     0
275
    -2
285
     1
 65
     0
276
    -2
286
     1
 66
     0
277
    -2
287
     1
 67
     0
278
    -2
288
     1
 68
     0
279
    -2
289
     1
 69
     0
  7
Standard
140
6.0
170
     5
 62
     0
 63
   257
283
     0
 90
        4
 91
        0
  1

274
    -2
284
     1
 64
     0
275
    -2
285
     1
 65
     0
276
    -2
286
     1
 66
     0
277
    -2
287
     1
 67
     0
278
    -2
288
     1
 68
     0
279
    -2
289
     1
 69
     0
  7
Standard
140
4.5
170
     5
 62
     0
 63
   257
283
     0
 90
        4
 91
        0
  1

274
    -2
284
     1
 64
     0
275
    -2
285
     1
 65
     0
276
    -2
286
     1
 66
     0
277
    -2
287
     1
 67
     0
278
    -2
288
     1
 68
     0
279
    -2
289
     1
 69
     0
  0
VISUALSTYLE
  5
2F
102
{ACAD_REACTORS
330
2A
102
}
102
{ACAD_XDICTIONARY
360
315
102
}
330
2A
100
AcDbVisualStyle
  2
2dWireframe
 70
     4
177
     2
291
     0
 71
     0
176
     1
 72
     2
176
     1
 73
     0
176
     1
 90
        0
176
     1
 40
0.6
176
     1
 41
30.0
176
     1
 62
     5
 63
     7
421
 16777215
176
     1
 74
     1
176
     1
 91
        4
176
     1
 64
     7
176
     1
 65
   257
176
     1
 75
     1
176
     1
175
     1
176
     1
 42
1.0
176
     1
 92
        0
176
     1
 66
   257
176
     1
 43
1.0
176
     1
 76
     1
176
     1
 77
     6
176
     1
 78
     2
176
     1
 67
     7
176
     1
 79
     5
176
     1
170
     0
176
     1
171
     0
176
     1
290
     0
176
     1
 93
        1
176
     1
 44
0.0
176
     1
173
     0
176
     1
  0
VISUALSTYLE
  5
32
102
{ACAD_REACTORS
330
2A
102
}
102
{ACAD_XDICTIONARY
360
31B
102
}
330
2A
100
AcDbVisualStyle
  2
Basic
 70
     7
177
     2
291
     1
 71
     1
176
     1
 72
     0
176
     1
 73
     1
176
     1
 90
        0
176
     1
 40
0.6
176
     1
 41
30.0
176
     1
 62
     5
 63
     7
421
 16777215
176
     1
 74
     0
176
     1
 91
        4
176
     1
 64
     7
176
     1
 65
   257
176
     1
 75
     1
176
     1
175
     1
176
     1
 42
1.0
176
     1
 92
        8
176
     1
 66
     7
176
     1
 43
1.0
176
     1
 76
     1
176
     1
 77
     6
176
     1
 78
     2
176
     1
 67
     7
176
     1
 79
     5
176
     1
170
     0
176
     1
171
     0
176
     1
290
     0
176
     1
 93
        1
176
     1
 44
0.0
176
     1
173
     0
176
     1
  0
VISUALSTYLE
  5
36
102
{ACAD_REACTORS
330
2A
102
}
102
{ACAD_XDICTIONARY
360
323
102
}
330
2A
100
AcDbVisualStyle
  2
Brighten
 70
    12
177
     2
291
     1
 71
     2
176
     1
 72
     2
176
     1
 73
     0
176
     1
 90
        0
176
     1
 40
0.6
176
     1
 41
30.0
176
     1
 62
     5
 63
     7
421
 16777215
176
     1
 74
     1
176
     1
 91
        4
176
     1
 64
     7
176
     1
 65
   257
176
     1
 75
     1
176
     1
175
     1
176
     1
 42
1.0
176
     1
 92
        8
176
     1
 66
     7
176
     1
 43
1.0
176
     1
 76
     1
176
     1
 77
     6
176
     1
 78
     2
176
     1
 67
     7
176
     1
 79
     5
176
     1
170
     0
176
     1
171
     0
176
     1
290
     0
176
     1
 93
        1
176
     1
 44
50.0
176
     1
173
     0
176
     1
  0
VISUALSTYLE
  5
3A
102
{ACAD_REACTORS
330
2A
102
}
102
{ACAD_XDICTIONARY
360
32B
102
}
330
2A
100
AcDbVisualStyle
  2
ColorChange
 70
    16
177
     2
291
     1
 71
     2
176
     1
 72
     2
176
     1
 73
     3
176
     1
 90
        0
176
     1
 40
0.6
176
     1
 41
30.0
176
     1
 62
     5
 63
     8
421
  8421504
176
     1
 74
     1
176
     1
 91
        4
176
     1
 64
     7
176
     1
 65
   257
176
     1
 75
     1
176
     1
175
     1
176
     1
 42
1.0
176
     1
 92
        8
176
     1
 66
     8
424
  8421504
176
     1
 43
1.0
176
     1
 76
     1
176
     1
 77
     6
176
     1
 78
     2
176
     1
 67
     7
176
     1
 79
     5
176
     1
170
     0
176
     1
171
     0
176
     1
290
     0
176
     1
 93
        1
176
     1
 44
0.0
176
     1
173
     0
176
     1
  0
VISUALSTYLE
  5
34
102
{ACAD_REACTORS
330
2A
102
}
102
{ACAD_XDICTIONARY
360
31F
102
}
330
2A
100
AcDbVisualStyle
  2
Conceptual
 70
     9
177
     2
291
     0
 71
     3
176
     1
 72
     2
176
     1
 73
     0
176
     1
 90
        0
176
     1
 40
0.6
176
     1
 41
30.0
176
     1
 62
     5
 63
     7
421
 16777215
176
     1
 74
     2
176
     1
 91
        2
176
     1
 64
     7
176
     1
 65
   257
176
     1
 75
     1
176
     1
175
     1
176
     1
 42
179.0
176
     1
 92
        8
176
     1
 66
     7
176
     1
 43
1.0
176
     1
 76
     1
176
     1
 77
     6
176
     1
 78
     2
176
     1
 67
     7
176
     1
 79
     3
176
     1
170
     0
176
     1
171
     0
176
     1
290
     0
176
     1
 93
        1
176
     1
 44
0.0
176
     1
173
     0
176
     1
  0
VISUALSTYLE
  5
35
102
{ACAD_REACTORS
330
2A
102
}
102
{ACAD_XDICTIONARY
360
321
102
}
330
2A
100
AcDbVisualStyle
  2
Dim
 70
    11
177
     2
291
     1
 71
     2
176
     1
 72
     2
176
     1
 73
     0
176
     1
 90
        0
176
     1
 40
0.6
176
     1
 41
30.0
176
     1
 62
     5
 63
     7
421
 16777215
176
     1
 74
     1
176
     1
 91
        4
176
     1
 64
     7
176
     1
 65
   257
176
     1
 75
     1
176
     1
175
     1
176
     1
 42
1.0
176
     1
 92
        8
176
     1
 66
     7
176
     1
 43
1.0
176
     1
 76
     1
176
     1
 77
     6
176
     1
 78
     2
176
     1
 67
     7
176
     1
 79
     5
176
     1
170
     0
176
     1
171
     0
176
     1
290
     0
176
     1
 93
        1
176
     1
 44
-50.0
176
     1
173
     0
176
     1
  0
VISUALSTYLE
  5
3D
102
{ACAD_REACTORS
330
2A
102
}
102
{ACAD_XDICTIONARY
360
331
102
}
330
2A
100
AcDbVisualStyle
  2
EdgeColorOff
 70
    22
177
     2
291
     1
 71
     2
176
     0
 72
     2
176
     0
 73
     0
176
     0
 90
        0
176
     0
 40
0.6
176
     0
 41
30.0
176
     0
 62
     5
 63
     7
421
 16777215
176
     0
 74
     1
176
     0
 91
        4
176
     0
 64
     7
176
     0
 65
   257
176
     0
 75
     1
176
     0
175
     1
176
     0
 42
1.0
176
     0
 92
        8
176
     2
 66
     7
176
     0
 43
1.0
176
     0
 76
     1
176
     0
 77
     6
176
     0
 78
     2
176
     0
 67
     7
176
     0
 79
     5
176
     0
170
     0
176
     0
171
     0
176
     0
290
     0
176
     0
 93
        1
176
     0
 44
0.0
176
     0
173
     0
176
     0
  0
VISUALSTYLE
  5
39
102
{ACAD_REACTORS
330
2A
102
}
102
{ACAD_XDICTIONARY
360
329
102
}
330
2A
100
AcDbVisualStyle
  2
Facepattern
 70
    15
177
     2
291
     1
 71
     2
176
     1
 72
     2
176
     1
 73
     0
176
     1
 90
        0
176
     1
 40
0.6
176
     1
 41
30.0
176
     1
 62
     5
 63
     7
421
 16777215
176
     1
 74
     1
176
     1
 91
        4
176
     1
 64
     7
176
     1
 65
   257
176
     1
 75
     1
176
     1
175
     1
176
     1
 42
1.0
176
     1
 92
        8
176
     1
 66
     7
176
     1
 43
1.0
176
     1
 76
     1
176
     1
 77
     6
176
     1
 78
     2
176
     1
 67
     7
176
     1
 79
     5
176
     1
170
     0
176
     1
171
     0
176
     1
290
     0
176
     1
 93
        1
176
     1
 44
0.0
176
     1
173
     0
176
     1
  0
VISUALSTYLE
  5
2B
102
{ACAD_REACTORS
330
2A
102
}
102
{ACAD_XDICTIONARY
360
30D
102
}
330
2A
100
AcDbVisualStyle
  2
Flat
 70
     0
177
     2
291
     1
 71
     2
176
     1
 72
     1
176
     1
 73
     1
176
     1
 90
        2
176
     1
 40
0.6
176
     1
 41
30.0
176
     1
 62
     5
 63
     7
421
 16777215
176
     1
 74
     0
176
     1
 91
        0
176
     1
 64
     7
176
     1
 65
   257
176
     1
 75
     1
176
     1
175
     1
176
     1
 42
1.0
176
     1
 92
        8
176
     1
 66
     7
176
     1
 43
1.0
176
     1
 76
     1
176
     1
 77
     6
176
     1
 78
     2
176
     1
 67
     7
176
     1
 79
     5
176
     1
170
     0
176
     1
171
     0
176
     1
290
     0
176
     1
 93
       13
176
     1
 44
0.0
176
     1
173
     0
176
     1
  0
VISUALSTYLE
  5
2C
102
{ACAD_REACTORS
330
2A
102
}
102
{ACAD_XDICTIONARY
360
30F
102
}
330
2A
100
AcDbVisualStyle
  2
FlatWithEdges
 70
     1
177
     2
291
     1
 71
     2
176
     1
 72
     1
176
     1
 73
     1
176
     1
 90
        2
176
     1
 40
0.6
176
     1
 41
30.0
176
     1
 62
     5
 63
     7
421
 16777215
176
     1
 74
     1
176
     1
 91
        0
176
     1
 64
     7
176
     1
 65
   257
176
     1
 75
     1
176
     1
175
     1
176
     1
 42
1.0
176
     1
 92
        0
176
     1
 66
   257
176
     1
 43
1.0
176
     1
 76
     1
176
     1
 77
     6
176
     1
 78
     2
176
     1
 67
     7
176
     1
 79
     5
176
     1
170
     0
176
     1
171
     0
176
     1
290
     0
176
     1
 93
       13
176
     1
 44
0.0
176
     1
173
     0
176
     1
  0
VISUALSTYLE
  5
2D
102
{ACAD_REACTORS
330
2A
102
}
102
{ACAD_XDICTIONARY
360
311
102
}
330
2A
100
AcDbVisualStyle
  2
Gouraud
 70
     2
177
     2
291
     1
 71
     2
176
     1
 72
     2
176
     1
 73
     1
176
     1
 90
        2
176
     1
 40
0.6
176
     1
 41
30.0
176
     1
 62
     5
 63
     7
421
 16777215
176
     1
 74
     0
176
     1
 91
        0
176
     1
 64
     7
176
     1
 65
   257
176
     1
 75
     1
176
     1
175
     1
176
     1
 42
1.0
176
     1
 92
        0
176
     1
 66
     7
176
     1
 43
1.0
176
     1
 76
     1
176
     1
 77
     6
176
     1
 78
     2
176
     1
 67
     7
176
     1
 79
     5
176
     1
170
     0
176
     1
171
     0
176
     1
290
     0
176
     1
 93
       13
176
     1
 44
0.0
176
     1
173
     0
176
     1
  0
VISUALSTYLE
  5
2E
102
{ACAD_REACTORS
330
2A
102
}
102
{ACAD_XDICTIONARY
360
313
102
}
330
2A
100
AcDbVisualStyle
  2
GouraudWithEdges
 70
     3
177
     2
291
     1
 71
     2
176
     1
 72
     2
176
     1
 73
     1
176
     1
 90
        2
176
     1
 40
0.6
176
     1
 41
30.0
176
     1
 62
     5
 63
     7
421
 16777215
176
     1
 74
     1
176
     1
 91
        0
176
     1
 64
     7
176
     1
 65
   257
176
     1
 75
     1
176
     1
175
     1
176
     1
 42
1.0
176
     1
 92
        0
176
     1
 66
   257
176
     1
 43
1.0
176
     1
 76
     1
176
     1
 77
     6
176
     1
 78
     2
176
     1
 67
     7
176
     1
 79
     5
176
     1
170
     0
176
     1
171
     0
176
     1
290
     0
176
     1
 93
       13
176
     1
 44
0.0
176
     1
173
     0
176
     1
  0
VISUALSTYLE
  5
31
102
{ACAD_REACTORS
330
2A
102
}
102
{ACAD_XDICTIONARY
360
319
102
}
330
2A
100
AcDbVisualStyle
  2
Hidden
 70
     6
177
     2
291
     0
 71
     1
176
     1
 72
     2
176
     1
 73
     2
176
     1
 90
        0
176
     1
 40
0.6
176
     1
 41
30.0
176
     1
 62
     5
 63
     7
421
 16777215
176
     1
 74
     2
176
     1
 91
        2
176
     1
 64
     7
176
     1
 65
   257
176
     1
 75
     2
176
     1
175
     1
176
     1
 42
40.0
176
     1
 92
        0
176
     1
 66
   257
176
     1
 43
1.0
176
     1
 76
     1
176
     1
 77
     6
176
     1
 78
     2
176
     1
 67
     7
176
     1
 79
     3
176
     1
170
     0
176
     1
171
     0
176
     1
290
     0
176
     1
 93
        1
176
     1
 44
0.0
176
     1
173
     0
176
     1
  0
VISUALSTYLE
  5
3B
102
{ACAD_REACTORS
330
2A
102
}
102
{ACAD_XDICTIONARY
360
32D
102
}
330
2A
100
AcDbVisualStyle
  2
JitterOff
 70
    20
177
     2
291
     1
 71
     2
176
     0
 72
     2
176
     0
 73
     0
176
     0
 90
        0
176
     0
 40
0.6
176
     0
 41
30.0
176
     0
 62
     5
 63
     7
421
 16777215
176
     0
 74
     1
176
     0
 91
        4
176
     0
 64
     7
176
     0
 65
   257
176
     0
 75
     1
176
     0
175
     1
176
     0
 42
1.0
176
     0
 92
       10
176
     2
 66
     7
176
     0
 43
1.0
176
     0
 76
     1
176
     0
 77
     6
176
     0
 78
     2
176
     0
 67
     7
176
     0
 79
     5
176
     0
170
     0
176
     0
171
     0
176
     0
290
     0
176
     0
 93
        1
176
     0
 44
0.0
176
     0
173
     0
176
     0
  0
VISUALSTYLE
  5
38
102
{ACAD_REACTORS
330
2A
102
}
102
{ACAD_XDICTIONARY
360
327
102
}
330
2A
100
AcDbVisualStyle
  2
Linepattern
 70
    14
177
     2
291
     1
 71
     2
176
     1
 72
     2
176
     1
 73
     0
176
     1
 90
        0
176
     1
 40
0.6
176
     1
 41
30.0
176
     1
 62
     5
 63
     7
421
 16777215
176
     1
 74
     1
176
     1
 91
        4
176
     1
 64
     7
176
     1
 65
   257
176
     1
 75
     7
176
     1
175
     7
176
     1
 42
1.0
176
     1
 92
        8
176
     1
 66
     7
176
     1
 43
1.0
176
     1
 76
     1
176
     1
 77
     6
176
     1
 78
     2
176
     1
 67
     7
176
     1
 79
     5
176
     1
170
     0
176
     1
171
     0
176
     1
290
     0
176
     1
 93
        1
176
     1
 44
0.0
176
     1
173
     0
176
     1
  0
VISUALSTYLE
  5
3C
102
{ACAD_REACTORS
330
2A
102
}
102
{ACAD_XDICTIONARY
360
32F
102
}
330
2A
100
AcDbVisualStyle
  2
OverhangOff
 70
    21
177
     2
291
     1
 71
     2
176
     0
 72
     2
176
     0
 73
     0
176
     0
 90
        0
176
     0
 40
0.6
176
     0
 41
30.0
176
     0
 62
     5
 63
     7
421
 16777215
176
     0
 74
     1
176
     0
 91
        4
176
     0
 64
     7
176
     0
 65
   257
176
     0
 75
     1
176
     0
175
     1
176
     0
 42
1.0
176
     0
 92
        9
176
     2
 66
     7
176
     0
 43
1.0
176
     0
 76
     1
176
     0
 77
     6
176
     0
 78
     2
176
     0
 67
     7
176
     0
 79
     5
176
     0
170
     0
176
     0
171
     0
176
     0
290
     0
176
     0
 93
        1
176
     0
 44
0.0
176
     0
173
     0
176
     0
  0
VISUALSTYLE
  5
33
102
{ACAD_REACTORS
330
2A
102
}
102
{ACAD_XDICTIONARY
360
31D
102
}
330
2A
100
AcDbVisualStyle
  2
Realistic
 70
     8
177
     2
291
     0
 71
     2
176
     1
 72
     3
176
     1
 73
     0
176
     1
 90
        2
176
     1
 40
0.6
176
     1
 41
30.0
176
     1
 62
     5
 63
     7
421
 16777215
176
     1
 74
     0
176
     1
 91
        0
176
     1
 64
     7
176
     1
 65
   257
176
     1
 75
     1
176
     1
175
     1
176
     1
 42
1.0
176
     1
 92
        8
176
     1
 66
   257
176
     1
 43
1.0
176
     1
 76
     1
176
     1
 77
     6
176
     1
 78
     2
176
     1
 67
     7
176
     1
 79
     3
176
     1
170
     0
176
     1
171
     0
176
     1
290
     0
176
     1
 93
       13
176
     1
 44
0.0
176
     1
173
     0
176
     1
  0
VISUALSTYLE
  5
42
102
{ACAD_REACTORS
330
2A
102
}
102
{ACAD_XDICTIONARY
360
33B
102
}
330
2A
100
AcDbVisualStyle
  2
Shaded
 70
    27
177
     2
291
     0
 71
     2
176
     1
 72
     2
176
     1
 73
     1
176
     1
 90
        2
176
     1
 40
0.6
176
     1
 41
30.0
176
     1
 62
     5
 63
     7
421
 16777215
176
     1
 74
     0
176
     1
 91
        4
176
     1
 64
     7
176
     1
 65
   257
176
     1
 75
     1
176
     1
175
     1
176
     1
 42
1.0
176
     1
 92
        8
176
     1
 66
   257
176
     1
 43
1.0
176
     1
 76
     1
176
     1
 77
     6
176
     1
 78
     2
176
     1
 67
     8
425
  7895160
176
     1
 79
     3
176
     1
170
     0
176
     1
171
     0
176
     1
290
     0
176
     1
 93
        5
176
     1
 44
0.0
176
     1
173
     0
176
     1
  0
VISUALSTYLE
  5
41
102
{ACAD_REACTORS
330
2A
102
}
102
{ACAD_XDICTIONARY
360
339
102
}
330
2A
100
AcDbVisualStyle
  2
Shaded with edges
 70
    26
177
     2
291
     0
 71
     2
176
     1
 72
     2
176
     1
 73
     1
176
     1
 90
        2
176
     1
 40
0.6
176
     1
 41
30.0
176
     1
 62
     5
 63
     7
421
 16777215
176
     1
 74
     1
176
     1
 91
       10
176
     1
 64
     7
176
     1
 65
   257
176
     1
 75
     2
176
     1
175
     1
176
     1
 42
1.0
176
     1
 92
        8
176
     1
 66
   257
176
     1
 43
1.0
176
     1
 76
     1
176
     1
 77
     6
176
     1
 78
     2
176
     1
 67
     7
176
     1
 79
     3
176
     1
170
     0
176
     1
171
     0
176
     1
290
     0
176
     1
 93
        5
176
     1
 44
0.0
176
     1
173
     0
176
     1
  0
VISUALSTYLE
  5
3E
102
{ACAD_REACTORS
330
2A
102
}
102
{ACAD_XDICTIONARY
360
333
102
}
330
2A
100
AcDbVisualStyle
  2
Shades of Gray
 70
    23
177
     2
291
     0
 71
     2
176
     1
 72
     2
176
     1
 73
     3
176
     1
 90
        0
176
     1
 40
0.6
176
     1
 41
30.0
176
     1
 62
     5
 63
     7
421
 16777215
176
     1
 74
     2
176
     1
 91
        2
176
     1
 64
     7
176
     1
 65
     7
176
     1
 75
     1
176
     1
175
     1
176
     1
 42
40.0
176
     1
 92
        8
176
     1
 66
     7
176
     1
 43
1.0
176
     1
 76
     1
176
     1
 77
     6
176
     1
 78
     2
176
     1
 67
     7
176
     1
 79
     3
176
     1
170
     0
176
     1
171
     0
176
     1
290
     0
176
     1
 93
        1
176
     1
 44
0.0
176
     1
173
     0
176
     1
  0
VISUALSTYLE
  5
3F
102
{ACAD_REACTORS
330
2A
102
}
102
{ACAD_XDICTIONARY
360
335
102
}
330
2A
100
AcDbVisualStyle
  2
Sketchy
 70
    24
177
     2
291
     0
 71
     1
176
     1
 72
     2
176
     1
 73
     2
176
     1
 90
        0
176
     1
 40
0.6
176
     1
 41
30.0
176
     1
 62
     5
 63
     7
421
 16777215
176
     1
 74
     2
176
     1
 91
        2
176
     1
 64
     7
176
     1
 65
     7
176
     1
 75
     1
176
     1
175
     1
176
     1
 42
40.0
176
     1
 92
       11
176
     1
 66
     7
176
     1
 43
1.0
176
     1
 76
     1
176
     1
 77
     6
176
     1
 78
     2
176
     1
 67
     7
176
     1
 79
     6
176
     1
170
     0
176
     1
171
     0
176
     1
290
     0
176
     1
 93
        1
176
     1
 44
0.0
176
     1
173
     0
176
     1
  0
VISUALSTYLE
  5
37
102
{ACAD_REACTORS
330
2A
102
}
102
{ACAD_XDICTIONARY
360
325
102
}
330
2A
100
AcDbVisualStyle
  2
Thicken
 70
    13
177
     2
291
     1
 71
     2
176
     1
 72
     2
176
     1
 73
     0
176
     1
 90
        0
176
     1
 40
0.6
176
     1
 41
30.0
176
     1
 62
     5
 63
     7
421
 16777215
176
     1
 74
     1
176
     1
 91
        4
176
     1
 64
     7
176
     1
 65
   257
176
     1
 75
     1
176
     1
175
     1
176
     1
 42
1.0
176
     1
 92
       12
176
     1
 66
     7
176
     1
 43
1.0
176
     1
 76
     1
176
     1
 77
     6
176
     1
 78
     2
176
     1
 67
     7
176
     1
 79
     5
176
     1
170
     0
176
     1
171
     0
176
     1
290
     0
176
     1
 93
        1
176
     1
 44
0.0
176
     1
173
     0
176
     1
  0
VISUALSTYLE
  5
30
102
{ACAD_REACTORS
330
2A
102
}
102
{ACAD_XDICTIONARY
360
317
102
}
330
2A
100
AcDbVisualStyle
  2
Wireframe
 70
     5
177
     2
291
     0
 71
     0
176
     1
 72
     2
176
     1
 73
     0
176
     1
 90
        0
176
     1
 40
0.6
176
     1
 41
30.0
176
     1
 62
     5
 63
     7
421
 16777215
176
     1
 74
     1
176
     1
 91
        4
176
     1
 64
     7
176
     1
 65
   257
176
     1
 75
     1
176
     1
175
     1
176
     1
 42
1.0
176
     1
 92
        0
176
     1
 66
   257
176
     1
 43
1.0
176
     1
 76
     1
176
     1
 77
     6
176
     1
 78
     2
176
     1
 67
     7
176
     1
 79
     3
176
     1
170
     0
176
     1
171
     0
176
     1
290
     0
176
     1
 93
        1
176
     1
 44
0.0
176
     1
173
     0
176
     1
  0
VISUALSTYLE
  5
40
102
{ACAD_REACTORS
330
2A
102
}
102
{ACAD_XDICTIONARY
360
337
102
}
330
2A
100
AcDbVisualStyle
  2
X-Ray
 70
    25
177
     2
291
     0
 71
     2
176
     1
 72
     2
176
     1
 73
     1
176
     1
 90
        1
176
     1
 40
0.5
176
     1
 41
30.0
176
     1
 62
     5
 63
     7
421
 16777215
176
     1
 74
     1
176
     1
 91
        0
176
     1
 64
     7
176
     1
 65
   257
176
     1
 75
     1
176
     1
175
     1
176
     1
 42
1.0
176
     1
 92
        8
176
     1
 66
     7
176
     1
 43
1.0
176
     1
 76
     1
176
     1
 77
     6
176
     1
 78
     2
176
     1
 67
     7
176
     1
 79
     3
176
     1
170
     0
176
     1
171
     0
176
     1
290
     0
176
     1
 93
       13
176
     1
 44
0.0
176
     1
173
     0
176
     1
  0
DICTIONARYVAR
  5
30C
102
{ACAD_REACTORS
330
30B
102
}
330
30B
100
DictionaryVariables
280
     0
  1
1:1
  0
DICTIONARYVAR
  5
342
102
{ACAD_REACTORS
330
30B
102
}
330
30B
100
DictionaryVariables
280
     0
  1
Standard
  0
DICTIONARYVAR
  5
341
102
{ACAD_REACTORS
330
30B
102
}
330
30B
100
DictionaryVariables
280
     0
  1
Standard
  0
DICTIONARYVAR
  5
346
102
{ACAD_REACTORS
330
30B
102
}
330
30B
100
DictionaryVariables
280
     0
  1
6.000000
  0
DICTIONARYVAR
  5
345
102
{ACAD_REACTORS
330
30B
102
}
330
30B
100
DictionaryVariables
280
     0
  1
0
  0
DICTIONARY
  5
33D
330
6A
100
AcDbDictionary
280
     1
281
     1
  3
ACAD_ROUNDTRIP_2008_TABLESTYLE_CELLSTYLEMAP
360
33E
  0
DICTIONARY
  5
315
330
2F
100
AcDbDictionary
280
     1
281
     1
  3
ACAD_XREC_ROUNDTRIP
360
316
  0
DICTIONARY
  5
31B
330
32
100
AcDbDictionary
280
     1
281
     1
  3
ACAD_XREC_ROUNDTRIP
360
31C
  0
DICTIONARY
  5
323
330
36
100
AcDbDictionary
280
     1
281
     1
  3
ACAD_XREC_ROUNDTRIP
360
324
  0
DICTIONARY
  5
32B
330
3A
100
AcDbDictionary
280
     1
281
     1
  3
ACAD_XREC_ROUNDTRIP
360
32C
  0
DICTIONARY
  5
31F
330
34
100
AcDbDictionary
280
     1
281
     1
  3
ACAD_XREC_ROUNDTRIP
360
320
  0
DICTIONARY
  5
321
330
35
100
AcDbDictionary
280
     1
281
     1
  3
ACAD_XREC_ROUNDTRIP
360
322
  0
DICTIONARY
  5
331
330
3D
100
AcDbDictionary
280
     1
281
     1
  3
ACAD_XREC_ROUNDTRIP
360
332
  0
DICTIONARY
  5
329
330
39
100
AcDbDictionary
280
     1
281
     1
  3
ACAD_XREC_ROUNDTRIP
360
32A
  0
DICTIONARY
  5
30D
330
2B
100
AcDbDictionary
280
     1
281
     1
  3
ACAD_XREC_ROUNDTRIP
360
30E
  0
DICTIONARY
  5
30F
330
2C
100
AcDbDictionary
280
     1
281
     1
  3
ACAD_XREC_ROUNDTRIP
360
310
  0
DICTIONARY
  5
311
330
2D
100
AcDbDictionary
280
     1
281
     1
  3
ACAD_XREC_ROUNDTRIP
360
312
  0
DICTIONARY
  5
313
330
2E
100
AcDbDictionary
280
     1
281
     1
  3
ACAD_XREC_ROUNDTRIP
360
314
  0
DICTIONARY
  5
319
330
31
100
AcDbDictionary
280
     1
281
     1
  3
ACAD_XREC_ROUNDTRIP
360
31A
  0
DICTIONARY
  5
32D
330
3B
100
AcDbDictionary
280
     1
281
     1
  3
ACAD_XREC_ROUNDTRIP
360
32E
  0
DICTIONARY
  5
327
330
38
100
AcDbDictionary
280
     1
281
     1
  3
ACAD_XREC_ROUNDTRIP
360
328
  0
DICTIONARY
  5
32F
330
3C
100
AcDbDictionary
280
     1
281
     1
  3
ACAD_XREC_ROUNDTRIP
360
330
  0
DICTIONARY
  5
31D
330
33
100
AcDbDictionary
280
     1
281
     1
  3
ACAD_XREC_ROUNDTRIP
360
31E
  0
DICTIONARY
  5
33B
330
42
100
AcDbDictionary
280
     1
281
     1
  3
ACAD_XREC_ROUNDTRIP
360
33C
  0
DICTIONARY
  5
339
330
41
100
AcDbDictionary
280
     1
281
     1
  3
ACAD_XREC_ROUNDTRIP
360
33A
  0
DICTIONARY
  5
333
330
3E
100
AcDbDictionary
280
     1
281
     1
  3
ACAD_XREC_ROUNDTRIP
360
334
  0
DICTIONARY
  5
335
330
3F
100
AcDbDictionary
280
     1
281
     1
  3
ACAD_XREC_ROUNDTRIP
360
336
  0
DICTIONARY
  5
325
330
37
100
AcDbDictionary
280
     1
281
     1
  3
ACAD_XREC_ROUNDTRIP
360
326
  0
DICTIONARY
  5
317
330
30
100
AcDbDictionary
280
     1
281
     1
  3
ACAD_XREC_ROUNDTRIP
360
318
  0
DICTIONARY
  5
337
330
40
100
AcDbDictionary
280
     1
281
     1
  3
ACAD_XREC_ROUNDTRIP
360
338
  0
CELLSTYLEMAP
  5
33E
102
{ACAD_REACTORS
330
33D
102
}
330
33D
100
AcDbCellStyleMap
 90
        3
300
CELLSTYLE
  1
TABLEFORMAT_BEGIN
 90
        5
170
     1
 91
        0
 92
    32768
 62
   257
 93
        1
300
CONTENTFORMAT
  1
CONTENTFORMAT_BEGIN
 90
        0
 91
        0
 92
        4
 93
        0
300

 40
0.0
140
1.0
 94
        5
 62
     0
340
11
144
6.0
309
CONTENTFORMAT_END
171
     1
301
MARGIN
  1
CELLMARGIN_BEGIN
 40
1.5
 40
1.5
 40
1.5
 40
1.5
 40
1.5
 40
1.5
309
CELLMARGIN_END
 94
        6
 95
        1
302
GRIDFORMAT
  1
GRIDFORMAT_BEGIN
 90
        0
 91
        1
 62
     0
 92
       -2
340
14
 93
        0
 40
0.045
309
GRIDFORMAT_END
 95
        2
302
GRIDFORMAT
  1
GRIDFORMAT_BEGIN
 90
        0
 91
        1
 62
     0
 92
       -2
340
14
 93
        0
 40
0.045
309
GRIDFORMAT_END
 95
        4
302
GRIDFORMAT
  1
GRIDFORMAT_BEGIN
 90
        0
 91
        1
 62
     0
 92
       -2
340
14
 93
        0
 40
0.045
309
GRIDFORMAT_END
 95
        8
302
GRIDFORMAT
  1
GRIDFORMAT_BEGIN
 90
        0
 91
        1
 62
     0
 92
       -2
340
14
 93
        0
 40
0.045
309
GRIDFORMAT_END
 95
       16
302
GRIDFORMAT
  1
GRIDFORMAT_BEGIN
 90
        0
 91
        1
 62
     0
 92
       -2
340
14
 93
        0
 40
0.045
309
GRIDFORMAT_END
 95
       32
302
GRIDFORMAT
  1
GRIDFORMAT_BEGIN
 90
        0
 91
        1
 62
     0
 92
       -2
340
14
 93
        0
 40
0.045
309
GRIDFORMAT_END
309
TABLEFORMAT_END
  1
CELLSTYLE_BEGIN
 90
        1
 91
        1
300
_TITLE
309
CELLSTYLE_END
300
CELLSTYLE
  1
TABLEFORMAT_BEGIN
 90
        5
170
     1
 91
        0
 92
        0
 62
   257
 93
        1
300
CONTENTFORMAT
  1
CONTENTFORMAT_BEGIN
 90
        0
 91
        0
 92
        4
 93
        0
300

 40
0.0
140
1.0
 94
        5
 62
     0
340
11
144
4.5
309
CONTENTFORMAT_END
171
     1
301
MARGIN
  1
CELLMARGIN_BEGIN
 40
1.5
 40
1.5
 40
1.5
 40
1.5
 40
1.5
 40
1.5
309
CELLMARGIN_END
 94
        6
 95
        1
302
GRIDFORMAT
  1
GRIDFORMAT_BEGIN
 90
        0
 91
        1
 62
     0
 92
       -2
340
14
 93
        0
 40
0.045
309
GRIDFORMAT_END
 95
        2
302
GRIDFORMAT
  1
GRIDFORMAT_BEGIN
 90
        0
 91
        1
 62
     0
 92
       -2
340
14
 93
        0
 40
0.045
309
GRIDFORMAT_END
 95
        4
302
GRIDFORMAT
  1
GRIDFORMAT_BEGIN
 90
        0
 91
        1
 62
     0
 92
       -2
340
14
 93
        0
 40
0.045
309
GRIDFORMAT_END
 95
        8
302
GRIDFORMAT
  1
GRIDFORMAT_BEGIN
 90
        0
 91
        1
 62
     0
 92
       -2
340
14
 93
        0
 40
0.045
309
GRIDFORMAT_END
 95
       16
302
GRIDFORMAT
  1
GRIDFORMAT_BEGIN
 90
        0
 91
        1
 62
     0
 92
       -2
340
14
 93
        0
 40
0.045
309
GRIDFORMAT_END
 95
       32
302
GRIDFORMAT
  1
GRIDFORMAT_BEGIN
 90
        0
 91
        1
 62
     0
 92
       -2
340
14
 93
        0
 40
0.045
309
GRIDFORMAT_END
309
TABLEFORMAT_END
  1
CELLSTYLE_BEGIN
 90
        2
 91
        1
300
_HEADER
309
CELLSTYLE_END
300
CELLSTYLE
  1
TABLEFORMAT_BEGIN
 90
        5
170
     1
 91
        0
 92
        0
 62
   257
 93
        1
300
CONTENTFORMAT
  1
CONTENTFORMAT_BEGIN
 90
        0
 91
        0
 92
        4
 93
        0
300

 40
0.0
140
1.0
 94
        2
 62
     0
340
11
144
4.5
309
CONTENTFORMAT_END
171
     1
301
MARGIN
  1
CELLMARGIN_BEGIN
 40
1.5
 40
1.5
 40
1.5
 40
1.5
 40
1.5
 40
1.5
309
CELLMARGIN_END
 94
        6
 95
        1
302
GRIDFORMAT
  1
GRIDFORMAT_BEGIN
 90
        0
 91
        1
 62
     0
 92
       -2
340
14
 93
        0
 40
0.045
309
GRIDFORMAT_END
 95
        2
302
GRIDFORMAT
  1
GRIDFORMAT_BEGIN
 90
        0
 91
        1
 62
     0
 92
       -2
340
14
 93
        0
 40
0.045
309
GRIDFORMAT_END
 95
        4
302
GRIDFORMAT
  1
GRIDFORMAT_BEGIN
 90
        0
 91
        1
 62
     0
 92
       -2
340
14
 93
        0
 40
0.045
309
GRIDFORMAT_END
 95
        8
302
GRIDFORMAT
  1
GRIDFORMAT_BEGIN
 90
        0
 91
        1
 62
     0
 92
       -2
340
14
 93
        0
 40
0.045
309
GRIDFORMAT_END
 95
       16
302
GRIDFORMAT
  1
GRIDFORMAT_BEGIN
 90
        0
 91
        1
 62
     0
 92
       -2
340
14
 93
        0
 40
0.045
309
GRIDFORMAT_END
 95
       32
302
GRIDFORMAT
  1
GRIDFORMAT_BEGIN
 90
        0
 91
        1
 62
     0
 92
       -2
340
14
 93
        0
 40
0.045
309
GRIDFORMAT_END
309
TABLEFORMAT_END
  1
CELLSTYLE_BEGIN
 90
        3
 91
        2
300
_DATA
309
CELLSTYLE_END
  0
XRECORD
  5
316
102
{ACAD_REACTORS
330
315
102
}
330
315
100
AcDbXrecord
280
     1
102
RTVSPost2010Prop28
280
     1
102
RTVSPost2010PropOp28
 70
     1
102
RTVSPost2010Prop29
280
     1
102
RTVSPost2010PropOp29
 70
     1
102
RTVSPost2010Prop30
280
     0
102
RTVSPost2010PropOp30
 70
     1
102
RTVSPost2010Prop31
280
     0
102
RTVSPost2010PropOp31
 70
     1
102
RTVSPost2010Prop32
280
     0
102
RTVSPost2010PropOp32
 70
     1
102
RTVSPost2010Prop33
280
     0
102
RTVSPost2010PropOp33
 70
     1
102
RTVSPost2010Prop34
280
     0
102
RTVSPost2010PropOp34
 70
     1
102
RTVSPost2010Prop35
280
     0
102
RTVSPost2010PropOp35
 70
     1
102
RTVSPost2010Prop36
280
     0
102
RTVSPost2010PropOp36
 70
     1
102
RTVSPost2010Prop37
 90
       50
102
RTVSPost2010PropOp37
 70
     1
102
RTVSPost2010Prop38
140
0.0
102
RTVSPost2010PropOp38
 70
     1
102
RTVSPost2010Prop39
140
1.0
102
RTVSPost2010PropOp39
 70
     1
102
RTVSPost2010Prop40
 90
        0
102
RTVSPost2010PropOp40
 70
     1
102
RTVSPost2010Prop41ColorIndex
 90
       18
102
RTVSPost2010Prop41ColorRGB
 90
        0
102
RTVSPost2010PropOp41
 70
     1
102
RTVSPost2010Prop42
 90
       50
102
RTVSPost2010PropOp42
 70
     1
102
RTVSPost2010Prop43
 90
        3
102
RTVSPost2010PropOp43
 70
     1
102
RTVSPost2010Prop44ColorIndex
 90
        5
102
RTVSPost2010Prop44ColorRGB
 90
      255
102
RTVSPost2010PropOp44
 70
     1
102
RTVSPost2010Prop45
280
     0
102
RTVSPost2010PropOp45
 70
     1
102
RTVSPost2010Prop46
 90
       50
102
RTVSPost2010PropOp46
 70
     1
102
RTVSPost2010Prop47
 90
       50
102
RTVSPost2010PropOp47
 70
     1
102
RTVSPost2010Prop48
 90
       50
102
RTVSPost2010PropOp48
 70
     1
102
RTVSPost2010Prop49
280
     0
102
RTVSPost2010PropOp49
 70
     1
102
RTVSPost2010Prop50
 90
       50
102
RTVSPost2010PropOp50
 70
     1
102
RTVSPost2010Prop51ColorIndex
 90
      256
102
RTVSPost2010Prop51ColorRGB
 90
-16777216
102
RTVSPost2010PropOp51
 70
     0
102
RTVSPost2010Prop52
140
1.0
102
RTVSPost2010PropOp52
 70
     0
102
RTVSPost2010Prop53
 90
        2
102
RTVSPost2010PropOp53
 70
     1
102
RTVSPost2010Prop54
  1
strokes_ogs.tif
102
RTVSPost2010PropOp54
 70
     1
102
RTVSPost2010Prop55
280
     0
102
RTVSPost2010PropOp55
 70
     1
102
RTVSPost2010Prop56
140
1.0
102
RTVSPost2010PropOp56
 70
     1
102
RTVSPost2010Prop57
140
1.0
102
RTVSPost2010PropOp57
 70
     1
  0
XRECORD
  5
31C
102
{ACAD_REACTORS
330
31B
102
}
330
31B
100
AcDbXrecord
280
     1
102
RTVSPost2010Prop28
280
     0
102
RTVSPost2010PropOp28
 70
     1
102
RTVSPost2010Prop29
280
     1
102
RTVSPost2010PropOp29
 70
     1
102
RTVSPost2010Prop30
280
     1
102
RTVSPost2010PropOp30
 70
     1
102
RTVSPost2010Prop31
280
     0
102
RTVSPost2010PropOp31
 70
     1
102
RTVSPost2010Prop32
280
     0
102
RTVSPost2010PropOp32
 70
     1
102
RTVSPost2010Prop33
280
     0
102
RTVSPost2010PropOp33
 70
     1
102
RTVSPost2010Prop34
280
     0
102
RTVSPost2010PropOp34
 70
     1
102
RTVSPost2010Prop35
280
     0
102
RTVSPost2010PropOp35
 70
     1
102
RTVSPost2010Prop36
280
     0
102
RTVSPost2010PropOp36
 70
     1
102
RTVSPost2010Prop37
 90
       50
102
RTVSPost2010PropOp37
 70
     1
102
RTVSPost2010Prop38
140
0.0
102
RTVSPost2010PropOp38
 70
     1
102
RTVSPost2010Prop39
140
1.0
102
RTVSPost2010PropOp39
 70
     1
102
RTVSPost2010Prop40
 90
        0
102
RTVSPost2010PropOp40
 70
     1
102
RTVSPost2010Prop41ColorIndex
 90
       18
102
RTVSPost2010Prop41ColorRGB
 90
        0
102
RTVSPost2010PropOp41
 70
     1
102
RTVSPost2010Prop42
 90
       50
102
RTVSPost2010PropOp42
 70
     1
102
RTVSPost2010Prop43
 90
        3
102
RTVSPost2010PropOp43
 70
     1
102
RTVSPost2010Prop44ColorIndex
 90
        5
102
RTVSPost2010Prop44ColorRGB
 90
      255
102
RTVSPost2010PropOp44
 70
     1
102
RTVSPost2010Prop45
280
     0
102
RTVSPost2010PropOp45
 70
     1
102
RTVSPost2010Prop46
 90
       50
102
RTVSPost2010PropOp46
 70
     1
102
RTVSPost2010Prop47
 90
       50
102
RTVSPost2010PropOp47
 70
     1
102
RTVSPost2010Prop48
 90
       50
102
RTVSPost2010PropOp48
 70
     1
102
RTVSPost2010Prop49
280
     0
102
RTVSPost2010PropOp49
 70
     1
102
RTVSPost2010Prop50
 90
       50
102
RTVSPost2010PropOp50
 70
     1
102
RTVSPost2010Prop51ColorIndex
 90
      256
102
RTVSPost2010Prop51ColorRGB
 90
-16777216
102
RTVSPost2010PropOp51
 70
     0
102
RTVSPost2010Prop52
140
1.0
102
RTVSPost2010PropOp52
 70
     0
102
RTVSPost2010Prop53
 90
        2
102
RTVSPost2010PropOp53
 70
     1
102
RTVSPost2010Prop54
  1
strokes_ogs.tif
102
RTVSPost2010PropOp54
 70
     1
102
RTVSPost2010Prop55
280
     0
102
RTVSPost2010PropOp55
 70
     1
102
RTVSPost2010Prop56
140
1.0
102
RTVSPost2010PropOp56
 70
     1
102
RTVSPost2010Prop57
140
1.0
102
RTVSPost2010PropOp57
 70
     1
  0
XRECORD
  5
324
102
{ACAD_REACTORS
330
323
102
}
330
323
100
AcDbXrecord
280
     1
102
RTVSPost2010Prop28
280
     0
102
RTVSPost2010PropOp28
 70
     1
102
RTVSPost2010Prop29
280
     1
102
RTVSPost2010PropOp29
 70
     1
102
RTVSPost2010Prop30
280
     1
102
RTVSPost2010PropOp30
 70
     1
102
RTVSPost2010Prop31
280
     0
102
RTVSPost2010PropOp31
 70
     1
102
RTVSPost2010Prop32
280
     0
102
RTVSPost2010PropOp32
 70
     1
102
RTVSPost2010Prop33
280
     0
102
RTVSPost2010PropOp33
 70
     1
102
RTVSPost2010Prop34
280
     0
102
RTVSPost2010PropOp34
 70
     1
102
RTVSPost2010Prop35
280
     0
102
RTVSPost2010PropOp35
 70
     1
102
RTVSPost2010Prop36
280
     0
102
RTVSPost2010PropOp36
 70
     1
102
RTVSPost2010Prop37
 90
       50
102
RTVSPost2010PropOp37
 70
     1
102
RTVSPost2010Prop38
140
0.0
102
RTVSPost2010PropOp38
 70
     1
102
RTVSPost2010Prop39
140
1.0
102
RTVSPost2010PropOp39
 70
     1
102
RTVSPost2010Prop40
 90
        0
102
RTVSPost2010PropOp40
 70
     1
102
RTVSPost2010Prop41ColorIndex
 90
       18
102
RTVSPost2010Prop41ColorRGB
 90
        0
102
RTVSPost2010PropOp41
 70
     1
102
RTVSPost2010Prop42
 90
       50
102
RTVSPost2010PropOp42
 70
     1
102
RTVSPost2010Prop43
 90
        3
102
RTVSPost2010PropOp43
 70
     1
102
RTVSPost2010Prop44ColorIndex
 90
        5
102
RTVSPost2010Prop44ColorRGB
 90
      255
102
RTVSPost2010PropOp44
 70
     1
102
RTVSPost2010Prop45
280
     0
102
RTVSPost2010PropOp45
 70
     1
102
RTVSPost2010Prop46
 90
       50
102
RTVSPost2010PropOp46
 70
     1
102
RTVSPost2010Prop47
 90
       50
102
RTVSPost2010PropOp47
 70
     1
102
RTVSPost2010Prop48
 90
       50
102
RTVSPost2010PropOp48
 70
     1
102
RTVSPost2010Prop49
280
     0
102
RTVSPost2010PropOp49
 70
     1
102
RTVSPost2010Prop50
 90
       50
102
RTVSPost2010PropOp50
 70
     1
102
RTVSPost2010Prop51ColorIndex
 90
      256
102
RTVSPost2010Prop51ColorRGB
 90
-16777216
102
RTVSPost2010PropOp51
 70
     0
102
RTVSPost2010Prop52
140
1.0
102
RTVSPost2010PropOp52
 70
     0
102
RTVSPost2010Prop53
 90
        2
102
RTVSPost2010PropOp53
 70
     1
102
RTVSPost2010Prop54
  1
strokes_ogs.tif
102
RTVSPost2010PropOp54
 70
     1
102
RTVSPost2010Prop55
280
     0
102
RTVSPost2010PropOp55
 70
     1
102
RTVSPost2010Prop56
140
1.0
102
RTVSPost2010PropOp56
 70
     1
102
RTVSPost2010Prop57
140
1.0
102
RTVSPost2010PropOp57
 70
     1
  0
XRECORD
  5
32C
102
{ACAD_REACTORS
330
32B
102
}
330
32B
100
AcDbXrecord
280
     1
102
RTVSPost2010Prop28
280
     0
102
RTVSPost2010PropOp28
 70
     1
102
RTVSPost2010Prop29
280
     1
102
RTVSPost2010PropOp29
 70
     1
102
RTVSPost2010Prop30
280
     1
102
RTVSPost2010PropOp30
 70
     1
102
RTVSPost2010Prop31
280
     0
102
RTVSPost2010PropOp31
 70
     1
102
RTVSPost2010Prop32
280
     0
102
RTVSPost2010PropOp32
 70
     1
102
RTVSPost2010Prop33
280
     0
102
RTVSPost2010PropOp33
 70
     1
102
RTVSPost2010Prop34
280
     0
102
RTVSPost2010PropOp34
 70
     1
102
RTVSPost2010Prop35
280
     0
102
RTVSPost2010PropOp35
 70
     1
102
RTVSPost2010Prop36
280
     0
102
RTVSPost2010PropOp36
 70
     1
102
RTVSPost2010Prop37
 90
       50
102
RTVSPost2010PropOp37
 70
     1
102
RTVSPost2010Prop38
140
0.0
102
RTVSPost2010PropOp38
 70
     1
102
RTVSPost2010Prop39
140
1.0
102
RTVSPost2010PropOp39
 70
     1
102
RTVSPost2010Prop40
 90
        0
102
RTVSPost2010PropOp40
 70
     1
102
RTVSPost2010Prop41ColorIndex
 90
       18
102
RTVSPost2010Prop41ColorRGB
 90
        0
102
RTVSPost2010PropOp41
 70
     1
102
RTVSPost2010Prop42
 90
       50
102
RTVSPost2010PropOp42
 70
     1
102
RTVSPost2010Prop43
 90
        3
102
RTVSPost2010PropOp43
 70
     1
102
RTVSPost2010Prop44ColorIndex
 90
        5
102
RTVSPost2010Prop44ColorRGB
 90
      255
102
RTVSPost2010PropOp44
 70
     1
102
RTVSPost2010Prop45
280
     0
102
RTVSPost2010PropOp45
 70
     1
102
RTVSPost2010Prop46
 90
       50
102
RTVSPost2010PropOp46
 70
     1
102
RTVSPost2010Prop47
 90
       50
102
RTVSPost2010PropOp47
 70
     1
102
RTVSPost2010Prop48
 90
       50
102
RTVSPost2010PropOp48
 70
     1
102
RTVSPost2010Prop49
280
     0
102
RTVSPost2010PropOp49
 70
     1
102
RTVSPost2010Prop50
 90
       50
102
RTVSPost2010PropOp50
 70
     1
102
RTVSPost2010Prop51ColorIndex
 90
      256
102
RTVSPost2010Prop51ColorRGB
 90
-16777216
102
RTVSPost2010PropOp51
 70
     0
102
RTVSPost2010Prop52
140
1.0
102
RTVSPost2010PropOp52
 70
     0
102
RTVSPost2010Prop53
 90
        2
102
RTVSPost2010PropOp53
 70
     1
102
RTVSPost2010Prop54
  1
strokes_ogs.tif
102
RTVSPost2010PropOp54
 70
     1
102
RTVSPost2010Prop55
280
     0
102
RTVSPost2010PropOp55
 70
     1
102
RTVSPost2010Prop56
140
1.0
102
RTVSPost2010PropOp56
 70
     1
102
RTVSPost2010Prop57
140
1.0
102
RTVSPost2010PropOp57
 70
     1
  0
XRECORD
  5
320
102
{ACAD_REACTORS
330
31F
102
}
330
31F
100
AcDbXrecord
280
     1
102
RTVSPost2010Prop28
280
     0
102
RTVSPost2010PropOp28
 70
     1
102
RTVSPost2010Prop29
280
     1
102
RTVSPost2010PropOp29
 70
     1
102
RTVSPost2010Prop30
280
     1
102
RTVSPost2010PropOp30
 70
     1
102
RTVSPost2010Prop31
280
     0
102
RTVSPost2010PropOp31
 70
     1
102
RTVSPost2010Prop32
280
     0
102
RTVSPost2010PropOp32
 70
     1
102
RTVSPost2010Prop33
280
     0
102
RTVSPost2010PropOp33
 70
     1
102
RTVSPost2010Prop34
280
     0
102
RTVSPost2010PropOp34
 70
     1
102
RTVSPost2010Prop35
280
     0
102
RTVSPost2010PropOp35
 70
     1
102
RTVSPost2010Prop36
280
     0
102
RTVSPost2010PropOp36
 70
     1
102
RTVSPost2010Prop37
 90
       50
102
RTVSPost2010PropOp37
 70
     1
102
RTVSPost2010Prop38
140
0.0
102
RTVSPost2010PropOp38
 70
     1
102
RTVSPost2010Prop39
140
1.0
102
RTVSPost2010PropOp39
 70
     1
102
RTVSPost2010Prop40
 90
        0
102
RTVSPost2010PropOp40
 70
     1
102
RTVSPost2010Prop41ColorIndex
 90
       18
102
RTVSPost2010Prop41ColorRGB
 90
        0
102
RTVSPost2010PropOp41
 70
     1
102
RTVSPost2010Prop42
 90
       50
102
RTVSPost2010PropOp42
 70
     1
102
RTVSPost2010Prop43
 90
        3
102
RTVSPost2010PropOp43
 70
     1
102
RTVSPost2010Prop44ColorIndex
 90
        5
102
RTVSPost2010Prop44ColorRGB
 90
      255
102
RTVSPost2010PropOp44
 70
     1
102
RTVSPost2010Prop45
280
     0
102
RTVSPost2010PropOp45
 70
     1
102
RTVSPost2010Prop46
 90
       50
102
RTVSPost2010PropOp46
 70
     1
102
RTVSPost2010Prop47
 90
       50
102
RTVSPost2010PropOp47
 70
     1
102
RTVSPost2010Prop48
 90
       50
102
RTVSPost2010PropOp48
 70
     1
102
RTVSPost2010Prop49
280
     0
102
RTVSPost2010PropOp49
 70
     1
102
RTVSPost2010Prop50
 90
       50
102
RTVSPost2010PropOp50
 70
     1
102
RTVSPost2010Prop51ColorIndex
 90
      256
102
RTVSPost2010Prop51ColorRGB
 90
-16777216
102
RTVSPost2010PropOp51
 70
     0
102
RTVSPost2010Prop52
140
1.0
102
RTVSPost2010PropOp52
 70
     0
102
RTVSPost2010Prop53
 90
        2
102
RTVSPost2010PropOp53
 70
     1
102
RTVSPost2010Prop54
  1
strokes_ogs.tif
102
RTVSPost2010PropOp54
 70
     1
102
RTVSPost2010Prop55
280
     0
102
RTVSPost2010PropOp55
 70
     1
102
RTVSPost2010Prop56
140
1.0
102
RTVSPost2010PropOp56
 70
     1
102
RTVSPost2010Prop57
140
1.0
102
RTVSPost2010PropOp57
 70
     1
  0
XRECORD
  5
322
102
{ACAD_REACTORS
330
321
102
}
330
321
100
AcDbXrecord
280
     1
102
RTVSPost2010Prop28
280
     0
102
RTVSPost2010PropOp28
 70
     1
102
RTVSPost2010Prop29
280
     1
102
RTVSPost2010PropOp29
 70
     1
102
RTVSPost2010Prop30
280
     1
102
RTVSPost2010PropOp30
 70
     1
102
RTVSPost2010Prop31
280
     0
102
RTVSPost2010PropOp31
 70
     1
102
RTVSPost2010Prop32
280
     0
102
RTVSPost2010PropOp32
 70
     1
102
RTVSPost2010Prop33
280
     0
102
RTVSPost2010PropOp33
 70
     1
102
RTVSPost2010Prop34
280
     0
102
RTVSPost2010PropOp34
 70
     1
102
RTVSPost2010Prop35
280
     0
102
RTVSPost2010PropOp35
 70
     1
102
RTVSPost2010Prop36
280
     0
102
RTVSPost2010PropOp36
 70
     1
102
RTVSPost2010Prop37
 90
       50
102
RTVSPost2010PropOp37
 70
     1
102
RTVSPost2010Prop38
140
0.0
102
RTVSPost2010PropOp38
 70
     1
102
RTVSPost2010Prop39
140
1.0
102
RTVSPost2010PropOp39
 70
     1
102
RTVSPost2010Prop40
 90
        0
102
RTVSPost2010PropOp40
 70
     1
102
RTVSPost2010Prop41ColorIndex
 90
       18
102
RTVSPost2010Prop41ColorRGB
 90
        0
102
RTVSPost2010PropOp41
 70
     1
102
RTVSPost2010Prop42
 90
       50
102
RTVSPost2010PropOp42
 70
     1
102
RTVSPost2010Prop43
 90
        3
102
RTVSPost2010PropOp43
 70
     1
102
RTVSPost2010Prop44ColorIndex
 90
        5
102
RTVSPost2010Prop44ColorRGB
 90
      255
102
RTVSPost2010PropOp44
 70
     1
102
RTVSPost2010Prop45
280
     0
102
RTVSPost2010PropOp45
 70
     1
102
RTVSPost2010Prop46
 90
       50
102
RTVSPost2010PropOp46
 70
     1
102
RTVSPost2010Prop47
 90
       50
102
RTVSPost2010PropOp47
 70
     1
102
RTVSPost2010Prop48
 90
       50
102
RTVSPost2010PropOp48
 70
     1
102
RTVSPost2010Prop49
280
     0
102
RTVSPost2010PropOp49
 70
     1
102
RTVSPost2010Prop50
 90
       50
102
RTVSPost2010PropOp50
 70
     1
102
RTVSPost2010Prop51ColorIndex
 90
      256
102
RTVSPost2010Prop51ColorRGB
 90
-16777216
102
RTVSPost2010PropOp51
 70
     0
102
RTVSPost2010Prop52
140
1.0
102
RTVSPost2010PropOp52
 70
     0
102
RTVSPost2010Prop53
 90
        2
102
RTVSPost2010PropOp53
 70
     1
102
RTVSPost2010Prop54
  1
strokes_ogs.tif
102
RTVSPost2010PropOp54
 70
     1
102
RTVSPost2010Prop55
280
     0
102
RTVSPost2010PropOp55
 70
     1
102
RTVSPost2010Prop56
140
1.0
102
RTVSPost2010PropOp56
 70
     1
102
RTVSPost2010Prop57
140
1.0
102
RTVSPost2010PropOp57
 70
     1
  0
XRECORD
  5
332
102
{ACAD_REACTORS
330
331
102
}
330
331
100
AcDbXrecord
280
     1
102
RTVSPost2010Prop28
280
     0
102
RTVSPost2010PropOp28
 70
     0
102
RTVSPost2010Prop29
280
     1
102
RTVSPost2010PropOp29
 70
     0
102
RTVSPost2010Prop30
280
     1
102
RTVSPost2010PropOp30
 70
     0
102
RTVSPost2010Prop31
280
     0
102
RTVSPost2010PropOp31
 70
     0
102
RTVSPost2010Prop32
280
     0
102
RTVSPost2010PropOp32
 70
     0
102
RTVSPost2010Prop33
280
     0
102
RTVSPost2010PropOp33
 70
     0
102
RTVSPost2010Prop34
280
     0
102
RTVSPost2010PropOp34
 70
     0
102
RTVSPost2010Prop35
280
     0
102
RTVSPost2010PropOp35
 70
     0
102
RTVSPost2010Prop36
280
     0
102
RTVSPost2010PropOp36
 70
     0
102
RTVSPost2010Prop37
 90
       50
102
RTVSPost2010PropOp37
 70
     0
102
RTVSPost2010Prop38
140
0.0
102
RTVSPost2010PropOp38
 70
     0
102
RTVSPost2010Prop39
140
1.0
102
RTVSPost2010PropOp39
 70
     0
102
RTVSPost2010Prop40
 90
        0
102
RTVSPost2010PropOp40
 70
     0
102
RTVSPost2010Prop41ColorIndex
 90
       18
102
RTVSPost2010Prop41ColorRGB
 90
        0
102
RTVSPost2010PropOp41
 70
     0
102
RTVSPost2010Prop42
 90
       50
102
RTVSPost2010PropOp42
 70
     0
102
RTVSPost2010Prop43
 90
        3
102
RTVSPost2010PropOp43
 70
     0
102
RTVSPost2010Prop44ColorIndex
 90
        5
102
RTVSPost2010Prop44ColorRGB
 90
      255
102
RTVSPost2010PropOp44
 70
     0
102
RTVSPost2010Prop45
280
     0
102
RTVSPost2010PropOp45
 70
     0
102
RTVSPost2010Prop46
 90
       50
102
RTVSPost2010PropOp46
 70
     0
102
RTVSPost2010Prop47
 90
       50
102
RTVSPost2010PropOp47
 70
     0
102
RTVSPost2010Prop48
 90
       50
102
RTVSPost2010PropOp48
 70
     0
102
RTVSPost2010Prop49
280
     0
102
RTVSPost2010PropOp49
 70
     0
102
RTVSPost2010Prop50
 90
       50
102
RTVSPost2010PropOp50
 70
     0
102
RTVSPost2010Prop51ColorIndex
 90
      256
102
RTVSPost2010Prop51ColorRGB
 90
-16777216
102
RTVSPost2010PropOp51
 70
     0
102
RTVSPost2010Prop52
140
1.0
102
RTVSPost2010PropOp52
 70
     0
102
RTVSPost2010Prop53
 90
        2
102
RTVSPost2010PropOp53
 70
     0
102
RTVSPost2010Prop54
  1
strokes_ogs.tif
102
RTVSPost2010PropOp54
 70
     0
102
RTVSPost2010Prop55
280
     0
102
RTVSPost2010PropOp55
 70
     0
102
RTVSPost2010Prop56
140
1.0
102
RTVSPost2010PropOp56
 70
     0
102
RTVSPost2010Prop57
140
1.0
102
RTVSPost2010PropOp57
 70
     0
  0
XRECORD
  5
32A
102
{ACAD_REACTORS
330
329
102
}
330
329
100
AcDbXrecord
280
     1
102
RTVSPost2010Prop28
280
     0
102
RTVSPost2010PropOp28
 70
     1
102
RTVSPost2010Prop29
280
     1
102
RTVSPost2010PropOp29
 70
     1
102
RTVSPost2010Prop30
280
     1
102
RTVSPost2010PropOp30
 70
     1
102
RTVSPost2010Prop31
280
     0
102
RTVSPost2010PropOp31
 70
     1
102
RTVSPost2010Prop32
280
     0
102
RTVSPost2010PropOp32
 70
     1
102
RTVSPost2010Prop33
280
     0
102
RTVSPost2010PropOp33
 70
     1
102
RTVSPost2010Prop34
280
     0
102
RTVSPost2010PropOp34
 70
     1
102
RTVSPost2010Prop35
280
     0
102
RTVSPost2010PropOp35
 70
     1
102
RTVSPost2010Prop36
280
     0
102
RTVSPost2010PropOp36
 70
     1
102
RTVSPost2010Prop37
 90
       50
102
RTVSPost2010PropOp37
 70
     1
102
RTVSPost2010Prop38
140
0.0
102
RTVSPost2010PropOp38
 70
     1
102
RTVSPost2010Prop39
140
1.0
102
RTVSPost2010PropOp39
 70
     1
102
RTVSPost2010Prop40
 90
        0
102
RTVSPost2010PropOp40
 70
     1
102
RTVSPost2010Prop41ColorIndex
 90
       18
102
RTVSPost2010Prop41ColorRGB
 90
        0
102
RTVSPost2010PropOp41
 70
     1
102
RTVSPost2010Prop42
 90
       50
102
RTVSPost2010PropOp42
 70
     1
102
RTVSPost2010Prop43
 90
        3
102
RTVSPost2010PropOp43
 70
     1
102
RTVSPost2010Prop44ColorIndex
 90
        5
102
RTVSPost2010Prop44ColorRGB
 90
      255
102
RTVSPost2010PropOp44
 70
     1
102
RTVSPost2010Prop45
280
     0
102
RTVSPost2010PropOp45
 70
     1
102
RTVSPost2010Prop46
 90
       50
102
RTVSPost2010PropOp46
 70
     1
102
RTVSPost2010Prop47
 90
       50
102
RTVSPost2010PropOp47
 70
     1
102
RTVSPost2010Prop48
 90
       50
102
RTVSPost2010PropOp48
 70
     1
102
RTVSPost2010Prop49
280
     0
102
RTVSPost2010PropOp49
 70
     1
102
RTVSPost2010Prop50
 90
       50
102
RTVSPost2010PropOp50
 70
     1
102
RTVSPost2010Prop51ColorIndex
 90
      256
102
RTVSPost2010Prop51ColorRGB
 90
-16777216
102
RTVSPost2010PropOp51
 70
     0
102
RTVSPost2010Prop52
140
1.0
102
RTVSPost2010PropOp52
 70
     0
102
RTVSPost2010Prop53
 90
        2
102
RTVSPost2010PropOp53
 70
     1
102
RTVSPost2010Prop54
  1
strokes_ogs.tif
102
RTVSPost2010PropOp54
 70
     1
102
RTVSPost2010Prop55
280
     0
102
RTVSPost2010PropOp55
 70
     1
102
RTVSPost2010Prop56
140
1.0
102
RTVSPost2010PropOp56
 70
     1
102
RTVSPost2010Prop57
140
1.0
102
RTVSPost2010PropOp57
 70
     1
  0
XRECORD
  5
30E
102
{ACAD_REACTORS
330
30D
102
}
330
30D
100
AcDbXrecord
280
     1
102
RTVSPost2010Prop28
280
     0
102
RTVSPost2010PropOp28
 70
     1
102
RTVSPost2010Prop29
280
     1
102
RTVSPost2010PropOp29
 70
     1
102
RTVSPost2010Prop30
280
     1
102
RTVSPost2010PropOp30
 70
     1
102
RTVSPost2010Prop31
280
     0
102
RTVSPost2010PropOp31
 70
     1
102
RTVSPost2010Prop32
280
     0
102
RTVSPost2010PropOp32
 70
     1
102
RTVSPost2010Prop33
280
     0
102
RTVSPost2010PropOp33
 70
     1
102
RTVSPost2010Prop34
280
     0
102
RTVSPost2010PropOp34
 70
     1
102
RTVSPost2010Prop35
280
     0
102
RTVSPost2010PropOp35
 70
     1
102
RTVSPost2010Prop36
280
     0
102
RTVSPost2010PropOp36
 70
     1
102
RTVSPost2010Prop37
 90
       50
102
RTVSPost2010PropOp37
 70
     1
102
RTVSPost2010Prop38
140
0.0
102
RTVSPost2010PropOp38
 70
     1
102
RTVSPost2010Prop39
140
1.0
102
RTVSPost2010PropOp39
 70
     1
102
RTVSPost2010Prop40
 90
        0
102
RTVSPost2010PropOp40
 70
     1
102
RTVSPost2010Prop41ColorIndex
 90
       18
102
RTVSPost2010Prop41ColorRGB
 90
        0
102
RTVSPost2010PropOp41
 70
     1
102
RTVSPost2010Prop42
 90
       50
102
RTVSPost2010PropOp42
 70
     1
102
RTVSPost2010Prop43
 90
        3
102
RTVSPost2010PropOp43
 70
     1
102
RTVSPost2010Prop44ColorIndex
 90
        5
102
RTVSPost2010Prop44ColorRGB
 90
      255
102
RTVSPost2010PropOp44
 70
     1
102
RTVSPost2010Prop45
280
     0
102
RTVSPost2010PropOp45
 70
     1
102
RTVSPost2010Prop46
 90
       50
102
RTVSPost2010PropOp46
 70
     1
102
RTVSPost2010Prop47
 90
       50
102
RTVSPost2010PropOp47
 70
     1
102
RTVSPost2010Prop48
 90
       50
102
RTVSPost2010PropOp48
 70
     1
102
RTVSPost2010Prop49
280
     0
102
RTVSPost2010PropOp49
 70
     1
102
RTVSPost2010Prop50
 90
       50
102
RTVSPost2010PropOp50
 70
     1
102
RTVSPost2010Prop51ColorIndex
 90
      256
102
RTVSPost2010Prop51ColorRGB
 90
-16777216
102
RTVSPost2010PropOp51
 70
     0
102
RTVSPost2010Prop52
140
1.0
102
RTVSPost2010PropOp52
 70
     0
102
RTVSPost2010Prop53
 90
        2
102
RTVSPost2010PropOp53
 70
     1
102
RTVSPost2010Prop54
  1
strokes_ogs.tif
102
RTVSPost2010PropOp54
 70
     1
102
RTVSPost2010Prop55
280
     0
102
RTVSPost2010PropOp55
 70
     1
102
RTVSPost2010Prop56
140
1.0
102
RTVSPost2010PropOp56
 70
     1
102
RTVSPost2010Prop57
140
1.0
102
RTVSPost2010PropOp57
 70
     1
  0
XRECORD
  5
310
102
{ACAD_REACTORS
330
30F
102
}
330
30F
100
AcDbXrecord
280
     1
102
RTVSPost2010Prop28
280
     0
102
RTVSPost2010PropOp28
 70
     1
102
RTVSPost2010Prop29
280
     1
102
RTVSPost2010PropOp29
 70
     1
102
RTVSPost2010Prop30
280
     1
102
RTVSPost2010PropOp30
 70
     1
102
RTVSPost2010Prop31
280
     0
102
RTVSPost2010PropOp31
 70
     1
102
RTVSPost2010Prop32
280
     0
102
RTVSPost2010PropOp32
 70
     1
102
RTVSPost2010Prop33
280
     0
102
RTVSPost2010PropOp33
 70
     1
102
RTVSPost2010Prop34
280
     0
102
RTVSPost2010PropOp34
 70
     1
102
RTVSPost2010Prop35
280
     0
102
RTVSPost2010PropOp35
 70
     1
102
RTVSPost2010Prop36
280
     0
102
RTVSPost2010PropOp36
 70
     1
102
RTVSPost2010Prop37
 90
       50
102
RTVSPost2010PropOp37
 70
     1
102
RTVSPost2010Prop38
140
0.0
102
RTVSPost2010PropOp38
 70
     1
102
RTVSPost2010Prop39
140
1.0
102
RTVSPost2010PropOp39
 70
     1
102
RTVSPost2010Prop40
 90
        0
102
RTVSPost2010PropOp40
 70
     1
102
RTVSPost2010Prop41ColorIndex
 90
       18
102
RTVSPost2010Prop41ColorRGB
 90
        0
102
RTVSPost2010PropOp41
 70
     1
102
RTVSPost2010Prop42
 90
       50
102
RTVSPost2010PropOp42
 70
     1
102
RTVSPost2010Prop43
 90
        3
102
RTVSPost2010PropOp43
 70
     1
102
RTVSPost2010Prop44ColorIndex
 90
        5
102
RTVSPost2010Prop44ColorRGB
 90
      255
102
RTVSPost2010PropOp44
 70
     1
102
RTVSPost2010Prop45
280
     0
102
RTVSPost2010PropOp45
 70
     1
102
RTVSPost2010Prop46
 90
       50
102
RTVSPost2010PropOp46
 70
     1
102
RTVSPost2010Prop47
 90
       50
102
RTVSPost2010PropOp47
 70
     1
102
RTVSPost2010Prop48
 90
       50
102
RTVSPost2010PropOp48
 70
     1
102
RTVSPost2010Prop49
280
     0
102
RTVSPost2010PropOp49
 70
     1
102
RTVSPost2010Prop50
 90
       50
102
RTVSPost2010PropOp50
 70
     1
102
RTVSPost2010Prop51ColorIndex
 90
      256
102
RTVSPost2010Prop51ColorRGB
 90
-16777216
102
RTVSPost2010PropOp51
 70
     0
102
RTVSPost2010Prop52
140
1.0
102
RTVSPost2010PropOp52
 70
     0
102
RTVSPost2010Prop53
 90
        2
102
RTVSPost2010PropOp53
 70
     1
102
RTVSPost2010Prop54
  1
strokes_ogs.tif
102
RTVSPost2010PropOp54
 70
     1
102
RTVSPost2010Prop55
280
     0
102
RTVSPost2010PropOp55
 70
     1
102
RTVSPost2010Prop56
140
1.0
102
RTVSPost2010PropOp56
 70
     1
102
RTVSPost2010Prop57
140
1.0
102
RTVSPost2010PropOp57
 70
     1
  0
XRECORD
  5
312
102
{ACAD_REACTORS
330
311
102
}
330
311
100
AcDbXrecord
280
     1
102
RTVSPost2010Prop28
280
     0
102
RTVSPost2010PropOp28
 70
     1
102
RTVSPost2010Prop29
280
     1
102
RTVSPost2010PropOp29
 70
     1
102
RTVSPost2010Prop30
280
     1
102
RTVSPost2010PropOp30
 70
     1
102
RTVSPost2010Prop31
280
     0
102
RTVSPost2010PropOp31
 70
     1
102
RTVSPost2010Prop32
280
     0
102
RTVSPost2010PropOp32
 70
     1
102
RTVSPost2010Prop33
280
     0
102
RTVSPost2010PropOp33
 70
     1
102
RTVSPost2010Prop34
280
     0
102
RTVSPost2010PropOp34
 70
     1
102
RTVSPost2010Prop35
280
     0
102
RTVSPost2010PropOp35
 70
     1
102
RTVSPost2010Prop36
280
     0
102
RTVSPost2010PropOp36
 70
     1
102
RTVSPost2010Prop37
 90
       50
102
RTVSPost2010PropOp37
 70
     1
102
RTVSPost2010Prop38
140
0.0
102
RTVSPost2010PropOp38
 70
     1
102
RTVSPost2010Prop39
140
1.0
102
RTVSPost2010PropOp39
 70
     1
102
RTVSPost2010Prop40
 90
        0
102
RTVSPost2010PropOp40
 70
     1
102
RTVSPost2010Prop41ColorIndex
 90
       18
102
RTVSPost2010Prop41ColorRGB
 90
        0
102
RTVSPost2010PropOp41
 70
     1
102
RTVSPost2010Prop42
 90
       50
102
RTVSPost2010PropOp42
 70
     1
102
RTVSPost2010Prop43
 90
        3
102
RTVSPost2010PropOp43
 70
     1
102
RTVSPost2010Prop44ColorIndex
 90
        5
102
RTVSPost2010Prop44ColorRGB
 90
      255
102
RTVSPost2010PropOp44
 70
     1
102
RTVSPost2010Prop45
280
     0
102
RTVSPost2010PropOp45
 70
     1
102
RTVSPost2010Prop46
 90
       50
102
RTVSPost2010PropOp46
 70
     1
102
RTVSPost2010Prop47
 90
       50
102
RTVSPost2010PropOp47
 70
     1
102
RTVSPost2010Prop48
 90
       50
102
RTVSPost2010PropOp48
 70
     1
102
RTVSPost2010Prop49
280
     0
102
RTVSPost2010PropOp49
 70
     1
102
RTVSPost2010Prop50
 90
       50
102
RTVSPost2010PropOp50
 70
     1
102
RTVSPost2010Prop51ColorIndex
 90
      256
102
RTVSPost2010Prop51ColorRGB
 90
-16777216
102
RTVSPost2010PropOp51
 70
     0
102
RTVSPost2010Prop52
140
1.0
102
RTVSPost2010PropOp52
 70
     0
102
RTVSPost2010Prop53
 90
        2
102
RTVSPost2010PropOp53
 70
     1
102
RTVSPost2010Prop54
  1
strokes_ogs.tif
102
RTVSPost2010PropOp54
 70
     1
102
RTVSPost2010Prop55
280
     0
102
RTVSPost2010PropOp55
 70
     1
102
RTVSPost2010Prop56
140
1.0
102
RTVSPost2010PropOp56
 70
     1
102
RTVSPost2010Prop57
140
1.0
102
RTVSPost2010PropOp57
 70
     1
  0
XRECORD
  5
314
102
{ACAD_REACTORS
330
313
102
}
330
313
100
AcDbXrecord
280
     1
102
RTVSPost2010Prop28
280
     0
102
RTVSPost2010PropOp28
 70
     1
102
RTVSPost2010Prop29
280
     1
102
RTVSPost2010PropOp29
 70
     1
102
RTVSPost2010Prop30
280
     1
102
RTVSPost2010PropOp30
 70
     1
102
RTVSPost2010Prop31
280
     0
102
RTVSPost2010PropOp31
 70
     1
102
RTVSPost2010Prop32
280
     0
102
RTVSPost2010PropOp32
 70
     1
102
RTVSPost2010Prop33
280
     0
102
RTVSPost2010PropOp33
 70
     1
102
RTVSPost2010Prop34
280
     0
102
RTVSPost2010PropOp34
 70
     1
102
RTVSPost2010Prop35
280
     0
102
RTVSPost2010PropOp35
 70
     1
102
RTVSPost2010Prop36
280
     0
102
RTVSPost2010PropOp36
 70
     1
102
RTVSPost2010Prop37
 90
       50
102
RTVSPost2010PropOp37
 70
     1
102
RTVSPost2010Prop38
140
0.0
102
RTVSPost2010PropOp38
 70
     1
102
RTVSPost2010Prop39
140
1.0
102
RTVSPost2010PropOp39
 70
     1
102
RTVSPost2010Prop40
 90
        0
102
RTVSPost2010PropOp40
 70
     1
102
RTVSPost2010Prop41ColorIndex
 90
       18
102
RTVSPost2010Prop41ColorRGB
 90
        0
102
RTVSPost2010PropOp41
 70
     1
102
RTVSPost2010Prop42
 90
       50
102
RTVSPost2010PropOp42
 70
     1
102
RTVSPost2010Prop43
 90
        3
102
RTVSPost2010PropOp43
 70
     1
102
RTVSPost2010Prop44ColorIndex
 90
        5
102
RTVSPost2010Prop44ColorRGB
 90
      255
102
RTVSPost2010PropOp44
 70
     1
102
RTVSPost2010Prop45
280
     0
102
RTVSPost2010PropOp45
 70
     1
102
RTVSPost2010Prop46
 90
       50
102
RTVSPost2010PropOp46
 70
     1
102
RTVSPost2010Prop47
 90
       50
102
RTVSPost2010PropOp47
 70
     1
102
RTVSPost2010Prop48
 90
       50
102
RTVSPost2010PropOp48
 70
     1
102
RTVSPost2010Prop49
280
     0
102
RTVSPost2010PropOp49
 70
     1
102
RTVSPost2010Prop50
 90
       50
102
RTVSPost2010PropOp50
 70
     1
102
RTVSPost2010Prop51ColorIndex
 90
      256
102
RTVSPost2010Prop51ColorRGB
 90
-16777216
102
RTVSPost2010PropOp51
 70
     0
102
RTVSPost2010Prop52
140
1.0
102
RTVSPost2010PropOp52
 70
     0
102
RTVSPost2010Prop53
 90
        2
102
RTVSPost2010PropOp53
 70
     1
102
RTVSPost2010Prop54
  1
strokes_ogs.tif
102
RTVSPost2010PropOp54
 70
     1
102
RTVSPost2010Prop55
280
     0
102
RTVSPost2010PropOp55
 70
     1
102
RTVSPost2010Prop56
140
1.0
102
RTVSPost2010PropOp56
 70
     1
102
RTVSPost2010Prop57
140
1.0
102
RTVSPost2010PropOp57
 70
     1
  0
XRECORD
  5
31A
102
{ACAD_REACTORS
330
319
102
}
330
319
100
AcDbXrecord
280
     1
102
RTVSPost2010Prop28
280
     0
102
RTVSPost2010PropOp28
 70
     1
102
RTVSPost2010Prop29
280
     1
102
RTVSPost2010PropOp29
 70
     1
102
RTVSPost2010Prop30
280
     1
102
RTVSPost2010PropOp30
 70
     1
102
RTVSPost2010Prop31
280
     0
102
RTVSPost2010PropOp31
 70
     1
102
RTVSPost2010Prop32
280
     0
102
RTVSPost2010PropOp32
 70
     1
102
RTVSPost2010Prop33
280
     0
102
RTVSPost2010PropOp33
 70
     1
102
RTVSPost2010Prop34
280
     0
102
RTVSPost2010PropOp34
 70
     1
102
RTVSPost2010Prop35
280
     0
102
RTVSPost2010PropOp35
 70
     1
102
RTVSPost2010Prop36
280
     0
102
RTVSPost2010PropOp36
 70
     1
102
RTVSPost2010Prop37
 90
       50
102
RTVSPost2010PropOp37
 70
     1
102
RTVSPost2010Prop38
140
0.0
102
RTVSPost2010PropOp38
 70
     1
102
RTVSPost2010Prop39
140
1.0
102
RTVSPost2010PropOp39
 70
     1
102
RTVSPost2010Prop40
 90
        0
102
RTVSPost2010PropOp40
 70
     1
102
RTVSPost2010Prop41ColorIndex
 90
       18
102
RTVSPost2010Prop41ColorRGB
 90
        0
102
RTVSPost2010PropOp41
 70
     1
102
RTVSPost2010Prop42
 90
       50
102
RTVSPost2010PropOp42
 70
     1
102
RTVSPost2010Prop43
 90
        3
102
RTVSPost2010PropOp43
 70
     1
102
RTVSPost2010Prop44ColorIndex
 90
        5
102
RTVSPost2010Prop44ColorRGB
 90
      255
102
RTVSPost2010PropOp44
 70
     1
102
RTVSPost2010Prop45
280
     0
102
RTVSPost2010PropOp45
 70
     1
102
RTVSPost2010Prop46
 90
       50
102
RTVSPost2010PropOp46
 70
     1
102
RTVSPost2010Prop47
 90
       50
102
RTVSPost2010PropOp47
 70
     1
102
RTVSPost2010Prop48
 90
       50
102
RTVSPost2010PropOp48
 70
     1
102
RTVSPost2010Prop49
280
     0
102
RTVSPost2010PropOp49
 70
     1
102
RTVSPost2010Prop50
 90
       50
102
RTVSPost2010PropOp50
 70
     1
102
RTVSPost2010Prop51ColorIndex
 90
      256
102
RTVSPost2010Prop51ColorRGB
 90
-16777216
102
RTVSPost2010PropOp51
 70
     0
102
RTVSPost2010Prop52
140
1.0
102
RTVSPost2010PropOp52
 70
     0
102
RTVSPost2010Prop53
 90
        2
102
RTVSPost2010PropOp53
 70
     1
102
RTVSPost2010Prop54
  1
strokes_ogs.tif
102
RTVSPost2010PropOp54
 70
     1
102
RTVSPost2010Prop55
280
     0
102
RTVSPost2010PropOp55
 70
     1
102
RTVSPost2010Prop56
140
1.0
102
RTVSPost2010PropOp56
 70
     1
102
RTVSPost2010Prop57
140
1.0
102
RTVSPost2010PropOp57
 70
     1
  0
XRECORD
  5
32E
102
{ACAD_REACTORS
330
32D
102
}
330
32D
100
AcDbXrecord
280
     1
102
RTVSPost2010Prop28
280
     0
102
RTVSPost2010PropOp28
 70
     0
102
RTVSPost2010Prop29
280
     1
102
RTVSPost2010PropOp29
 70
     0
102
RTVSPost2010Prop30
280
     1
102
RTVSPost2010PropOp30
 70
     0
102
RTVSPost2010Prop31
280
     0
102
RTVSPost2010PropOp31
 70
     0
102
RTVSPost2010Prop32
280
     0
102
RTVSPost2010PropOp32
 70
     0
102
RTVSPost2010Prop33
280
     0
102
RTVSPost2010PropOp33
 70
     0
102
RTVSPost2010Prop34
280
     0
102
RTVSPost2010PropOp34
 70
     0
102
RTVSPost2010Prop35
280
     0
102
RTVSPost2010PropOp35
 70
     0
102
RTVSPost2010Prop36
280
     0
102
RTVSPost2010PropOp36
 70
     0
102
RTVSPost2010Prop37
 90
       50
102
RTVSPost2010PropOp37
 70
     0
102
RTVSPost2010Prop38
140
0.0
102
RTVSPost2010PropOp38
 70
     0
102
RTVSPost2010Prop39
140
1.0
102
RTVSPost2010PropOp39
 70
     0
102
RTVSPost2010Prop40
 90
        0
102
RTVSPost2010PropOp40
 70
     0
102
RTVSPost2010Prop41ColorIndex
 90
       18
102
RTVSPost2010Prop41ColorRGB
 90
        0
102
RTVSPost2010PropOp41
 70
     0
102
RTVSPost2010Prop42
 90
       50
102
RTVSPost2010PropOp42
 70
     0
102
RTVSPost2010Prop43
 90
        3
102
RTVSPost2010PropOp43
 70
     0
102
RTVSPost2010Prop44ColorIndex
 90
        5
102
RTVSPost2010Prop44ColorRGB
 90
      255
102
RTVSPost2010PropOp44
 70
     0
102
RTVSPost2010Prop45
280
     0
102
RTVSPost2010PropOp45
 70
     0
102
RTVSPost2010Prop46
 90
       50
102
RTVSPost2010PropOp46
 70
     0
102
RTVSPost2010Prop47
 90
       50
102
RTVSPost2010PropOp47
 70
     0
102
RTVSPost2010Prop48
 90
       50
102
RTVSPost2010PropOp48
 70
     0
102
RTVSPost2010Prop49
280
     0
102
RTVSPost2010PropOp49
 70
     0
102
RTVSPost2010Prop50
 90
       50
102
RTVSPost2010PropOp50
 70
     0
102
RTVSPost2010Prop51ColorIndex
 90
      256
102
RTVSPost2010Prop51ColorRGB
 90
-16777216
102
RTVSPost2010PropOp51
 70
     0
102
RTVSPost2010Prop52
140
1.0
102
RTVSPost2010PropOp52
 70
     0
102
RTVSPost2010Prop53
 90
        2
102
RTVSPost2010PropOp53
 70
     0
102
RTVSPost2010Prop54
  1
strokes_ogs.tif
102
RTVSPost2010PropOp54
 70
     0
102
RTVSPost2010Prop55
280
     0
102
RTVSPost2010PropOp55
 70
     0
102
RTVSPost2010Prop56
140
1.0
102
RTVSPost2010PropOp56
 70
     0
102
RTVSPost2010Prop57
140
1.0
102
RTVSPost2010PropOp57
 70
     0
  0
XRECORD
  5
328
102
{ACAD_REACTORS
330
327
102
}
330
327
100
AcDbXrecord
280
     1
102
RTVSPost2010Prop28
280
     0
102
RTVSPost2010PropOp28
 70
     1
102
RTVSPost2010Prop29
280
     1
102
RTVSPost2010PropOp29
 70
     1
102
RTVSPost2010Prop30
280
     1
102
RTVSPost2010PropOp30
 70
     1
102
RTVSPost2010Prop31
280
     0
102
RTVSPost2010PropOp31
 70
     1
102
RTVSPost2010Prop32
280
     0
102
RTVSPost2010PropOp32
 70
     1
102
RTVSPost2010Prop33
280
     0
102
RTVSPost2010PropOp33
 70
     1
102
RTVSPost2010Prop34
280
     0
102
RTVSPost2010PropOp34
 70
     1
102
RTVSPost2010Prop35
280
     0
102
RTVSPost2010PropOp35
 70
     1
102
RTVSPost2010Prop36
280
     0
102
RTVSPost2010PropOp36
 70
     1
102
RTVSPost2010Prop37
 90
       50
102
RTVSPost2010PropOp37
 70
     1
102
RTVSPost2010Prop38
140
0.0
102
RTVSPost2010PropOp38
 70
     1
102
RTVSPost2010Prop39
140
1.0
102
RTVSPost2010PropOp39
 70
     1
102
RTVSPost2010Prop40
 90
        0
102
RTVSPost2010PropOp40
 70
     1
102
RTVSPost2010Prop41ColorIndex
 90
       18
102
RTVSPost2010Prop41ColorRGB
 90
        0
102
RTVSPost2010PropOp41
 70
     1
102
RTVSPost2010Prop42
 90
       50
102
RTVSPost2010PropOp42
 70
     1
102
RTVSPost2010Prop43
 90
        3
102
RTVSPost2010PropOp43
 70
     1
102
RTVSPost2010Prop44ColorIndex
 90
        5
102
RTVSPost2010Prop44ColorRGB
 90
      255
102
RTVSPost2010PropOp44
 70
     1
102
RTVSPost2010Prop45
280
     0
102
RTVSPost2010PropOp45
 70
     1
102
RTVSPost2010Prop46
 90
       50
102
RTVSPost2010PropOp46
 70
     1
102
RTVSPost2010Prop47
 90
       50
102
RTVSPost2010PropOp47
 70
     1
102
RTVSPost2010Prop48
 90
       50
102
RTVSPost2010PropOp48
 70
     1
102
RTVSPost2010Prop49
280
     0
102
RTVSPost2010PropOp49
 70
     1
102
RTVSPost2010Prop50
 90
       50
102
RTVSPost2010PropOp50
 70
     1
102
RTVSPost2010Prop51ColorIndex
 90
      256
102
RTVSPost2010Prop51ColorRGB
 90
-16777216
102
RTVSPost2010PropOp51
 70
     0
102
RTVSPost2010Prop52
140
1.0
102
RTVSPost2010PropOp52
 70
     0
102
RTVSPost2010Prop53
 90
        2
102
RTVSPost2010PropOp53
 70
     1
102
RTVSPost2010Prop54
  1
strokes_ogs.tif
102
RTVSPost2010PropOp54
 70
     1
102
RTVSPost2010Prop55
280
     0
102
RTVSPost2010PropOp55
 70
     1
102
RTVSPost2010Prop56
140
1.0
102
RTVSPost2010PropOp56
 70
     1
102
RTVSPost2010Prop57
140
1.0
102
RTVSPost2010PropOp57
 70
     1
  0
XRECORD
  5
330
102
{ACAD_REACTORS
330
32F
102
}
330
32F
100
AcDbXrecord
280
     1
102
RTVSPost2010Prop28
280
     0
102
RTVSPost2010PropOp28
 70
     0
102
RTVSPost2010Prop29
280
     1
102
RTVSPost2010PropOp29
 70
     0
102
RTVSPost2010Prop30
280
     1
102
RTVSPost2010PropOp30
 70
     0
102
RTVSPost2010Prop31
280
     0
102
RTVSPost2010PropOp31
 70
     0
102
RTVSPost2010Prop32
280
     0
102
RTVSPost2010PropOp32
 70
     0
102
RTVSPost2010Prop33
280
     0
102
RTVSPost2010PropOp33
 70
     0
102
RTVSPost2010Prop34
280
     0
102
RTVSPost2010PropOp34
 70
     0
102
RTVSPost2010Prop35
280
     0
102
RTVSPost2010PropOp35
 70
     0
102
RTVSPost2010Prop36
280
     0
102
RTVSPost2010PropOp36
 70
     0
102
RTVSPost2010Prop37
 90
       50
102
RTVSPost2010PropOp37
 70
     0
102
RTVSPost2010Prop38
140
0.0
102
RTVSPost2010PropOp38
 70
     0
102
RTVSPost2010Prop39
140
1.0
102
RTVSPost2010PropOp39
 70
     0
102
RTVSPost2010Prop40
 90
        0
102
RTVSPost2010PropOp40
 70
     0
102
RTVSPost2010Prop41ColorIndex
 90
       18
102
RTVSPost2010Prop41ColorRGB
 90
        0
102
RTVSPost2010PropOp41
 70
     0
102
RTVSPost2010Prop42
 90
       50
102
RTVSPost2010PropOp42
 70
     0
102
RTVSPost2010Prop43
 90
        3
102
RTVSPost2010PropOp43
 70
     0
102
RTVSPost2010Prop44ColorIndex
 90
        5
102
RTVSPost2010Prop44ColorRGB
 90
      255
102
RTVSPost2010PropOp44
 70
     0
102
RTVSPost2010Prop45
280
     0
102
RTVSPost2010PropOp45
 70
     0
102
RTVSPost2010Prop46
 90
       50
102
RTVSPost2010PropOp46
 70
     0
102
RTVSPost2010Prop47
 90
       50
102
RTVSPost2010PropOp47
 70
     0
102
RTVSPost2010Prop48
 90
       50
102
RTVSPost2010PropOp48
 70
     0
102
RTVSPost2010Prop49
280
     0
102
RTVSPost2010PropOp49
 70
     0
102
RTVSPost2010Prop50
 90
       50
102
RTVSPost2010PropOp50
 70
     0
102
RTVSPost2010Prop51ColorIndex
 90
      256
102
RTVSPost2010Prop51ColorRGB
 90
-16777216
102
RTVSPost2010PropOp51
 70
     0
102
RTVSPost2010Prop52
140
1.0
102
RTVSPost2010PropOp52
 70
     0
102
RTVSPost2010Prop53
 90
        2
102
RTVSPost2010PropOp53
 70
     0
102
RTVSPost2010Prop54
  1
strokes_ogs.tif
102
RTVSPost2010PropOp54
 70
     0
102
RTVSPost2010Prop55
280
     0
102
RTVSPost2010PropOp55
 70
     0
102
RTVSPost2010Prop56
140
1.0
102
RTVSPost2010PropOp56
 70
     0
102
RTVSPost2010Prop57
140
1.0
102
RTVSPost2010PropOp57
 70
     0
  0
XRECORD
  5
31E
102
{ACAD_REACTORS
330
31D
102
}
330
31D
100
AcDbXrecord
280
     1
102
RTVSPost2010Prop28
280
     0
102
RTVSPost2010PropOp28
 70
     1
102
RTVSPost2010Prop29
280
     1
102
RTVSPost2010PropOp29
 70
     1
102
RTVSPost2010Prop30
280
     1
102
RTVSPost2010PropOp30
 70
     1
102
RTVSPost2010Prop31
280
     0
102
RTVSPost2010PropOp31
 70
     1
102
RTVSPost2010Prop32
280
     0
102
RTVSPost2010PropOp32
 70
     1
102
RTVSPost2010Prop33
280
     0
102
RTVSPost2010PropOp33
 70
     1
102
RTVSPost2010Prop34
280
     0
102
RTVSPost2010PropOp34
 70
     1
102
RTVSPost2010Prop35
280
     0
102
RTVSPost2010PropOp35
 70
     1
102
RTVSPost2010Prop36
280
     0
102
RTVSPost2010PropOp36
 70
     1
102
RTVSPost2010Prop37
 90
       50
102
RTVSPost2010PropOp37
 70
     1
102
RTVSPost2010Prop38
140
0.0
102
RTVSPost2010PropOp38
 70
     1
102
RTVSPost2010Prop39
140
1.0
102
RTVSPost2010PropOp39
 70
     1
102
RTVSPost2010Prop40
 90
        0
102
RTVSPost2010PropOp40
 70
     1
102
RTVSPost2010Prop41ColorIndex
 90
       18
102
RTVSPost2010Prop41ColorRGB
 90
        0
102
RTVSPost2010PropOp41
 70
     1
102
RTVSPost2010Prop42
 90
       50
102
RTVSPost2010PropOp42
 70
     1
102
RTVSPost2010Prop43
 90
        3
102
RTVSPost2010PropOp43
 70
     1
102
RTVSPost2010Prop44ColorIndex
 90
        5
102
RTVSPost2010Prop44ColorRGB
 90
      255
102
RTVSPost2010PropOp44
 70
     1
102
RTVSPost2010Prop45
280
     0
102
RTVSPost2010PropOp45
 70
     1
102
RTVSPost2010Prop46
 90
       50
102
RTVSPost2010PropOp46
 70
     1
102
RTVSPost2010Prop47
 90
       50
102
RTVSPost2010PropOp47
 70
     1
102
RTVSPost2010Prop48
 90
       50
102
RTVSPost2010PropOp48
 70
     1
102
RTVSPost2010Prop49
280
     0
102
RTVSPost2010PropOp49
 70
     1
102
RTVSPost2010Prop50
 90
       50
102
RTVSPost2010PropOp50
 70
     1
102
RTVSPost2010Prop51ColorIndex
 90
      256
102
RTVSPost2010Prop51ColorRGB
 90
-16777216
102
RTVSPost2010PropOp51
 70
     0
102
RTVSPost2010Prop52
140
1.0
102
RTVSPost2010PropOp52
 70
     0
102
RTVSPost2010Prop53
 90
        2
102
RTVSPost2010PropOp53
 70
     1
102
RTVSPost2010Prop54
  1
strokes_ogs.tif
102
RTVSPost2010PropOp54
 70
     1
102
RTVSPost2010Prop55
280
     0
102
RTVSPost2010PropOp55
 70
     1
102
RTVSPost2010Prop56
140
1.0
102
RTVSPost2010PropOp56
 70
     1
102
RTVSPost2010Prop57
140
1.0
102
RTVSPost2010PropOp57
 70
     1
  0
XRECORD
  5
33C
102
{ACAD_REACTORS
330
33B
102
}
330
33B
100
AcDbXrecord
280
     1
102
RTVSPost2010Prop28
280
     0
102
RTVSPost2010PropOp28
 70
     1
102
RTVSPost2010Prop29
280
     1
102
RTVSPost2010PropOp29
 70
     1
102
RTVSPost2010Prop30
280
     1
102
RTVSPost2010PropOp30
 70
     1
102
RTVSPost2010Prop31
280
     0
102
RTVSPost2010PropOp31
 70
     1
102
RTVSPost2010Prop32
280
     0
102
RTVSPost2010PropOp32
 70
     1
102
RTVSPost2010Prop33
280
     0
102
RTVSPost2010PropOp33
 70
     1
102
RTVSPost2010Prop34
280
     0
102
RTVSPost2010PropOp34
 70
     1
102
RTVSPost2010Prop35
280
     0
102
RTVSPost2010PropOp35
 70
     1
102
RTVSPost2010Prop36
280
     0
102
RTVSPost2010PropOp36
 70
     1
102
RTVSPost2010Prop37
 90
       50
102
RTVSPost2010PropOp37
 70
     1
102
RTVSPost2010Prop38
140
0.0
102
RTVSPost2010PropOp38
 70
     1
102
RTVSPost2010Prop39
140
1.0
102
RTVSPost2010PropOp39
 70
     1
102
RTVSPost2010Prop40
 90
        0
102
RTVSPost2010PropOp40
 70
     1
102
RTVSPost2010Prop41ColorIndex
 90
       18
102
RTVSPost2010Prop41ColorRGB
 90
        0
102
RTVSPost2010PropOp41
 70
     1
102
RTVSPost2010Prop42
 90
       50
102
RTVSPost2010PropOp42
 70
     1
102
RTVSPost2010Prop43
 90
        3
102
RTVSPost2010PropOp43
 70
     1
102
RTVSPost2010Prop44ColorIndex
 90
        5
102
RTVSPost2010Prop44ColorRGB
 90
      255
102
RTVSPost2010PropOp44
 70
     1
102
RTVSPost2010Prop45
280
     0
102
RTVSPost2010PropOp45
 70
     1
102
RTVSPost2010Prop46
 90
       50
102
RTVSPost2010PropOp46
 70
     1
102
RTVSPost2010Prop47
 90
       50
102
RTVSPost2010PropOp47
 70
     1
102
RTVSPost2010Prop48
 90
       50
102
RTVSPost2010PropOp48
 70
     1
102
RTVSPost2010Prop49
280
     0
102
RTVSPost2010PropOp49
 70
     1
102
RTVSPost2010Prop50
 90
       50
102
RTVSPost2010PropOp50
 70
     1
102
RTVSPost2010Prop51ColorIndex
 90
      256
102
RTVSPost2010Prop51ColorRGB
 90
-16777216
102
RTVSPost2010PropOp51
 70
     0
102
RTVSPost2010Prop52
140
1.0
102
RTVSPost2010PropOp52
 70
     0
102
RTVSPost2010Prop53
 90
        2
102
RTVSPost2010PropOp53
 70
     1
102
RTVSPost2010Prop54
  1
strokes_ogs.tif
102
RTVSPost2010PropOp54
 70
     1
102
RTVSPost2010Prop55
280
     0
102
RTVSPost2010PropOp55
 70
     1
102
RTVSPost2010Prop56
140
1.0
102
RTVSPost2010PropOp56
 70
     1
102
RTVSPost2010Prop57
140
1.0
102
RTVSPost2010PropOp57
 70
     1
  0
XRECORD
  5
33A
102
{ACAD_REACTORS
330
339
102
}
330
339
100
AcDbXrecord
280
     1
102
RTVSPost2010Prop28
280
     0
102
RTVSPost2010PropOp28
 70
     1
102
RTVSPost2010Prop29
280
     1
102
RTVSPost2010PropOp29
 70
     1
102
RTVSPost2010Prop30
280
     1
102
RTVSPost2010PropOp30
 70
     1
102
RTVSPost2010Prop31
280
     0
102
RTVSPost2010PropOp31
 70
     1
102
RTVSPost2010Prop32
280
     0
102
RTVSPost2010PropOp32
 70
     1
102
RTVSPost2010Prop33
280
     0
102
RTVSPost2010PropOp33
 70
     1
102
RTVSPost2010Prop34
280
     0
102
RTVSPost2010PropOp34
 70
     1
102
RTVSPost2010Prop35
280
     0
102
RTVSPost2010PropOp35
 70
     1
102
RTVSPost2010Prop36
280
     0
102
RTVSPost2010PropOp36
 70
     1
102
RTVSPost2010Prop37
 90
       50
102
RTVSPost2010PropOp37
 70
     1
102
RTVSPost2010Prop38
140
0.0
102
RTVSPost2010PropOp38
 70
     1
102
RTVSPost2010Prop39
140
1.0
102
RTVSPost2010PropOp39
 70
     1
102
RTVSPost2010Prop40
 90
        0
102
RTVSPost2010PropOp40
 70
     1
102
RTVSPost2010Prop41ColorIndex
 90
       18
102
RTVSPost2010Prop41ColorRGB
 90
        0
102
RTVSPost2010PropOp41
 70
     1
102
RTVSPost2010Prop42
 90
       50
102
RTVSPost2010PropOp42
 70
     1
102
RTVSPost2010Prop43
 90
        3
102
RTVSPost2010PropOp43
 70
     1
102
RTVSPost2010Prop44ColorIndex
 90
        5
102
RTVSPost2010Prop44ColorRGB
 90
      255
102
RTVSPost2010PropOp44
 70
     1
102
RTVSPost2010Prop45
280
     0
102
RTVSPost2010PropOp45
 70
     1
102
RTVSPost2010Prop46
 90
       50
102
RTVSPost2010PropOp46
 70
     1
102
RTVSPost2010Prop47
 90
       50
102
RTVSPost2010PropOp47
 70
     1
102
RTVSPost2010Prop48
 90
       50
102
RTVSPost2010PropOp48
 70
     1
102
RTVSPost2010Prop49
280
     0
102
RTVSPost2010PropOp49
 70
     1
102
RTVSPost2010Prop50
 90
       50
102
RTVSPost2010PropOp50
 70
     1
102
RTVSPost2010Prop51ColorIndex
 90
      256
102
RTVSPost2010Prop51ColorRGB
 90
-16777216
102
RTVSPost2010PropOp51
 70
     0
102
RTVSPost2010Prop52
140
1.0
102
RTVSPost2010PropOp52
 70
     0
102
RTVSPost2010Prop53
 90
        2
102
RTVSPost2010PropOp53
 70
     1
102
RTVSPost2010Prop54
  1
strokes_ogs.tif
102
RTVSPost2010PropOp54
 70
     1
102
RTVSPost2010Prop55
280
     0
102
RTVSPost2010PropOp55
 70
     1
102
RTVSPost2010Prop56
140
1.0
102
RTVSPost2010PropOp56
 70
     1
102
RTVSPost2010Prop57
140
1.0
102
RTVSPost2010PropOp57
 70
     1
  0
XRECORD
  5
334
102
{ACAD_REACTORS
330
333
102
}
330
333
100
AcDbXrecord
280
     1
102
RTVSPost2010Prop28
280
     0
102
RTVSPost2010PropOp28
 70
     1
102
RTVSPost2010Prop29
280
     1
102
RTVSPost2010PropOp29
 70
     1
102
RTVSPost2010Prop30
280
     1
102
RTVSPost2010PropOp30
 70
     1
102
RTVSPost2010Prop31
280
     0
102
RTVSPost2010PropOp31
 70
     1
102
RTVSPost2010Prop32
280
     0
102
RTVSPost2010PropOp32
 70
     1
102
RTVSPost2010Prop33
280
     0
102
RTVSPost2010PropOp33
 70
     1
102
RTVSPost2010Prop34
280
     0
102
RTVSPost2010PropOp34
 70
     1
102
RTVSPost2010Prop35
280
     0
102
RTVSPost2010PropOp35
 70
     1
102
RTVSPost2010Prop36
280
     0
102
RTVSPost2010PropOp36
 70
     1
102
RTVSPost2010Prop37
 90
       50
102
RTVSPost2010PropOp37
 70
     1
102
RTVSPost2010Prop38
140
0.0
102
RTVSPost2010PropOp38
 70
     1
102
RTVSPost2010Prop39
140
1.0
102
RTVSPost2010PropOp39
 70
     1
102
RTVSPost2010Prop40
 90
        0
102
RTVSPost2010PropOp40
 70
     1
102
RTVSPost2010Prop41ColorIndex
 90
       18
102
RTVSPost2010Prop41ColorRGB
 90
        0
102
RTVSPost2010PropOp41
 70
     1
102
RTVSPost2010Prop42
 90
       50
102
RTVSPost2010PropOp42
 70
     1
102
RTVSPost2010Prop43
 90
        3
102
RTVSPost2010PropOp43
 70
     1
102
RTVSPost2010Prop44ColorIndex
 90
        5
102
RTVSPost2010Prop44ColorRGB
 90
      255
102
RTVSPost2010PropOp44
 70
     1
102
RTVSPost2010Prop45
280
     0
102
RTVSPost2010PropOp45
 70
     1
102
RTVSPost2010Prop46
 90
       50
102
RTVSPost2010PropOp46
 70
     1
102
RTVSPost2010Prop47
 90
       50
102
RTVSPost2010PropOp47
 70
     1
102
RTVSPost2010Prop48
 90
       50
102
RTVSPost2010PropOp48
 70
     1
102
RTVSPost2010Prop49
280
     0
102
RTVSPost2010PropOp49
 70
     1
102
RTVSPost2010Prop50
 90
       50
102
RTVSPost2010PropOp50
 70
     1
102
RTVSPost2010Prop51ColorIndex
 90
      256
102
RTVSPost2010Prop51ColorRGB
 90
-16777216
102
RTVSPost2010PropOp51
 70
     0
102
RTVSPost2010Prop52
140
1.0
102
RTVSPost2010PropOp52
 70
     0
102
RTVSPost2010Prop53
 90
        2
102
RTVSPost2010PropOp53
 70
     1
102
RTVSPost2010Prop54
  1
strokes_ogs.tif
102
RTVSPost2010PropOp54
 70
     1
102
RTVSPost2010Prop55
280
     0
102
RTVSPost2010PropOp55
 70
     1
102
RTVSPost2010Prop56
140
1.0
102
RTVSPost2010PropOp56
 70
     1
102
RTVSPost2010Prop57
140
1.0
102
RTVSPost2010PropOp57
 70
     1
  0
XRECORD
  5
336
102
{ACAD_REACTORS
330
335
102
}
330
335
100
AcDbXrecord
280
     1
102
RTVSPost2010Prop28
280
     0
102
RTVSPost2010PropOp28
 70
     1
102
RTVSPost2010Prop29
280
     1
102
RTVSPost2010PropOp29
 70
     1
102
RTVSPost2010Prop30
280
     1
102
RTVSPost2010PropOp30
 70
     1
102
RTVSPost2010Prop31
280
     0
102
RTVSPost2010PropOp31
 70
     1
102
RTVSPost2010Prop32
280
     0
102
RTVSPost2010PropOp32
 70
     1
102
RTVSPost2010Prop33
280
     0
102
RTVSPost2010PropOp33
 70
     1
102
RTVSPost2010Prop34
280
     0
102
RTVSPost2010PropOp34
 70
     1
102
RTVSPost2010Prop35
280
     0
102
RTVSPost2010PropOp35
 70
     1
102
RTVSPost2010Prop36
280
     0
102
RTVSPost2010PropOp36
 70
     1
102
RTVSPost2010Prop37
 90
       50
102
RTVSPost2010PropOp37
 70
     1
102
RTVSPost2010Prop38
140
0.0
102
RTVSPost2010PropOp38
 70
     1
102
RTVSPost2010Prop39
140
1.0
102
RTVSPost2010PropOp39
 70
     1
102
RTVSPost2010Prop40
 90
        0
102
RTVSPost2010PropOp40
 70
     1
102
RTVSPost2010Prop41ColorIndex
 90
       18
102
RTVSPost2010Prop41ColorRGB
 90
        0
102
RTVSPost2010PropOp41
 70
     1
102
RTVSPost2010Prop42
 90
       50
102
RTVSPost2010PropOp42
 70
     1
102
RTVSPost2010Prop43
 90
        3
102
RTVSPost2010PropOp43
 70
     1
102
RTVSPost2010Prop44ColorIndex
 90
        5
102
RTVSPost2010Prop44ColorRGB
 90
      255
102
RTVSPost2010PropOp44
 70
     1
102
RTVSPost2010Prop45
280
     0
102
RTVSPost2010PropOp45
 70
     1
102
RTVSPost2010Prop46
 90
       50
102
RTVSPost2010PropOp46
 70
     1
102
RTVSPost2010Prop47
 90
       50
102
RTVSPost2010PropOp47
 70
     1
102
RTVSPost2010Prop48
 90
       50
102
RTVSPost2010PropOp48
 70
     1
102
RTVSPost2010Prop49
280
     0
102
RTVSPost2010PropOp49
 70
     1
102
RTVSPost2010Prop50
 90
       50
102
RTVSPost2010PropOp50
 70
     1
102
RTVSPost2010Prop51ColorIndex
 90
      256
102
RTVSPost2010Prop51ColorRGB
 90
-16777216
102
RTVSPost2010PropOp51
 70
     0
102
RTVSPost2010Prop52
140
1.0
102
RTVSPost2010PropOp52
 70
     0
102
RTVSPost2010Prop53
 90
        2
102
RTVSPost2010PropOp53
 70
     1
102
RTVSPost2010Prop54
  1
strokes_ogs.tif
102
RTVSPost2010PropOp54
 70
     1
102
RTVSPost2010Prop55
280
     0
102
RTVSPost2010PropOp55
 70
     1
102
RTVSPost2010Prop56
140
1.0
102
RTVSPost2010PropOp56
 70
     1
102
RTVSPost2010Prop57
140
1.0
102
RTVSPost2010PropOp57
 70
     1
  0
XRECORD
  5
326
102
{ACAD_REACTORS
330
325
102
}
330
325
100
AcDbXrecord
280
     1
102
RTVSPost2010Prop28
280
     0
102
RTVSPost2010PropOp28
 70
     1
102
RTVSPost2010Prop29
280
     1
102
RTVSPost2010PropOp29
 70
     1
102
RTVSPost2010Prop30
280
     1
102
RTVSPost2010PropOp30
 70
     1
102
RTVSPost2010Prop31
280
     0
102
RTVSPost2010PropOp31
 70
     1
102
RTVSPost2010Prop32
280
     0
102
RTVSPost2010PropOp32
 70
     1
102
RTVSPost2010Prop33
280
     0
102
RTVSPost2010PropOp33
 70
     1
102
RTVSPost2010Prop34
280
     0
102
RTVSPost2010PropOp34
 70
     1
102
RTVSPost2010Prop35
280
     0
102
RTVSPost2010PropOp35
 70
     1
102
RTVSPost2010Prop36
280
     0
102
RTVSPost2010PropOp36
 70
     1
102
RTVSPost2010Prop37
 90
       50
102
RTVSPost2010PropOp37
 70
     1
102
RTVSPost2010Prop38
140
0.0
102
RTVSPost2010PropOp38
 70
     1
102
RTVSPost2010Prop39
140
1.0
102
RTVSPost2010PropOp39
 70
     1
102
RTVSPost2010Prop40
 90
        0
102
RTVSPost2010PropOp40
 70
     1
102
RTVSPost2010Prop41ColorIndex
 90
       18
102
RTVSPost2010Prop41ColorRGB
 90
        0
102
RTVSPost2010PropOp41
 70
     1
102
RTVSPost2010Prop42
 90
       50
102
RTVSPost2010PropOp42
 70
     1
102
RTVSPost2010Prop43
 90
        3
102
RTVSPost2010PropOp43
 70
     1
102
RTVSPost2010Prop44ColorIndex
 90
        5
102
RTVSPost2010Prop44ColorRGB
 90
      255
102
RTVSPost2010PropOp44
 70
     1
102
RTVSPost2010Prop45
280
     0
102
RTVSPost2010PropOp45
 70
     1
102
RTVSPost2010Prop46
 90
       50
102
RTVSPost2010PropOp46
 70
     1
102
RTVSPost2010Prop47
 90
       50
102
RTVSPost2010PropOp47
 70
     1
102
RTVSPost2010Prop48
 90
       50
102
RTVSPost2010PropOp48
 70
     1
102
RTVSPost2010Prop49
280
     0
102
RTVSPost2010PropOp49
 70
     1
102
RTVSPost2010Prop50
 90
       50
102
RTVSPost2010PropOp50
 70
     1
102
RTVSPost2010Prop51ColorIndex
 90
      256
102
RTVSPost2010Prop51ColorRGB
 90
-16777216
102
RTVSPost2010PropOp51
 70
     0
102
RTVSPost2010Prop52
140
1.0
102
RTVSPost2010PropOp52
 70
     0
102
RTVSPost2010Prop53
 90
        2
102
RTVSPost2010PropOp53
 70
     1
102
RTVSPost2010Prop54
  1
strokes_ogs.tif
102
RTVSPost2010PropOp54
 70
     1
102
RTVSPost2010Prop55
280
     0
102
RTVSPost2010PropOp55
 70
     1
102
RTVSPost2010Prop56
140
1.0
102
RTVSPost2010PropOp56
 70
     1
102
RTVSPost2010Prop57
140
1.0
102
RTVSPost2010PropOp57
 70
     1
  0
XRECORD
  5
318
102
{ACAD_REACTORS
330
317
102
}
330
317
100
AcDbXrecord
280
     1
102
RTVSPost2010Prop28
280
     0
102
RTVSPost2010PropOp28
 70
     1
102
RTVSPost2010Prop29
280
     1
102
RTVSPost2010PropOp29
 70
     1
102
RTVSPost2010Prop30
280
     1
102
RTVSPost2010PropOp30
 70
     1
102
RTVSPost2010Prop31
280
     0
102
RTVSPost2010PropOp31
 70
     1
102
RTVSPost2010Prop32
280
     0
102
RTVSPost2010PropOp32
 70
     1
102
RTVSPost2010Prop33
280
     0
102
RTVSPost2010PropOp33
 70
     1
102
RTVSPost2010Prop34
280
     0
102
RTVSPost2010PropOp34
 70
     1
102
RTVSPost2010Prop35
280
     0
102
RTVSPost2010PropOp35
 70
     1
102
RTVSPost2010Prop36
280
     0
102
RTVSPost2010PropOp36
 70
     1
102
RTVSPost2010Prop37
 90
       50
102
RTVSPost2010PropOp37
 70
     1
102
RTVSPost2010Prop38
140
0.0
102
RTVSPost2010PropOp38
 70
     1
102
RTVSPost2010Prop39
140
1.0
102
RTVSPost2010PropOp39
 70
     1
102
RTVSPost2010Prop40
 90
        0
102
RTVSPost2010PropOp40
 70
     1
102
RTVSPost2010Prop41ColorIndex
 90
       18
102
RTVSPost2010Prop41ColorRGB
 90
        0
102
RTVSPost2010PropOp41
 70
     1
102
RTVSPost2010Prop42
 90
       50
102
RTVSPost2010PropOp42
 70
     1
102
RTVSPost2010Prop43
 90
        3
102
RTVSPost2010PropOp43
 70
     1
102
RTVSPost2010Prop44ColorIndex
 90
        5
102
RTVSPost2010Prop44ColorRGB
 90
      255
102
RTVSPost2010PropOp44
 70
     1
102
RTVSPost2010Prop45
280
     0
102
RTVSPost2010PropOp45
 70
     1
102
RTVSPost2010Prop46
 90
       50
102
RTVSPost2010PropOp46
 70
     1
102
RTVSPost2010Prop47
 90
       50
102
RTVSPost2010PropOp47
 70
     1
102
RTVSPost2010Prop48
 90
       50
102
RTVSPost2010PropOp48
 70
     1
102
RTVSPost2010Prop49
280
     0
102
RTVSPost2010PropOp49
 70
     1
102
RTVSPost2010Prop50
 90
       50
102
RTVSPost2010PropOp50
 70
     1
102
RTVSPost2010Prop51ColorIndex
 90
      256
102
RTVSPost2010Prop51ColorRGB
 90
-16777216
102
RTVSPost2010PropOp51
 70
     0
102
RTVSPost2010Prop52
140
1.0
102
RTVSPost2010PropOp52
 70
     0
102
RTVSPost2010Prop53
 90
        2
102
RTVSPost2010PropOp53
 70
     1
102
RTVSPost2010Prop54
  1
strokes_ogs.tif
102
RTVSPost2010PropOp54
 70
     1
102
RTVSPost2010Prop55
280
     0
102
RTVSPost2010PropOp55
 70
     1
102
RTVSPost2010Prop56
140
1.0
102
RTVSPost2010PropOp56
 70
     1
102
RTVSPost2010Prop57
140
1.0
102
RTVSPost2010PropOp57
 70
     1
  0
XRECORD
  5
338
102
{ACAD_REACTORS
330
337
102
}
330
337
100
AcDbXrecord
280
     1
102
RTVSPost2010Prop28
280
     0
102
RTVSPost2010PropOp28
 70
     1
102
RTVSPost2010Prop29
280
     1
102
RTVSPost2010PropOp29
 70
     1
102
RTVSPost2010Prop30
280
     1
102
RTVSPost2010PropOp30
 70
     1
102
RTVSPost2010Prop31
280
     0
102
RTVSPost2010PropOp31
 70
     1
102
RTVSPost2010Prop32
280
     0
102
RTVSPost2010PropOp32
 70
     1
102
RTVSPost2010Prop33
280
     0
102
RTVSPost2010PropOp33
 70
     1
102
RTVSPost2010Prop34
280
     0
102
RTVSPost2010PropOp34
 70
     1
102
RTVSPost2010Prop35
280
     0
102
RTVSPost2010PropOp35
 70
     1
102
RTVSPost2010Prop36
280
     0
102
RTVSPost2010PropOp36
 70
     1
102
RTVSPost2010Prop37
 90
       50
102
RTVSPost2010PropOp37
 70
     1
102
RTVSPost2010Prop38
140
0.0
102
RTVSPost2010PropOp38
 70
     1
102
RTVSPost2010Prop39
140
1.0
102
RTVSPost2010PropOp39
 70
     1
102
RTVSPost2010Prop40
 90
        0
102
RTVSPost2010PropOp40
 70
     1
102
RTVSPost2010Prop41ColorIndex
 90
       18
102
RTVSPost2010Prop41ColorRGB
 90
        0
102
RTVSPost2010PropOp41
 70
     1
102
RTVSPost2010Prop42
 90
       50
102
RTVSPost2010PropOp42
 70
     1
102
RTVSPost2010Prop43
 90
        3
102
RTVSPost2010PropOp43
 70
     1
102
RTVSPost2010Prop44ColorIndex
 90
        5
102
RTVSPost2010Prop44ColorRGB
 90
      255
102
RTVSPost2010PropOp44
 70
     1
102
RTVSPost2010Prop45
280
     0
102
RTVSPost2010PropOp45
 70
     1
102
RTVSPost2010Prop46
 90
       50
102
RTVSPost2010PropOp46
 70
     1
102
RTVSPost2010Prop47
 90
       50
102
RTVSPost2010PropOp47
 70
     1
102
RTVSPost2010Prop48
 90
       50
102
RTVSPost2010PropOp48
 70
     1
102
RTVSPost2010Prop49
280
     0
102
RTVSPost2010PropOp49
 70
     1
102
RTVSPost2010Prop50
 90
       50
102
RTVSPost2010PropOp50
 70
     1
102
RTVSPost2010Prop51ColorIndex
 90
      256
102
RTVSPost2010Prop51ColorRGB
 90
-16777216
102
RTVSPost2010PropOp51
 70
     0
102
RTVSPost2010Prop52
140
1.0
102
RTVSPost2010PropOp52
 70
     0
102
RTVSPost2010Prop53
 90
        2
102
RTVSPost2010PropOp53
 70
     1
102
RTVSPost2010Prop54
  1
strokes_ogs.tif
102
RTVSPost2010PropOp54
 70
     1
102
RTVSPost2010Prop55
280
     0
102
RTVSPost2010PropOp55
 70
     1
102
RTVSPost2010Prop56
140
1.0
102
RTVSPost2010PropOp56
 70
     1
102
RTVSPost2010Prop57
140
1.0
102
RTVSPost2010PropOp57
 70
     1
  0
ENDSEC
  0
EOF
