  0
SECTION
  2
HEADER
  9
$ACADVER
  1
AC1024
  9
$ACADMAINTVER
 70
     6
  9
$DWGCODEPAGE
  3
ANSI_1252
  9
$INSBASE
 10
0.0
 20
0.0
 30
0.0
  9
$EXTMIN
 10
-222.896532985446
 20
84.774188225684
 30
0.0
  9
$EXTMAX
 10
849.721576985447
 20
502.504705260632
 30
0.0
  9
$LIMMIN
 10
0.0
 20
0.0
  9
$LIMMAX
 10
420.0
 20
297.0
  9
$ORTHOMODE
 70
     0
  9
$REGENMODE
 70
     1
  9
$FILLMODE
 70
     1
  9
$QTEXTMODE
 70
     0
  9
$MIRRTEXT
 70
     1
  9
$LTSCALE
 40
5.0
  9
$ATTMODE
 70
     1
  9
$TEXTSIZE
 40
2.5
  9
$TRACEWID
 40
1.0
  9
$TEXTSTYLE
  7
Standard
  9
$CLAYER
  8
0
  9
$CELTYPE
  6
ByLayer
  9
$CECOLOR
 62
   256
  9
$CELTSCALE
 40
1.0
  9
$DISPSILH
 70
     0
  9
$DIMSCALE
 40
1.0
  9
$DIMASZ
 40
2.5
  9
$DIMEXO
 40
0.625
  9
$DIMDLI
 40
3.75
  9
$DIMRND
 40
0.0
  9
$DIMDLE
 40
0.0
  9
$DIMEXE
 40
1.25
  9
$DIMTP
 40
0.0
  9
$DIMTM
 40
0.0
  9
$DIMTXT
 40
2.5
  9
$DIMCEN
 40
2.5
  9
$DIMTSZ
 40
0.0
  9
$DIMTOL
 70
     0
  9
$DIMLIM
 70
     0
  9
$DIMTIH
 70
     0
  9
$DIMTOH
 70
     0
  9
$DIMSE1
 70
     0
  9
$DIMSE2
 70
     0
  9
$DIMTAD
 70
     1
  9
$DIMZIN
 70
     8
  9
$DIMBLK
  1

  9
$DIMASO
 70
     1
  9
$DIMSHO
 70
     1
  9
$DIMPOST
  1

  9
$DIMAPOST
  1

  9
$DIMALT
 70
     0
  9
$DIMALTD
 70
     3
  9
$DIMALTF
 40
0.03937007874
  9
$DIMLFAC
 40
1.0
  9
$DIMTOFL
 70
     1
  9
$DIMTVP
 40
0.0
  9
$DIMTIX
 70
     0
  9
$DIMSOXD
 70
     0
  9
$DIMSAH
 70
     0
  9
$DIMBLK1
  1

  9
$DIMBLK2
  1

  9
$DIMSTYLE
  2
ISO-25
  9
$DIMCLRD
 70
     0
  9
$DIMCLRE
 70
     0
  9
$DIMCLRT
 70
     0
  9
$DIMTFAC
 40
1.0
  9
$DIMGAP
 40
0.625
  9
$DIMJUST
 70
     0
  9
$DIMSD1
 70
     0
  9
$DIMSD2
 70
     0
  9
$DIMTOLJ
 70
     0
  9
$DIMTZIN
 70
     8
  9
$DIMALTZ
 70
     0
  9
$DIMALTTZ
 70
     0
  9
$DIMUPT
 70
     0
  9
$DIMDEC
 70
     2
  9
$DIMTDEC
 70
     2
  9
$DIMALTU
 70
     2
  9
$DIMALTTD
 70
     3
  9
$DIMTXSTY
  7
Standard
  9
$DIMAUNIT
 70
     0
  9
$DIMADEC
 70
     0
  9
$DIMALTRND
 40
0.0
  9
$DIMAZIN
 70
     0
  9
$DIMDSEP
 70
    44
  9
$DIMATFIT
 70
     3
  9
$DIMFRAC
 70
     0
  9
$DIMLDRBLK
  1

  9
$DIMLUNIT
 70
     2
  9
$DIMLWD
 70
    -2
  9
$DIMLWE
 70
    -2
  9
$DIMTMOVE
 70
     0
  9
$DIMFXL
 40
1.0
  9
$DIMFXLON
 70
     0
  9
$DIMJOGANG
 40
0.785398163397
  9
$DIMTFILL
 70
     0
  9
$DIMTFILLCLR
 70
     0
  9
$DIMARCSYM
 70
     0
  9
$DIMLTYPE
  6

  9
$DIMLTEX1
  6

  9
$DIMLTEX2
  6

  9
$DIMTXTDIRECTION
 70
     0
  9
$LUNITS
 70
     2
  9
$LUPREC
 70
     4
  9
$SKETCHINC
 40
1.0
  9
$FILLETRAD
 40
10.0
  9
$AUNITS
 70
     0
  9
$AUPREC
 70
     0
  9
$MENU
  1
.
  9
$ELEVATION
 40
0.0
  9
$PELEVATION
 40
0.0
  9
$THICKNESS
 40
0.0
  9
$LIMCHECK
 70
     0
  9
$CHAMFERA
 40
0.0
  9
$CHAMFERB
 40
0.0
  9
$CHAMFERC
 40
0.0
  9
$CHAMFERD
 40
0.0
  9
$SKPOLY
 70
     0
  9
$TDCREATE
 40
2459094.458573148
  9
$TDUCREATE
 40
2459094.375239815
  9
$TDUPDATE
 40
2459094.45858419
  9
$TDUUPDATE
 40
2459094.375250856
  9
$TDINDWG
 40
0.0000000116
  9
$TDUSRTIMER
 40
0.0000000116
  9
$USRTIMER
 70
     1
  9
$ANGBASE
 50
0.0
  9
$ANGDIR
 70
     0
  9
$PDMODE
 70
     2
  9
$PDSIZE
 40
1.0
  9
$PLINEWID
 40
0.0
  9
$SPLFRAME
 70
     0
  9
$SPLINETYPE
 70
     6
  9
$SPLINESEGS
 70
     8
  9
$HANDSEED
  5
463
  9
$SURFTAB1
 70
     6
  9
$SURFTAB2
 70
     6
  9
$SURFTYPE
 70
     6
  9
$SURFU
 70
     6
  9
$SURFV
 70
     6
  9
$UCSBASE
  2

  9
$UCSNAME
  2

  9
$UCSORG
 10
0.0
 20
0.0
 30
0.0
  9
$UCSXDIR
 10
1.0
 20
0.0
 30
0.0
  9
$UCSYDIR
 10
0.0
 20
1.0
 30
0.0
  9
$UCSORTHOREF
  2

  9
$UCSORTHOVIEW
 70
     0
  9
$UCSORGTOP
 10
0.0
 20
0.0
 30
0.0
  9
$UCSORGBOTTOM
 10
0.0
 20
0.0
 30
0.0
  9
$UCSORGLEFT
 10
0.0
 20
0.0
 30
0.0
  9
$UCSORGRIGHT
 10
0.0
 20
0.0
 30
0.0
  9
$UCSORGFRONT
 10
0.0
 20
0.0
 30
0.0
  9
$UCSORGBACK
 10
0.0
 20
0.0
 30
0.0
  9
$PUCSBASE
  2

  9
$PUCSNAME
  2

  9
$PUCSORG
 10
0.0
 20
0.0
 30
0.0
  9
$PUCSXDIR
 10
1.0
 20
0.0
 30
0.0
  9
$PUCSYDIR
 10
0.0
 20
1.0
 30
0.0
  9
$PUCSORTHOREF
  2

  9
$PUCSORTHOVIEW
 70
     0
  9
$PUCSORGTOP
 10
0.0
 20
0.0
 30
0.0
  9
$PUCSORGBOTTOM
 10
0.0
 20
0.0
 30
0.0
  9
$PUCSORGLEFT
 10
0.0
 20
0.0
 30
0.0
  9
$PUCSORGRIGHT
 10
0.0
 20
0.0
 30
0.0
  9
$PUCSORGFRONT
 10
0.0
 20
0.0
 30
0.0
  9
$PUCSORGBACK
 10
0.0
 20
0.0
 30
0.0
  9
$USERI1
 70
     0
  9
$USERI2
 70
     0
  9
$USERI3
 70
     0
  9
$USERI4
 70
     0
  9
$USERI5
 70
     0
  9
$USERR1
 40
0.0
  9
$USERR2
 40
0.0
  9
$USERR3
 40
0.0
  9
$USERR4
 40
0.0
  9
$USERR5
 40
0.0
  9
$WORLDVIEW
 70
     1
  9
$SHADEDGE
 70
     3
  9
$SHADEDIF
 70
    70
  9
$TILEMODE
 70
     1
  9
$MAXACTVP
 70
    64
  9
$PINSBASE
 10
0.0
 20
0.0
 30
0.0
  9
$PLIMCHECK
 70
     0
  9
$PEXTMIN
 10
1.000000000000E+20
 20
1.000000000000E+20
 30
1.000000000000E+20
  9
$PEXTMAX
 10
-1.000000000000E+20
 20
-1.000000000000E+20
 30
-1.000000000000E+20
  9
$PLIMMIN
 10
0.0
 20
0.0
  9
$PLIMMAX
 10
420.0
 20
297.0
  9
$UNITMODE
 70
     0
  9
$VISRETAIN
 70
     1
  9
$PLINEGEN
 70
     0
  9
$PSLTSCALE
 70
     1
  9
$TREEDEPTH
 70
  3020
  9
$CMLSTYLE
  2
Standard
  9
$CMLJUST
 70
     0
  9
$CMLSCALE
 40
20.0
  9
$PROXYGRAPHICS
 70
     1
  9
$MEASUREMENT
 70
     1
  9
$CELWEIGHT
370
    -1
  9
$ENDCAPS
280
     0
  9
$JOINSTYLE
280
     0
  9
$LWDISPLAY
290
     0
  9
$INSUNITS
 70
     4
  9
$HYPERLINKBASE
  1

  9
$STYLESHEET
  1

  9
$XEDIT
290
     1
  9
$CEPSNTYPE
380
     0
  9
$PSTYLEMODE
290
     1
  9
$FINGERPRINTGUID
  2
{ee87c85b-64b0-4c3a-bdca-f9761012eb82}
  9
$VERSIONGUID
  2
{FAEB1C32-E019-11D5-929B-00C0DF256EC4}
  9
$EXTNAMES
290
     1
  9
$PSVPSCALE
 40
0.0
  9
$OLESTARTUP
290
     0
  9
$SORTENTS
280
   127
  9
$INDEXCTL
280
     0
  9
$HIDETEXT
280
     1
  9
$XCLIPFRAME
280
     2
  9
$HALOGAP
280
     0
  9
$OBSCOLOR
 70
   257
  9
$OBSLTYPE
280
     0
  9
$INTERSECTIONDISPLAY
280
     0
  9
$INTERSECTIONCOLOR
 70
   257
  9
$DIMASSOC
280
     2
  9
$PROJECTNAME
  1

  9
$CAMERADISPLAY
290
     0
  9
$LENSLENGTH
 40
50.0
  9
$CAMERAHEIGHT
 40
0.0
  9
$STEPSPERSEC
 40
2.0
  9
$STEPSIZE
 40
6.0
  9
$3DDWFPREC
 40
2.0
  9
$PSOLWIDTH
 40
5.0
  9
$PSOLHEIGHT
 40
80.0
  9
$LOFTANG1
 40
1.570796326795
  9
$LOFTANG2
 40
1.570796326795
  9
$LOFTMAG1
 40
0.0
  9
$LOFTMAG2
 40
0.0
  9
$LOFTPARAM
 70
     7
  9
$LOFTNORMALS
280
     1
  9
$LATITUDE
 40
37.795
  9
$LONGITUDE
 40
-122.394
  9
$NORTHDIRECTION
 40
0.0
  9
$TIMEZONE
 70
 -8000
  9
$LIGHTGLYPHDISPLAY
280
     1
  9
$TILEMODELIGHTSYNCH
280
     1
  9
$CMATERIAL
347
44
  9
$SOLIDHIST
280
     0
  9
$SHOWHIST
280
     1
  9
$DWFFRAME
280
     2
  9
$DGNFRAME
280
     2
  9
$REALWORLDSCALE
290
     1
  9
$INTERFERECOLOR
 62
   256
  9
$CSHADOW
280
     0
  9
$SHADOWPLANELOCATION
 40
0.0
  0
ENDSEC
  0
SECTION
  2
CLASSES
  0
CLASS
  1
ACDBDICTIONARYWDFLT
  2
AcDbDictionaryWithDefault
  3
ObjectDBX Classes
 90
        0
 91
        3
280
     0
281
     0
  0
CLASS
  1
VISUALSTYLE
  2
AcDbVisualStyle
  3
ObjectDBX Classes
 90
     4095
 91
        3
280
     0
281
     0
  0
CLASS
  1
MATERIAL
  2
AcDbMaterial
  3
ObjectDBX Classes
 90
     1153
 91
        3
280
     0
281
     0
  0
CLASS
  1
SCALE
  2
AcDbScale
  3
ObjectDBX Classes
 90
     1153
 91
        3
280
     0
281
     0
  0
CLASS
  1
TABLESTYLE
  2
AcDbTableStyle
  3
ObjectDBX Classes
 90
     4095
 91
        3
280
     0
281
     0
  0
CLASS
  1
MLEADERSTYLE
  2
AcDbMLeaderStyle
  3
ACDB_MLEADERSTYLE_CLASS
 90
     4095
 91
        3
280
     0
281
     0
  0
CLASS
  1
SUN
  2
AcDbSun
  3
SCENEOE
 90
     1153
 91
        3
280
     0
281
     0
  0
CLASS
  1
WIPEOUT
  2
AcDbWipeout
  3
WipeOut|AutoCAD Express Tool|expresstools@autodesk.com
 90
      127
 91
        3
280
     0
281
     1
  0
CLASS
  1
DICTIONARYVAR
  2
AcDbDictionaryVar
  3
ObjectDBX Classes
 90
        0
 91
        3
280
     0
281
     0
  0
CLASS
  1
CELLSTYLEMAP
  2
AcDbCellStyleMap
  3
ObjectDBX Classes
 90
     1152
 91
        3
280
     0
281
     0
  0
CLASS
  1
WIPEOUTVARIABLES
  2
AcDbWipeoutVariables
  3
WipeOut|AutoCAD Express Tool|expresstools@autodesk.com
 90
        0
 91
        3
280
     0
281
     0
  0
ENDSEC
  0
SECTION
  2
TABLES
  0
TABLE
  2
VPORT
  5
8
330
0
100
AcDbSymbolTable
 70
     1
  0
VPORT
  5
29
330
8
100
AcDbSymbolTableRecord
100
AcDbViewportTableRecord
  2
*Active
 70
     0
 10
0.0
 20
0.0
 11
1.0
 21
1.0
 12
313.412522
 22
293.639446743158
 13
0.0
 23
0.0
 14
10.0
 24
10.0
 15
10.0
 25
10.0
 16
0.0
 26
0.0
 36
1.0
 17
0.0
 27
0.0
 37
0.0
 40
417.730517034948
 41
2.567727437259
 42
50.0
 43
0.0
 44
0.0
 50
0.0
 51
0.0
 71
     0
 72
   100
 73
     1
 74
     3
 75
     0
 76
     0
 77
     0
 78
     0
281
     0
 65
     1
110
0.0
120
0.0
130
0.0
111
1.0
121
0.0
131
0.0
112
0.0
122
1.0
132
0.0
 79
     0
146
0.0
348
2F
 60
     3
 61
     5
292
     1
282
     1
141
0.0
142
0.0
 63
   250
361
6D
  0
ENDTAB
  0
TABLE
  2
LTYPE
  5
5
330
0
100
AcDbSymbolTable
 70
     4
  0
LTYPE
  5
14
330
5
100
AcDbSymbolTableRecord
100
AcDbLinetypeTableRecord
  2
ByBlock
 70
     0
  3

 72
    65
 73
     0
 40
0.0
  0
LTYPE
  5
15
330
5
100
AcDbSymbolTableRecord
100
AcDbLinetypeTableRecord
  2
ByLayer
 70
     0
  3

 72
    65
 73
     0
 40
0.0
  0
LTYPE
  5
16
330
5
100
AcDbSymbolTableRecord
100
AcDbLinetypeTableRecord
  2
Continuous
 70
     0
  3
Solid line
 72
    65
 73
     0
 40
0.0
  0
LTYPE
  5
6E
330
5
100
AcDbSymbolTableRecord
100
AcDbLinetypeTableRecord
  2
AUSGEZOGEN
 70
     0
  3

 72
    65
 73
     0
 40
0.0
  0
LTYPE
  5
6F
330
5
100
AcDbSymbolTableRecord
100
AcDbLinetypeTableRecord
  2
DASHED
 70
     0
  3

 72
    65
 73
     2
 40
0.75
 49
0.5
 74
     0
 49
-0.25
 74
     0
  0
LTYPE
  5
70
330
5
100
AcDbSymbolTableRecord
100
AcDbLinetypeTableRecord
  2
DASHDOT
 70
     0
  3

 72
    65
 73
     4
 40
1.0
 49
0.5
 74
     0
 49
-0.25
 74
     0
 49
0.0
 74
     0
 49
-0.25
 74
     0
  0
ENDTAB
  0
TABLE
  2
LAYER
  5
2
330
0
100
AcDbSymbolTable
 70
     5
  0
LAYER
  5
10
330
2
100
AcDbSymbolTableRecord
100
AcDbLayerTableRecord
  2
0
 70
     0
 62
     7
  6
Continuous
370
    -3
390
F
347
46
  0
LAYER
  5
73
330
2
100
AcDbSymbolTableRecord
100
AcDbLayerTableRecord
  2
2
 70
     0
 62
     7
  6
Continuous
370
    -3
390
F
347
46
  0
LAYER
  5
74
330
2
100
AcDbSymbolTableRecord
100
AcDbLayerTableRecord
  2
5
 70
     0
 62
     3
420
    65280
  6
Continuous
370
    -3
390
F
347
46
  0
LAYER
  5
75
330
2
100
AcDbSymbolTableRecord
100
AcDbLayerTableRecord
  2
Layer4
 70
     0
 62
     3
420
    65280
  6
Continuous
370
    -3
390
F
347
46
  0
LAYER
  5
76
330
2
100
AcDbSymbolTableRecord
100
AcDbLayerTableRecord
  2
Layer5
 70
     0
 62
     4
420
    65535
  6
Continuous
370
    -3
390
F
347
46
  0
ENDTAB
  0
TABLE
  2
STYLE
  5
3
330
0
100
AcDbSymbolTable
 70
     3
  0
STYLE
  5
11
330
3
100
AcDbSymbolTableRecord
100
AcDbTextStyleTableRecord
  2
Standard
 70
     0
 40
0.0
 41
1.0
 50
0.0
 71
     0
 42
2.5
  3
txt
  4

  0
STYLE
  5
71
330
3
100
AcDbSymbolTableRecord
100
AcDbTextStyleTableRecord
  2
Arial
 70
     0
 40
0.0
 41
1.0
 50
0.0
 71
     0
 42
2.5
  3
arial.ttf
  4

1001
ACAD
1000
Arial
1071
       34
  0
STYLE
  5
72
330
3
100
AcDbSymbolTableRecord
100
AcDbTextStyleTableRecord
  2
Toleranzfont
 70
     0
 40
0.0
 41
1.0
 50
0.0
 71
     0
 42
2.5
  3
IGES1003.SHX
  4

  0
ENDTAB
  0
TABLE
  2
VIEW
  5
6
330
0
100
AcDbSymbolTable
 70
     0
  0
ENDTAB
  0
TABLE
  2
UCS
  5
7
330
0
100
AcDbSymbolTable
 70
     0
  0
ENDTAB
  0
TABLE
  2
APPID
  5
9
330
0
100
AcDbSymbolTable
 70
     1
  0
APPID
  5
12
330
9
100
AcDbSymbolTableRecord
100
AcDbRegAppTableRecord
  2
ACAD
 70
     0
  0
ENDTAB
  0
TABLE
  2
DIMSTYLE
  5
A
330
0
100
AcDbSymbolTable
 70
     1
100
AcDbDimStyleTable
  0
DIMSTYLE
105
27
102
{ACAD_REACTORS
330
250
330
425
102
}
330
A
100
AcDbSymbolTableRecord
100
AcDbDimStyleTableRecord
  2
ISO-25
 70
     0
 41
2.5
 42
0.625
 43
3.75
 44
1.25
 73
     0
 74
     0
 77
     1
 78
     8
140
2.5
141
2.5
143
0.03937007874
147
0.625
171
     3
172
     1
178
     0
271
     2
272
     2
274
     3
278
    44
283
     0
284
     8
340
11
  0
ENDTAB
  0
TABLE
  2
BLOCK_RECORD
  5
1
330
0
100
AcDbSymbolTable
 70
     7
  0
BLOCK_RECORD
  5
1F
330
1
100
AcDbSymbolTableRecord
100
AcDbBlockTableRecord
  2
*Model_Space
340
22
 70
     0
280
     1
281
     0
  0
BLOCK_RECORD
  5
1B
330
1
100
AcDbSymbolTableRecord
100
AcDbBlockTableRecord
  2
*Paper_Space
340
1E
 70
     0
280
     1
281
     0
  0
BLOCK_RECORD
  5
23
330
1
100
AcDbSymbolTableRecord
100
AcDbBlockTableRecord
  2
*Paper_Space0
340
26
 70
     0
280
     1
281
     0
  0
BLOCK_RECORD
  5
77
330
1
100
AcDbSymbolTableRecord
100
AcDbBlockTableRecord
  2
65185&66185_Blatt1_001_001_nNn00
340
0
102
{BLKREFS
331
241
102
}
 70
     0
280
     1
281
     0
  0
BLOCK_RECORD
  5
7A
330
1
100
AcDbSymbolTableRecord
100
AcDbBlockTableRecord
  2
BlockOfViews_1_001_001_nNn01
340
0
102
{BLKREFS
331
240
102
}
 70
     0
280
     1
281
     0
  0
BLOCK_RECORD
  5
246
330
1
100
AcDbSymbolTableRecord
100
AcDbBlockTableRecord
  2
*D3
340
0
 70
     0
280
     1
281
     0
  0
BLOCK_RECORD
  5
251
330
1
100
AcDbSymbolTableRecord
100
AcDbBlockTableRecord
  2
65185&66185_Blatt1_001_001_001_nNn03
340
0
102
{BLKREFS
331
414
102
}
 70
     0
280
     1
281
     0
  0
BLOCK_RECORD
  5
254
330
1
100
AcDbSymbolTableRecord
100
AcDbBlockTableRecord
  2
BlockOfViews_1_001_001_001_nNn04
340
0
102
{BLKREFS
331
413
102
}
 70
     0
280
     1
281
     0
  0
BLOCK_RECORD
  5
419
330
1
100
AcDbSymbolTableRecord
100
AcDbBlockTableRecord
  2
*D6
340
0
 70
     0
280
     1
281
     0
  0
ENDTAB
  0
ENDSEC
  0
SECTION
  2
BLOCKS
  0
BLOCK
  5
20
330
1F
100
AcDbEntity
  8
0
100
AcDbBlockBegin
  2
*Model_Space
 70
     0
 10
0.0
 20
0.0
 30
0.0
  3
*Model_Space
  1

  0
ENDBLK
  5
21
330
1F
100
AcDbEntity
  8
0
100
AcDbBlockEnd
  0
BLOCK
  5
1C
330
1B
100
AcDbEntity
 67
     1
  8
0
100
AcDbBlockBegin
  2
*Paper_Space
 70
     0
 10
0.0
 20
0.0
 30
0.0
  3
*Paper_Space
  1

  0
ENDBLK
  5
1D
330
1B
100
AcDbEntity
 67
     1
  8
0
100
AcDbBlockEnd
  0
BLOCK
  5
24
330
23
100
AcDbEntity
  8
0
100
AcDbBlockBegin
  2
*Paper_Space0
 70
     0
 10
0.0
 20
0.0
 30
0.0
  3
*Paper_Space0
  1

  0
ENDBLK
  5
25
330
23
100
AcDbEntity
  8
0
100
AcDbBlockEnd
  0
BLOCK
  5
78
330
77
100
AcDbEntity
  8
0
100
AcDbBlockBegin
  2
65185&66185_Blatt1_001_001_nNn00
 70
     0
 10
0.0
 20
0.0
 30
0.0
  3
65185&66185_Blatt1_001_001_nNn00
  1

  0
INSERT
  5
240
330
77
100
AcDbEntity
  8
0
100
AcDbBlockReference
  2
BlockOfViews_1_001_001_nNn01
 10
0.0
 20
0.0
 30
0.0
  0
ENDBLK
  5
79
330
77
100
AcDbEntity
  8
0
100
AcDbBlockEnd
  0
BLOCK
  5
7B
330
7A
100
AcDbEntity
  8
0
100
AcDbBlockBegin
  2
BlockOfViews_1_001_001_nNn01
 70
     0
 10
0.0
 20
0.0
 30
0.0
  3
BlockOfViews_1_001_001_nNn01
  1

  0
LINE
  5
7D
330
7A
100
AcDbEntity
  8
0
  6
AUSGEZOGEN
 62
     7
370
    18
100
AcDbLine
 10
391.438726
 20
223.636124
 30
0.0
 11
393.378718
 21
228.761614
 31
0.0
  0
LINE
  5
7E
330
7A
100
AcDbEntity
  8
0
  6
AUSGEZOGEN
 62
     7
370
    18
100
AcDbLine
 10
393.378718
 20
228.761614
 30
0.0
 11
393.757152
 21
229.76144
 31
0.0
  0
LINE
  5
7F
330
7A
100
AcDbEntity
  8
0
  6
AUSGEZOGEN
 62
     7
370
    18
100
AcDbLine
 10
416.813486
 20
263.461545
 30
0.0
 11
436.781735
 21
263.461545
 31
0.0
  0
LINE
  5
80
330
7A
100
AcDbEntity
  8
0
  6
DASHED
 62
     7
370
    18
100
AcDbLine
 10
452.092304
 20
230.734955
 30
0.0
 11
394.125626
 21
230.734955
 31
0.0
  0
ARC
  5
81
330
7A
100
AcDbEntity
  8
0
  6
AUSGEZOGEN
 62
     7
370
    18
100
AcDbCircle
 10
425.079958
 20
213.756344
 30
0.0
 40
12.999974
100
AcDbArc
 50
90.0
 51
270.0
  0
ARC
  5
82
330
7A
100
AcDbEntity
  8
0
  6
AUSGEZOGEN
 62
     7
370
    18
100
AcDbCircle
 10
415.761837
 20
188.756414
 30
0.0
 40
12.999974
100
AcDbArc
 50
270.0
 51
90.0
  0
ARC
  5
83
330
7A
100
AcDbEntity
  8
0
  6
AUSGEZOGEN
 62
     7
370
    18
100
AcDbCircle
 10
425.079958
 20
213.756344
 30
0.0
 40
12.999974
100
AcDbArc
 50
270.0
 51
90.0
  0
ARC
  5
84
330
7A
100
AcDbEntity
  8
0
  6
AUSGEZOGEN
 62
     7
370
    18
100
AcDbCircle
 10
415.761837
 20
188.756414
 30
0.0
 40
12.999974
100
AcDbArc
 50
90.0
 51
270.0
  0
ARC
  5
85
330
7A
100
AcDbEntity
  8
0
  6
AUSGEZOGEN
 62
     7
370
    18
100
AcDbCircle
 10
363.140005
 20
186.520778
 30
0.0
 40
14.9600151445569
100
AcDbArc
 50
338.804995
 51
339.773693
  0
ARC
  5
86
330
7A
100
AcDbEntity
  8
0
  6
AUSGEZOGEN
 62
     7
370
    18
100
AcDbCircle
 10
209.743129
 20
188.756489
 30
0.0
 40
7.999984
100
AcDbArc
 50
90.0
 51
94.760291
  0
ARC
  5
87
330
7A
100
AcDbEntity
  8
0
  6
DASHED
 62
     7
370
    18
100
AcDbCircle
 10
209.743129
 20
188.756489
 30
0.0
 40
7.999984
100
AcDbArc
 50
94.760291
 51
96.560144
  0
ARC
  5
88
330
7A
100
AcDbEntity
  8
0
  6
AUSGEZOGEN
 62
     7
370
    18
100
AcDbCircle
 10
209.743129
 20
188.756489
 30
0.0
 40
7.999984
100
AcDbArc
 50
96.560144
 51
100.177597
  0
ARC
  5
89
330
7A
100
AcDbEntity
  8
0
  6
DASHED
 62
     7
370
    18
100
AcDbCircle
 10
209.743129
 20
188.756489
 30
0.0
 40
7.999984
100
AcDbArc
 50
100.177597
 51
101.555872
  0
ARC
  5
8A
330
7A
100
AcDbEntity
  8
0
  6
AUSGEZOGEN
 62
     7
370
    18
100
AcDbCircle
 10
209.743129
 20
188.756489
 30
0.0
 40
7.999984
100
AcDbArc
 50
101.555872
 51
105.245202
  0
ARC
  5
8B
330
7A
100
AcDbEntity
  8
0
  6
AUSGEZOGEN
 62
     7
370
    18
100
AcDbCircle
 10
209.743129
 20
188.756489
 30
0.0
 40
7.999984
100
AcDbArc
 50
106.631866
 51
111.814855
  0
ARC
  5
8C
330
7A
100
AcDbEntity
  8
0
  6
AUSGEZOGEN
 62
     7
370
    18
100
AcDbCircle
 10
209.743129
 20
188.756489
 30
0.0
 40
7.999984
100
AcDbArc
 50
112.7869
 51
116.738554
  0
ARC
  5
8D
330
7A
100
AcDbEntity
  8
0
  6
DASHED
 62
     7
370
    18
100
AcDbCircle
 10
209.743129
 20
188.756489
 30
0.0
 40
7.999984
100
AcDbArc
 50
116.738554
 51
118.281839
  0
ARC
  5
8E
330
7A
100
AcDbEntity
  8
0
  6
AUSGEZOGEN
 62
     7
370
    18
100
AcDbCircle
 10
209.743129
 20
188.756489
 30
0.0
 40
7.999984
100
AcDbArc
 50
118.281839
 51
121.862931
  0
ARC
  5
8F
330
7A
100
AcDbEntity
  8
0
  6
DASHED
 62
     7
370
    18
100
AcDbCircle
 10
209.743129
 20
188.756489
 30
0.0
 40
7.999984
100
AcDbArc
 50
121.862931
 51
123.460554
  0
ARC
  5
90
330
7A
100
AcDbEntity
  8
0
  6
AUSGEZOGEN
 62
     7
370
    18
100
AcDbCircle
 10
209.743129
 20
188.756489
 30
0.0
 40
7.999984
100
AcDbArc
 50
123.460554
 51
127.371518
  0
ARC
  5
91
330
7A
100
AcDbEntity
  8
0
  6
AUSGEZOGEN
 62
     7
370
    18
100
AcDbCircle
 10
209.743129
 20
188.756489
 30
0.0
 40
7.999984
100
AcDbArc
 50
128.423911
 51
133.252689
  0
ARC
  5
92
330
7A
100
AcDbEntity
  8
0
  6
DASHED
 62
     7
370
    18
100
AcDbCircle
 10
209.743129
 20
188.756489
 30
0.0
 40
7.999984
100
AcDbArc
 50
133.252689
 51
134.554556
  0
ARC
  5
93
330
7A
100
AcDbEntity
  8
0
  6
AUSGEZOGEN
 62
     7
370
    18
100
AcDbCircle
 10
209.743129
 20
188.756489
 30
0.0
 40
7.999984
100
AcDbArc
 50
134.554556
 51
138.336087
  0
ARC
  5
94
330
7A
100
AcDbEntity
  8
0
  6
AUSGEZOGEN
 62
     7
370
    18
100
AcDbCircle
 10
209.743129
 20
188.756489
 30
0.0
 40
7.999984
100
AcDbArc
 50
139.884033
 51
143.448437
  0
ARC
  5
95
330
7A
100
AcDbEntity
  8
0
  6
DASHED
 62
     7
370
    18
100
AcDbCircle
 10
209.743129
 20
188.756489
 30
0.0
 40
7.999984
100
AcDbArc
 50
143.448437
 51
144.973582
  0
ARC
  5
96
330
7A
100
AcDbEntity
  8
0
  6
AUSGEZOGEN
 62
     7
370
    18
100
AcDbCircle
 10
209.743129
 20
188.756489
 30
0.0
 40
7.999984
100
AcDbArc
 50
144.973582
 51
154.902327
  0
ARC
  5
97
330
7A
100
AcDbEntity
  8
0
  6
AUSGEZOGEN
 62
     7
370
    18
100
AcDbCircle
 10
209.743129
 20
188.756489
 30
0.0
 40
7.999984
100
AcDbArc
 50
156.549577
 51
160.071267
  0
ARC
  5
98
330
7A
100
AcDbEntity
  8
0
  6
DASHED
 62
     7
370
    18
100
AcDbCircle
 10
209.743129
 20
188.756489
 30
0.0
 40
7.999984
100
AcDbArc
 50
160.071267
 51
161.712285
  0
ARC
  5
99
330
7A
100
AcDbEntity
  8
0
  6
AUSGEZOGEN
 62
     7
370
    18
100
AcDbCircle
 10
209.743129
 20
188.756489
 30
0.0
 40
7.999984
100
AcDbArc
 50
161.712285
 51
165.345791
  0
ARC
  5
9A
330
7A
100
AcDbEntity
  8
0
  6
AUSGEZOGEN
 62
     7
370
    18
100
AcDbCircle
 10
209.743129
 20
188.756489
 30
0.0
 40
7.999984
100
AcDbArc
 50
166.70711
 51
171.647396
  0
ARC
  5
9B
330
7A
100
AcDbEntity
  8
0
  6
AUSGEZOGEN
 62
     7
370
    18
100
AcDbCircle
 10
209.743129
 20
188.756489
 30
0.0
 40
7.999984
100
AcDbArc
 50
172.583945
 51
176.627808
  0
ARC
  5
9C
330
7A
100
AcDbEntity
  8
0
  6
AUSGEZOGEN
 62
     7
370
    18
100
AcDbCircle
 10
209.743129
 20
188.756489
 30
0.0
 40
7.999984
100
AcDbArc
 50
178.262491
 51
181.737458
  0
ARC
  5
9D
330
7A
100
AcDbEntity
  8
0
  6
AUSGEZOGEN
 62
     7
370
    18
100
AcDbCircle
 10
209.743129
 20
188.756489
 30
0.0
 40
7.999984
100
AcDbArc
 50
183.372141
 51
187.416005
  0
ARC
  5
9E
330
7A
100
AcDbEntity
  8
0
  6
AUSGEZOGEN
 62
     7
370
    18
100
AcDbCircle
 10
209.743129
 20
188.756489
 30
0.0
 40
7.999984
100
AcDbArc
 50
188.352554
 51
193.292841
  0
ARC
  5
9F
330
7A
100
AcDbEntity
  8
0
  6
AUSGEZOGEN
 62
     7
370
    18
100
AcDbCircle
 10
209.743129
 20
188.756489
 30
0.0
 40
7.999984
100
AcDbArc
 50
194.65416
 51
198.287667
  0
ARC
  5
A0
330
7A
100
AcDbEntity
  8
0
  6
AUSGEZOGEN
 62
     7
370
    18
100
AcDbCircle
 10
209.743129
 20
188.756489
 30
0.0
 40
7.999984
100
AcDbArc
 50
199.928685
 51
203.450376
  0
ARC
  5
A1
330
7A
100
AcDbEntity
  8
0
  6
AUSGEZOGEN
 62
     7
370
    18
100
AcDbCircle
 10
209.743129
 20
188.756489
 30
0.0
 40
7.999984
100
AcDbArc
 50
205.097627
 51
215.026376
  0
ARC
  5
A2
330
7A
100
AcDbEntity
  8
0
  6
DASHED
 62
     7
370
    18
100
AcDbCircle
 10
209.743129
 20
188.756489
 30
0.0
 40
7.999984
100
AcDbArc
 50
215.026376
 51
216.551522
  0
ARC
  5
A3
330
7A
100
AcDbEntity
  8
0
  6
AUSGEZOGEN
 62
     7
370
    18
100
AcDbCircle
 10
209.743129
 20
188.756489
 30
0.0
 40
7.999984
100
AcDbArc
 50
216.551522
 51
220.115927
  0
ARC
  5
A4
330
7A
100
AcDbEntity
  8
0
  6
AUSGEZOGEN
 62
     7
370
    18
100
AcDbCircle
 10
209.743129
 20
188.756489
 30
0.0
 40
7.999984
100
AcDbArc
 50
221.663875
 51
225.445408
  0
ARC
  5
A5
330
7A
100
AcDbEntity
  8
0
  6
DASHED
 62
     7
370
    18
100
AcDbCircle
 10
209.743129
 20
188.756489
 30
0.0
 40
7.999984
100
AcDbArc
 50
225.445408
 51
226.747276
  0
ARC
  5
A6
330
7A
100
AcDbEntity
  8
0
  6
AUSGEZOGEN
 62
     7
370
    18
100
AcDbCircle
 10
209.743129
 20
188.756489
 30
0.0
 40
7.999984
100
AcDbArc
 50
226.747276
 51
231.576057
  0
ARC
  5
A7
330
7A
100
AcDbEntity
  8
0
  6
DASHED
 62
     7
370
    18
100
AcDbCircle
 10
209.743129
 20
188.756489
 30
0.0
 40
7.999984
100
AcDbArc
 50
231.576057
 51
232.628451
  0
ARC
  5
A8
330
7A
100
AcDbEntity
  8
0
  6
AUSGEZOGEN
 62
     7
370
    18
100
AcDbCircle
 10
209.743129
 20
188.756489
 30
0.0
 40
7.999984
100
AcDbArc
 50
232.628451
 51
236.539417
  0
ARC
  5
A9
330
7A
100
AcDbEntity
  8
0
  6
AUSGEZOGEN
 62
     7
370
    18
100
AcDbCircle
 10
209.743129
 20
188.756489
 30
0.0
 40
7.999984
100
AcDbArc
 50
238.137042
 51
241.718136
  0
ARC
  5
AA
330
7A
100
AcDbEntity
  8
0
  6
AUSGEZOGEN
 62
     7
370
    18
100
AcDbCircle
 10
209.743129
 20
188.756489
 30
0.0
 40
7.999984
100
AcDbArc
 50
243.261423
 51
247.21308
  0
ARC
  5
AB
330
7A
100
AcDbEntity
  8
0
  6
AUSGEZOGEN
 62
     7
370
    18
100
AcDbCircle
 10
209.743129
 20
188.756489
 30
0.0
 40
7.999984
100
AcDbArc
 50
248.185126
 51
253.36812
  0
ARC
  5
AC
330
7A
100
AcDbEntity
  8
0
  6
AUSGEZOGEN
 62
     7
370
    18
100
AcDbCircle
 10
209.743129
 20
188.756489
 30
0.0
 40
7.999984
100
AcDbArc
 50
254.754784
 51
258.444118
  0
ARC
  5
AD
330
7A
100
AcDbEntity
  8
0
  6
AUSGEZOGEN
 62
     7
370
    18
100
AcDbCircle
 10
209.743129
 20
188.756489
 30
0.0
 40
7.999984
100
AcDbArc
 50
259.822394
 51
263.43985
  0
ARC
  5
AE
330
7A
100
AcDbEntity
  8
0
  6
AUSGEZOGEN
 62
     7
370
    18
100
AcDbCircle
 10
209.743129
 20
188.756489
 30
0.0
 40
7.999984
100
AcDbArc
 50
265.239704
 51
270.0
  0
ARC
  5
AF
330
7A
100
AcDbEntity
  8
0
  6
AUSGEZOGEN
 62
     7
370
    18
100
AcDbCircle
 10
209.743129
 20
188.756489
 30
0.0
 40
7.999984
100
AcDbArc
 50
270.172241
 51
275.103636
  0
ARC
  5
B0
330
7A
100
AcDbEntity
  8
0
  6
AUSGEZOGEN
 62
     7
370
    18
100
AcDbCircle
 10
209.743129
 20
188.756489
 30
0.0
 40
7.999984
100
AcDbArc
 50
276.457595
 51
280.076035
  0
ARC
  5
B1
330
7A
100
AcDbEntity
  8
0
  6
AUSGEZOGEN
 62
     7
370
    18
100
AcDbCircle
 10
209.743129
 20
188.756489
 30
0.0
 40
7.999984
100
AcDbArc
 50
281.893306
 51
285.577456
  0
ARC
  5
B2
330
7A
100
AcDbEntity
  8
0
  6
AUSGEZOGEN
 62
     7
370
    18
100
AcDbCircle
 10
209.743129
 20
188.756489
 30
0.0
 40
7.999984
100
AcDbArc
 50
286.532937
 51
291.719145
  0
ARC
  5
B3
330
7A
100
AcDbEntity
  8
0
  6
AUSGEZOGEN
 62
     7
370
    18
100
AcDbCircle
 10
209.743129
 20
188.756489
 30
0.0
 40
7.999984
100
AcDbArc
 50
292.691831
 51
296.646422
  0
ARC
  5
B4
330
7A
100
AcDbEntity
  8
0
  6
AUSGEZOGEN
 62
     7
370
    18
100
AcDbCircle
 10
209.743129
 20
188.756489
 30
0.0
 40
7.999984
100
AcDbArc
 50
298.1909
 51
301.775326
  0
ARC
  5
B5
330
7A
100
AcDbEntity
  8
0
  6
AUSGEZOGEN
 62
     7
370
    18
100
AcDbCircle
 10
209.743129
 20
188.756489
 30
0.0
 40
7.999984
100
AcDbArc
 50
303.374492
 51
307.289401
  0
ARC
  5
B6
330
7A
100
AcDbEntity
  8
0
  6
AUSGEZOGEN
 62
     7
370
    18
100
AcDbCircle
 10
209.743129
 20
188.756489
 30
0.0
 40
7.999984
100
AcDbArc
 50
308.343108
 51
313.177423
  0
ARC
  5
B7
330
7A
100
AcDbEntity
  8
0
  6
AUSGEZOGEN
 62
     7
370
    18
100
AcDbCircle
 10
209.743129
 20
188.756489
 30
0.0
 40
7.999984
100
AcDbArc
 50
314.480841
 51
318.267456
  0
ARC
  5
B8
330
7A
100
AcDbEntity
  8
0
  6
DASHED
 62
     7
370
    18
100
AcDbCircle
 10
209.743129
 20
188.756489
 30
0.0
 40
7.999984
100
AcDbArc
 50
318.267456
 51
320.105624
  0
ARC
  5
B9
330
7A
100
AcDbEntity
  8
0
  6
AUSGEZOGEN
 62
     7
370
    18
100
AcDbCircle
 10
209.743129
 20
188.756489
 30
0.0
 40
7.999984
100
AcDbArc
 50
320.105624
 51
323.386832
  0
ARC
  5
BA
330
7A
100
AcDbEntity
  8
0
  6
DASHED
 62
     7
370
    18
100
AcDbCircle
 10
209.743129
 20
188.756489
 30
0.0
 40
7.999984
100
AcDbArc
 50
323.386832
 51
324.914218
  0
ARC
  5
BB
330
7A
100
AcDbEntity
  8
0
  6
AUSGEZOGEN
 62
     7
370
    18
100
AcDbCircle
 10
209.743129
 20
188.756489
 30
0.0
 40
7.999984
100
AcDbArc
 50
324.914218
 51
335.048069
  0
ARC
  5
BC
330
7A
100
AcDbEntity
  8
0
  6
AUSGEZOGEN
 62
     7
370
    18
100
AcDbCircle
 10
209.743129
 20
188.756489
 30
0.0
 40
7.999984
100
AcDbArc
 50
336.508572
 51
340.036178
  0
ARC
  5
BD
330
7A
100
AcDbEntity
  8
0
  6
AUSGEZOGEN
 62
     7
370
    18
100
AcDbCircle
 10
209.743129
 20
188.756489
 30
0.0
 40
7.999984
100
AcDbArc
 50
341.679932
 51
345.319652
  0
ARC
  5
BE
330
7A
100
AcDbEntity
  8
0
  6
AUSGEZOGEN
 62
     7
370
    18
100
AcDbCircle
 10
209.743129
 20
188.756489
 30
0.0
 40
7.999984
100
AcDbArc
 50
346.683409
 51
351.632432
  0
ARC
  5
BF
330
7A
100
AcDbEntity
  8
0
  6
AUSGEZOGEN
 62
     7
370
    18
100
AcDbCircle
 10
209.743129
 20
188.756489
 30
0.0
 40
7.999984
100
AcDbArc
 50
352.570625
 51
356.621773
  0
ARC
  5
C0
330
7A
100
AcDbEntity
  8
0
  6
AUSGEZOGEN
 62
     7
370
    18
100
AcDbCircle
 10
209.743129
 20
188.756489
 30
0.0
 40
7.999984
100
AcDbArc
 50
358.259401
 51
1.74065
  0
ARC
  5
C1
330
7A
100
AcDbEntity
  8
0
  6
AUSGEZOGEN
 62
     7
370
    18
100
AcDbCircle
 10
209.743129
 20
188.756489
 30
0.0
 40
7.999984
100
AcDbArc
 50
3.378279
 51
7.429426
  0
ARC
  5
C2
330
7A
100
AcDbEntity
  8
0
  6
AUSGEZOGEN
 62
     7
370
    18
100
AcDbCircle
 10
209.743129
 20
188.756489
 30
0.0
 40
7.999984
100
AcDbArc
 50
8.367618
 51
13.316641
  0
ARC
  5
C3
330
7A
100
AcDbEntity
  8
0
  6
AUSGEZOGEN
 62
     7
370
    18
100
AcDbCircle
 10
209.743129
 20
188.756489
 30
0.0
 40
7.999984
100
AcDbArc
 50
14.680397
 51
18.320117
  0
ARC
  5
C4
330
7A
100
AcDbEntity
  8
0
  6
AUSGEZOGEN
 62
     7
370
    18
100
AcDbCircle
 10
209.743129
 20
188.756489
 30
0.0
 40
7.999984
100
AcDbArc
 50
19.96387
 51
23.491475
  0
ARC
  5
C5
330
7A
100
AcDbEntity
  8
0
  6
AUSGEZOGEN
 62
     7
370
    18
100
AcDbCircle
 10
209.743129
 20
188.756489
 30
0.0
 40
7.999984
100
AcDbArc
 50
24.951977
 51
35.085824
  0
ARC
  5
C6
330
7A
100
AcDbEntity
  8
0
  6
AUSGEZOGEN
 62
     7
370
    18
100
AcDbCircle
 10
209.743129
 20
188.756489
 30
0.0
 40
7.999984
100
AcDbArc
 50
36.613209
 51
39.894415
  0
ARC
  5
C7
330
7A
100
AcDbEntity
  8
0
  6
AUSGEZOGEN
 62
     7
370
    18
100
AcDbCircle
 10
209.743129
 20
188.756489
 30
0.0
 40
7.999984
100
AcDbArc
 50
41.732582
 51
45.519195
  0
ARC
  5
C8
330
7A
100
AcDbEntity
  8
0
  6
AUSGEZOGEN
 62
     7
370
    18
100
AcDbCircle
 10
209.743129
 20
188.756489
 30
0.0
 40
7.999984
100
AcDbArc
 50
46.822612
 51
51.656924
  0
ARC
  5
C9
330
7A
100
AcDbEntity
  8
0
  6
AUSGEZOGEN
 62
     7
370
    18
100
AcDbCircle
 10
209.743129
 20
188.756489
 30
0.0
 40
7.999984
100
AcDbArc
 50
52.710631
 51
56.625537
  0
ARC
  5
CA
330
7A
100
AcDbEntity
  8
0
  6
AUSGEZOGEN
 62
     7
370
    18
100
AcDbCircle
 10
209.743129
 20
188.756489
 30
0.0
 40
7.999984
100
AcDbArc
 50
58.224701
 51
61.809124
  0
ARC
  5
CB
330
7A
100
AcDbEntity
  8
0
  6
AUSGEZOGEN
 62
     7
370
    18
100
AcDbCircle
 10
209.743129
 20
188.756489
 30
0.0
 40
7.999984
100
AcDbArc
 50
63.353601
 51
67.308189
  0
ARC
  5
CC
330
7A
100
AcDbEntity
  8
0
  6
AUSGEZOGEN
 62
     7
370
    18
100
AcDbCircle
 10
209.743129
 20
188.756489
 30
0.0
 40
7.999984
100
AcDbArc
 50
68.280874
 51
73.467078
  0
ARC
  5
CD
330
7A
100
AcDbEntity
  8
0
  6
DASHED
 62
     7
370
    18
100
AcDbCircle
 10
209.743129
 20
188.756489
 30
0.0
 40
7.999984
100
AcDbArc
 50
73.467078
 51
74.422558
  0
ARC
  5
CE
330
7A
100
AcDbEntity
  8
0
  6
AUSGEZOGEN
 62
     7
370
    18
100
AcDbCircle
 10
209.743129
 20
188.756489
 30
0.0
 40
7.999984
100
AcDbArc
 50
74.422558
 51
78.106704
  0
ARC
  5
CF
330
7A
100
AcDbEntity
  8
0
  6
AUSGEZOGEN
 62
     7
370
    18
100
AcDbCircle
 10
209.743129
 20
188.756489
 30
0.0
 40
7.999984
100
AcDbArc
 50
79.923974
 51
83.542411
  0
ARC
  5
D0
330
7A
100
AcDbEntity
  8
0
  6
AUSGEZOGEN
 62
     7
370
    18
100
AcDbCircle
 10
209.743129
 20
188.756489
 30
0.0
 40
7.999984
100
AcDbArc
 50
84.896369
 51
89.827759
  0
ARC
  5
D1
330
7A
100
AcDbEntity
  8
0
  6
DASHED
 62
     7
370
    18
100
AcDbCircle
 10
262.364961
 20
186.520853
 30
0.0
 40
14.9600151445569
100
AcDbArc
 50
200.226307
 51
200.710656
  0
LINE
  5
D2
330
7A
100
AcDbEntity
  8
0
  6
AUSGEZOGEN
 62
     7
370
    18
100
AcDbLine
 10
232.466743
 20
223.029
 30
0.0
 11
248.327465
 21
181.348741
 31
0.0
  0
LINE
  5
D3
330
7A
100
AcDbEntity
  8
0
  6
AUSGEZOGEN
 62
     7
370
    18
100
AcDbLine
 10
200.425008
 20
221.756403
 30
0.0
 11
200.425008
 21
226.756393
 31
0.0
  0
ARC
  5
D4
330
7A
100
AcDbEntity
  8
0
  6
AUSGEZOGEN
 62
     7
370
    18
100
AcDbCircle
 10
200.425008
 20
213.756419
 30
0.0
 40
12.999974
100
AcDbArc
 50
90.0
 51
270.0
  0
ARC
  5
D5
330
7A
100
AcDbEntity
  8
0
  6
AUSGEZOGEN
 62
     7
370
    18
100
AcDbCircle
 10
200.425008
 20
213.756419
 30
0.0
 40
7.999984
100
AcDbArc
 50
90.0
 51
270.0
  0
ARC
  5
D6
330
7A
100
AcDbEntity
  8
0
  6
AUSGEZOGEN
 62
     7
370
    18
100
AcDbCircle
 10
200.425008
 20
213.756419
 30
0.0
 40
7.999984
100
AcDbArc
 50
270.0
 51
90.0
  0
ARC
  5
D7
330
7A
100
AcDbEntity
  8
0
  6
AUSGEZOGEN
 62
     7
370
    18
100
AcDbCircle
 10
200.425008
 20
213.756419
 30
0.0
 40
12.999974
100
AcDbArc
 50
270.0
 51
90.0
  0
LINE
  5
D8
330
7A
100
AcDbEntity
  8
0
  6
AUSGEZOGEN
 62
     7
370
    18
100
AcDbLine
 10
200.425008
 20
205.756435
 30
0.0
 11
200.425008
 21
200.756445
 31
0.0
  0
LINE
  5
D9
330
7A
100
AcDbEntity
  8
0
  6
AUSGEZOGEN
 62
     7
370
    18
100
AcDbLine
 10
377.088054
 20
174.756422
 30
0.0
 11
377.088054
 21
181.112085
 31
0.0
  0
LINE
  5
DA
330
7A
100
AcDbEntity
  8
0
  6
AUSGEZOGEN
 62
     7
370
    18
100
AcDbLine
 10
173.412662
 20
230.73503
 30
0.0
 11
231.37934
 21
230.73503
 31
0.0
  0
LINE
  5
DB
330
7A
100
AcDbEntity
  8
0
  6
AUSGEZOGEN
 62
     7
370
    18
100
AcDbLine
 10
173.412662
 20
248.16755
 30
0.0
 11
173.412662
 21
230.73503
 31
0.0
  0
ARC
  5
DC
330
7A
100
AcDbEntity
  8
0
  6
AUSGEZOGEN
 62
     7
370
    18
100
AcDbCircle
 10
211.413606
 20
251.261644
 30
0.0
 40
12.4999749999999
100
AcDbArc
 50
102.578119
 51
356.590048
  0
LINE
  5
DD
330
7A
100
AcDbEntity
  8
0
  6
AUSGEZOGEN
 62
     7
370
    18
100
AcDbLine
 10
452.092304
 20
228.734959
 30
0.0
 11
452.092304
 21
173.686799
 31
0.0
  0
LINE
  5
DE
330
7A
100
AcDbEntity
  8
0
  6
AUSGEZOGEN
 62
     7
370
    18
100
AcDbLine
 10
452.092304
 20
173.686799
 30
0.0
 11
452.092304
 21
119.761832
 31
0.0
  0
LINE
  5
DF
330
7A
100
AcDbEntity
  8
0
  6
AUSGEZOGEN
 62
     7
370
    18
100
AcDbLine
 10
452.092304
 20
229.734957
 30
0.0
 11
452.092304
 21
228.734959
 31
0.0
  0
LINE
  5
E0
330
7A
100
AcDbEntity
  8
0
  6
AUSGEZOGEN
 62
     7
370
    18
100
AcDbLine
 10
452.092304
 20
248.167475
 30
0.0
 11
452.092304
 21
229.734957
 31
0.0
  0
LINE
  5
E1
330
7A
100
AcDbEntity
  8
0
  6
AUSGEZOGEN
 62
     7
370
    18
100
AcDbLine
 10
231.391108
 20
230.703938
 30
0.0
 11
231.758939
 21
229.732124
 31
0.0
  0
LINE
  5
E2
330
7A
100
AcDbEntity
  8
0
  6
AUSGEZOGEN
 62
     7
370
    18
100
AcDbLine
 10
223.89145
 20
250.518148
 30
0.0
 11
231.37934
 21
230.73503
 31
0.0
  0
LINE
  5
E3
330
7A
100
AcDbEntity
  8
0
  6
AUSGEZOGEN
 62
     7
370
    18
100
AcDbLine
 10
452.092304
 20
173.686799
 30
0.0
 11
378.088052
 21
173.756424
 31
0.0
  0
LINE
  5
E4
330
7A
100
AcDbEntity
  8
0
  6
AUSGEZOGEN
 62
     7
370
    18
100
AcDbLine
 10
173.412662
 20
119.761907
 30
0.0
 11
173.912661
 21
119.761907
 31
0.0
  0
LINE
  5
E5
330
7A
100
AcDbEntity
  8
0
  6
AUSGEZOGEN
 62
     7
370
    18
100
AcDbLine
 10
173.912661
 20
119.761907
 30
0.0
 11
173.912661
 21
103.761939
 31
0.0
  0
LINE
  5
E6
330
7A
100
AcDbEntity
  8
0
  6
AUSGEZOGEN
 62
     7
370
    18
100
AcDbLine
 10
173.412662
 20
173.686874
 30
0.0
 11
173.412662
 21
119.761907
 31
0.0
  0
LINE
  5
E7
330
7A
100
AcDbEntity
  8
0
  6
AUSGEZOGEN
 62
     7
370
    18
100
AcDbLine
 10
329.913549
 20
103.761939
 30
0.0
 11
329.913549
 21
119.761907
 31
0.0
  0
LINE
  5
E8
330
7A
100
AcDbEntity
  8
0
  6
AUSGEZOGEN
 62
     7
370
    18
100
AcDbLine
 10
248.416912
 20
174.756497
 30
0.0
 11
247.416914
 21
173.756499
 31
0.0
  0
LINE
  5
E9
330
7A
100
AcDbEntity
  8
0
  6
AUSGEZOGEN
 62
     7
370
    18
100
AcDbLine
 10
329.913549
 20
119.761907
 30
0.0
 11
413.912381
 21
119.761907
 31
0.0
  0
LINE
  5
EA
330
7A
100
AcDbEntity
  8
0
  6
AUSGEZOGEN
 62
     7
370
    18
100
AcDbLine
 10
413.912381
 20
119.762108
 30
0.0
 11
413.912381
 21
173.722557
 31
0.0
  0
ARC
  5
EB
330
7A
100
AcDbEntity
  8
0
  6
AUSGEZOGEN
 62
     7
370
    18
100
AcDbCircle
 10
262.364961
 20
186.520853
 30
0.0
 40
14.9600151445569
100
AcDbArc
 50
201.195005
 51
301.473776
  0
LINE
  5
EC
330
7A
100
AcDbEntity
  8
0
  6
AUSGEZOGEN
 62
     7
370
    18
100
AcDbLine
 10
232.126248
 20
228.761689
 30
0.0
 11
173.412662
 21
228.735034
 31
0.0
  0
LINE
  5
ED
330
7A
100
AcDbEntity
  8
0
  6
AUSGEZOGEN
 62
     7
370
    18
100
AcDbLine
 10
329.892178
 20
103.761939
 30
0.0
 11
451.579678
 21
103.761939
 31
0.0
  0
LINE
  5
EE
330
7A
100
AcDbEntity
  8
0
  6
AUSGEZOGEN
 62
     7
370
    18
100
AcDbLine
 10
451.592105
 20
103.761939
 30
0.0
 11
451.592105
 21
118.761909
 31
0.0
  0
ARC
  5
EF
330
7A
100
AcDbEntity
  8
0
  6
AUSGEZOGEN
 62
     7
370
    18
100
AcDbCircle
 10
414.09136
 20
251.261569
 30
0.0
 40
12.499975
100
AcDbArc
 50
180.0
 51
0.0
  0
ARC
  5
F0
330
7A
100
AcDbEntity
  8
0
  6
AUSGEZOGEN
 62
     7
370
    18
100
AcDbCircle
 10
414.09136
 20
251.261569
 30
0.0
 40
12.499975
100
AcDbArc
 50
0.0
 51
180.0
  0
LINE
  5
F1
330
7A
100
AcDbEntity
  8
0
  6
AUSGEZOGEN
 62
     7
370
    18
100
AcDbLine
 10
377.177501
 20
181.348666
 30
0.0
 11
393.038222
 21
223.028926
 31
0.0
  0
LINE
  5
F2
330
7A
100
AcDbEntity
  8
0
  6
AUSGEZOGEN
 62
     7
370
    18
100
AcDbLine
 10
173.412662
 20
228.735034
 30
0.0
 11
173.412662
 21
229.735032
 31
0.0
  0
LINE
  5
F3
330
7A
100
AcDbEntity
  8
0
  6
AUSGEZOGEN
 62
     7
370
    18
100
AcDbLine
 10
173.412662
 20
229.977993
 30
0.0
 11
173.412662
 21
230.73503
 31
0.0
  0
LINE
  5
F4
330
7A
100
AcDbEntity
  8
0
  6
DASHED
 62
     7
370
    18
100
AcDbLine
 10
394.014766
 20
230.442062
 30
0.0
 11
452.092304
 21
230.442062
 31
0.0
  0
LINE
  5
F5
330
7A
100
AcDbEntity
  8
0
  6
DASHED
 62
     7
370
    18
100
AcDbLine
 10
393.757152
 20
229.76144
 30
0.0
 11
394.014766
 21
230.442062
 31
0.0
  0
LINE
  5
F6
330
7A
100
AcDbEntity
  8
0
  6
AUSGEZOGEN
 62
     7
370
    18
100
AcDbLine
 10
270.204678
 20
173.761767
 30
0.0
 11
378.079678
 21
173.761791
 31
0.0
  0
ARC
  5
F7
330
7A
100
AcDbEntity
  8
0
  6
AUSGEZOGEN
 62
     7
370
    18
100
AcDbCircle
 10
425.079958
 20
213.756344
 30
0.0
 40
7.999984
100
AcDbArc
 50
90.00201
 51
94.93392
  0
ARC
  5
F8
330
7A
100
AcDbEntity
  8
0
  6
AUSGEZOGEN
 62
     7
370
    18
100
AcDbCircle
 10
425.079958
 20
213.756344
 30
0.0
 40
7.999984
100
AcDbArc
 50
96.288143
 51
99.908089
  0
ARC
  5
F9
330
7A
100
AcDbEntity
  8
0
  6
AUSGEZOGEN
 62
     7
370
    18
100
AcDbCircle
 10
425.079958
 20
213.756344
 30
0.0
 40
7.999984
100
AcDbArc
 50
101.726445
 51
105.413118
  0
ARC
  5
FA
330
7A
100
AcDbEntity
  8
0
  6
AUSGEZOGEN
 62
     7
370
    18
100
AcDbCircle
 10
425.079958
 20
213.756344
 30
0.0
 40
7.999984
100
AcDbArc
 50
106.799483
 51
111.561774
  0
ARC
  5
FB
330
7A
100
AcDbEntity
  8
0
  6
AUSGEZOGEN
 62
     7
370
    18
100
AcDbCircle
 10
425.079958
 20
213.756344
 30
0.0
 40
7.999984
100
AcDbArc
 50
112.534202
 51
116.493531
  0
ARC
  5
FC
330
7A
100
AcDbEntity
  8
0
  6
DASHED
 62
     7
370
    18
100
AcDbCircle
 10
425.079958
 20
213.756344
 30
0.0
 40
7.999984
100
AcDbArc
 50
116.493531
 51
118.434652
  0
ARC
  5
FD
330
7A
100
AcDbEntity
  8
0
  6
AUSGEZOGEN
 62
     7
370
    18
100
AcDbCircle
 10
425.079958
 20
213.756344
 30
0.0
 40
7.999984
100
AcDbArc
 50
118.434652
 51
121.629775
  0
ARC
  5
FE
330
7A
100
AcDbEntity
  8
0
  6
AUSGEZOGEN
 62
     7
370
    18
100
AcDbCircle
 10
425.079958
 20
213.756344
 30
0.0
 40
7.999984
100
AcDbArc
 50
123.231448
 51
127.509247
  0
ARC
  5
FF
330
7A
100
AcDbEntity
  8
0
  6
AUSGEZOGEN
 62
     7
370
    18
100
AcDbCircle
 10
425.079958
 20
213.756344
 30
0.0
 40
7.999984
100
AcDbArc
 50
128.208639
 51
133.381157
  0
ARC
  5
100
330
7A
100
AcDbEntity
  8
0
  6
DASHED
 62
     7
370
    18
100
AcDbCircle
 10
425.079958
 20
213.756344
 30
0.0
 40
7.999984
100
AcDbArc
 50
133.381157
 51
134.677986
  0
ARC
  5
101
330
7A
100
AcDbEntity
  8
0
  6
AUSGEZOGEN
 62
     7
370
    18
100
AcDbCircle
 10
425.079958
 20
213.756344
 30
0.0
 40
7.999984
100
AcDbArc
 50
134.677986
 51
138.450891
  0
ARC
  5
102
330
7A
100
AcDbEntity
  8
0
  6
AUSGEZOGEN
 62
     7
370
    18
100
AcDbCircle
 10
425.079958
 20
213.756344
 30
0.0
 40
7.999984
100
AcDbArc
 50
139.998242
 51
143.554145
  0
ARC
  5
103
330
7A
100
AcDbEntity
  8
0
  6
AUSGEZOGEN
 62
     7
370
    18
100
AcDbCircle
 10
425.079958
 20
213.756344
 30
0.0
 40
7.999984
100
AcDbArc
 50
145.075551
 51
154.978452
  0
ARC
  5
104
330
7A
100
AcDbEntity
  8
0
  6
DASHED
 62
     7
370
    18
100
AcDbCircle
 10
425.079958
 20
213.756344
 30
0.0
 40
7.999984
100
AcDbArc
 50
154.978452
 51
156.439528
  0
ARC
  5
105
330
7A
100
AcDbEntity
  8
0
  6
AUSGEZOGEN
 62
     7
370
    18
100
AcDbCircle
 10
425.079958
 20
213.756344
 30
0.0
 40
7.999984
100
AcDbArc
 50
156.439528
 51
159.976908
  0
ARC
  5
106
330
7A
100
AcDbEntity
  8
0
  6
AUSGEZOGEN
 62
     7
370
    18
100
AcDbCircle
 10
425.079958
 20
213.756344
 30
0.0
 40
7.999984
100
AcDbArc
 50
161.625181
 51
165.388819
  0
ARC
  5
107
330
7A
100
AcDbEntity
  8
0
  6
DASHED
 62
     7
370
    18
100
AcDbCircle
 10
425.079958
 20
213.756344
 30
0.0
 40
7.999984
100
AcDbArc
 50
165.388819
 51
166.746035
  0
ARC
  5
108
330
7A
100
AcDbEntity
  8
0
  6
AUSGEZOGEN
 62
     7
370
    18
100
AcDbCircle
 10
425.079958
 20
213.756344
 30
0.0
 40
7.999984
100
AcDbArc
 50
166.746035
 51
171.675064
  0
ARC
  5
109
330
7A
100
AcDbEntity
  8
0
  6
AUSGEZOGEN
 62
     7
370
    18
100
AcDbCircle
 10
425.079958
 20
213.756344
 30
0.0
 40
7.999984
100
AcDbArc
 50
172.605395
 51
176.637006
  0
ARC
  5
10A
330
7A
100
AcDbEntity
  8
0
  6
AUSGEZOGEN
 62
     7
370
    18
100
AcDbCircle
 10
425.079958
 20
213.756344
 30
0.0
 40
7.999984
100
AcDbArc
 50
178.266735
 51
181.734635
  0
ARC
  5
10B
330
7A
100
AcDbEntity
  8
0
  6
AUSGEZOGEN
 62
     7
370
    18
100
AcDbCircle
 10
425.079958
 20
213.756344
 30
0.0
 40
7.999984
100
AcDbArc
 50
183.360877
 51
187.395965
  0
ARC
  5
10C
330
7A
100
AcDbEntity
  8
0
  6
AUSGEZOGEN
 62
     7
370
    18
100
AcDbCircle
 10
425.079958
 20
213.756344
 30
0.0
 40
7.999984
100
AcDbArc
 50
188.326289
 51
193.255296
  0
ARC
  5
10D
330
7A
100
AcDbEntity
  8
0
  6
DASHED
 62
     7
370
    18
100
AcDbCircle
 10
425.079958
 20
213.756344
 30
0.0
 40
7.999984
100
AcDbArc
 50
193.255296
 51
194.609127
  0
ARC
  5
10E
330
7A
100
AcDbEntity
  8
0
  6
AUSGEZOGEN
 62
     7
370
    18
100
AcDbCircle
 10
425.079958
 20
213.756344
 30
0.0
 40
7.999984
100
AcDbArc
 50
194.609127
 51
198.376126
  0
ARC
  5
10F
330
7A
100
AcDbEntity
  8
0
  6
AUSGEZOGEN
 62
     7
370
    18
100
AcDbCircle
 10
425.079958
 20
213.756344
 30
0.0
 40
7.999984
100
AcDbArc
 50
200.021091
 51
203.558518
  0
ARC
  5
110
330
7A
100
AcDbEntity
  8
0
  6
DASHED
 62
     7
370
    18
100
AcDbCircle
 10
425.079958
 20
213.756344
 30
0.0
 40
7.999984
100
AcDbArc
 50
203.558518
 51
205.022791
  0
ARC
  5
111
330
7A
100
AcDbEntity
  8
0
  6
AUSGEZOGEN
 62
     7
370
    18
100
AcDbCircle
 10
425.079958
 20
213.756344
 30
0.0
 40
7.999984
100
AcDbArc
 50
205.022791
 51
214.925573
  0
ARC
  5
112
330
7A
100
AcDbEntity
  8
0
  6
AUSGEZOGEN
 62
     7
370
    18
100
AcDbCircle
 10
425.079958
 20
213.756344
 30
0.0
 40
7.999984
100
AcDbArc
 50
216.446958
 51
220.002809
  0
ARC
  5
113
330
7A
100
AcDbEntity
  8
0
  6
AUSGEZOGEN
 62
     7
370
    18
100
AcDbCircle
 10
425.079958
 20
213.756344
 30
0.0
 40
7.999984
100
AcDbArc
 50
221.547522
 51
225.320519
  0
ARC
  5
114
330
7A
100
AcDbEntity
  8
0
  6
AUSGEZOGEN
 62
     7
370
    18
100
AcDbCircle
 10
425.079958
 20
213.756344
 30
0.0
 40
7.999984
100
AcDbArc
 50
226.619785
 51
231.792211
  0
ARC
  5
115
330
7A
100
AcDbEntity
  8
0
  6
AUSGEZOGEN
 62
     7
370
    18
100
AcDbCircle
 10
425.079958
 20
213.756344
 30
0.0
 40
7.999984
100
AcDbArc
 50
232.491588
 51
236.767385
  0
ARC
  5
116
330
7A
100
AcDbEntity
  8
0
  6
AUSGEZOGEN
 62
     7
370
    18
100
AcDbCircle
 10
425.079958
 20
213.756344
 30
0.0
 40
7.999984
100
AcDbArc
 50
238.370946
 51
241.566
  0
ARC
  5
117
330
7A
100
AcDbEntity
  8
0
  6
AUSGEZOGEN
 62
     7
370
    18
100
AcDbCircle
 10
425.079958
 20
213.756344
 30
0.0
 40
7.999984
100
AcDbArc
 50
243.507082
 51
247.466324
  0
ARC
  5
118
330
7A
100
AcDbEntity
  8
0
  6
AUSGEZOGEN
 62
     7
370
    18
100
AcDbCircle
 10
425.079958
 20
213.756344
 30
0.0
 40
7.999984
100
AcDbArc
 50
248.438731
 51
253.200913
  0
ARC
  5
119
330
7A
100
AcDbEntity
  8
0
  6
AUSGEZOGEN
 62
     7
370
    18
100
AcDbCircle
 10
425.079958
 20
213.756344
 30
0.0
 40
7.999984
100
AcDbArc
 50
254.587247
 51
258.273123
  0
ARC
  5
11A
330
7A
100
AcDbEntity
  8
0
  6
AUSGEZOGEN
 62
     7
370
    18
100
AcDbCircle
 10
425.079958
 20
213.756344
 30
0.0
 40
7.999984
100
AcDbArc
 50
260.091545
 51
263.711624
  0
ARC
  5
11B
330
7A
100
AcDbEntity
  8
0
  6
AUSGEZOGEN
 62
     7
370
    18
100
AcDbCircle
 10
425.079958
 20
213.756344
 30
0.0
 40
7.999984
100
AcDbArc
 50
265.065898
 51
269.99799
  0
ARC
  5
11C
330
7A
100
AcDbEntity
  8
0
  6
AUSGEZOGEN
 62
     7
370
    18
100
AcDbCircle
 10
425.079958
 20
213.756344
 30
0.0
 40
7.999984
100
AcDbArc
 50
270.0
 51
274.930096
  0
ARC
  5
11D
330
7A
100
AcDbEntity
  8
0
  6
AUSGEZOGEN
 62
     7
370
    18
100
AcDbCircle
 10
425.079958
 20
213.756344
 30
0.0
 40
7.999984
100
AcDbArc
 50
276.284376
 51
279.904492
  0
ARC
  5
11E
330
7A
100
AcDbEntity
  8
0
  6
AUSGEZOGEN
 62
     7
370
    18
100
AcDbCircle
 10
425.079958
 20
213.756344
 30
0.0
 40
7.999984
100
AcDbArc
 50
281.722939
 51
285.408876
  0
ARC
  5
11F
330
7A
100
AcDbEntity
  8
0
  6
AUSGEZOGEN
 62
     7
370
    18
100
AcDbCircle
 10
425.079958
 20
213.756344
 30
0.0
 40
7.999984
100
AcDbArc
 50
286.79524
 51
291.557528
  0
ARC
  5
120
330
7A
100
AcDbEntity
  8
0
  6
AUSGEZOGEN
 62
     7
370
    18
100
AcDbCircle
 10
425.079958
 20
213.756344
 30
0.0
 40
7.999984
100
AcDbArc
 50
292.529959
 51
296.489314
  0
ARC
  5
121
330
7A
100
AcDbEntity
  8
0
  6
DASHED
 62
     7
370
    18
100
AcDbCircle
 10
425.079958
 20
213.756344
 30
0.0
 40
7.999984
100
AcDbArc
 50
296.489314
 51
298.430468
  0
ARC
  5
122
330
7A
100
AcDbEntity
  8
0
  6
AUSGEZOGEN
 62
     7
370
    18
100
AcDbCircle
 10
425.079958
 20
213.756344
 30
0.0
 40
7.999984
100
AcDbArc
 50
298.430468
 51
301.625625
  0
ARC
  5
123
330
7A
100
AcDbEntity
  8
0
  6
AUSGEZOGEN
 62
     7
370
    18
100
AcDbCircle
 10
425.079958
 20
213.756344
 30
0.0
 40
7.999984
100
AcDbArc
 50
303.229245
 51
307.505226
  0
ARC
  5
124
330
7A
100
AcDbEntity
  8
0
  6
DASHED
 62
     7
370
    18
100
AcDbCircle
 10
425.079958
 20
213.756344
 30
0.0
 40
7.999984
100
AcDbArc
 50
307.505226
 51
308.204624
  0
ARC
  5
125
330
7A
100
AcDbEntity
  8
0
  6
AUSGEZOGEN
 62
     7
370
    18
100
AcDbCircle
 10
425.079958
 20
213.756344
 30
0.0
 40
7.999984
100
AcDbArc
 50
308.204624
 51
313.377297
  0
ARC
  5
126
330
7A
100
AcDbEntity
  8
0
  6
AUSGEZOGEN
 62
     7
370
    18
100
AcDbCircle
 10
425.079958
 20
213.756344
 30
0.0
 40
7.999984
100
AcDbArc
 50
314.676622
 51
318.449818
  0
ARC
  5
127
330
7A
100
AcDbEntity
  8
0
  6
AUSGEZOGEN
 62
     7
370
    18
100
AcDbCircle
 10
425.079958
 20
213.756344
 30
0.0
 40
7.999984
100
AcDbArc
 50
319.994606
 51
323.550655
  0
ARC
  5
128
330
7A
100
AcDbEntity
  8
0
  6
AUSGEZOGEN
 62
     7
370
    18
100
AcDbCircle
 10
425.079958
 20
213.756344
 30
0.0
 40
7.999984
100
AcDbArc
 50
325.072126
 51
334.975509
  0
ARC
  5
129
330
7A
100
AcDbEntity
  8
0
  6
AUSGEZOGEN
 62
     7
370
    18
100
AcDbCircle
 10
425.079958
 20
213.756344
 30
0.0
 40
7.999984
100
AcDbArc
 50
336.439871
 51
339.97753
  0
ARC
  5
12A
330
7A
100
AcDbEntity
  8
0
  6
AUSGEZOGEN
 62
     7
370
    18
100
AcDbCircle
 10
425.079958
 20
213.756344
 30
0.0
 40
7.999984
100
AcDbArc
 50
341.622602
 51
345.38986
  0
ARC
  5
12B
330
7A
100
AcDbEntity
  8
0
  6
DASHED
 62
     7
370
    18
100
AcDbCircle
 10
425.079958
 20
213.756344
 30
0.0
 40
7.999984
100
AcDbArc
 50
345.38986
 51
346.743786
  0
ARC
  5
12C
330
7A
100
AcDbEntity
  8
0
  6
AUSGEZOGEN
 62
     7
370
    18
100
AcDbCircle
 10
425.079958
 20
213.756344
 30
0.0
 40
7.999984
100
AcDbArc
 50
346.743786
 51
351.67313
  0
ARC
  5
12D
330
7A
100
AcDbEntity
  8
0
  6
AUSGEZOGEN
 62
     7
370
    18
100
AcDbCircle
 10
425.079958
 20
213.756344
 30
0.0
 40
7.999984
100
AcDbArc
 50
352.603518
 51
356.638888
  0
ARC
  5
12E
330
7A
100
AcDbEntity
  8
0
  6
AUSGEZOGEN
 62
     7
370
    18
100
AcDbCircle
 10
425.079958
 20
213.756344
 30
0.0
 40
7.999984
100
AcDbArc
 50
358.265243
 51
1.733386
  0
ARC
  5
12F
330
7A
100
AcDbEntity
  8
0
  6
AUSGEZOGEN
 62
     7
370
    18
100
AcDbCircle
 10
425.079958
 20
213.756344
 30
0.0
 40
7.999984
100
AcDbArc
 50
3.36323
 51
7.395122
  0
ARC
  5
130
330
7A
100
AcDbEntity
  8
0
  6
AUSGEZOGEN
 62
     7
370
    18
100
AcDbCircle
 10
425.079958
 20
213.756344
 30
0.0
 40
7.999984
100
AcDbArc
 50
8.325516
 51
13.254883
  0
ARC
  5
131
330
7A
100
AcDbEntity
  8
0
  6
DASHED
 62
     7
370
    18
100
AcDbCircle
 10
425.079958
 20
213.756344
 30
0.0
 40
7.999984
100
AcDbArc
 50
13.254883
 51
14.612194
  0
ARC
  5
132
330
7A
100
AcDbEntity
  8
0
  6
AUSGEZOGEN
 62
     7
370
    18
100
AcDbCircle
 10
425.079958
 20
213.756344
 30
0.0
 40
7.999984
100
AcDbArc
 50
14.612194
 51
18.376091
  0
ARC
  5
133
330
7A
100
AcDbEntity
  8
0
  6
AUSGEZOGEN
 62
     7
370
    18
100
AcDbCircle
 10
425.079958
 20
213.756344
 30
0.0
 40
7.999984
100
AcDbArc
 50
20.024471
 51
23.562083
  0
ARC
  5
134
330
7A
100
AcDbEntity
  8
0
  6
AUSGEZOGEN
 62
     7
370
    18
100
AcDbCircle
 10
425.079958
 20
213.756344
 30
0.0
 40
7.999984
100
AcDbArc
 50
25.023248
 51
34.926749
  0
ARC
  5
135
330
7A
100
AcDbEntity
  8
0
  6
DASHED
 62
     7
370
    18
100
AcDbCircle
 10
425.079958
 20
213.756344
 30
0.0
 40
7.999984
100
AcDbArc
 50
34.926749
 51
36.448242
  0
ARC
  5
136
330
7A
100
AcDbEntity
  8
0
  6
AUSGEZOGEN
 62
     7
370
    18
100
AcDbCircle
 10
425.079958
 20
213.756344
 30
0.0
 40
7.999984
100
AcDbArc
 50
36.448242
 51
40.004343
  0
ARC
  5
137
330
7A
100
AcDbEntity
  8
0
  6
AUSGEZOGEN
 62
     7
370
    18
100
AcDbCircle
 10
425.079958
 20
213.756344
 30
0.0
 40
7.999984
100
AcDbArc
 50
41.551769
 51
45.324872
  0
ARC
  5
138
330
7A
100
AcDbEntity
  8
0
  6
AUSGEZOGEN
 62
     7
370
    18
100
AcDbCircle
 10
425.079958
 20
213.756344
 30
0.0
 40
7.999984
100
AcDbArc
 50
46.621762
 51
51.794526
  0
ARC
  5
139
330
7A
100
AcDbEntity
  8
0
  6
DASHED
 62
     7
370
    18
100
AcDbCircle
 10
425.079958
 20
213.756344
 30
0.0
 40
7.999984
100
AcDbArc
 50
51.794526
 51
52.493939
  0
ARC
  5
13A
330
7A
100
AcDbEntity
  8
0
  6
AUSGEZOGEN
 62
     7
370
    18
100
AcDbCircle
 10
425.079958
 20
213.756344
 30
0.0
 40
7.999984
100
AcDbArc
 50
52.493939
 51
56.771922
  0
ARC
  5
13B
330
7A
100
AcDbEntity
  8
0
  6
AUSGEZOGEN
 62
     7
370
    18
100
AcDbCircle
 10
425.079958
 20
213.756344
 30
0.0
 40
7.999984
100
AcDbArc
 50
58.373654
 51
61.568879
  0
ARC
  5
13C
330
7A
100
AcDbEntity
  8
0
  6
DASHED
 62
     7
370
    18
100
AcDbCircle
 10
425.079958
 20
213.756344
 30
0.0
 40
7.999984
100
AcDbArc
 50
61.568879
 51
63.510073
  0
ARC
  5
13D
330
7A
100
AcDbEntity
  8
0
  6
AUSGEZOGEN
 62
     7
370
    18
100
AcDbCircle
 10
425.079958
 20
213.756344
 30
0.0
 40
7.999984
100
AcDbArc
 50
63.510073
 51
67.469515
  0
ARC
  5
13E
330
7A
100
AcDbEntity
  8
0
  6
AUSGEZOGEN
 62
     7
370
    18
100
AcDbCircle
 10
425.079958
 20
213.756344
 30
0.0
 40
7.999984
100
AcDbArc
 50
68.441967
 51
73.204364
  0
ARC
  5
13F
330
7A
100
AcDbEntity
  8
0
  6
AUSGEZOGEN
 62
     7
370
    18
100
AcDbCircle
 10
425.079958
 20
213.756344
 30
0.0
 40
7.999984
100
AcDbArc
 50
74.590759
 51
78.277493
  0
ARC
  5
140
330
7A
100
AcDbEntity
  8
0
  6
AUSGEZOGEN
 62
     7
370
    18
100
AcDbCircle
 10
425.079958
 20
213.756344
 30
0.0
 40
7.999984
100
AcDbArc
 50
80.095874
 51
83.715857
  0
ARC
  5
141
330
7A
100
AcDbEntity
  8
0
  6
AUSGEZOGEN
 62
     7
370
    18
100
AcDbCircle
 10
425.079958
 20
213.756344
 30
0.0
 40
7.999984
100
AcDbArc
 50
85.070087
 51
90.0
  0
ARC
  5
142
330
7A
100
AcDbEntity
  8
0
  6
AUSGEZOGEN
 62
     7
370
    18
100
AcDbCircle
 10
363.140005
 20
186.520778
 30
0.0
 40
14.9600151445569
100
AcDbArc
 50
339.289344
 51
339.773693
  0
ARC
  5
143
330
7A
100
AcDbEntity
  8
0
  6
AUSGEZOGEN
 62
     7
370
    18
100
AcDbCircle
 10
363.140005
 20
186.520778
 30
0.0
 40
14.9600151445569
100
AcDbArc
 50
338.804995
 51
339.289344
  0
ARC
  5
144
330
7A
100
AcDbEntity
  8
0
  6
AUSGEZOGEN
 62
     7
370
    18
100
AcDbCircle
 10
363.140005
 20
186.520778
 30
0.0
 40
14.9600151445569
100
AcDbArc
 50
301.486452
 51
338.79382
  0
LINE
  5
145
330
7A
100
AcDbEntity
  8
0
  6
AUSGEZOGEN
 62
     7
370
    18
100
AcDbLine
 10
452.092304
 20
229.027852
 30
0.0
 11
393.489559
 21
229.054457
 31
0.0
  0
LINE
  5
146
330
7A
100
AcDbEntity
  8
0
  6
AUSGEZOGEN
 62
     7
370
    18
100
AcDbLine
 10
393.489559
 20
229.054457
 30
0.0
 11
393.378718
 21
228.761614
 31
0.0
  0
LINE
  5
147
330
7A
100
AcDbEntity
  8
0
  6
AUSGEZOGEN
 62
     7
370
    18
100
AcDbLine
 10
452.092304
 20
228.734959
 30
0.0
 11
452.092304
 21
229.027852
 31
0.0
  0
LINE
  5
148
330
7A
100
AcDbEntity
  8
0
  6
AUSGEZOGEN
 62
     7
370
    18
100
AcDbLine
 10
452.092304
 20
229.027852
 30
0.0
 11
452.092304
 21
229.734957
 31
0.0
  0
LINE
  5
149
330
7A
100
AcDbEntity
  8
0
  6
AUSGEZOGEN
 62
     7
370
    18
100
AcDbLine
 10
393.757152
 20
229.76144
 30
0.0
 11
393.489559
 21
229.054457
 31
0.0
  0
ARC
  5
14A
330
7A
100
AcDbEntity
  8
0
  6
AUSGEZOGEN
 62
     7
370
    18
100
AcDbCircle
 10
211.413606
 20
251.261644
 30
0.0
 40
12.4999749999999
100
AcDbArc
 50
102.578119
 51
229.584083
  0
ARC
  5
14B
330
7A
100
AcDbEntity
  8
0
  6
AUSGEZOGEN
 62
     7
370
    18
100
AcDbCircle
 10
211.413606
 20
251.261644
 30
0.0
 40
12.4999749999999
100
AcDbArc
 50
229.584083
 51
356.590048
  0
LINE
  5
14C
330
7A
100
AcDbEntity
  8
0
  6
AUSGEZOGEN
 62
     7
370
    18
100
AcDbLine
 10
451.592305
 20
118.762108
 30
0.0
 11
451.592305
 21
119.76162
 31
0.0
  0
LINE
  5
14D
330
7A
100
AcDbEntity
  8
0
  6
AUSGEZOGEN
 62
     7
370
    18
100
AcDbLine
 10
270.204678
 20
173.761711
 30
0.0
 11
254.579678
 21
173.761715
 31
0.0
  0
LINE
  5
14E
330
7A
100
AcDbEntity
  8
0
  6
DASHED
 62
     7
370
    18
100
AcDbLine
 10
247.422131498091
 20
173.761716498091
 30
0.0
 11
211.579678
 21
173.761724
 31
0.0
  0
LINE
  5
14F
330
7A
100
AcDbEntity
  8
0
  6
DASHED
 62
     7
370
    18
100
AcDbLine
 10
254.579678
 20
173.761715
 30
0.0
 11
254.554298367554
 21
173.761715005312
 31
0.0
  0
ARC
  5
150
330
7A
100
AcDbEntity
  8
0
  6
AUSGEZOGEN
 62
     7
370
    18
100
AcDbCircle
 10
363.140005
 20
186.520778
 30
0.0
 40
14.9600151445569
100
AcDbArc
 50
301.281909
 51
338.79382
  0
ARC
  5
151
330
7A
100
AcDbEntity
  8
0
  6
AUSGEZOGEN
 62
     7
370
    18
100
AcDbCircle
 10
415.761837
 20
188.756414
 30
0.0
 40
7.999984
100
AcDbArc
 50
270.038249
 51
274.970179
  0
ARC
  5
152
330
7A
100
AcDbEntity
  8
0
  6
AUSGEZOGEN
 62
     7
370
    18
100
AcDbCircle
 10
415.761837
 20
188.756414
 30
0.0
 40
7.999984
100
AcDbArc
 50
276.324381
 51
279.944099
  0
ARC
  5
153
330
7A
100
AcDbEntity
  8
0
  6
AUSGEZOGEN
 62
     7
370
    18
100
AcDbCircle
 10
415.761837
 20
188.756414
 30
0.0
 40
7.999984
100
AcDbArc
 50
281.762269
 51
285.448497
  0
ARC
  5
154
330
7A
100
AcDbEntity
  8
0
  6
AUSGEZOGEN
 62
     7
370
    18
100
AcDbCircle
 10
415.761837
 20
188.756414
 30
0.0
 40
7.999984
100
AcDbArc
 50
286.833619
 51
291.594807
  0
ARC
  5
155
330
7A
100
AcDbEntity
  8
0
  6
AUSGEZOGEN
 62
     7
370
    18
100
AcDbCircle
 10
415.761837
 20
188.756414
 30
0.0
 40
7.999984
100
AcDbArc
 50
292.568325
 51
296.525173
  0
ARC
  5
156
330
7A
100
AcDbEntity
  8
0
  6
AUSGEZOGEN
 62
     7
370
    18
100
AcDbCircle
 10
415.761837
 20
188.756414
 30
0.0
 40
7.999984
100
AcDbArc
 50
298.071116
 51
301.659693
  0
ARC
  5
157
330
7A
100
AcDbEntity
  8
0
  6
AUSGEZOGEN
 62
     7
370
    18
100
AcDbCircle
 10
415.761837
 20
188.756414
 30
0.0
 40
7.999984
100
AcDbArc
 50
303.262705
 51
307.536819
  0
ARC
  5
158
330
7A
100
AcDbEntity
  8
0
  6
AUSGEZOGEN
 62
     7
370
    18
100
AcDbCircle
 10
415.761837
 20
188.756414
 30
0.0
 40
7.999984
100
AcDbArc
 50
308.236003
 51
313.406173
  0
ARC
  5
159
330
7A
100
AcDbEntity
  8
0
  6
AUSGEZOGEN
 62
     7
370
    18
100
AcDbCircle
 10
415.761837
 20
188.756414
 30
0.0
 40
7.999984
100
AcDbArc
 50
314.704885
 51
318.178384
  0
ARC
  5
15A
330
7A
100
AcDbEntity
  8
0
  6
AUSGEZOGEN
 62
     7
370
    18
100
AcDbCircle
 10
415.761837
 20
188.756414
 30
0.0
 40
7.999984
100
AcDbArc
 50
320.020102
 51
323.574149
  0
ARC
  5
15B
330
7A
100
AcDbEntity
  8
0
  6
DASHED
 62
     7
370
    18
100
AcDbCircle
 10
415.761837
 20
188.756414
 30
0.0
 40
7.999984
100
AcDbArc
 50
323.574149
 51
325.094742
  0
ARC
  5
15C
330
7A
100
AcDbEntity
  8
0
  6
AUSGEZOGEN
 62
     7
370
    18
100
AcDbCircle
 10
415.761837
 20
188.756414
 30
0.0
 40
7.999984
100
AcDbArc
 50
325.094742
 51
334.992073
  0
ARC
  5
15D
330
7A
100
AcDbEntity
  8
0
  6
AUSGEZOGEN
 62
     7
370
    18
100
AcDbCircle
 10
415.761837
 20
188.756414
 30
0.0
 40
7.999984
100
AcDbArc
 50
336.455538
 51
339.990864
  0
ARC
  5
15E
330
7A
100
AcDbEntity
  8
0
  6
AUSGEZOGEN
 62
     7
370
    18
100
AcDbCircle
 10
415.761837
 20
188.756414
 30
0.0
 40
7.999984
100
AcDbArc
 50
341.638189
 51
345.399513
  0
ARC
  5
15F
330
7A
100
AcDbEntity
  8
0
  6
AUSGEZOGEN
 62
     7
370
    18
100
AcDbCircle
 10
415.761837
 20
188.756414
 30
0.0
 40
7.999984
100
AcDbArc
 50
346.652957
 51
351.678446
  0
ARC
  5
160
330
7A
100
AcDbEntity
  8
0
  6
AUSGEZOGEN
 62
     7
370
    18
100
AcDbCircle
 10
415.761837
 20
188.756414
 30
0.0
 40
7.999984
100
AcDbArc
 50
352.608198
 51
356.640744
  0
ARC
  5
161
330
7A
100
AcDbEntity
  8
0
  6
AUSGEZOGEN
 62
     7
370
    18
100
AcDbCircle
 10
415.761837
 20
188.756414
 30
0.0
 40
7.999984
100
AcDbArc
 50
358.26596
 51
1.731669
  0
ARC
  5
162
330
7A
100
AcDbEntity
  8
0
  6
AUSGEZOGEN
 62
     7
370
    18
100
AcDbCircle
 10
415.761837
 20
188.756414
 30
0.0
 40
7.999984
100
AcDbArc
 50
3.360374
 51
7.38945
  0
ARC
  5
163
330
7A
100
AcDbEntity
  8
0
  6
AUSGEZOGEN
 62
     7
370
    18
100
AcDbCircle
 10
415.761837
 20
188.756414
 30
0.0
 40
7.999984
100
AcDbArc
 50
8.322661
 51
13.348139
  0
ARC
  5
164
330
7A
100
AcDbEntity
  8
0
  6
AUSGEZOGEN
 62
     7
370
    18
100
AcDbCircle
 10
415.761837
 20
188.756414
 30
0.0
 40
7.999984
100
AcDbArc
 50
14.601571
 51
18.36288
  0
ARC
  5
165
330
7A
100
AcDbEntity
  8
0
  6
AUSGEZOGEN
 62
     7
370
    18
100
AcDbCircle
 10
415.761837
 20
188.756414
 30
0.0
 40
7.999984
100
AcDbArc
 50
20.010192
 51
23.545493
  0
ARC
  5
166
330
7A
100
AcDbEntity
  8
0
  6
AUSGEZOGEN
 62
     7
370
    18
100
AcDbCircle
 10
415.761837
 20
188.756414
 30
0.0
 40
7.999984
100
AcDbArc
 50
25.008944
 51
34.906178
  0
ARC
  5
167
330
7A
100
AcDbEntity
  8
0
  6
AUSGEZOGEN
 62
     7
370
    18
100
AcDbCircle
 10
415.761837
 20
188.756414
 30
0.0
 40
7.999984
100
AcDbArc
 50
36.426753
 51
39.978078
  0
ARC
  5
168
330
7A
100
AcDbEntity
  8
0
  6
AUSGEZOGEN
 62
     7
370
    18
100
AcDbCircle
 10
415.761837
 20
188.756414
 30
0.0
 40
7.999984
100
AcDbArc
 50
41.822455
 51
45.295905
  0
ARC
  5
169
330
7A
100
AcDbEntity
  8
0
  6
AUSGEZOGEN
 62
     7
370
    18
100
AcDbCircle
 10
415.761837
 20
188.756414
 30
0.0
 40
7.999984
100
AcDbArc
 50
46.594597
 51
51.762525
  0
ARC
  5
16A
330
7A
100
AcDbEntity
  8
0
  6
AUSGEZOGEN
 62
     7
370
    18
100
AcDbCircle
 10
415.761837
 20
188.756414
 30
0.0
 40
7.999984
100
AcDbArc
 50
52.461736
 51
56.737912
  0
ARC
  5
16B
330
7A
100
AcDbEntity
  8
0
  6
AUSGEZOGEN
 62
     7
370
    18
100
AcDbCircle
 10
415.761837
 20
188.756414
 30
0.0
 40
7.999984
100
AcDbArc
 50
58.339059
 51
61.927764
  0
ARC
  5
16C
330
7A
100
AcDbEntity
  8
0
  6
AUSGEZOGEN
 62
     7
370
    18
100
AcDbCircle
 10
415.761837
 20
188.756414
 30
0.0
 40
7.999984
100
AcDbArc
 50
63.473765
 51
67.432106
  0
ARC
  5
16D
330
7A
100
AcDbEntity
  8
0
  6
AUSGEZOGEN
 62
     7
370
    18
100
AcDbCircle
 10
415.761837
 20
188.756414
 30
0.0
 40
7.999984
100
AcDbArc
 50
68.405607
 51
73.165693
  0
ARC
  5
16E
330
7A
100
AcDbEntity
  8
0
  6
AUSGEZOGEN
 62
     7
370
    18
100
AcDbCircle
 10
415.761837
 20
188.756414
 30
0.0
 40
7.999984
100
AcDbArc
 50
74.551802
 51
78.23796
  0
ARC
  5
16F
330
7A
100
AcDbEntity
  8
0
  6
AUSGEZOGEN
 62
     7
370
    18
100
AcDbCircle
 10
415.761837
 20
188.756414
 30
0.0
 40
7.999984
100
AcDbArc
 50
80.056095
 51
83.675743
  0
ARC
  5
170
330
7A
100
AcDbEntity
  8
0
  6
AUSGEZOGEN
 62
     7
370
    18
100
AcDbCircle
 10
415.761837
 20
188.756414
 30
0.0
 40
7.999984
100
AcDbArc
 50
85.029918
 51
89.961749
  0
ARC
  5
171
330
7A
100
AcDbEntity
  8
0
  6
AUSGEZOGEN
 62
     7
370
    18
100
AcDbCircle
 10
415.761837
 20
188.756414
 30
0.0
 40
7.999984
100
AcDbArc
 50
90.0
 51
94.893833
  0
ARC
  5
172
330
7A
100
AcDbEntity
  8
0
  6
AUSGEZOGEN
 62
     7
370
    18
100
AcDbCircle
 10
415.761837
 20
188.756414
 30
0.0
 40
7.999984
100
AcDbArc
 50
96.69323
 51
99.868474
  0
ARC
  5
173
330
7A
100
AcDbEntity
  8
0
  6
AUSGEZOGEN
 62
     7
370
    18
100
AcDbCircle
 10
415.761837
 20
188.756414
 30
0.0
 40
7.999984
100
AcDbArc
 50
101.687105
 51
105.374414
  0
ARC
  5
174
330
7A
100
AcDbEntity
  8
0
  6
AUSGEZOGEN
 62
     7
370
    18
100
AcDbCircle
 10
415.761837
 20
188.756414
 30
0.0
 40
7.999984
100
AcDbArc
 50
106.761088
 51
111.523193
  0
ARC
  5
175
330
7A
100
AcDbEntity
  8
0
  6
AUSGEZOGEN
 62
     7
370
    18
100
AcDbCircle
 10
415.761837
 20
188.756414
 30
0.0
 40
7.999984
100
AcDbArc
 50
112.49716
 51
116.45765
  0
ARC
  5
176
330
7A
100
AcDbEntity
  8
0
  6
DASHED
 62
     7
370
    18
100
AcDbCircle
 10
415.761837
 20
188.756414
 30
0.0
 40
7.999984
100
AcDbArc
 50
116.45765
 51
118.399508
  0
ARC
  5
177
330
7A
100
AcDbEntity
  8
0
  6
AUSGEZOGEN
 62
     7
370
    18
100
AcDbCircle
 10
415.761837
 20
188.756414
 30
0.0
 40
7.999984
100
AcDbArc
 50
118.399508
 51
121.595683
  0
ARC
  5
178
330
7A
100
AcDbEntity
  8
0
  6
AUSGEZOGEN
 62
     7
370
    18
100
AcDbCircle
 10
415.761837
 20
188.756414
 30
0.0
 40
7.999984
100
AcDbArc
 50
123.197965
 51
127.477629
  0
ARC
  5
179
330
7A
100
AcDbEntity
  8
0
  6
AUSGEZOGEN
 62
     7
370
    18
100
AcDbCircle
 10
415.761837
 20
188.756414
 30
0.0
 40
7.999984
100
AcDbArc
 50
128.177234
 51
133.349856
  0
ARC
  5
17A
330
7A
100
AcDbEntity
  8
0
  6
AUSGEZOGEN
 62
     7
370
    18
100
AcDbCircle
 10
415.761837
 20
188.756414
 30
0.0
 40
7.999984
100
AcDbArc
 50
134.649698
 51
138.424607
  0
ARC
  5
17B
330
7A
100
AcDbEntity
  8
0
  6
AUSGEZOGEN
 62
     7
370
    18
100
AcDbCircle
 10
415.761837
 20
188.756414
 30
0.0
 40
7.999984
100
AcDbArc
 50
139.972721
 51
143.527814
  0
ARC
  5
17C
330
7A
100
AcDbEntity
  8
0
  6
AUSGEZOGEN
 62
     7
370
    18
100
AcDbCircle
 10
415.761837
 20
188.756414
 30
0.0
 40
7.999984
100
AcDbArc
 50
145.050046
 51
154.9587
  0
ARC
  5
17D
330
7A
100
AcDbEntity
  8
0
  6
DASHED
 62
     7
370
    18
100
AcDbCircle
 10
415.761837
 20
188.756414
 30
0.0
 40
7.999984
100
AcDbArc
 50
154.9587
 51
156.423842
  0
ARC
  5
17E
330
7A
100
AcDbEntity
  8
0
  6
AUSGEZOGEN
 62
     7
370
    18
100
AcDbCircle
 10
415.761837
 20
188.756414
 30
0.0
 40
7.999984
100
AcDbArc
 50
156.423842
 51
159.963557
  0
ARC
  5
17F
330
7A
100
AcDbEntity
  8
0
  6
DASHED
 62
     7
370
    18
100
AcDbCircle
 10
415.761837
 20
188.756414
 30
0.0
 40
7.999984
100
AcDbArc
 50
159.963557
 51
161.7537
  0
ARC
  5
180
330
7A
100
AcDbEntity
  8
0
  6
AUSGEZOGEN
 62
     7
370
    18
100
AcDbCircle
 10
415.761837
 20
188.756414
 30
0.0
 40
7.999984
100
AcDbArc
 50
161.7537
 51
165.379153
  0
ARC
  5
181
330
7A
100
AcDbEntity
  8
0
  6
AUSGEZOGEN
 62
     7
370
    18
100
AcDbCircle
 10
415.761837
 20
188.756414
 30
0.0
 40
7.999984
100
AcDbArc
 50
166.737316
 51
171.666289
  0
ARC
  5
182
330
7A
100
AcDbEntity
  8
0
  6
AUSGEZOGEN
 62
     7
370
    18
100
AcDbCircle
 10
415.761837
 20
188.756414
 30
0.0
 40
7.999984
100
AcDbArc
 50
172.60071
 51
176.635146
  0
ARC
  5
183
330
7A
100
AcDbEntity
  8
0
  6
AUSGEZOGEN
 62
     7
370
    18
100
AcDbCircle
 10
415.761837
 20
188.756414
 30
0.0
 40
7.999984
100
AcDbArc
 50
178.266019
 51
181.736355
  0
ARC
  5
184
330
7A
100
AcDbEntity
  8
0
  6
AUSGEZOGEN
 62
     7
370
    18
100
AcDbCircle
 10
415.761837
 20
188.756414
 30
0.0
 40
7.999984
100
AcDbArc
 50
183.363734
 51
187.401645
  0
ARC
  5
185
330
7A
100
AcDbEntity
  8
0
  6
AUSGEZOGEN
 62
     7
370
    18
100
AcDbCircle
 10
415.761837
 20
188.756414
 30
0.0
 40
7.999984
100
AcDbArc
 50
188.332602
 51
193.261594
  0
ARC
  5
186
330
7A
100
AcDbEntity
  8
0
  6
AUSGEZOGEN
 62
     7
370
    18
100
AcDbCircle
 10
415.761837
 20
188.756414
 30
0.0
 40
7.999984
100
AcDbArc
 50
194.619762
 51
198.245237
  0
ARC
  5
187
330
7A
100
AcDbEntity
  8
0
  6
DASHED
 62
     7
370
    18
100
AcDbCircle
 10
415.761837
 20
188.756414
 30
0.0
 40
7.999984
100
AcDbArc
 50
198.245237
 51
200.035386
  0
ARC
  5
188
330
7A
100
AcDbEntity
  8
0
  6
AUSGEZOGEN
 62
     7
370
    18
100
AcDbCircle
 10
415.761837
 20
188.756414
 30
0.0
 40
7.999984
100
AcDbArc
 50
200.035386
 51
203.575126
  0
ARC
  5
189
330
7A
100
AcDbEntity
  8
0
  6
AUSGEZOGEN
 62
     7
370
    18
100
AcDbCircle
 10
415.761837
 20
188.756414
 30
0.0
 40
7.999984
100
AcDbArc
 50
205.040283
 51
214.949034
  0
ARC
  5
18A
330
7A
100
AcDbEntity
  8
0
  6
AUSGEZOGEN
 62
     7
370
    18
100
AcDbCircle
 10
415.761837
 20
188.756414
 30
0.0
 40
7.999984
100
AcDbArc
 50
216.471283
 51
220.029099
  0
ARC
  5
18B
330
7A
100
AcDbEntity
  8
0
  6
AUSGEZOGEN
 62
     7
370
    18
100
AcDbCircle
 10
415.761837
 20
188.756414
 30
0.0
 40
7.999984
100
AcDbArc
 50
221.574555
 51
225.349512
  0
ARC
  5
18C
330
7A
100
AcDbEntity
  8
0
  6
AUSGEZOGEN
 62
     7
370
    18
100
AcDbCircle
 10
415.761837
 20
188.756414
 30
0.0
 40
7.999984
100
AcDbArc
 50
226.649374
 51
231.824237
  0
ARC
  5
18D
330
7A
100
AcDbEntity
  8
0
  6
AUSGEZOGEN
 62
     7
370
    18
100
AcDbCircle
 10
415.761837
 20
188.756414
 30
0.0
 40
7.999984
100
AcDbArc
 50
232.523815
 51
236.801419
  0
ARC
  5
18E
330
7A
100
AcDbEntity
  8
0
  6
AUSGEZOGEN
 62
     7
370
    18
100
AcDbCircle
 10
415.761837
 20
188.756414
 30
0.0
 40
7.999984
100
AcDbArc
 50
238.405564
 51
241.60162
  0
ARC
  5
18F
330
7A
100
AcDbEntity
  8
0
  6
AUSGEZOGEN
 62
     7
370
    18
100
AcDbCircle
 10
415.761837
 20
188.756414
 30
0.0
 40
7.999984
100
AcDbArc
 50
243.54341
 51
247.50241
  0
ARC
  5
190
330
7A
100
AcDbEntity
  8
0
  6
AUSGEZOGEN
 62
     7
370
    18
100
AcDbCircle
 10
415.761837
 20
188.756414
 30
0.0
 40
7.999984
100
AcDbArc
 50
248.476395
 51
253.239597
  0
ARC
  5
191
330
7A
100
AcDbEntity
  8
0
  6
AUSGEZOGEN
 62
     7
370
    18
100
AcDbCircle
 10
415.761837
 20
188.756414
 30
0.0
 40
7.999984
100
AcDbArc
 50
254.625288
 51
258.312667
  0
ARC
  5
192
330
7A
100
AcDbEntity
  8
0
  6
AUSGEZOGEN
 62
     7
370
    18
100
AcDbCircle
 10
415.761837
 20
188.756414
 30
0.0
 40
7.999984
100
AcDbArc
 50
260.131333
 51
263.306639
  0
ARC
  5
193
330
7A
100
AcDbEntity
  8
0
  6
AUSGEZOGEN
 62
     7
370
    18
100
AcDbCircle
 10
415.761837
 20
188.756414
 30
0.0
 40
7.999984
100
AcDbArc
 50
265.106071
 51
270.0
  0
LINE
  5
194
330
7A
100
AcDbEntity
  8
0
  6
AUSGEZOGEN
 62
     7
370
    18
100
AcDbLine
 10
452.092304
 20
119.761832
 30
0.0
 11
451.592305
 21
119.761832
 31
0.0
  0
ARC
  5
195
330
7A
100
AcDbEntity
  8
0
  6
AUSGEZOGEN
 62
     7
370
    18
100
AcDbCircle
 10
262.364961
 20
186.520853
 30
0.0
 40
14.9600151445569
100
AcDbArc
 50
251.334391
 51
301.473776
  0
ARC
  5
196
330
7A
100
AcDbEntity
  8
0
  6
AUSGEZOGEN
 62
     7
370
    18
100
AcDbCircle
 10
262.364961
 20
186.520853
 30
0.0
 40
14.9600151445569
100
AcDbArc
 50
201.195005
 51
251.334391
  0
LINE
  5
197
330
7A
100
AcDbEntity
  8
0
  6
AUSGEZOGEN
 62
     7
370
    18
100
AcDbLine
 10
209.743129
 20
180.756505
 30
0.0
 11
209.743129
 21
175.756515
 31
0.0
  0
ARC
  5
198
330
7A
100
AcDbEntity
  8
0
  6
AUSGEZOGEN
 62
     7
370
    18
100
AcDbCircle
 10
209.743129
 20
188.756489
 30
0.0
 40
12.999974
100
AcDbArc
 50
270.0
 51
90.0
  0
ARC
  5
199
330
7A
100
AcDbEntity
  8
0
  6
AUSGEZOGEN
 62
     7
370
    18
100
AcDbCircle
 10
209.743129
 20
188.756489
 30
0.0
 40
7.999984
100
AcDbArc
 50
270.0
 51
90.0
  0
ARC
  5
19A
330
7A
100
AcDbEntity
  8
0
  6
AUSGEZOGEN
 62
     7
370
    18
100
AcDbCircle
 10
209.743129
 20
188.756489
 30
0.0
 40
7.999984
100
AcDbArc
 50
90.0
 51
270.0
  0
ARC
  5
19B
330
7A
100
AcDbEntity
  8
0
  6
AUSGEZOGEN
 62
     7
370
    18
100
AcDbCircle
 10
209.743129
 20
188.756489
 30
0.0
 40
12.999974
100
AcDbArc
 50
90.0
 51
270.0
  0
LINE
  5
19C
330
7A
100
AcDbEntity
  8
0
  6
AUSGEZOGEN
 62
     7
370
    18
100
AcDbLine
 10
209.743129
 20
201.756463
 30
0.0
 11
209.743129
 21
196.756473
 31
0.0
  0
LINE
  5
19D
330
7A
100
AcDbEntity
  8
0
  6
AUSGEZOGEN
 62
     7
370
    18
100
AcDbLine
 10
393.038222
 20
223.028926
 30
0.0
 11
391.438726
 21
223.636124
 31
0.0
  0
ARC
  5
19E
330
7A
100
AcDbEntity
  8
0
  6
AUSGEZOGEN
 62
     7
370
    18
100
AcDbCircle
 10
200.425008
 20
213.756419
 30
0.0
 40
7.999984
100
AcDbArc
 50
270.212491
 51
275.143785
  0
ARC
  5
19F
330
7A
100
AcDbEntity
  8
0
  6
DASHED
 62
     7
370
    18
100
AcDbCircle
 10
200.425008
 20
213.756419
 30
0.0
 40
7.999984
100
AcDbArc
 50
275.143785
 51
276.497684
  0
ARC
  5
1A0
330
7A
100
AcDbEntity
  8
0
  6
AUSGEZOGEN
 62
     7
370
    18
100
AcDbCircle
 10
200.425008
 20
213.756419
 30
0.0
 40
7.999984
100
AcDbArc
 50
276.497684
 51
280.115774
  0
ARC
  5
1A1
330
7A
100
AcDbEntity
  8
0
  6
DASHED
 62
     7
370
    18
100
AcDbCircle
 10
200.425008
 20
213.756419
 30
0.0
 40
7.999984
100
AcDbArc
 50
280.115774
 51
281.494289
  0
ARC
  5
1A2
330
7A
100
AcDbEntity
  8
0
  6
AUSGEZOGEN
 62
     7
370
    18
100
AcDbCircle
 10
200.425008
 20
213.756419
 30
0.0
 40
7.999984
100
AcDbArc
 50
281.494289
 51
285.184575
  0
ARC
  5
1A3
330
7A
100
AcDbEntity
  8
0
  6
DASHED
 62
     7
370
    18
100
AcDbCircle
 10
200.425008
 20
213.756419
 30
0.0
 40
7.999984
100
AcDbArc
 50
285.184575
 51
286.57171
  0
ARC
  5
1A4
330
7A
100
AcDbEntity
  8
0
  6
AUSGEZOGEN
 62
     7
370
    18
100
AcDbCircle
 10
200.425008
 20
213.756419
 30
0.0
 40
7.999984
100
AcDbArc
 50
286.57171
 51
291.756709
  0
ARC
  5
1A5
330
7A
100
AcDbEntity
  8
0
  6
AUSGEZOGEN
 62
     7
370
    18
100
AcDbCircle
 10
200.425008
 20
213.756419
 30
0.0
 40
7.999984
100
AcDbArc
 50
292.729154
 51
296.681063
  0
ARC
  5
1A6
330
7A
100
AcDbEntity
  8
0
  6
DASHED
 62
     7
370
    18
100
AcDbCircle
 10
200.425008
 20
213.756419
 30
0.0
 40
7.999984
100
AcDbArc
 50
296.681063
 51
298.226659
  0
ARC
  5
1A7
330
7A
100
AcDbEntity
  8
0
  6
AUSGEZOGEN
 62
     7
370
    18
100
AcDbCircle
 10
200.425008
 20
213.756419
 30
0.0
 40
7.999984
100
AcDbArc
 50
298.226659
 51
301.80797
  0
ARC
  5
1A8
330
7A
100
AcDbEntity
  8
0
  6
DASHED
 62
     7
370
    18
100
AcDbCircle
 10
200.425008
 20
213.756419
 30
0.0
 40
7.999984
100
AcDbArc
 50
301.80797
 51
303.408389
  0
ARC
  5
1A9
330
7A
100
AcDbEntity
  8
0
  6
AUSGEZOGEN
 62
     7
370
    18
100
AcDbCircle
 10
200.425008
 20
213.756419
 30
0.0
 40
7.999984
100
AcDbArc
 50
303.408389
 51
307.319665
  0
ARC
  5
1AA
330
7A
100
AcDbEntity
  8
0
  6
DASHED
 62
     7
370
    18
100
AcDbCircle
 10
200.425008
 20
213.756419
 30
0.0
 40
7.999984
100
AcDbArc
 50
307.319665
 51
308.37282
  0
ARC
  5
1AB
330
7A
100
AcDbEntity
  8
0
  6
AUSGEZOGEN
 62
     7
370
    18
100
AcDbCircle
 10
200.425008
 20
213.756419
 30
0.0
 40
7.999984
100
AcDbArc
 50
308.37282
 51
313.207179
  0
ARC
  5
1AC
330
7A
100
AcDbEntity
  8
0
  6
DASHED
 62
     7
370
    18
100
AcDbCircle
 10
200.425008
 20
213.756419
 30
0.0
 40
7.999984
100
AcDbArc
 50
313.207179
 51
314.510001
  0
ARC
  5
1AD
330
7A
100
AcDbEntity
  8
0
  6
AUSGEZOGEN
 62
     7
370
    18
100
AcDbCircle
 10
200.425008
 20
213.756419
 30
0.0
 40
7.999984
100
AcDbArc
 50
314.510001
 51
318.294654
  0
ARC
  5
1AE
330
7A
100
AcDbEntity
  8
0
  6
DASHED
 62
     7
370
    18
100
AcDbCircle
 10
200.425008
 20
213.756419
 30
0.0
 40
7.999984
100
AcDbArc
 50
318.294654
 51
320.131769
  0
ARC
  5
1AF
330
7A
100
AcDbEntity
  8
0
  6
AUSGEZOGEN
 62
     7
370
    18
100
AcDbCircle
 10
200.425008
 20
213.756419
 30
0.0
 40
7.999984
100
AcDbArc
 50
320.131769
 51
323.411318
  0
ARC
  5
1B0
330
7A
100
AcDbEntity
  8
0
  6
DASHED
 62
     7
370
    18
100
AcDbCircle
 10
200.425008
 20
213.756419
 30
0.0
 40
7.999984
100
AcDbArc
 50
323.411318
 51
324.937836
  0
ARC
  5
1B1
330
7A
100
AcDbEntity
  8
0
  6
AUSGEZOGEN
 62
     7
370
    18
100
AcDbCircle
 10
200.425008
 20
213.756419
 30
0.0
 40
7.999984
100
AcDbArc
 50
324.937836
 51
334.876057
  0
ARC
  5
1B2
330
7A
100
AcDbEntity
  8
0
  6
DASHED
 62
     7
370
    18
100
AcDbCircle
 10
200.425008
 20
213.756419
 30
0.0
 40
7.999984
100
AcDbArc
 50
334.876057
 51
336.52507
  0
ARC
  5
1B3
330
7A
100
AcDbEntity
  8
0
  6
AUSGEZOGEN
 62
     7
370
    18
100
AcDbCircle
 10
200.425008
 20
213.756419
 30
0.0
 40
7.999984
100
AcDbArc
 50
336.52507
 51
340.050377
  0
ARC
  5
1B4
330
7A
100
AcDbEntity
  8
0
  6
DASHED
 62
     7
370
    18
100
AcDbCircle
 10
200.425008
 20
213.756419
 30
0.0
 40
7.999984
100
AcDbArc
 50
340.050377
 51
341.693067
  0
ARC
  5
1B5
330
7A
100
AcDbEntity
  8
0
  6
AUSGEZOGEN
 62
     7
370
    18
100
AcDbCircle
 10
200.425008
 20
213.756419
 30
0.0
 40
7.999984
100
AcDbArc
 50
341.693067
 51
345.330371
  0
ARC
  5
1B6
330
7A
100
AcDbEntity
  8
0
  6
DASHED
 62
     7
370
    18
100
AcDbCircle
 10
200.425008
 20
213.756419
 30
0.0
 40
7.999984
100
AcDbArc
 50
345.330371
 51
346.693177
  0
ARC
  5
1B7
330
7A
100
AcDbEntity
  8
0
  6
AUSGEZOGEN
 62
     7
370
    18
100
AcDbCircle
 10
200.425008
 20
213.756419
 30
0.0
 40
7.999984
100
AcDbArc
 50
346.693177
 51
351.638795
  0
ARC
  5
1B8
330
7A
100
AcDbEntity
  8
0
  6
DASHED
 62
     7
370
    18
100
AcDbCircle
 10
200.425008
 20
213.756419
 30
0.0
 40
7.999984
100
AcDbArc
 50
351.638795
 51
352.572868
  0
ARC
  5
1B9
330
7A
100
AcDbEntity
  8
0
  6
AUSGEZOGEN
 62
     7
370
    18
100
AcDbCircle
 10
200.425008
 20
213.756419
 30
0.0
 40
7.999984
100
AcDbArc
 50
352.572868
 51
356.624652
  0
ARC
  5
1BA
330
7A
100
AcDbEntity
  8
0
  6
DASHED
 62
     7
370
    18
100
AcDbCircle
 10
200.425008
 20
213.756419
 30
0.0
 40
7.999984
100
AcDbArc
 50
356.624652
 51
358.257623
  0
ARC
  5
1BB
330
7A
100
AcDbEntity
  8
0
  6
AUSGEZOGEN
 62
     7
370
    18
100
AcDbCircle
 10
200.425008
 20
213.756419
 30
0.0
 40
7.999984
100
AcDbArc
 50
358.257623
 51
1.739926
  0
ARC
  5
1BC
330
7A
100
AcDbEntity
  8
0
  6
DASHED
 62
     7
370
    18
100
AcDbCircle
 10
200.425008
 20
213.756419
 30
0.0
 40
7.999984
100
AcDbArc
 50
1.739926
 51
3.376402
  0
ARC
  5
1BD
330
7A
100
AcDbEntity
  8
0
  6
AUSGEZOGEN
 62
     7
370
    18
100
AcDbCircle
 10
200.425008
 20
213.756419
 30
0.0
 40
7.999984
100
AcDbArc
 50
3.376402
 51
7.424701
  0
ARC
  5
1BE
330
7A
100
AcDbEntity
  8
0
  6
DASHED
 62
     7
370
    18
100
AcDbCircle
 10
200.425008
 20
213.756419
 30
0.0
 40
7.999984
100
AcDbArc
 50
7.424701
 51
8.362249
  0
ARC
  5
1BF
330
7A
100
AcDbEntity
  8
0
  6
AUSGEZOGEN
 62
     7
370
    18
100
AcDbCircle
 10
200.425008
 20
213.756419
 30
0.0
 40
7.999984
100
AcDbArc
 50
8.362249
 51
13.307849
  0
ARC
  5
1C0
330
7A
100
AcDbEntity
  8
0
  6
DASHED
 62
     7
370
    18
100
AcDbCircle
 10
200.425008
 20
213.756419
 30
0.0
 40
7.999984
100
AcDbArc
 50
13.307849
 51
14.670652
  0
ARC
  5
1C1
330
7A
100
AcDbEntity
  8
0
  6
AUSGEZOGEN
 62
     7
370
    18
100
AcDbCircle
 10
200.425008
 20
213.756419
 30
0.0
 40
7.999984
100
AcDbArc
 50
14.670652
 51
18.307933
  0
ARC
  5
1C2
330
7A
100
AcDbEntity
  8
0
  6
DASHED
 62
     7
370
    18
100
AcDbCircle
 10
200.425008
 20
213.756419
 30
0.0
 40
7.999984
100
AcDbArc
 50
18.307933
 51
19.950612
  0
ARC
  5
1C3
330
7A
100
AcDbEntity
  8
0
  6
AUSGEZOGEN
 62
     7
370
    18
100
AcDbCircle
 10
200.425008
 20
213.756419
 30
0.0
 40
7.999984
100
AcDbArc
 50
19.950612
 51
23.475896
  0
ARC
  5
1C4
330
7A
100
AcDbEntity
  8
0
  6
DASHED
 62
     7
370
    18
100
AcDbCircle
 10
200.425008
 20
213.756419
 30
0.0
 40
7.999984
100
AcDbArc
 50
23.475896
 51
25.1249
  0
ARC
  5
1C5
330
7A
100
AcDbEntity
  8
0
  6
AUSGEZOGEN
 62
     7
370
    18
100
AcDbCircle
 10
200.425008
 20
213.756419
 30
0.0
 40
7.999984
100
AcDbArc
 50
25.1249
 51
35.063029
  0
ARC
  5
1C6
330
7A
100
AcDbEntity
  8
0
  6
DASHED
 62
     7
370
    18
100
AcDbCircle
 10
200.425008
 20
213.756419
 30
0.0
 40
7.999984
100
AcDbArc
 50
35.063029
 51
36.589531
  0
ARC
  5
1C7
330
7A
100
AcDbEntity
  8
0
  6
AUSGEZOGEN
 62
     7
370
    18
100
AcDbCircle
 10
200.425008
 20
213.756419
 30
0.0
 40
7.999984
100
AcDbArc
 50
36.589531
 51
39.86636
  0
ARC
  5
1C8
330
7A
100
AcDbEntity
  8
0
  6
DASHED
 62
     7
370
    18
100
AcDbCircle
 10
200.425008
 20
213.756419
 30
0.0
 40
7.999984
100
AcDbArc
 50
39.86636
 51
41.706133
  0
ARC
  5
1C9
330
7A
100
AcDbEntity
  8
0
  6
AUSGEZOGEN
 62
     7
370
    18
100
AcDbCircle
 10
200.425008
 20
213.756419
 30
0.0
 40
7.999984
100
AcDbArc
 50
41.706133
 51
45.49074
  0
ARC
  5
1CA
330
7A
100
AcDbEntity
  8
0
  6
DASHED
 62
     7
370
    18
100
AcDbCircle
 10
200.425008
 20
213.756419
 30
0.0
 40
7.999984
100
AcDbArc
 50
45.49074
 51
46.793543
  0
ARC
  5
1CB
330
7A
100
AcDbEntity
  8
0
  6
AUSGEZOGEN
 62
     7
370
    18
100
AcDbCircle
 10
200.425008
 20
213.756419
 30
0.0
 40
7.999984
100
AcDbArc
 50
46.793543
 51
51.625663
  0
ARC
  5
1CC
330
7A
100
AcDbEntity
  8
0
  6
DASHED
 62
     7
370
    18
100
AcDbCircle
 10
200.425008
 20
213.756419
 30
0.0
 40
7.999984
100
AcDbArc
 50
51.625663
 51
52.678851
  0
ARC
  5
1CD
330
7A
100
AcDbEntity
  8
0
  6
AUSGEZOGEN
 62
     7
370
    18
100
AcDbCircle
 10
200.425008
 20
213.756419
 30
0.0
 40
7.999984
100
AcDbArc
 50
52.678851
 51
56.592191
  0
ARC
  5
1CE
330
7A
100
AcDbEntity
  8
0
  6
DASHED
 62
     7
370
    18
100
AcDbCircle
 10
200.425008
 20
213.756419
 30
0.0
 40
7.999984
100
AcDbArc
 50
56.592191
 51
58.190742
  0
ARC
  5
1CF
330
7A
100
AcDbEntity
  8
0
  6
AUSGEZOGEN
 62
     7
370
    18
100
AcDbCircle
 10
200.425008
 20
213.756419
 30
0.0
 40
7.999984
100
AcDbArc
 50
58.190742
 51
61.77384
  0
ARC
  5
1D0
330
7A
100
AcDbEntity
  8
0
  6
DASHED
 62
     7
370
    18
100
AcDbCircle
 10
200.425008
 20
213.756419
 30
0.0
 40
7.999984
100
AcDbArc
 50
61.77384
 51
63.31784
  0
ARC
  5
1D1
330
7A
100
AcDbEntity
  8
0
  6
AUSGEZOGEN
 62
     7
370
    18
100
AcDbCircle
 10
200.425008
 20
213.756419
 30
0.0
 40
7.999984
100
AcDbArc
 50
63.31784
 51
67.271253
  0
ARC
  5
1D2
330
7A
100
AcDbEntity
  8
0
  6
DASHED
 62
     7
370
    18
100
AcDbCircle
 10
200.425008
 20
213.756419
 30
0.0
 40
7.999984
100
AcDbArc
 50
67.271253
 51
68.243681
  0
ARC
  5
1D3
330
7A
100
AcDbEntity
  8
0
  6
AUSGEZOGEN
 62
     7
370
    18
100
AcDbCircle
 10
200.425008
 20
213.756419
 30
0.0
 40
7.999984
100
AcDbArc
 50
68.243681
 51
73.427592
  0
ARC
  5
1D4
330
7A
100
AcDbEntity
  8
0
  6
DASHED
 62
     7
370
    18
100
AcDbCircle
 10
200.425008
 20
213.756419
 30
0.0
 40
7.999984
100
AcDbArc
 50
73.427592
 51
74.815701
  0
ARC
  5
1D5
330
7A
100
AcDbEntity
  8
0
  6
AUSGEZOGEN
 62
     7
370
    18
100
AcDbCircle
 10
200.425008
 20
213.756419
 30
0.0
 40
7.999984
100
AcDbArc
 50
74.815701
 51
78.505921
  0
ARC
  5
1D6
330
7A
100
AcDbEntity
  8
0
  6
DASHED
 62
     7
370
    18
100
AcDbCircle
 10
200.425008
 20
213.756419
 30
0.0
 40
7.999984
100
AcDbArc
 50
78.505921
 51
79.884411
  0
ARC
  5
1D7
330
7A
100
AcDbEntity
  8
0
  6
AUSGEZOGEN
 62
     7
370
    18
100
AcDbCircle
 10
200.425008
 20
213.756419
 30
0.0
 40
7.999984
100
AcDbArc
 50
79.884411
 51
83.502435
  0
ARC
  5
1D8
330
7A
100
AcDbEntity
  8
0
  6
DASHED
 62
     7
370
    18
100
AcDbCircle
 10
200.425008
 20
213.756419
 30
0.0
 40
7.999984
100
AcDbArc
 50
83.502435
 51
84.85631
  0
ARC
  5
1D9
330
7A
100
AcDbEntity
  8
0
  6
AUSGEZOGEN
 62
     7
370
    18
100
AcDbCircle
 10
200.425008
 20
213.756419
 30
0.0
 40
7.999984
100
AcDbArc
 50
84.85631
 51
89.7875
  0
ARC
  5
1DA
330
7A
100
AcDbEntity
  8
0
  6
AUSGEZOGEN
 62
     7
370
    18
100
AcDbCircle
 10
200.425008
 20
213.756419
 30
0.0
 40
7.999984
100
AcDbArc
 50
90.0
 51
95.166231
  0
ARC
  5
1DB
330
7A
100
AcDbEntity
  8
0
  6
AUSGEZOGEN
 62
     7
370
    18
100
AcDbCircle
 10
200.425008
 20
213.756419
 30
0.0
 40
7.999984
100
AcDbArc
 50
96.520065
 51
100.137873
  0
ARC
  5
1DC
330
7A
100
AcDbEntity
  8
0
  6
DASHED
 62
     7
370
    18
100
AcDbCircle
 10
200.425008
 20
213.756419
 30
0.0
 40
7.999984
100
AcDbArc
 50
100.137873
 51
101.516282
  0
ARC
  5
1DD
330
7A
100
AcDbEntity
  8
0
  6
AUSGEZOGEN
 62
     7
370
    18
100
AcDbCircle
 10
200.425008
 20
213.756419
 30
0.0
 40
7.999984
100
AcDbArc
 50
101.516282
 51
105.206171
  0
ARC
  5
1DE
330
7A
100
AcDbEntity
  8
0
  6
DASHED
 62
     7
370
    18
100
AcDbCircle
 10
200.425008
 20
213.756419
 30
0.0
 40
7.999984
100
AcDbArc
 50
105.206171
 51
106.594116
  0
ARC
  5
1DF
330
7A
100
AcDbEntity
  8
0
  6
AUSGEZOGEN
 62
     7
370
    18
100
AcDbCircle
 10
200.425008
 20
213.756419
 30
0.0
 40
7.999984
100
AcDbArc
 50
106.594116
 51
111.777321
  0
ARC
  5
1E0
330
7A
100
AcDbEntity
  8
0
  6
AUSGEZOGEN
 62
     7
370
    18
100
AcDbCircle
 10
200.425008
 20
213.756419
 30
0.0
 40
7.999984
100
AcDbArc
 50
112.749609
 51
116.702379
  0
ARC
  5
1E1
330
7A
100
AcDbEntity
  8
0
  6
DASHED
 62
     7
370
    18
100
AcDbCircle
 10
200.425008
 20
213.756419
 30
0.0
 40
7.999984
100
AcDbArc
 50
116.702379
 51
118.246117
  0
ARC
  5
1E2
330
7A
100
AcDbEntity
  8
0
  6
AUSGEZOGEN
 62
     7
370
    18
100
AcDbCircle
 10
200.425008
 20
213.756419
 30
0.0
 40
7.999984
100
AcDbArc
 50
118.246117
 51
121.828483
  0
ARC
  5
1E3
330
7A
100
AcDbEntity
  8
0
  6
DASHED
 62
     7
370
    18
100
AcDbCircle
 10
200.425008
 20
213.756419
 30
0.0
 40
7.999984
100
AcDbArc
 50
121.828483
 51
123.426697
  0
ARC
  5
1E4
330
7A
100
AcDbEntity
  8
0
  6
AUSGEZOGEN
 62
     7
370
    18
100
AcDbCircle
 10
200.425008
 20
213.756419
 30
0.0
 40
7.999984
100
AcDbArc
 50
123.426697
 51
127.339172
  0
ARC
  5
1E5
330
7A
100
AcDbEntity
  8
0
  6
AUSGEZOGEN
 62
     7
370
    18
100
AcDbCircle
 10
200.425008
 20
213.756419
 30
0.0
 40
7.999984
100
AcDbArc
 50
128.392071
 51
133.222977
  0
ARC
  5
1E6
330
7A
100
AcDbEntity
  8
0
  6
DASHED
 62
     7
370
    18
100
AcDbCircle
 10
200.425008
 20
213.756419
 30
0.0
 40
7.999984
100
AcDbArc
 50
133.222977
 51
134.52544
  0
ARC
  5
1E7
330
7A
100
AcDbEntity
  8
0
  6
AUSGEZOGEN
 62
     7
370
    18
100
AcDbCircle
 10
200.425008
 20
213.756419
 30
0.0
 40
7.999984
100
AcDbArc
 50
134.52544
 51
138.308932
  0
ARC
  5
1E8
330
7A
100
AcDbEntity
  8
0
  6
DASHED
 62
     7
370
    18
100
AcDbCircle
 10
200.425008
 20
213.756419
 30
0.0
 40
7.999984
100
AcDbArc
 50
138.308932
 51
139.860304
  0
ARC
  5
1E9
330
7A
100
AcDbEntity
  8
0
  6
AUSGEZOGEN
 62
     7
370
    18
100
AcDbCircle
 10
200.425008
 20
213.756419
 30
0.0
 40
7.999984
100
AcDbArc
 50
139.860304
 51
143.423994
  0
ARC
  5
1EA
330
7A
100
AcDbEntity
  8
0
  6
DASHED
 62
     7
370
    18
100
AcDbCircle
 10
200.425008
 20
213.756419
 30
0.0
 40
7.999984
100
AcDbArc
 50
143.423994
 51
144.950005
  0
ARC
  5
1EB
330
7A
100
AcDbEntity
  8
0
  6
AUSGEZOGEN
 62
     7
370
    18
100
AcDbCircle
 10
200.425008
 20
213.756419
 30
0.0
 40
7.999984
100
AcDbArc
 50
144.950005
 51
154.88474
  0
ARC
  5
1EC
330
7A
100
AcDbEntity
  8
0
  6
DASHED
 62
     7
370
    18
100
AcDbCircle
 10
200.425008
 20
213.756419
 30
0.0
 40
7.999984
100
AcDbArc
 50
154.88474
 51
156.533111
  0
ARC
  5
1ED
330
7A
100
AcDbEntity
  8
0
  6
AUSGEZOGEN
 62
     7
370
    18
100
AcDbCircle
 10
200.425008
 20
213.756419
 30
0.0
 40
7.999984
100
AcDbArc
 50
156.533111
 51
160.057097
  0
ARC
  5
1EE
330
7A
100
AcDbEntity
  8
0
  6
DASHED
 62
     7
370
    18
100
AcDbCircle
 10
200.425008
 20
213.756419
 30
0.0
 40
7.999984
100
AcDbArc
 50
160.057097
 51
161.699176
  0
ARC
  5
1EF
330
7A
100
AcDbEntity
  8
0
  6
AUSGEZOGEN
 62
     7
370
    18
100
AcDbCircle
 10
200.425008
 20
213.756419
 30
0.0
 40
7.999984
100
AcDbArc
 50
161.699176
 51
165.335094
  0
ARC
  5
1F0
330
7A
100
AcDbEntity
  8
0
  6
DASHED
 62
     7
370
    18
100
AcDbCircle
 10
200.425008
 20
213.756419
 30
0.0
 40
7.999984
100
AcDbArc
 50
165.335094
 51
166.697362
  0
ARC
  5
1F1
330
7A
100
AcDbEntity
  8
0
  6
AUSGEZOGEN
 62
     7
370
    18
100
AcDbCircle
 10
200.425008
 20
213.756419
 30
0.0
 40
7.999984
100
AcDbArc
 50
166.697362
 51
171.641046
  0
ARC
  5
1F2
330
7A
100
AcDbEntity
  8
0
  6
DASHED
 62
     7
370
    18
100
AcDbCircle
 10
200.425008
 20
213.756419
 30
0.0
 40
7.999984
100
AcDbArc
 50
171.641046
 51
172.578233
  0
ARC
  5
1F3
330
7A
100
AcDbEntity
  8
0
  6
AUSGEZOGEN
 62
     7
370
    18
100
AcDbCircle
 10
200.425008
 20
213.756419
 30
0.0
 40
7.999984
100
AcDbArc
 50
172.578233
 51
176.624933
  0
ARC
  5
1F4
330
7A
100
AcDbEntity
  8
0
  6
DASHED
 62
     7
370
    18
100
AcDbCircle
 10
200.425008
 20
213.756419
 30
0.0
 40
7.999984
100
AcDbArc
 50
176.624933
 51
178.260763
  0
ARC
  5
1F5
330
7A
100
AcDbEntity
  8
0
  6
AUSGEZOGEN
 62
     7
370
    18
100
AcDbCircle
 10
200.425008
 20
213.756419
 30
0.0
 40
7.999984
100
AcDbArc
 50
178.260763
 51
181.741687
  0
ARC
  5
1F6
330
7A
100
AcDbEntity
  8
0
  6
DASHED
 62
     7
370
    18
100
AcDbCircle
 10
200.425008
 20
213.756419
 30
0.0
 40
7.999984
100
AcDbArc
 50
181.741687
 51
183.374013
  0
ARC
  5
1F7
330
7A
100
AcDbEntity
  8
0
  6
AUSGEZOGEN
 62
     7
370
    18
100
AcDbCircle
 10
200.425008
 20
213.756419
 30
0.0
 40
7.999984
100
AcDbArc
 50
183.374013
 51
187.424198
  0
ARC
  5
1F8
330
7A
100
AcDbEntity
  8
0
  6
DASHED
 62
     7
370
    18
100
AcDbCircle
 10
200.425008
 20
213.756419
 30
0.0
 40
7.999984
100
AcDbArc
 50
187.424198
 51
188.357911
  0
ARC
  5
1F9
330
7A
100
AcDbEntity
  8
0
  6
AUSGEZOGEN
 62
     7
370
    18
100
AcDbCircle
 10
200.425008
 20
213.756419
 30
0.0
 40
7.999984
100
AcDbArc
 50
188.357911
 51
193.301613
  0
ARC
  5
1FA
330
7A
100
AcDbEntity
  8
0
  6
DASHED
 62
     7
370
    18
100
AcDbCircle
 10
200.425008
 20
213.756419
 30
0.0
 40
7.999984
100
AcDbArc
 50
193.301613
 51
194.663884
  0
ARC
  5
1FB
330
7A
100
AcDbEntity
  8
0
  6
AUSGEZOGEN
 62
     7
370
    18
100
AcDbCircle
 10
200.425008
 20
213.756419
 30
0.0
 40
7.999984
100
AcDbArc
 50
194.663884
 51
198.299824
  0
ARC
  5
1FC
330
7A
100
AcDbEntity
  8
0
  6
DASHED
 62
     7
370
    18
100
AcDbCircle
 10
200.425008
 20
213.756419
 30
0.0
 40
7.999984
100
AcDbArc
 50
198.299824
 51
199.941914
  0
ARC
  5
1FD
330
7A
100
AcDbEntity
  8
0
  6
AUSGEZOGEN
 62
     7
370
    18
100
AcDbCircle
 10
200.425008
 20
213.756419
 30
0.0
 40
7.999984
100
AcDbArc
 50
199.941914
 51
203.465923
  0
ARC
  5
1FE
330
7A
100
AcDbEntity
  8
0
  6
DASHED
 62
     7
370
    18
100
AcDbCircle
 10
200.425008
 20
213.756419
 30
0.0
 40
7.999984
100
AcDbArc
 50
203.465923
 51
205.114303
  0
ARC
  5
1FF
330
7A
100
AcDbEntity
  8
0
  6
AUSGEZOGEN
 62
     7
370
    18
100
AcDbCircle
 10
200.425008
 20
213.756419
 30
0.0
 40
7.999984
100
AcDbArc
 50
205.114303
 51
215.04913
  0
ARC
  5
200
330
7A
100
AcDbEntity
  8
0
  6
DASHED
 62
     7
370
    18
100
AcDbCircle
 10
200.425008
 20
213.756419
 30
0.0
 40
7.999984
100
AcDbArc
 50
215.04913
 51
216.575157
  0
ARC
  5
201
330
7A
100
AcDbEntity
  8
0
  6
AUSGEZOGEN
 62
     7
370
    18
100
AcDbCircle
 10
200.425008
 20
213.756419
 30
0.0
 40
7.999984
100
AcDbArc
 50
216.575157
 51
220.14157
  0
ARC
  5
202
330
7A
100
AcDbEntity
  8
0
  6
DASHED
 62
     7
370
    18
100
AcDbCircle
 10
200.425008
 20
213.756419
 30
0.0
 40
7.999984
100
AcDbArc
 50
220.14157
 51
221.69028
  0
ARC
  5
203
330
7A
100
AcDbEntity
  8
0
  6
AUSGEZOGEN
 62
     7
370
    18
100
AcDbCircle
 10
200.425008
 20
213.756419
 30
0.0
 40
7.999984
100
AcDbArc
 50
221.69028
 51
225.473819
  0
ARC
  5
204
330
7A
100
AcDbEntity
  8
0
  6
DASHED
 62
     7
370
    18
100
AcDbCircle
 10
200.425008
 20
213.756419
 30
0.0
 40
7.999984
100
AcDbArc
 50
225.473819
 51
226.7763
  0
ARC
  5
205
330
7A
100
AcDbEntity
  8
0
  6
AUSGEZOGEN
 62
     7
370
    18
100
AcDbCircle
 10
200.425008
 20
213.756419
 30
0.0
 40
7.999984
100
AcDbArc
 50
226.7763
 51
231.609445
  0
ARC
  5
206
330
7A
100
AcDbEntity
  8
0
  6
DASHED
 62
     7
370
    18
100
AcDbCircle
 10
200.425008
 20
213.756419
 30
0.0
 40
7.999984
100
AcDbArc
 50
231.609445
 51
232.662312
  0
ARC
  5
207
330
7A
100
AcDbEntity
  8
0
  6
AUSGEZOGEN
 62
     7
370
    18
100
AcDbCircle
 10
200.425008
 20
213.756419
 30
0.0
 40
7.999984
100
AcDbArc
 50
232.662312
 51
236.572723
  0
ARC
  5
208
330
7A
100
AcDbEntity
  8
0
  6
DASHED
 62
     7
370
    18
100
AcDbCircle
 10
200.425008
 20
213.756419
 30
0.0
 40
7.999984
100
AcDbArc
 50
236.572723
 51
238.172805
  0
ARC
  5
209
330
7A
100
AcDbEntity
  8
0
  6
AUSGEZOGEN
 62
     7
370
    18
100
AcDbCircle
 10
200.425008
 20
213.756419
 30
0.0
 40
7.999984
100
AcDbArc
 50
238.172805
 51
241.753384
  0
ARC
  5
20A
330
7A
100
AcDbEntity
  8
0
  6
DASHED
 62
     7
370
    18
100
AcDbCircle
 10
200.425008
 20
213.756419
 30
0.0
 40
7.999984
100
AcDbArc
 50
241.753384
 51
243.298719
  0
ARC
  5
20B
330
7A
100
AcDbEntity
  8
0
  6
AUSGEZOGEN
 62
     7
370
    18
100
AcDbCircle
 10
200.425008
 20
213.756419
 30
0.0
 40
7.999984
100
AcDbArc
 50
243.298719
 51
247.249984
  0
ARC
  5
20C
330
7A
100
AcDbEntity
  8
0
  6
DASHED
 62
     7
370
    18
100
AcDbCircle
 10
200.425008
 20
213.756419
 30
0.0
 40
7.999984
100
AcDbArc
 50
247.249984
 51
248.222288
  0
ARC
  5
20D
330
7A
100
AcDbEntity
  8
0
  6
AUSGEZOGEN
 62
     7
370
    18
100
AcDbCircle
 10
200.425008
 20
213.756419
 30
0.0
 40
7.999984
100
AcDbArc
 50
248.222288
 51
253.406582
  0
ARC
  5
20E
330
7A
100
AcDbEntity
  8
0
  6
DASHED
 62
     7
370
    18
100
AcDbCircle
 10
200.425008
 20
213.756419
 30
0.0
 40
7.999984
100
AcDbArc
 50
253.406582
 51
254.793552
  0
ARC
  5
20F
330
7A
100
AcDbEntity
  8
0
  6
AUSGEZOGEN
 62
     7
370
    18
100
AcDbCircle
 10
200.425008
 20
213.756419
 30
0.0
 40
7.999984
100
AcDbArc
 50
254.793552
 51
258.483508
  0
ARC
  5
210
330
7A
100
AcDbEntity
  8
0
  6
DASHED
 62
     7
370
    18
100
AcDbCircle
 10
200.425008
 20
213.756419
 30
0.0
 40
7.999984
100
AcDbArc
 50
258.483508
 51
259.861942
  0
ARC
  5
211
330
7A
100
AcDbEntity
  8
0
  6
AUSGEZOGEN
 62
     7
370
    18
100
AcDbCircle
 10
200.425008
 20
213.756419
 30
0.0
 40
7.999984
100
AcDbArc
 50
259.861942
 51
263.479816
  0
ARC
  5
212
330
7A
100
AcDbEntity
  8
0
  6
DASHED
 62
     7
370
    18
100
AcDbCircle
 10
200.425008
 20
213.756419
 30
0.0
 40
7.999984
100
AcDbArc
 50
263.479816
 51
264.833674
  0
ARC
  5
213
330
7A
100
AcDbEntity
  8
0
  6
AUSGEZOGEN
 62
     7
370
    18
100
AcDbCircle
 10
200.425008
 20
213.756419
 30
0.0
 40
7.999984
100
AcDbArc
 50
264.833674
 51
270.0
  0
LINE
  5
214
330
7A
100
AcDbEntity
  8
0
  6
AUSGEZOGEN
 62
     7
370
    18
100
AcDbLine
 10
188.723231
 20
263.46162
 30
0.0
 11
208.69148
 21
263.46162
 31
0.0
  0
LINE
  5
215
330
7A
100
AcDbEntity
  8
0
  6
AUSGEZOGEN
 62
     7
370
    18
100
AcDbLine
 10
393.378718
 20
228.761614
 30
0.0
 11
452.092304
 21
228.734959
 31
0.0
  0
LINE
  5
216
330
7A
100
AcDbEntity
  8
0
  6
AUSGEZOGEN
 62
     7
370
    18
100
AcDbLine
 10
173.412662
 20
248.16755
 30
0.0
 11
188.723231
 21
263.46162
 31
0.0
  0
LINE
  5
217
330
7A
100
AcDbEntity
  8
0
  6
AUSGEZOGEN
 62
     7
370
    18
100
AcDbLine
 10
378.088052
 20
173.756424
 30
0.0
 11
377.088054
 21
174.756422
 31
0.0
  0
LINE
  5
218
330
7A
100
AcDbEntity
  8
0
  6
AUSGEZOGEN
 62
     7
370
    18
100
AcDbLine
 10
393.757152
 20
229.76144
 30
0.0
 11
452.092304
 21
229.734957
 31
0.0
  0
LINE
  5
219
330
7A
100
AcDbEntity
  8
0
  6
AUSGEZOGEN
 62
     7
370
    18
100
AcDbLine
 10
401.613516
 20
250.518074
 30
0.0
 11
393.757152
 21
229.76144
 31
0.0
  0
LINE
  5
21A
330
7A
100
AcDbEntity
  8
0
  6
AUSGEZOGEN
 62
     7
370
    18
100
AcDbLine
 10
452.092304
 20
248.167475
 30
0.0
 11
436.781735
 21
263.461545
 31
0.0
  0
LINE
  5
21B
330
7A
100
AcDbEntity
  8
0
  6
AUSGEZOGEN
 62
     7
370
    18
100
AcDbLine
 10
231.4902
 20
230.442137
 30
0.0
 11
173.412662
 21
230.442137
 31
0.0
  0
LINE
  5
21C
330
7A
100
AcDbEntity
  8
0
  6
AUSGEZOGEN
 62
     7
370
    18
100
AcDbLine
 10
173.412662
 20
230.442137
 30
0.0
 11
173.412662
 21
229.735032
 31
0.0
  0
LINE
  5
21D
330
7A
100
AcDbEntity
  8
0
  6
AUSGEZOGEN
 62
     7
370
    18
100
AcDbLine
 10
231.757838
 20
229.735032
 30
0.0
 11
231.4902
 21
230.442137
 31
0.0
  0
LINE
  5
21E
330
7A
100
AcDbEntity
  8
0
  6
AUSGEZOGEN
 62
     7
370
    18
100
AcDbLine
 10
231.4902
 20
230.442137
 30
0.0
 11
231.37934
 21
230.73503
 31
0.0
  0
LINE
  5
21F
330
7A
100
AcDbEntity
  8
0
  6
AUSGEZOGEN
 62
     7
370
    18
100
AcDbLine
 10
173.412662
 20
230.73503
 30
0.0
 11
173.412662
 21
230.442137
 31
0.0
  0
LINE
  5
220
330
7A
100
AcDbEntity
  8
0
  6
AUSGEZOGEN
 62
     7
370
    18
100
AcDbLine
 10
415.761837
 20
175.75644
 30
0.0
 11
415.761837
 21
180.75643
 31
0.0
  0
ARC
  5
221
330
7A
100
AcDbEntity
  8
0
  6
AUSGEZOGEN
 62
     7
370
    18
100
AcDbCircle
 10
415.761837
 20
188.756414
 30
0.0
 40
12.999974
100
AcDbArc
 50
270.0
 51
90.0
  0
ARC
  5
222
330
7A
100
AcDbEntity
  8
0
  6
AUSGEZOGEN
 62
     7
370
    18
100
AcDbCircle
 10
415.761837
 20
188.756414
 30
0.0
 40
7.999984
100
AcDbArc
 50
270.0
 51
90.0
  0
ARC
  5
223
330
7A
100
AcDbEntity
  8
0
  6
AUSGEZOGEN
 62
     7
370
    18
100
AcDbCircle
 10
415.761837
 20
188.756414
 30
0.0
 40
7.999984
100
AcDbArc
 50
90.0
 51
270.0
  0
ARC
  5
224
330
7A
100
AcDbEntity
  8
0
  6
AUSGEZOGEN
 62
     7
370
    18
100
AcDbCircle
 10
415.761837
 20
188.756414
 30
0.0
 40
12.999974
100
AcDbArc
 50
90.0
 51
270.0
  0
LINE
  5
225
330
7A
100
AcDbEntity
  8
0
  6
AUSGEZOGEN
 62
     7
370
    18
100
AcDbLine
 10
415.761837
 20
201.756388
 30
0.0
 11
415.761837
 21
196.756398
 31
0.0
  0
LINE
  5
226
330
7A
100
AcDbEntity
  8
0
  6
AUSGEZOGEN
 62
     7
370
    18
100
AcDbLine
 10
295.591417
 20
103.761939
 30
0.0
 11
173.912661
 21
103.761939
 31
0.0
  0
LINE
  5
227
330
7A
100
AcDbEntity
  8
0
  6
AUSGEZOGEN
 62
     7
370
    18
100
AcDbLine
 10
329.913549
 20
103.761939
 30
0.0
 11
295.591417
 21
103.761939
 31
0.0
  0
ARC
  5
228
330
7A
100
AcDbEntity
  8
0
  6
AUSGEZOGEN
 62
     7
370
    18
100
AcDbCircle
 10
209.743129
 20
188.756489
 30
0.0
 40
12.999974
100
AcDbArc
 50
270.0
 51
90.0
  0
LINE
  5
229
330
7A
100
AcDbEntity
  8
0
  6
AUSGEZOGEN
 62
     7
370
    18
100
AcDbLine
 10
173.412662
 20
228.735034
 30
0.0
 11
173.412662
 21
173.686874
 31
0.0
  0
LINE
  5
22A
330
7A
100
AcDbEntity
  8
0
  6
AUSGEZOGEN
 62
     7
370
    18
100
AcDbLine
 10
234.06624
 20
223.636199
 30
0.0
 11
232.126248
 21
228.761689
 31
0.0
  0
ARC
  5
22B
330
7A
100
AcDbEntity
  8
0
  6
AUSGEZOGEN
 62
     7
370
    18
100
AcDbCircle
 10
200.425008
 20
213.756419
 30
0.0
 40
12.999974
100
AcDbArc
 50
90.0
 51
270.0
  0
ARC
  5
22C
330
7A
100
AcDbEntity
  8
0
  6
AUSGEZOGEN
 62
     7
370
    18
100
AcDbCircle
 10
209.743129
 20
188.756489
 30
0.0
 40
12.999974
100
AcDbArc
 50
90.0
 51
270.0
  0
LINE
  5
22D
330
7A
100
AcDbEntity
  8
0
  6
AUSGEZOGEN
 62
     7
370
    18
100
AcDbLine
 10
173.412662
 20
173.686874
 30
0.0
 11
247.416914
 21
173.756499
 31
0.0
  0
LINE
  5
22E
330
7A
100
AcDbEntity
  8
0
  6
AUSGEZOGEN
 62
     7
370
    18
100
AcDbLine
 10
232.466743
 20
223.029
 30
0.0
 11
234.06624
 21
223.636199
 31
0.0
  0
ARC
  5
22F
330
7A
100
AcDbEntity
  8
0
  6
AUSGEZOGEN
 62
     7
370
    18
100
AcDbCircle
 10
200.425008
 20
213.756419
 30
0.0
 40
12.999974
100
AcDbArc
 50
270.0
 51
90.0
  0
LINE
  5
230
330
7A
100
AcDbEntity
  8
0
  6
AUSGEZOGEN
 62
     7
370
    18
100
AcDbLine
 10
248.416912
 20
174.756497
 30
0.0
 11
248.416912
 21
181.11216
 31
0.0
  0
ARC
  5
231
330
7A
100
AcDbEntity
  8
0
  6
AUSGEZOGEN
 62
     7
370
    18
100
AcDbCircle
 10
262.364961
 20
186.520853
 30
0.0
 40
14.9600151445569
100
AcDbArc
 50
200.226307
 51
201.195005
  0
LINE
  5
232
330
7A
100
AcDbEntity
  8
0
  6
DASHED
 62
     7
370
    18
100
AcDbLine
 10
232.015407
 20
229.054531
 30
0.0
 11
173.412662
 21
229.027927
 31
0.0
  0
LINE
  5
233
330
7A
100
AcDbEntity
  8
0
  6
DASHED
 62
     7
370
    18
100
AcDbLine
 10
231.757838
 20
229.735032
 30
0.0
 11
232.015407
 21
229.054531
 31
0.0
  0
LINE
  5
234
330
7A
100
AcDbEntity
  8
0
  6
DASHED
 62
     7
370
    18
100
AcDbLine
 10
173.412662
 20
229.735032
 30
0.0
 11
231.747814
 21
229.761515
 31
0.0
  0
LINE
  5
235
330
7A
100
AcDbEntity
  8
0
  6
AUSGEZOGEN
 62
     7
370
    18
100
AcDbLine
 10
231.757838
 20
229.735032
 30
0.0
 11
173.412662
 21
229.735032
 31
0.0
  0
LINE
  5
236
330
7A
100
AcDbEntity
  8
0
  6
AUSGEZOGEN
 62
     7
370
    18
100
AcDbLine
 10
232.126248
 20
228.761689
 30
0.0
 11
231.757838
 21
229.735032
 31
0.0
  0
LINE
  5
237
330
7A
100
AcDbEntity
  8
0
  6
AUSGEZOGEN
 62
     7
370
    18
100
AcDbLine
 10
425.079958
 20
221.756328
 30
0.0
 11
425.079958
 21
226.756318
 31
0.0
  0
ARC
  5
238
330
7A
100
AcDbEntity
  8
0
  6
AUSGEZOGEN
 62
     7
370
    18
100
AcDbCircle
 10
425.079958
 20
213.756344
 30
0.0
 40
12.999974
100
AcDbArc
 50
90.0
 51
270.0
  0
ARC
  5
239
330
7A
100
AcDbEntity
  8
0
  6
AUSGEZOGEN
 62
     7
370
    18
100
AcDbCircle
 10
425.079958
 20
213.756344
 30
0.0
 40
7.999984
100
AcDbArc
 50
90.0
 51
270.0
  0
ARC
  5
23A
330
7A
100
AcDbEntity
  8
0
  6
AUSGEZOGEN
 62
     7
370
    18
100
AcDbCircle
 10
425.079958
 20
213.756344
 30
0.0
 40
7.999984
100
AcDbArc
 50
270.0
 51
90.0
  0
ARC
  5
23B
330
7A
100
AcDbEntity
  8
0
  6
AUSGEZOGEN
 62
     7
370
    18
100
AcDbCircle
 10
425.079958
 20
213.756344
 30
0.0
 40
12.999974
100
AcDbArc
 50
270.0
 51
90.0
  0
LINE
  5
23C
330
7A
100
AcDbEntity
  8
0
  6
AUSGEZOGEN
 62
     7
370
    18
100
AcDbLine
 10
425.079958
 20
205.75636
 30
0.0
 11
425.079958
 21
200.75637
 31
0.0
  0
ARC
  5
23D
330
7A
100
AcDbEntity
  8
0
  6
AUSGEZOGEN
 62
     7
370
    18
100
AcDbCircle
 10
211.413606
 20
251.261644
 30
0.0
 40
12.499975
100
AcDbArc
 50
180.0
 51
0.0
  0
ARC
  5
23E
330
7A
100
AcDbEntity
  8
0
  6
AUSGEZOGEN
 62
     7
370
    18
100
AcDbCircle
 10
211.413606
 20
251.261644
 30
0.0
 40
12.499975
100
AcDbArc
 50
0.0
 51
180.0
  0
LINE
  5
23F
330
7A
100
AcDbEntity
  8
0
  6
DASHED
 62
     7
370
    18
100
AcDbLine
 10
452.079678
 20
173.686799
 30
0.0
 11
377.079678
 21
173.686799
 31
0.0
  0
ENDBLK
  5
7C
330
7A
100
AcDbEntity
  8
0
100
AcDbBlockEnd
  0
BLOCK
  5
247
330
246
100
AcDbEntity
  8
0
100
AcDbBlockBegin
  2
*D3
 70
     1
 10
0.0
 20
0.0
 30
0.0
  3
*D3
  1

  0
HATCH
  5
249
330
246
100
AcDbEntity
  8
Layer5
  6
AUSGEZOGEN
 62
     4
420
    65535
370
    18
100
AcDbHatch
 10
0.0
 20
0.0
 30
0.0
210
0.0
220
0.0
230
1.0
  2
SOLID
 70
     1
 71
     0
 91
        1
 92
        2
 72
     0
 73
     1
 93
        3
 10
405.252483
 20
275.0
 10
401.752483
 20
275.525
 10
401.752483
 20
274.475
 97
        0
 75
     0
 76
     1
 98
        0
  0
HATCH
  5
24A
330
246
100
AcDbEntity
  8
Layer5
  6
AUSGEZOGEN
 62
     4
420
    65535
370
    18
100
AcDbHatch
 10
0.0
 20
0.0
 30
0.0
210
0.0
220
0.0
230
1.0
  2
SOLID
 70
     1
 71
     0
 91
        1
 92
        2
 72
     0
 73
     1
 93
        3
 10
220.252483
 20
275.0
 10
223.752483
 20
274.475
 10
223.752483
 20
275.525
 97
        0
 75
     0
 76
     1
 98
        0
  0
LINE
  5
24B
330
246
100
AcDbEntity
  8
Layer5
  6
AUSGEZOGEN
 62
     4
420
    65535
370
    18
100
AcDbLine
 10
223.752483
 20
275.0
 30
0.0
 11
401.752483
 21
275.0
 31
0.0
  0
LINE
  5
24C
330
246
100
AcDbEntity
  8
Layer5
  6
AUSGEZOGEN
 62
     4
420
    65535
370
    18
100
AcDbLine
 10
220.252483
 20
263.461545
 30
0.0
 11
220.252483
 21
277.0
 31
0.0
  0
LINE
  5
24D
330
246
100
AcDbEntity
  8
Layer5
  6
AUSGEZOGEN
 62
     4
420
    65535
370
    18
100
AcDbLine
 10
405.252483
 20
263.461545
 30
0.0
 11
405.252483
 21
277.0
 31
0.0
  0
WIPEOUT
  5
24E
330
246
100
AcDbEntity
  8
Layer5
  6
AUSGEZOGEN
 62
     4
420
    65535
370
    18
160
               152
310
98000000040000000C0000000E000000120000000C00000016000000000000C20C00000014000000010000006C000000070000000400000056D6B64B5C49734066666666662A7140000000000000000022A3830BB8CE734066666666662A7140000000000000000022A3830BB8CE7340000000000084714000000000000000
310
0056D6B64B5C49734000000000008471400000000000000000
100
AcDbWipeout
 90
        0
 10
308.585033144196
 20
274.65
 30
0.0
 11
8.334899711608898
 21
0.0
 31
0.0
 12
0.0
 22
8.334899711608898
 32
0.0
 13
1.0
 23
1.0
340
0
 70
     7
280
     1
281
    50
282
    50
283
     0
360
0
 71
     2
 91
        5
 14
-0.5
 24
0.5
 14
0.5
 24
0.5
 14
0.5
 24
-0.171873710994
 14
-0.5
 24
-0.171873710994
 14
-0.5
 24
0.5
290
     0
  0
TEXT
  5
24F
330
246
100
AcDbEntity
  8
Layer5
  6
AUSGEZOGEN
 62
     4
420
    65535
370
    18
100
AcDbText
 10
308.585033144196
 20
275.7
 30
0.0
 40
3.5
  1
185
 41
1.022938108936
  7
Arial
 72
     5
 11
316.919932855804
 21
275.7
 31
0.0
100
AcDbText
  0
ENDBLK
  5
248
330
246
100
AcDbEntity
  8
0
100
AcDbBlockEnd
  0
BLOCK
  5
252
330
251
100
AcDbEntity
  8
0
100
AcDbBlockBegin
  2
65185&66185_Blatt1_001_001_001_nNn03
 70
     0
 10
0.0
 20
0.0
 30
0.0
  3
65185&66185_Blatt1_001_001_001_nNn03
  1

  0
INSERT
  5
413
330
251
100
AcDbEntity
  8
0
100
AcDbBlockReference
  2
BlockOfViews_1_001_001_001_nNn04
 10
0.0
 20
0.0
 30
0.0
  0
ENDBLK
  5
253
330
251
100
AcDbEntity
  8
0
100
AcDbBlockEnd
  0
BLOCK
  5
255
330
254
100
AcDbEntity
  8
0
100
AcDbBlockBegin
  2
BlockOfViews_1_001_001_001_nNn04
 70
     0
 10
0.0
 20
0.0
 30
0.0
  3
BlockOfViews_1_001_001_001_nNn04
  1

  0
LINE
  5
257
330
254
100
AcDbEntity
  8
0
  6
AUSGEZOGEN
 62
     7
370
    18
100
AcDbLine
 10
331.1887265
 20
426.903078486316
 30
0.0
 11
333.1287185
 21
432.028568486316
 31
0.0
  0
LINE
  5
258
330
254
100
AcDbEntity
  8
0
  6
AUSGEZOGEN
 62
     7
370
    18
100
AcDbLine
 10
333.1287185
 20
432.028568486316
 30
0.0
 11
333.5071525
 21
433.028394486316
 31
0.0
  0
LINE
  5
259
330
254
100
AcDbEntity
  8
0
  6
AUSGEZOGEN
 62
     7
370
    18
100
AcDbLine
 10
356.5634865
 20
466.728499486316
 30
0.0
 11
376.5317355
 21
466.728499486316
 31
0.0
  0
LINE
  5
25A
330
254
100
AcDbEntity
  8
0
  6
DASHED
 62
     7
370
    18
100
AcDbLine
 10
391.8423045
 20
434.001909486316
 30
0.0
 11
333.8756265
 21
434.001909486316
 31
0.0
  0
ARC
  5
25B
330
254
100
AcDbEntity
  8
0
  6
AUSGEZOGEN
 62
     7
370
    18
100
AcDbCircle
 10
364.8299585
 20
417.023298486316
 30
0.0
 40
12.999974
100
AcDbArc
 50
90.0
 51
270.0
  0
ARC
  5
25C
330
254
100
AcDbEntity
  8
0
  6
AUSGEZOGEN
 62
     7
370
    18
100
AcDbCircle
 10
355.5118375
 20
392.023368486316
 30
0.0
 40
12.999974
100
AcDbArc
 50
270.0
 51
90.0
  0
ARC
  5
25D
330
254
100
AcDbEntity
  8
0
  6
AUSGEZOGEN
 62
     7
370
    18
100
AcDbCircle
 10
364.8299585
 20
417.023298486316
 30
0.0
 40
12.999974
100
AcDbArc
 50
270.0
 51
90.0
  0
ARC
  5
25E
330
254
100
AcDbEntity
  8
0
  6
AUSGEZOGEN
 62
     7
370
    18
100
AcDbCircle
 10
355.5118375
 20
392.023368486316
 30
0.0
 40
12.999974
100
AcDbArc
 50
90.0
 51
270.0
  0
ARC
  5
25F
330
254
100
AcDbEntity
  8
0
  6
AUSGEZOGEN
 62
     7
370
    18
100
AcDbCircle
 10
302.8900055
 20
389.787732486316
 30
0.0
 40
14.9600151445569
100
AcDbArc
 50
338.804995
 51
339.773693
  0
ARC
  5
260
330
254
100
AcDbEntity
  8
0
  6
AUSGEZOGEN
 62
     7
370
    18
100
AcDbCircle
 10
269.4931295
 20
392.023443486316
 30
0.0
 40
7.999984
100
AcDbArc
 50
90.0
 51
94.760291
  0
ARC
  5
261
330
254
100
AcDbEntity
  8
0
  6
DASHED
 62
     7
370
    18
100
AcDbCircle
 10
269.4931295
 20
392.023443486316
 30
0.0
 40
7.999984
100
AcDbArc
 50
94.760291
 51
96.560144
  0
ARC
  5
262
330
254
100
AcDbEntity
  8
0
  6
AUSGEZOGEN
 62
     7
370
    18
100
AcDbCircle
 10
269.4931295
 20
392.023443486316
 30
0.0
 40
7.999984
100
AcDbArc
 50
96.560144
 51
100.177597
  0
ARC
  5
263
330
254
100
AcDbEntity
  8
0
  6
DASHED
 62
     7
370
    18
100
AcDbCircle
 10
269.4931295
 20
392.023443486316
 30
0.0
 40
7.999984
100
AcDbArc
 50
100.177597
 51
101.555872
  0
ARC
  5
264
330
254
100
AcDbEntity
  8
0
  6
AUSGEZOGEN
 62
     7
370
    18
100
AcDbCircle
 10
269.4931295
 20
392.023443486316
 30
0.0
 40
7.999984
100
AcDbArc
 50
101.555872
 51
105.245202
  0
ARC
  5
265
330
254
100
AcDbEntity
  8
0
  6
AUSGEZOGEN
 62
     7
370
    18
100
AcDbCircle
 10
269.4931295
 20
392.023443486316
 30
0.0
 40
7.999984
100
AcDbArc
 50
106.631866
 51
111.814855
  0
ARC
  5
266
330
254
100
AcDbEntity
  8
0
  6
AUSGEZOGEN
 62
     7
370
    18
100
AcDbCircle
 10
269.4931295
 20
392.023443486316
 30
0.0
 40
7.999984
100
AcDbArc
 50
112.7869
 51
116.738554
  0
ARC
  5
267
330
254
100
AcDbEntity
  8
0
  6
DASHED
 62
     7
370
    18
100
AcDbCircle
 10
269.4931295
 20
392.023443486316
 30
0.0
 40
7.999984
100
AcDbArc
 50
116.738554
 51
118.281839
  0
ARC
  5
268
330
254
100
AcDbEntity
  8
0
  6
AUSGEZOGEN
 62
     7
370
    18
100
AcDbCircle
 10
269.4931295
 20
392.023443486316
 30
0.0
 40
7.999984
100
AcDbArc
 50
118.281839
 51
121.862931
  0
ARC
  5
269
330
254
100
AcDbEntity
  8
0
  6
DASHED
 62
     7
370
    18
100
AcDbCircle
 10
269.4931295
 20
392.023443486316
 30
0.0
 40
7.999984
100
AcDbArc
 50
121.862931
 51
123.460554
  0
ARC
  5
26A
330
254
100
AcDbEntity
  8
0
  6
AUSGEZOGEN
 62
     7
370
    18
100
AcDbCircle
 10
269.4931295
 20
392.023443486316
 30
0.0
 40
7.999984
100
AcDbArc
 50
123.460554
 51
127.371518
  0
ARC
  5
26B
330
254
100
AcDbEntity
  8
0
  6
AUSGEZOGEN
 62
     7
370
    18
100
AcDbCircle
 10
269.4931295
 20
392.023443486316
 30
0.0
 40
7.999984
100
AcDbArc
 50
128.423911
 51
133.252689
  0
ARC
  5
26C
330
254
100
AcDbEntity
  8
0
  6
DASHED
 62
     7
370
    18
100
AcDbCircle
 10
269.4931295
 20
392.023443486316
 30
0.0
 40
7.999984
100
AcDbArc
 50
133.252689
 51
134.554556
  0
ARC
  5
26D
330
254
100
AcDbEntity
  8
0
  6
AUSGEZOGEN
 62
     7
370
    18
100
AcDbCircle
 10
269.4931295
 20
392.023443486316
 30
0.0
 40
7.999984
100
AcDbArc
 50
134.554556
 51
138.336087
  0
ARC
  5
26E
330
254
100
AcDbEntity
  8
0
  6
AUSGEZOGEN
 62
     7
370
    18
100
AcDbCircle
 10
269.4931295
 20
392.023443486316
 30
0.0
 40
7.999984
100
AcDbArc
 50
139.884033
 51
143.448437
  0
ARC
  5
26F
330
254
100
AcDbEntity
  8
0
  6
DASHED
 62
     7
370
    18
100
AcDbCircle
 10
269.4931295
 20
392.023443486316
 30
0.0
 40
7.999984
100
AcDbArc
 50
143.448437
 51
144.973582
  0
ARC
  5
270
330
254
100
AcDbEntity
  8
0
  6
AUSGEZOGEN
 62
     7
370
    18
100
AcDbCircle
 10
269.4931295
 20
392.023443486316
 30
0.0
 40
7.999984
100
AcDbArc
 50
144.973582
 51
154.902327
  0
ARC
  5
271
330
254
100
AcDbEntity
  8
0
  6
AUSGEZOGEN
 62
     7
370
    18
100
AcDbCircle
 10
269.4931295
 20
392.023443486316
 30
0.0
 40
7.999984
100
AcDbArc
 50
156.549577
 51
160.071267
  0
ARC
  5
272
330
254
100
AcDbEntity
  8
0
  6
DASHED
 62
     7
370
    18
100
AcDbCircle
 10
269.4931295
 20
392.023443486316
 30
0.0
 40
7.999984
100
AcDbArc
 50
160.071267
 51
161.712285
  0
ARC
  5
273
330
254
100
AcDbEntity
  8
0
  6
AUSGEZOGEN
 62
     7
370
    18
100
AcDbCircle
 10
269.4931295
 20
392.023443486316
 30
0.0
 40
7.999984
100
AcDbArc
 50
161.712285
 51
165.345791
  0
ARC
  5
274
330
254
100
AcDbEntity
  8
0
  6
AUSGEZOGEN
 62
     7
370
    18
100
AcDbCircle
 10
269.4931295
 20
392.023443486316
 30
0.0
 40
7.999984
100
AcDbArc
 50
166.70711
 51
171.647396
  0
ARC
  5
275
330
254
100
AcDbEntity
  8
0
  6
AUSGEZOGEN
 62
     7
370
    18
100
AcDbCircle
 10
269.4931295
 20
392.023443486316
 30
0.0
 40
7.999984
100
AcDbArc
 50
172.583945
 51
176.627808
  0
ARC
  5
276
330
254
100
AcDbEntity
  8
0
  6
AUSGEZOGEN
 62
     7
370
    18
100
AcDbCircle
 10
269.4931295
 20
392.023443486316
 30
0.0
 40
7.999984
100
AcDbArc
 50
178.262491
 51
181.737458
  0
ARC
  5
277
330
254
100
AcDbEntity
  8
0
  6
AUSGEZOGEN
 62
     7
370
    18
100
AcDbCircle
 10
269.4931295
 20
392.023443486316
 30
0.0
 40
7.999984
100
AcDbArc
 50
183.372141
 51
187.416005
  0
ARC
  5
278
330
254
100
AcDbEntity
  8
0
  6
AUSGEZOGEN
 62
     7
370
    18
100
AcDbCircle
 10
269.4931295
 20
392.023443486316
 30
0.0
 40
7.999984
100
AcDbArc
 50
188.352554
 51
193.292841
  0
ARC
  5
279
330
254
100
AcDbEntity
  8
0
  6
AUSGEZOGEN
 62
     7
370
    18
100
AcDbCircle
 10
269.4931295
 20
392.023443486316
 30
0.0
 40
7.999984
100
AcDbArc
 50
194.65416
 51
198.287667
  0
ARC
  5
27A
330
254
100
AcDbEntity
  8
0
  6
AUSGEZOGEN
 62
     7
370
    18
100
AcDbCircle
 10
269.4931295
 20
392.023443486316
 30
0.0
 40
7.999984
100
AcDbArc
 50
199.928685
 51
203.450376
  0
ARC
  5
27B
330
254
100
AcDbEntity
  8
0
  6
AUSGEZOGEN
 62
     7
370
    18
100
AcDbCircle
 10
269.4931295
 20
392.023443486316
 30
0.0
 40
7.999984
100
AcDbArc
 50
205.097627
 51
215.026376
  0
ARC
  5
27C
330
254
100
AcDbEntity
  8
0
  6
DASHED
 62
     7
370
    18
100
AcDbCircle
 10
269.4931295
 20
392.023443486316
 30
0.0
 40
7.999984
100
AcDbArc
 50
215.026376
 51
216.551522
  0
ARC
  5
27D
330
254
100
AcDbEntity
  8
0
  6
AUSGEZOGEN
 62
     7
370
    18
100
AcDbCircle
 10
269.4931295
 20
392.023443486316
 30
0.0
 40
7.999984
100
AcDbArc
 50
216.551522
 51
220.115927
  0
ARC
  5
27E
330
254
100
AcDbEntity
  8
0
  6
AUSGEZOGEN
 62
     7
370
    18
100
AcDbCircle
 10
269.4931295
 20
392.023443486316
 30
0.0
 40
7.999984
100
AcDbArc
 50
221.663875
 51
225.445408
  0
ARC
  5
27F
330
254
100
AcDbEntity
  8
0
  6
DASHED
 62
     7
370
    18
100
AcDbCircle
 10
269.4931295
 20
392.023443486316
 30
0.0
 40
7.999984
100
AcDbArc
 50
225.445408
 51
226.747276
  0
ARC
  5
280
330
254
100
AcDbEntity
  8
0
  6
AUSGEZOGEN
 62
     7
370
    18
100
AcDbCircle
 10
269.4931295
 20
392.023443486316
 30
0.0
 40
7.999984
100
AcDbArc
 50
226.747276
 51
231.576057
  0
ARC
  5
281
330
254
100
AcDbEntity
  8
0
  6
DASHED
 62
     7
370
    18
100
AcDbCircle
 10
269.4931295
 20
392.023443486316
 30
0.0
 40
7.999984
100
AcDbArc
 50
231.576057
 51
232.628451
  0
ARC
  5
282
330
254
100
AcDbEntity
  8
0
  6
AUSGEZOGEN
 62
     7
370
    18
100
AcDbCircle
 10
269.4931295
 20
392.023443486316
 30
0.0
 40
7.999984
100
AcDbArc
 50
232.628451
 51
236.539417
  0
ARC
  5
283
330
254
100
AcDbEntity
  8
0
  6
AUSGEZOGEN
 62
     7
370
    18
100
AcDbCircle
 10
269.4931295
 20
392.023443486316
 30
0.0
 40
7.999984
100
AcDbArc
 50
238.137042
 51
241.718136
  0
ARC
  5
284
330
254
100
AcDbEntity
  8
0
  6
AUSGEZOGEN
 62
     7
370
    18
100
AcDbCircle
 10
269.4931295
 20
392.023443486316
 30
0.0
 40
7.999984
100
AcDbArc
 50
243.261423
 51
247.21308
  0
ARC
  5
285
330
254
100
AcDbEntity
  8
0
  6
AUSGEZOGEN
 62
     7
370
    18
100
AcDbCircle
 10
269.4931295
 20
392.023443486316
 30
0.0
 40
7.999984
100
AcDbArc
 50
248.185126
 51
253.36812
  0
ARC
  5
286
330
254
100
AcDbEntity
  8
0
  6
AUSGEZOGEN
 62
     7
370
    18
100
AcDbCircle
 10
269.4931295
 20
392.023443486316
 30
0.0
 40
7.999984
100
AcDbArc
 50
254.754784
 51
258.444118
  0
ARC
  5
287
330
254
100
AcDbEntity
  8
0
  6
AUSGEZOGEN
 62
     7
370
    18
100
AcDbCircle
 10
269.4931295
 20
392.023443486316
 30
0.0
 40
7.999984
100
AcDbArc
 50
259.822394
 51
263.43985
  0
ARC
  5
288
330
254
100
AcDbEntity
  8
0
  6
AUSGEZOGEN
 62
     7
370
    18
100
AcDbCircle
 10
269.4931295
 20
392.023443486316
 30
0.0
 40
7.999984
100
AcDbArc
 50
265.239704
 51
270.0
  0
ARC
  5
289
330
254
100
AcDbEntity
  8
0
  6
AUSGEZOGEN
 62
     7
370
    18
100
AcDbCircle
 10
269.4931295
 20
392.023443486316
 30
0.0
 40
7.999984
100
AcDbArc
 50
270.172241
 51
275.103636
  0
ARC
  5
28A
330
254
100
AcDbEntity
  8
0
  6
AUSGEZOGEN
 62
     7
370
    18
100
AcDbCircle
 10
269.4931295
 20
392.023443486316
 30
0.0
 40
7.999984
100
AcDbArc
 50
276.457595
 51
280.076035
  0
ARC
  5
28B
330
254
100
AcDbEntity
  8
0
  6
AUSGEZOGEN
 62
     7
370
    18
100
AcDbCircle
 10
269.4931295
 20
392.023443486316
 30
0.0
 40
7.999984
100
AcDbArc
 50
281.893306
 51
285.577456
  0
ARC
  5
28C
330
254
100
AcDbEntity
  8
0
  6
AUSGEZOGEN
 62
     7
370
    18
100
AcDbCircle
 10
269.4931295
 20
392.023443486316
 30
0.0
 40
7.999984
100
AcDbArc
 50
286.532937
 51
291.719145
  0
ARC
  5
28D
330
254
100
AcDbEntity
  8
0
  6
AUSGEZOGEN
 62
     7
370
    18
100
AcDbCircle
 10
269.4931295
 20
392.023443486316
 30
0.0
 40
7.999984
100
AcDbArc
 50
292.691831
 51
296.646422
  0
ARC
  5
28E
330
254
100
AcDbEntity
  8
0
  6
AUSGEZOGEN
 62
     7
370
    18
100
AcDbCircle
 10
269.4931295
 20
392.023443486316
 30
0.0
 40
7.999984
100
AcDbArc
 50
298.1909
 51
301.775326
  0
ARC
  5
28F
330
254
100
AcDbEntity
  8
0
  6
AUSGEZOGEN
 62
     7
370
    18
100
AcDbCircle
 10
269.4931295
 20
392.023443486316
 30
0.0
 40
7.999984
100
AcDbArc
 50
303.374492
 51
307.289401
  0
ARC
  5
290
330
254
100
AcDbEntity
  8
0
  6
AUSGEZOGEN
 62
     7
370
    18
100
AcDbCircle
 10
269.4931295
 20
392.023443486316
 30
0.0
 40
7.999984
100
AcDbArc
 50
308.343108
 51
313.177423
  0
ARC
  5
291
330
254
100
AcDbEntity
  8
0
  6
AUSGEZOGEN
 62
     7
370
    18
100
AcDbCircle
 10
269.4931295
 20
392.023443486316
 30
0.0
 40
7.999984
100
AcDbArc
 50
314.480841
 51
318.267456
  0
ARC
  5
292
330
254
100
AcDbEntity
  8
0
  6
DASHED
 62
     7
370
    18
100
AcDbCircle
 10
269.4931295
 20
392.023443486316
 30
0.0
 40
7.999984
100
AcDbArc
 50
318.267456
 51
320.105624
  0
ARC
  5
293
330
254
100
AcDbEntity
  8
0
  6
AUSGEZOGEN
 62
     7
370
    18
100
AcDbCircle
 10
269.4931295
 20
392.023443486316
 30
0.0
 40
7.999984
100
AcDbArc
 50
320.105624
 51
323.386832
  0
ARC
  5
294
330
254
100
AcDbEntity
  8
0
  6
DASHED
 62
     7
370
    18
100
AcDbCircle
 10
269.4931295
 20
392.023443486316
 30
0.0
 40
7.999984
100
AcDbArc
 50
323.386832
 51
324.914218
  0
ARC
  5
295
330
254
100
AcDbEntity
  8
0
  6
AUSGEZOGEN
 62
     7
370
    18
100
AcDbCircle
 10
269.4931295
 20
392.023443486316
 30
0.0
 40
7.999984
100
AcDbArc
 50
324.914218
 51
335.048069
  0
ARC
  5
296
330
254
100
AcDbEntity
  8
0
  6
AUSGEZOGEN
 62
     7
370
    18
100
AcDbCircle
 10
269.4931295
 20
392.023443486316
 30
0.0
 40
7.999984
100
AcDbArc
 50
336.508572
 51
340.036178
  0
ARC
  5
297
330
254
100
AcDbEntity
  8
0
  6
AUSGEZOGEN
 62
     7
370
    18
100
AcDbCircle
 10
269.4931295
 20
392.023443486316
 30
0.0
 40
7.999984
100
AcDbArc
 50
341.679932
 51
345.319652
  0
ARC
  5
298
330
254
100
AcDbEntity
  8
0
  6
AUSGEZOGEN
 62
     7
370
    18
100
AcDbCircle
 10
269.4931295
 20
392.023443486316
 30
0.0
 40
7.999984
100
AcDbArc
 50
346.683409
 51
351.632432
  0
ARC
  5
299
330
254
100
AcDbEntity
  8
0
  6
AUSGEZOGEN
 62
     7
370
    18
100
AcDbCircle
 10
269.4931295
 20
392.023443486316
 30
0.0
 40
7.999984
100
AcDbArc
 50
352.570625
 51
356.621773
  0
ARC
  5
29A
330
254
100
AcDbEntity
  8
0
  6
AUSGEZOGEN
 62
     7
370
    18
100
AcDbCircle
 10
269.4931295
 20
392.023443486316
 30
0.0
 40
7.999984
100
AcDbArc
 50
358.259401
 51
1.74065
  0
ARC
  5
29B
330
254
100
AcDbEntity
  8
0
  6
AUSGEZOGEN
 62
     7
370
    18
100
AcDbCircle
 10
269.4931295
 20
392.023443486316
 30
0.0
 40
7.999984
100
AcDbArc
 50
3.378279
 51
7.429426
  0
ARC
  5
29C
330
254
100
AcDbEntity
  8
0
  6
AUSGEZOGEN
 62
     7
370
    18
100
AcDbCircle
 10
269.4931295
 20
392.023443486316
 30
0.0
 40
7.999984
100
AcDbArc
 50
8.367618
 51
13.316641
  0
ARC
  5
29D
330
254
100
AcDbEntity
  8
0
  6
AUSGEZOGEN
 62
     7
370
    18
100
AcDbCircle
 10
269.4931295
 20
392.023443486316
 30
0.0
 40
7.999984
100
AcDbArc
 50
14.680397
 51
18.320117
  0
ARC
  5
29E
330
254
100
AcDbEntity
  8
0
  6
AUSGEZOGEN
 62
     7
370
    18
100
AcDbCircle
 10
269.4931295
 20
392.023443486316
 30
0.0
 40
7.999984
100
AcDbArc
 50
19.96387
 51
23.491475
  0
ARC
  5
29F
330
254
100
AcDbEntity
  8
0
  6
AUSGEZOGEN
 62
     7
370
    18
100
AcDbCircle
 10
269.4931295
 20
392.023443486316
 30
0.0
 40
7.999984
100
AcDbArc
 50
24.951977
 51
35.085824
  0
ARC
  5
2A0
330
254
100
AcDbEntity
  8
0
  6
AUSGEZOGEN
 62
     7
370
    18
100
AcDbCircle
 10
269.4931295
 20
392.023443486316
 30
0.0
 40
7.999984
100
AcDbArc
 50
36.613209
 51
39.894415
  0
ARC
  5
2A1
330
254
100
AcDbEntity
  8
0
  6
AUSGEZOGEN
 62
     7
370
    18
100
AcDbCircle
 10
269.4931295
 20
392.023443486316
 30
0.0
 40
7.999984
100
AcDbArc
 50
41.732582
 51
45.519195
  0
ARC
  5
2A2
330
254
100
AcDbEntity
  8
0
  6
AUSGEZOGEN
 62
     7
370
    18
100
AcDbCircle
 10
269.4931295
 20
392.023443486316
 30
0.0
 40
7.999984
100
AcDbArc
 50
46.822612
 51
51.656924
  0
ARC
  5
2A3
330
254
100
AcDbEntity
  8
0
  6
AUSGEZOGEN
 62
     7
370
    18
100
AcDbCircle
 10
269.4931295
 20
392.023443486316
 30
0.0
 40
7.999984
100
AcDbArc
 50
52.710631
 51
56.625537
  0
ARC
  5
2A4
330
254
100
AcDbEntity
  8
0
  6
AUSGEZOGEN
 62
     7
370
    18
100
AcDbCircle
 10
269.4931295
 20
392.023443486316
 30
0.0
 40
7.999984
100
AcDbArc
 50
58.224701
 51
61.809124
  0
ARC
  5
2A5
330
254
100
AcDbEntity
  8
0
  6
AUSGEZOGEN
 62
     7
370
    18
100
AcDbCircle
 10
269.4931295
 20
392.023443486316
 30
0.0
 40
7.999984
100
AcDbArc
 50
63.353601
 51
67.308189
  0
ARC
  5
2A6
330
254
100
AcDbEntity
  8
0
  6
AUSGEZOGEN
 62
     7
370
    18
100
AcDbCircle
 10
269.4931295
 20
392.023443486316
 30
0.0
 40
7.999984
100
AcDbArc
 50
68.280874
 51
73.467078
  0
ARC
  5
2A7
330
254
100
AcDbEntity
  8
0
  6
DASHED
 62
     7
370
    18
100
AcDbCircle
 10
269.4931295
 20
392.023443486316
 30
0.0
 40
7.999984
100
AcDbArc
 50
73.467078
 51
74.422558
  0
ARC
  5
2A8
330
254
100
AcDbEntity
  8
0
  6
AUSGEZOGEN
 62
     7
370
    18
100
AcDbCircle
 10
269.4931295
 20
392.023443486316
 30
0.0
 40
7.999984
100
AcDbArc
 50
74.422558
 51
78.106704
  0
ARC
  5
2A9
330
254
100
AcDbEntity
  8
0
  6
AUSGEZOGEN
 62
     7
370
    18
100
AcDbCircle
 10
269.4931295
 20
392.023443486316
 30
0.0
 40
7.999984
100
AcDbArc
 50
79.923974
 51
83.542411
  0
ARC
  5
2AA
330
254
100
AcDbEntity
  8
0
  6
AUSGEZOGEN
 62
     7
370
    18
100
AcDbCircle
 10
269.4931295
 20
392.023443486316
 30
0.0
 40
7.999984
100
AcDbArc
 50
84.896369
 51
89.827759
  0
ARC
  5
2AB
330
254
100
AcDbEntity
  8
0
  6
DASHED
 62
     7
370
    18
100
AcDbCircle
 10
322.1149615
 20
389.787807486316
 30
0.0
 40
14.9600151445569
100
AcDbArc
 50
200.226307
 51
200.710656
  0
LINE
  5
2AC
330
254
100
AcDbEntity
  8
0
  6
AUSGEZOGEN
 62
     7
370
    18
100
AcDbLine
 10
292.2167435
 20
426.295954486316
 30
0.0
 11
308.0774655
 21
384.615695486316
 31
0.0
  0
LINE
  5
2AD
330
254
100
AcDbEntity
  8
0
  6
AUSGEZOGEN
 62
     7
370
    18
100
AcDbLine
 10
260.1750085
 20
425.023357486316
 30
0.0
 11
260.1750085
 21
430.023347486316
 31
0.0
  0
ARC
  5
2AE
330
254
100
AcDbEntity
  8
0
  6
AUSGEZOGEN
 62
     7
370
    18
100
AcDbCircle
 10
260.1750085
 20
417.023373486316
 30
0.0
 40
12.999974
100
AcDbArc
 50
90.0
 51
270.0
  0
ARC
  5
2AF
330
254
100
AcDbEntity
  8
0
  6
AUSGEZOGEN
 62
     7
370
    18
100
AcDbCircle
 10
260.1750085
 20
417.023373486316
 30
0.0
 40
7.999984
100
AcDbArc
 50
90.0
 51
270.0
  0
ARC
  5
2B0
330
254
100
AcDbEntity
  8
0
  6
AUSGEZOGEN
 62
     7
370
    18
100
AcDbCircle
 10
260.1750085
 20
417.023373486316
 30
0.0
 40
7.999984
100
AcDbArc
 50
270.0
 51
90.0
  0
ARC
  5
2B1
330
254
100
AcDbEntity
  8
0
  6
AUSGEZOGEN
 62
     7
370
    18
100
AcDbCircle
 10
260.1750085
 20
417.023373486316
 30
0.0
 40
12.999974
100
AcDbArc
 50
270.0
 51
90.0
  0
LINE
  5
2B2
330
254
100
AcDbEntity
  8
0
  6
AUSGEZOGEN
 62
     7
370
    18
100
AcDbLine
 10
260.1750085
 20
409.023389486316
 30
0.0
 11
260.1750085
 21
404.023399486316
 31
0.0
  0
LINE
  5
2B3
330
254
100
AcDbEntity
  8
0
  6
AUSGEZOGEN
 62
     7
370
    18
100
AcDbLine
 10
316.8380545
 20
378.023376486316
 30
0.0
 11
316.8380545
 21
384.379039486316
 31
0.0
  0
LINE
  5
2B4
330
254
100
AcDbEntity
  8
0
  6
AUSGEZOGEN
 62
     7
370
    18
100
AcDbLine
 10
233.1626625
 20
434.001984486316
 30
0.0
 11
291.1293405
 21
434.001984486316
 31
0.0
  0
LINE
  5
2B5
330
254
100
AcDbEntity
  8
0
  6
AUSGEZOGEN
 62
     7
370
    18
100
AcDbLine
 10
233.1626625
 20
451.434504486316
 30
0.0
 11
233.1626625
 21
434.001984486316
 31
0.0
  0
ARC
  5
2B6
330
254
100
AcDbEntity
  8
0
  6
AUSGEZOGEN
 62
     7
370
    18
100
AcDbCircle
 10
271.1636065
 20
454.528598486316
 30
0.0
 40
12.4999749999999
100
AcDbArc
 50
102.578119
 51
356.590048
  0
LINE
  5
2B7
330
254
100
AcDbEntity
  8
0
  6
AUSGEZOGEN
 62
     7
370
    18
100
AcDbLine
 10
391.8423045
 20
323.028786486316
 30
0.0
 11
391.8423045
 21
307.028893486316
 31
0.0
  0
LINE
  5
2B8
330
254
100
AcDbEntity
  8
0
  6
AUSGEZOGEN
 62
     7
370
    18
100
AcDbLine
 10
391.8423045
 20
432.001913486316
 30
0.0
 11
391.8423045
 21
377.010202945463
 31
0.0
  0
LINE
  5
2B9
330
254
100
AcDbEntity
  8
0
  6
AUSGEZOGEN
 62
     7
370
    18
100
AcDbLine
 10
391.8423045
 20
433.001911486316
 30
0.0
 11
391.8423045
 21
432.001913486316
 31
0.0
  0
LINE
  5
2BA
330
254
100
AcDbEntity
  8
0
  6
AUSGEZOGEN
 62
     7
370
    18
100
AcDbLine
 10
391.8423045
 20
451.434429486316
 30
0.0
 11
391.8423045
 21
433.001911486316
 31
0.0
  0
LINE
  5
2BB
330
254
100
AcDbEntity
  8
0
  6
AUSGEZOGEN
 62
     7
370
    18
100
AcDbLine
 10
291.1411085
 20
433.970892486316
 30
0.0
 11
291.5089395
 21
432.999078486316
 31
0.0
  0
LINE
  5
2BC
330
254
100
AcDbEntity
  8
0
  6
AUSGEZOGEN
 62
     7
370
    18
100
AcDbLine
 10
283.6414505
 20
453.785102486316
 30
0.0
 11
291.1293405
 21
434.001984486316
 31
0.0
  0
LINE
  5
2BD
330
254
100
AcDbEntity
  8
0
  6
AUSGEZOGEN
 62
     7
370
    18
100
AcDbLine
 10
473.6623815
 20
376.933224627229
 30
0.0
 11
377.8380525
 21
377.023378486316
 31
0.0
  0
LINE
  5
2BE
330
254
100
AcDbEntity
  8
0
  6
AUSGEZOGEN
 62
     7
370
    18
100
AcDbLine
 10
233.1626625
 20
323.028861486316
 30
0.0
 11
233.6626615
 21
323.028861486316
 31
0.0
  0
LINE
  5
2BF
330
254
100
AcDbEntity
  8
0
  6
AUSGEZOGEN
 62
     7
370
    18
100
AcDbLine
 10
233.6626615
 20
323.028861486316
 30
0.0
 11
233.6626615
 21
307.028893486316
 31
0.0
  0
LINE
  5
2C0
330
254
100
AcDbEntity
  8
0
  6
AUSGEZOGEN
 62
     7
370
    18
100
AcDbLine
 10
233.1626625
 20
376.953828486316
 30
0.0
 11
233.1626625
 21
323.028861486316
 31
0.0
  0
LINE
  5
2C1
330
254
100
AcDbEntity
  8
0
  6
AUSGEZOGEN
 62
     7
370
    18
100
AcDbLine
 10
308.1669125
 20
378.023451486316
 30
0.0
 11
307.1669145
 21
377.023453486316
 31
0.0
  0
LINE
  5
2C2
330
254
100
AcDbEntity
  8
0
  6
AUSGEZOGEN
 62
     7
370
    18
100
AcDbLine
 10
391.8423045
 20
323.028861486316
 30
0.0
 11
473.6623815
 21
323.028861486316
 31
0.0
  0
LINE
  5
2C3
330
254
100
AcDbEntity
  8
0
  6
AUSGEZOGEN
 62
     7
370
    18
100
AcDbLine
 10
153.1626625
 20
323.028861486316
 30
0.0
 11
233.6626615
 21
323.028861486316
 31
0.0
  0
LINE
  5
2C4
330
254
100
AcDbEntity
  8
0
  6
AUSGEZOGEN
 62
     7
370
    18
100
AcDbLine
 10
473.6623815
 20
323.029062486316
 30
0.0
 11
473.6623815
 21
376.933224627229
 31
0.0
  0
LINE
  5
2C5
330
254
100
AcDbEntity
  8
0
  6
AUSGEZOGEN
 62
     7
370
    18
100
AcDbLine
 10
291.8762485
 20
432.028643486316
 30
0.0
 11
233.1626625
 21
432.001988486316
 31
0.0
  0
ARC
  5
2C6
330
254
100
AcDbEntity
  8
0
  6
AUSGEZOGEN
 62
     7
370
    18
100
AcDbCircle
 10
353.8413605
 20
454.528523486316
 30
0.0
 40
12.499975
100
AcDbArc
 50
180.0
 51
0.0
  0
ARC
  5
2C7
330
254
100
AcDbEntity
  8
0
  6
AUSGEZOGEN
 62
     7
370
    18
100
AcDbCircle
 10
353.8413605
 20
454.528523486316
 30
0.0
 40
12.499975
100
AcDbArc
 50
0.0
 51
180.0
  0
LINE
  5
2C8
330
254
100
AcDbEntity
  8
0
  6
AUSGEZOGEN
 62
     7
370
    18
100
AcDbLine
 10
316.9275015
 20
384.615620486316
 30
0.0
 11
332.7882225
 21
426.295880486316
 31
0.0
  0
LINE
  5
2C9
330
254
100
AcDbEntity
  8
0
  6
AUSGEZOGEN
 62
     7
370
    18
100
AcDbLine
 10
233.1626625
 20
432.001988486316
 30
0.0
 11
233.1626625
 21
433.001986486316
 31
0.0
  0
LINE
  5
2CA
330
254
100
AcDbEntity
  8
0
  6
AUSGEZOGEN
 62
     7
370
    18
100
AcDbLine
 10
233.1626625
 20
433.244947486316
 30
0.0
 11
233.1626625
 21
434.001984486316
 31
0.0
  0
LINE
  5
2CB
330
254
100
AcDbEntity
  8
0
  6
DASHED
 62
     7
370
    18
100
AcDbLine
 10
333.7647665
 20
433.709016486316
 30
0.0
 11
391.8423045
 21
433.709016486316
 31
0.0
  0
LINE
  5
2CC
330
254
100
AcDbEntity
  8
0
  6
DASHED
 62
     7
370
    18
100
AcDbLine
 10
333.5071525
 20
433.028394486316
 30
0.0
 11
333.7647665
 21
433.709016486316
 31
0.0
  0
LINE
  5
2CD
330
254
100
AcDbEntity
  8
0
  6
AUSGEZOGEN
 62
     7
370
    18
100
AcDbLine
 10
269.9546785
 20
377.028721486316
 30
0.0
 11
377.8296785
 21
377.028745486316
 31
0.0
  0
ARC
  5
2CE
330
254
100
AcDbEntity
  8
0
  6
AUSGEZOGEN
 62
     7
370
    18
100
AcDbCircle
 10
364.8299585
 20
417.023298486316
 30
0.0
 40
7.999984
100
AcDbArc
 50
90.00201
 51
94.93392
  0
ARC
  5
2CF
330
254
100
AcDbEntity
  8
0
  6
AUSGEZOGEN
 62
     7
370
    18
100
AcDbCircle
 10
364.8299585
 20
417.023298486316
 30
0.0
 40
7.999984
100
AcDbArc
 50
96.288143
 51
99.908089
  0
ARC
  5
2D0
330
254
100
AcDbEntity
  8
0
  6
AUSGEZOGEN
 62
     7
370
    18
100
AcDbCircle
 10
364.8299585
 20
417.023298486316
 30
0.0
 40
7.999984
100
AcDbArc
 50
101.726445
 51
105.413118
  0
ARC
  5
2D1
330
254
100
AcDbEntity
  8
0
  6
AUSGEZOGEN
 62
     7
370
    18
100
AcDbCircle
 10
364.8299585
 20
417.023298486316
 30
0.0
 40
7.999984
100
AcDbArc
 50
106.799483
 51
111.561774
  0
ARC
  5
2D2
330
254
100
AcDbEntity
  8
0
  6
AUSGEZOGEN
 62
     7
370
    18
100
AcDbCircle
 10
364.8299585
 20
417.023298486316
 30
0.0
 40
7.999984
100
AcDbArc
 50
112.534202
 51
116.493531
  0
ARC
  5
2D3
330
254
100
AcDbEntity
  8
0
  6
DASHED
 62
     7
370
    18
100
AcDbCircle
 10
364.8299585
 20
417.023298486316
 30
0.0
 40
7.999984
100
AcDbArc
 50
116.493531
 51
118.434652
  0
ARC
  5
2D4
330
254
100
AcDbEntity
  8
0
  6
AUSGEZOGEN
 62
     7
370
    18
100
AcDbCircle
 10
364.8299585
 20
417.023298486316
 30
0.0
 40
7.999984
100
AcDbArc
 50
118.434652
 51
121.629775
  0
ARC
  5
2D5
330
254
100
AcDbEntity
  8
0
  6
AUSGEZOGEN
 62
     7
370
    18
100
AcDbCircle
 10
364.8299585
 20
417.023298486316
 30
0.0
 40
7.999984
100
AcDbArc
 50
123.231448
 51
127.509247
  0
ARC
  5
2D6
330
254
100
AcDbEntity
  8
0
  6
AUSGEZOGEN
 62
     7
370
    18
100
AcDbCircle
 10
364.8299585
 20
417.023298486316
 30
0.0
 40
7.999984
100
AcDbArc
 50
128.208639
 51
133.381157
  0
ARC
  5
2D7
330
254
100
AcDbEntity
  8
0
  6
DASHED
 62
     7
370
    18
100
AcDbCircle
 10
364.8299585
 20
417.023298486316
 30
0.0
 40
7.999984
100
AcDbArc
 50
133.381157
 51
134.677986
  0
ARC
  5
2D8
330
254
100
AcDbEntity
  8
0
  6
AUSGEZOGEN
 62
     7
370
    18
100
AcDbCircle
 10
364.8299585
 20
417.023298486316
 30
0.0
 40
7.999984
100
AcDbArc
 50
134.677986
 51
138.450891
  0
ARC
  5
2D9
330
254
100
AcDbEntity
  8
0
  6
AUSGEZOGEN
 62
     7
370
    18
100
AcDbCircle
 10
364.8299585
 20
417.023298486316
 30
0.0
 40
7.999984
100
AcDbArc
 50
139.998242
 51
143.554145
  0
ARC
  5
2DA
330
254
100
AcDbEntity
  8
0
  6
AUSGEZOGEN
 62
     7
370
    18
100
AcDbCircle
 10
364.8299585
 20
417.023298486316
 30
0.0
 40
7.999984
100
AcDbArc
 50
145.075551
 51
154.978452
  0
ARC
  5
2DB
330
254
100
AcDbEntity
  8
0
  6
DASHED
 62
     7
370
    18
100
AcDbCircle
 10
364.8299585
 20
417.023298486316
 30
0.0
 40
7.999984
100
AcDbArc
 50
154.978452
 51
156.439528
  0
ARC
  5
2DC
330
254
100
AcDbEntity
  8
0
  6
AUSGEZOGEN
 62
     7
370
    18
100
AcDbCircle
 10
364.8299585
 20
417.023298486316
 30
0.0
 40
7.999984
100
AcDbArc
 50
156.439528
 51
159.976908
  0
ARC
  5
2DD
330
254
100
AcDbEntity
  8
0
  6
AUSGEZOGEN
 62
     7
370
    18
100
AcDbCircle
 10
364.8299585
 20
417.023298486316
 30
0.0
 40
7.999984
100
AcDbArc
 50
161.625181
 51
165.388819
  0
ARC
  5
2DE
330
254
100
AcDbEntity
  8
0
  6
DASHED
 62
     7
370
    18
100
AcDbCircle
 10
364.8299585
 20
417.023298486316
 30
0.0
 40
7.999984
100
AcDbArc
 50
165.388819
 51
166.746035
  0
ARC
  5
2DF
330
254
100
AcDbEntity
  8
0
  6
AUSGEZOGEN
 62
     7
370
    18
100
AcDbCircle
 10
364.8299585
 20
417.023298486316
 30
0.0
 40
7.999984
100
AcDbArc
 50
166.746035
 51
171.675064
  0
ARC
  5
2E0
330
254
100
AcDbEntity
  8
0
  6
AUSGEZOGEN
 62
     7
370
    18
100
AcDbCircle
 10
364.8299585
 20
417.023298486316
 30
0.0
 40
7.999984
100
AcDbArc
 50
172.605395
 51
176.637006
  0
ARC
  5
2E1
330
254
100
AcDbEntity
  8
0
  6
AUSGEZOGEN
 62
     7
370
    18
100
AcDbCircle
 10
364.8299585
 20
417.023298486316
 30
0.0
 40
7.999984
100
AcDbArc
 50
178.266735
 51
181.734635
  0
ARC
  5
2E2
330
254
100
AcDbEntity
  8
0
  6
AUSGEZOGEN
 62
     7
370
    18
100
AcDbCircle
 10
364.8299585
 20
417.023298486316
 30
0.0
 40
7.999984
100
AcDbArc
 50
183.360877
 51
187.395965
  0
ARC
  5
2E3
330
254
100
AcDbEntity
  8
0
  6
AUSGEZOGEN
 62
     7
370
    18
100
AcDbCircle
 10
364.8299585
 20
417.023298486316
 30
0.0
 40
7.999984
100
AcDbArc
 50
188.326289
 51
193.255296
  0
ARC
  5
2E4
330
254
100
AcDbEntity
  8
0
  6
DASHED
 62
     7
370
    18
100
AcDbCircle
 10
364.8299585
 20
417.023298486316
 30
0.0
 40
7.999984
100
AcDbArc
 50
193.255296
 51
194.609127
  0
ARC
  5
2E5
330
254
100
AcDbEntity
  8
0
  6
AUSGEZOGEN
 62
     7
370
    18
100
AcDbCircle
 10
364.8299585
 20
417.023298486316
 30
0.0
 40
7.999984
100
AcDbArc
 50
194.609127
 51
198.376126
  0
ARC
  5
2E6
330
254
100
AcDbEntity
  8
0
  6
AUSGEZOGEN
 62
     7
370
    18
100
AcDbCircle
 10
364.8299585
 20
417.023298486316
 30
0.0
 40
7.999984
100
AcDbArc
 50
200.021091
 51
203.558518
  0
ARC
  5
2E7
330
254
100
AcDbEntity
  8
0
  6
DASHED
 62
     7
370
    18
100
AcDbCircle
 10
364.8299585
 20
417.023298486316
 30
0.0
 40
7.999984
100
AcDbArc
 50
203.558518
 51
205.022791
  0
ARC
  5
2E8
330
254
100
AcDbEntity
  8
0
  6
AUSGEZOGEN
 62
     7
370
    18
100
AcDbCircle
 10
364.8299585
 20
417.023298486316
 30
0.0
 40
7.999984
100
AcDbArc
 50
205.022791
 51
214.925573
  0
ARC
  5
2E9
330
254
100
AcDbEntity
  8
0
  6
AUSGEZOGEN
 62
     7
370
    18
100
AcDbCircle
 10
364.8299585
 20
417.023298486316
 30
0.0
 40
7.999984
100
AcDbArc
 50
216.446958
 51
220.002809
  0
ARC
  5
2EA
330
254
100
AcDbEntity
  8
0
  6
AUSGEZOGEN
 62
     7
370
    18
100
AcDbCircle
 10
364.8299585
 20
417.023298486316
 30
0.0
 40
7.999984
100
AcDbArc
 50
221.547522
 51
225.320519
  0
ARC
  5
2EB
330
254
100
AcDbEntity
  8
0
  6
AUSGEZOGEN
 62
     7
370
    18
100
AcDbCircle
 10
364.8299585
 20
417.023298486316
 30
0.0
 40
7.999984
100
AcDbArc
 50
226.619785
 51
231.792211
  0
ARC
  5
2EC
330
254
100
AcDbEntity
  8
0
  6
AUSGEZOGEN
 62
     7
370
    18
100
AcDbCircle
 10
364.8299585
 20
417.023298486316
 30
0.0
 40
7.999984
100
AcDbArc
 50
232.491588
 51
236.767385
  0
ARC
  5
2ED
330
254
100
AcDbEntity
  8
0
  6
AUSGEZOGEN
 62
     7
370
    18
100
AcDbCircle
 10
364.8299585
 20
417.023298486316
 30
0.0
 40
7.999984
100
AcDbArc
 50
238.370946
 51
241.566
  0
ARC
  5
2EE
330
254
100
AcDbEntity
  8
0
  6
AUSGEZOGEN
 62
     7
370
    18
100
AcDbCircle
 10
364.8299585
 20
417.023298486316
 30
0.0
 40
7.999984
100
AcDbArc
 50
243.507082
 51
247.466324
  0
ARC
  5
2EF
330
254
100
AcDbEntity
  8
0
  6
AUSGEZOGEN
 62
     7
370
    18
100
AcDbCircle
 10
364.8299585
 20
417.023298486316
 30
0.0
 40
7.999984
100
AcDbArc
 50
248.438731
 51
253.200913
  0
ARC
  5
2F0
330
254
100
AcDbEntity
  8
0
  6
AUSGEZOGEN
 62
     7
370
    18
100
AcDbCircle
 10
364.8299585
 20
417.023298486316
 30
0.0
 40
7.999984
100
AcDbArc
 50
254.587247
 51
258.273123
  0
ARC
  5
2F1
330
254
100
AcDbEntity
  8
0
  6
AUSGEZOGEN
 62
     7
370
    18
100
AcDbCircle
 10
364.8299585
 20
417.023298486316
 30
0.0
 40
7.999984
100
AcDbArc
 50
260.091545
 51
263.711624
  0
ARC
  5
2F2
330
254
100
AcDbEntity
  8
0
  6
AUSGEZOGEN
 62
     7
370
    18
100
AcDbCircle
 10
364.8299585
 20
417.023298486316
 30
0.0
 40
7.999984
100
AcDbArc
 50
265.065898
 51
269.99799
  0
ARC
  5
2F3
330
254
100
AcDbEntity
  8
0
  6
AUSGEZOGEN
 62
     7
370
    18
100
AcDbCircle
 10
364.8299585
 20
417.023298486316
 30
0.0
 40
7.999984
100
AcDbArc
 50
270.0
 51
274.930096
  0
ARC
  5
2F4
330
254
100
AcDbEntity
  8
0
  6
AUSGEZOGEN
 62
     7
370
    18
100
AcDbCircle
 10
364.8299585
 20
417.023298486316
 30
0.0
 40
7.999984
100
AcDbArc
 50
276.284376
 51
279.904492
  0
ARC
  5
2F5
330
254
100
AcDbEntity
  8
0
  6
AUSGEZOGEN
 62
     7
370
    18
100
AcDbCircle
 10
364.8299585
 20
417.023298486316
 30
0.0
 40
7.999984
100
AcDbArc
 50
281.722939
 51
285.408876
  0
ARC
  5
2F6
330
254
100
AcDbEntity
  8
0
  6
AUSGEZOGEN
 62
     7
370
    18
100
AcDbCircle
 10
364.8299585
 20
417.023298486316
 30
0.0
 40
7.999984
100
AcDbArc
 50
286.79524
 51
291.557528
  0
ARC
  5
2F7
330
254
100
AcDbEntity
  8
0
  6
AUSGEZOGEN
 62
     7
370
    18
100
AcDbCircle
 10
364.8299585
 20
417.023298486316
 30
0.0
 40
7.999984
100
AcDbArc
 50
292.529959
 51
296.489314
  0
ARC
  5
2F8
330
254
100
AcDbEntity
  8
0
  6
DASHED
 62
     7
370
    18
100
AcDbCircle
 10
364.8299585
 20
417.023298486316
 30
0.0
 40
7.999984
100
AcDbArc
 50
296.489314
 51
298.430468
  0
ARC
  5
2F9
330
254
100
AcDbEntity
  8
0
  6
AUSGEZOGEN
 62
     7
370
    18
100
AcDbCircle
 10
364.8299585
 20
417.023298486316
 30
0.0
 40
7.999984
100
AcDbArc
 50
298.430468
 51
301.625625
  0
ARC
  5
2FA
330
254
100
AcDbEntity
  8
0
  6
AUSGEZOGEN
 62
     7
370
    18
100
AcDbCircle
 10
364.8299585
 20
417.023298486316
 30
0.0
 40
7.999984
100
AcDbArc
 50
303.229245
 51
307.505226
  0
ARC
  5
2FB
330
254
100
AcDbEntity
  8
0
  6
DASHED
 62
     7
370
    18
100
AcDbCircle
 10
364.8299585
 20
417.023298486316
 30
0.0
 40
7.999984
100
AcDbArc
 50
307.505226
 51
308.204624
  0
ARC
  5
2FC
330
254
100
AcDbEntity
  8
0
  6
AUSGEZOGEN
 62
     7
370
    18
100
AcDbCircle
 10
364.8299585
 20
417.023298486316
 30
0.0
 40
7.999984
100
AcDbArc
 50
308.204624
 51
313.377297
  0
ARC
  5
2FD
330
254
100
AcDbEntity
  8
0
  6
AUSGEZOGEN
 62
     7
370
    18
100
AcDbCircle
 10
364.8299585
 20
417.023298486316
 30
0.0
 40
7.999984
100
AcDbArc
 50
314.676622
 51
318.449818
  0
ARC
  5
2FE
330
254
100
AcDbEntity
  8
0
  6
AUSGEZOGEN
 62
     7
370
    18
100
AcDbCircle
 10
364.8299585
 20
417.023298486316
 30
0.0
 40
7.999984
100
AcDbArc
 50
319.994606
 51
323.550655
  0
ARC
  5
2FF
330
254
100
AcDbEntity
  8
0
  6
AUSGEZOGEN
 62
     7
370
    18
100
AcDbCircle
 10
364.8299585
 20
417.023298486316
 30
0.0
 40
7.999984
100
AcDbArc
 50
325.072126
 51
334.975509
  0
ARC
  5
300
330
254
100
AcDbEntity
  8
0
  6
AUSGEZOGEN
 62
     7
370
    18
100
AcDbCircle
 10
364.8299585
 20
417.023298486316
 30
0.0
 40
7.999984
100
AcDbArc
 50
336.439871
 51
339.97753
  0
ARC
  5
301
330
254
100
AcDbEntity
  8
0
  6
AUSGEZOGEN
 62
     7
370
    18
100
AcDbCircle
 10
364.8299585
 20
417.023298486316
 30
0.0
 40
7.999984
100
AcDbArc
 50
341.622602
 51
345.38986
  0
ARC
  5
302
330
254
100
AcDbEntity
  8
0
  6
DASHED
 62
     7
370
    18
100
AcDbCircle
 10
364.8299585
 20
417.023298486316
 30
0.0
 40
7.999984
100
AcDbArc
 50
345.38986
 51
346.743786
  0
ARC
  5
303
330
254
100
AcDbEntity
  8
0
  6
AUSGEZOGEN
 62
     7
370
    18
100
AcDbCircle
 10
364.8299585
 20
417.023298486316
 30
0.0
 40
7.999984
100
AcDbArc
 50
346.743786
 51
351.67313
  0
ARC
  5
304
330
254
100
AcDbEntity
  8
0
  6
AUSGEZOGEN
 62
     7
370
    18
100
AcDbCircle
 10
364.8299585
 20
417.023298486316
 30
0.0
 40
7.999984
100
AcDbArc
 50
352.603518
 51
356.638888
  0
ARC
  5
305
330
254
100
AcDbEntity
  8
0
  6
AUSGEZOGEN
 62
     7
370
    18
100
AcDbCircle
 10
364.8299585
 20
417.023298486316
 30
0.0
 40
7.999984
100
AcDbArc
 50
358.265243
 51
1.733386
  0
ARC
  5
306
330
254
100
AcDbEntity
  8
0
  6
AUSGEZOGEN
 62
     7
370
    18
100
AcDbCircle
 10
364.8299585
 20
417.023298486316
 30
0.0
 40
7.999984
100
AcDbArc
 50
3.36323
 51
7.395122
  0
ARC
  5
307
330
254
100
AcDbEntity
  8
0
  6
AUSGEZOGEN
 62
     7
370
    18
100
AcDbCircle
 10
364.8299585
 20
417.023298486316
 30
0.0
 40
7.999984
100
AcDbArc
 50
8.325516
 51
13.254883
  0
ARC
  5
308
330
254
100
AcDbEntity
  8
0
  6
DASHED
 62
     7
370
    18
100
AcDbCircle
 10
364.8299585
 20
417.023298486316
 30
0.0
 40
7.999984
100
AcDbArc
 50
13.254883
 51
14.612194
  0
ARC
  5
309
330
254
100
AcDbEntity
  8
0
  6
AUSGEZOGEN
 62
     7
370
    18
100
AcDbCircle
 10
364.8299585
 20
417.023298486316
 30
0.0
 40
7.999984
100
AcDbArc
 50
14.612194
 51
18.376091
  0
ARC
  5
30A
330
254
100
AcDbEntity
  8
0
  6
AUSGEZOGEN
 62
     7
370
    18
100
AcDbCircle
 10
364.8299585
 20
417.023298486316
 30
0.0
 40
7.999984
100
AcDbArc
 50
20.024471
 51
23.562083
  0
ARC
  5
30B
330
254
100
AcDbEntity
  8
0
  6
AUSGEZOGEN
 62
     7
370
    18
100
AcDbCircle
 10
364.8299585
 20
417.023298486316
 30
0.0
 40
7.999984
100
AcDbArc
 50
25.023248
 51
34.926749
  0
ARC
  5
30C
330
254
100
AcDbEntity
  8
0
  6
DASHED
 62
     7
370
    18
100
AcDbCircle
 10
364.8299585
 20
417.023298486316
 30
0.0
 40
7.999984
100
AcDbArc
 50
34.926749
 51
36.448242
  0
ARC
  5
30D
330
254
100
AcDbEntity
  8
0
  6
AUSGEZOGEN
 62
     7
370
    18
100
AcDbCircle
 10
364.8299585
 20
417.023298486316
 30
0.0
 40
7.999984
100
AcDbArc
 50
36.448242
 51
40.004343
  0
ARC
  5
30E
330
254
100
AcDbEntity
  8
0
  6
AUSGEZOGEN
 62
     7
370
    18
100
AcDbCircle
 10
364.8299585
 20
417.023298486316
 30
0.0
 40
7.999984
100
AcDbArc
 50
41.551769
 51
45.324872
  0
ARC
  5
30F
330
254
100
AcDbEntity
  8
0
  6
AUSGEZOGEN
 62
     7
370
    18
100
AcDbCircle
 10
364.8299585
 20
417.023298486316
 30
0.0
 40
7.999984
100
AcDbArc
 50
46.621762
 51
51.794526
  0
ARC
  5
310
330
254
100
AcDbEntity
  8
0
  6
DASHED
 62
     7
370
    18
100
AcDbCircle
 10
364.8299585
 20
417.023298486316
 30
0.0
 40
7.999984
100
AcDbArc
 50
51.794526
 51
52.493939
  0
ARC
  5
311
330
254
100
AcDbEntity
  8
0
  6
AUSGEZOGEN
 62
     7
370
    18
100
AcDbCircle
 10
364.8299585
 20
417.023298486316
 30
0.0
 40
7.999984
100
AcDbArc
 50
52.493939
 51
56.771922
  0
ARC
  5
312
330
254
100
AcDbEntity
  8
0
  6
AUSGEZOGEN
 62
     7
370
    18
100
AcDbCircle
 10
364.8299585
 20
417.023298486316
 30
0.0
 40
7.999984
100
AcDbArc
 50
58.373654
 51
61.568879
  0
ARC
  5
313
330
254
100
AcDbEntity
  8
0
  6
DASHED
 62
     7
370
    18
100
AcDbCircle
 10
364.8299585
 20
417.023298486316
 30
0.0
 40
7.999984
100
AcDbArc
 50
61.568879
 51
63.510073
  0
ARC
  5
314
330
254
100
AcDbEntity
  8
0
  6
AUSGEZOGEN
 62
     7
370
    18
100
AcDbCircle
 10
364.8299585
 20
417.023298486316
 30
0.0
 40
7.999984
100
AcDbArc
 50
63.510073
 51
67.469515
  0
ARC
  5
315
330
254
100
AcDbEntity
  8
0
  6
AUSGEZOGEN
 62
     7
370
    18
100
AcDbCircle
 10
364.8299585
 20
417.023298486316
 30
0.0
 40
7.999984
100
AcDbArc
 50
68.441967
 51
73.204364
  0
ARC
  5
316
330
254
100
AcDbEntity
  8
0
  6
AUSGEZOGEN
 62
     7
370
    18
100
AcDbCircle
 10
364.8299585
 20
417.023298486316
 30
0.0
 40
7.999984
100
AcDbArc
 50
74.590759
 51
78.277493
  0
ARC
  5
317
330
254
100
AcDbEntity
  8
0
  6
AUSGEZOGEN
 62
     7
370
    18
100
AcDbCircle
 10
364.8299585
 20
417.023298486316
 30
0.0
 40
7.999984
100
AcDbArc
 50
80.095874
 51
83.715857
  0
ARC
  5
318
330
254
100
AcDbEntity
  8
0
  6
AUSGEZOGEN
 62
     7
370
    18
100
AcDbCircle
 10
364.8299585
 20
417.023298486316
 30
0.0
 40
7.999984
100
AcDbArc
 50
85.070087
 51
90.0
  0
ARC
  5
319
330
254
100
AcDbEntity
  8
0
  6
AUSGEZOGEN
 62
     7
370
    18
100
AcDbCircle
 10
302.8900055
 20
389.787732486316
 30
0.0
 40
14.9600151445569
100
AcDbArc
 50
339.289344
 51
339.773693
  0
ARC
  5
31A
330
254
100
AcDbEntity
  8
0
  6
AUSGEZOGEN
 62
     7
370
    18
100
AcDbCircle
 10
302.8900055
 20
389.787732486316
 30
0.0
 40
14.9600151445569
100
AcDbArc
 50
338.804995
 51
339.289344
  0
ARC
  5
31B
330
254
100
AcDbEntity
  8
0
  6
AUSGEZOGEN
 62
     7
370
    18
100
AcDbCircle
 10
302.8900055
 20
389.787732486316
 30
0.0
 40
14.9600151445569
100
AcDbArc
 50
301.486452
 51
338.79382
  0
LINE
  5
31C
330
254
100
AcDbEntity
  8
0
  6
AUSGEZOGEN
 62
     7
370
    18
100
AcDbLine
 10
391.8423045
 20
432.294806486316
 30
0.0
 11
333.2395595
 21
432.321411486316
 31
0.0
  0
LINE
  5
31D
330
254
100
AcDbEntity
  8
0
  6
AUSGEZOGEN
 62
     7
370
    18
100
AcDbLine
 10
333.2395595
 20
432.321411486316
 30
0.0
 11
333.1287185
 21
432.028568486316
 31
0.0
  0
LINE
  5
31E
330
254
100
AcDbEntity
  8
0
  6
AUSGEZOGEN
 62
     7
370
    18
100
AcDbLine
 10
391.8423045
 20
432.001913486316
 30
0.0
 11
391.8423045
 21
432.294806486316
 31
0.0
  0
LINE
  5
31F
330
254
100
AcDbEntity
  8
0
  6
AUSGEZOGEN
 62
     7
370
    18
100
AcDbLine
 10
391.8423045
 20
432.294806486316
 30
0.0
 11
391.8423045
 21
433.001911486316
 31
0.0
  0
LINE
  5
320
330
254
100
AcDbEntity
  8
0
  6
AUSGEZOGEN
 62
     7
370
    18
100
AcDbLine
 10
333.5071525
 20
433.028394486316
 30
0.0
 11
333.2395595
 21
432.321411486316
 31
0.0
  0
ARC
  5
321
330
254
100
AcDbEntity
  8
0
  6
AUSGEZOGEN
 62
     7
370
    18
100
AcDbCircle
 10
271.1636065
 20
454.528598486316
 30
0.0
 40
12.4999749999999
100
AcDbArc
 50
102.578119
 51
229.584083
  0
ARC
  5
322
330
254
100
AcDbEntity
  8
0
  6
AUSGEZOGEN
 62
     7
370
    18
100
AcDbCircle
 10
271.1636065
 20
454.528598486316
 30
0.0
 40
12.4999749999999
100
AcDbArc
 50
229.584083
 51
356.590048
  0
LINE
  5
323
330
254
100
AcDbEntity
  8
0
  6
AUSGEZOGEN
 62
     7
370
    18
100
AcDbLine
 10
329.9546785
 20
377.028665486316
 30
0.0
 11
314.3296785
 21
377.028669486316
 31
0.0
  0
LINE
  5
324
330
254
100
AcDbEntity
  8
0
  6
DASHED
 62
     7
370
    18
100
AcDbLine
 10
314.3296785
 20
377.028669486316
 30
0.0
 11
271.3296785
 21
377.028678486316
 31
0.0
  0
ARC
  5
325
330
254
100
AcDbEntity
  8
0
  6
AUSGEZOGEN
 62
     7
370
    18
100
AcDbCircle
 10
302.8900055
 20
389.787732486316
 30
0.0
 40
14.9600151445569
100
AcDbArc
 50
301.281909
 51
338.79382
  0
ARC
  5
326
330
254
100
AcDbEntity
  8
0
  6
AUSGEZOGEN
 62
     7
370
    18
100
AcDbCircle
 10
355.5118375
 20
392.023368486316
 30
0.0
 40
7.999984
100
AcDbArc
 50
270.038249
 51
274.970179
  0
ARC
  5
327
330
254
100
AcDbEntity
  8
0
  6
AUSGEZOGEN
 62
     7
370
    18
100
AcDbCircle
 10
355.5118375
 20
392.023368486316
 30
0.0
 40
7.999984
100
AcDbArc
 50
276.324381
 51
279.944099
  0
ARC
  5
328
330
254
100
AcDbEntity
  8
0
  6
AUSGEZOGEN
 62
     7
370
    18
100
AcDbCircle
 10
355.5118375
 20
392.023368486316
 30
0.0
 40
7.999984
100
AcDbArc
 50
281.762269
 51
285.448497
  0
ARC
  5
329
330
254
100
AcDbEntity
  8
0
  6
AUSGEZOGEN
 62
     7
370
    18
100
AcDbCircle
 10
355.5118375
 20
392.023368486316
 30
0.0
 40
7.999984
100
AcDbArc
 50
286.833619
 51
291.594807
  0
ARC
  5
32A
330
254
100
AcDbEntity
  8
0
  6
AUSGEZOGEN
 62
     7
370
    18
100
AcDbCircle
 10
355.5118375
 20
392.023368486316
 30
0.0
 40
7.999984
100
AcDbArc
 50
292.568325
 51
296.525173
  0
ARC
  5
32B
330
254
100
AcDbEntity
  8
0
  6
AUSGEZOGEN
 62
     7
370
    18
100
AcDbCircle
 10
355.5118375
 20
392.023368486316
 30
0.0
 40
7.999984
100
AcDbArc
 50
298.071116
 51
301.659693
  0
ARC
  5
32C
330
254
100
AcDbEntity
  8
0
  6
AUSGEZOGEN
 62
     7
370
    18
100
AcDbCircle
 10
355.5118375
 20
392.023368486316
 30
0.0
 40
7.999984
100
AcDbArc
 50
303.262705
 51
307.536819
  0
ARC
  5
32D
330
254
100
AcDbEntity
  8
0
  6
AUSGEZOGEN
 62
     7
370
    18
100
AcDbCircle
 10
355.5118375
 20
392.023368486316
 30
0.0
 40
7.999984
100
AcDbArc
 50
308.236003
 51
313.406173
  0
ARC
  5
32E
330
254
100
AcDbEntity
  8
0
  6
AUSGEZOGEN
 62
     7
370
    18
100
AcDbCircle
 10
355.5118375
 20
392.023368486316
 30
0.0
 40
7.999984
100
AcDbArc
 50
314.704885
 51
318.178384
  0
ARC
  5
32F
330
254
100
AcDbEntity
  8
0
  6
AUSGEZOGEN
 62
     7
370
    18
100
AcDbCircle
 10
355.5118375
 20
392.023368486316
 30
0.0
 40
7.999984
100
AcDbArc
 50
320.020102
 51
323.574149
  0
ARC
  5
330
330
254
100
AcDbEntity
  8
0
  6
DASHED
 62
     7
370
    18
100
AcDbCircle
 10
355.5118375
 20
392.023368486316
 30
0.0
 40
7.999984
100
AcDbArc
 50
323.574149
 51
325.094742
  0
ARC
  5
331
330
254
100
AcDbEntity
  8
0
  6
AUSGEZOGEN
 62
     7
370
    18
100
AcDbCircle
 10
355.5118375
 20
392.023368486316
 30
0.0
 40
7.999984
100
AcDbArc
 50
325.094742
 51
334.992073
  0
ARC
  5
332
330
254
100
AcDbEntity
  8
0
  6
AUSGEZOGEN
 62
     7
370
    18
100
AcDbCircle
 10
355.5118375
 20
392.023368486316
 30
0.0
 40
7.999984
100
AcDbArc
 50
336.455538
 51
339.990864
  0
ARC
  5
333
330
254
100
AcDbEntity
  8
0
  6
AUSGEZOGEN
 62
     7
370
    18
100
AcDbCircle
 10
355.5118375
 20
392.023368486316
 30
0.0
 40
7.999984
100
AcDbArc
 50
341.638189
 51
345.399513
  0
ARC
  5
334
330
254
100
AcDbEntity
  8
0
  6
AUSGEZOGEN
 62
     7
370
    18
100
AcDbCircle
 10
355.5118375
 20
392.023368486316
 30
0.0
 40
7.999984
100
AcDbArc
 50
346.652957
 51
351.678446
  0
ARC
  5
335
330
254
100
AcDbEntity
  8
0
  6
AUSGEZOGEN
 62
     7
370
    18
100
AcDbCircle
 10
355.5118375
 20
392.023368486316
 30
0.0
 40
7.999984
100
AcDbArc
 50
352.608198
 51
356.640744
  0
ARC
  5
336
330
254
100
AcDbEntity
  8
0
  6
AUSGEZOGEN
 62
     7
370
    18
100
AcDbCircle
 10
355.5118375
 20
392.023368486316
 30
0.0
 40
7.999984
100
AcDbArc
 50
358.26596
 51
1.731669
  0
ARC
  5
337
330
254
100
AcDbEntity
  8
0
  6
AUSGEZOGEN
 62
     7
370
    18
100
AcDbCircle
 10
355.5118375
 20
392.023368486316
 30
0.0
 40
7.999984
100
AcDbArc
 50
3.360374
 51
7.38945
  0
ARC
  5
338
330
254
100
AcDbEntity
  8
0
  6
AUSGEZOGEN
 62
     7
370
    18
100
AcDbCircle
 10
355.5118375
 20
392.023368486316
 30
0.0
 40
7.999984
100
AcDbArc
 50
8.322661
 51
13.348139
  0
ARC
  5
339
330
254
100
AcDbEntity
  8
0
  6
AUSGEZOGEN
 62
     7
370
    18
100
AcDbCircle
 10
355.5118375
 20
392.023368486316
 30
0.0
 40
7.999984
100
AcDbArc
 50
14.601571
 51
18.36288
  0
ARC
  5
33A
330
254
100
AcDbEntity
  8
0
  6
AUSGEZOGEN
 62
     7
370
    18
100
AcDbCircle
 10
355.5118375
 20
392.023368486316
 30
0.0
 40
7.999984
100
AcDbArc
 50
20.010192
 51
23.545493
  0
ARC
  5
33B
330
254
100
AcDbEntity
  8
0
  6
AUSGEZOGEN
 62
     7
370
    18
100
AcDbCircle
 10
355.5118375
 20
392.023368486316
 30
0.0
 40
7.999984
100
AcDbArc
 50
25.008944
 51
34.906178
  0
ARC
  5
33C
330
254
100
AcDbEntity
  8
0
  6
AUSGEZOGEN
 62
     7
370
    18
100
AcDbCircle
 10
355.5118375
 20
392.023368486316
 30
0.0
 40
7.999984
100
AcDbArc
 50
36.426753
 51
39.978078
  0
ARC
  5
33D
330
254
100
AcDbEntity
  8
0
  6
AUSGEZOGEN
 62
     7
370
    18
100
AcDbCircle
 10
355.5118375
 20
392.023368486316
 30
0.0
 40
7.999984
100
AcDbArc
 50
41.822455
 51
45.295905
  0
ARC
  5
33E
330
254
100
AcDbEntity
  8
0
  6
AUSGEZOGEN
 62
     7
370
    18
100
AcDbCircle
 10
355.5118375
 20
392.023368486316
 30
0.0
 40
7.999984
100
AcDbArc
 50
46.594597
 51
51.762525
  0
ARC
  5
33F
330
254
100
AcDbEntity
  8
0
  6
AUSGEZOGEN
 62
     7
370
    18
100
AcDbCircle
 10
355.5118375
 20
392.023368486316
 30
0.0
 40
7.999984
100
AcDbArc
 50
52.461736
 51
56.737912
  0
ARC
  5
340
330
254
100
AcDbEntity
  8
0
  6
AUSGEZOGEN
 62
     7
370
    18
100
AcDbCircle
 10
355.5118375
 20
392.023368486316
 30
0.0
 40
7.999984
100
AcDbArc
 50
58.339059
 51
61.927764
  0
ARC
  5
341
330
254
100
AcDbEntity
  8
0
  6
AUSGEZOGEN
 62
     7
370
    18
100
AcDbCircle
 10
355.5118375
 20
392.023368486316
 30
0.0
 40
7.999984
100
AcDbArc
 50
63.473765
 51
67.432106
  0
ARC
  5
342
330
254
100
AcDbEntity
  8
0
  6
AUSGEZOGEN
 62
     7
370
    18
100
AcDbCircle
 10
355.5118375
 20
392.023368486316
 30
0.0
 40
7.999984
100
AcDbArc
 50
68.405607
 51
73.165693
  0
ARC
  5
343
330
254
100
AcDbEntity
  8
0
  6
AUSGEZOGEN
 62
     7
370
    18
100
AcDbCircle
 10
355.5118375
 20
392.023368486316
 30
0.0
 40
7.999984
100
AcDbArc
 50
74.551802
 51
78.23796
  0
ARC
  5
344
330
254
100
AcDbEntity
  8
0
  6
AUSGEZOGEN
 62
     7
370
    18
100
AcDbCircle
 10
355.5118375
 20
392.023368486316
 30
0.0
 40
7.999984
100
AcDbArc
 50
80.056095
 51
83.675743
  0
ARC
  5
345
330
254
100
AcDbEntity
  8
0
  6
AUSGEZOGEN
 62
     7
370
    18
100
AcDbCircle
 10
355.5118375
 20
392.023368486316
 30
0.0
 40
7.999984
100
AcDbArc
 50
85.029918
 51
89.961749
  0
ARC
  5
346
330
254
100
AcDbEntity
  8
0
  6
AUSGEZOGEN
 62
     7
370
    18
100
AcDbCircle
 10
355.5118375
 20
392.023368486316
 30
0.0
 40
7.999984
100
AcDbArc
 50
90.0
 51
94.893833
  0
ARC
  5
347
330
254
100
AcDbEntity
  8
0
  6
AUSGEZOGEN
 62
     7
370
    18
100
AcDbCircle
 10
355.5118375
 20
392.023368486316
 30
0.0
 40
7.999984
100
AcDbArc
 50
96.69323
 51
99.868474
  0
ARC
  5
348
330
254
100
AcDbEntity
  8
0
  6
AUSGEZOGEN
 62
     7
370
    18
100
AcDbCircle
 10
355.5118375
 20
392.023368486316
 30
0.0
 40
7.999984
100
AcDbArc
 50
101.687105
 51
105.374414
  0
ARC
  5
349
330
254
100
AcDbEntity
  8
0
  6
AUSGEZOGEN
 62
     7
370
    18
100
AcDbCircle
 10
355.5118375
 20
392.023368486316
 30
0.0
 40
7.999984
100
AcDbArc
 50
106.761088
 51
111.523193
  0
ARC
  5
34A
330
254
100
AcDbEntity
  8
0
  6
AUSGEZOGEN
 62
     7
370
    18
100
AcDbCircle
 10
355.5118375
 20
392.023368486316
 30
0.0
 40
7.999984
100
AcDbArc
 50
112.49716
 51
116.45765
  0
ARC
  5
34B
330
254
100
AcDbEntity
  8
0
  6
DASHED
 62
     7
370
    18
100
AcDbCircle
 10
355.5118375
 20
392.023368486316
 30
0.0
 40
7.999984
100
AcDbArc
 50
116.45765
 51
118.399508
  0
ARC
  5
34C
330
254
100
AcDbEntity
  8
0
  6
AUSGEZOGEN
 62
     7
370
    18
100
AcDbCircle
 10
355.5118375
 20
392.023368486316
 30
0.0
 40
7.999984
100
AcDbArc
 50
118.399508
 51
121.595683
  0
ARC
  5
34D
330
254
100
AcDbEntity
  8
0
  6
AUSGEZOGEN
 62
     7
370
    18
100
AcDbCircle
 10
355.5118375
 20
392.023368486316
 30
0.0
 40
7.999984
100
AcDbArc
 50
123.197965
 51
127.477629
  0
ARC
  5
34E
330
254
100
AcDbEntity
  8
0
  6
AUSGEZOGEN
 62
     7
370
    18
100
AcDbCircle
 10
355.5118375
 20
392.023368486316
 30
0.0
 40
7.999984
100
AcDbArc
 50
128.177234
 51
133.349856
  0
ARC
  5
34F
330
254
100
AcDbEntity
  8
0
  6
AUSGEZOGEN
 62
     7
370
    18
100
AcDbCircle
 10
355.5118375
 20
392.023368486316
 30
0.0
 40
7.999984
100
AcDbArc
 50
134.649698
 51
138.424607
  0
ARC
  5
350
330
254
100
AcDbEntity
  8
0
  6
AUSGEZOGEN
 62
     7
370
    18
100
AcDbCircle
 10
355.5118375
 20
392.023368486316
 30
0.0
 40
7.999984
100
AcDbArc
 50
139.972721
 51
143.527814
  0
ARC
  5
351
330
254
100
AcDbEntity
  8
0
  6
AUSGEZOGEN
 62
     7
370
    18
100
AcDbCircle
 10
355.5118375
 20
392.023368486316
 30
0.0
 40
7.999984
100
AcDbArc
 50
145.050046
 51
154.9587
  0
ARC
  5
352
330
254
100
AcDbEntity
  8
0
  6
DASHED
 62
     7
370
    18
100
AcDbCircle
 10
355.5118375
 20
392.023368486316
 30
0.0
 40
7.999984
100
AcDbArc
 50
154.9587
 51
156.423842
  0
ARC
  5
353
330
254
100
AcDbEntity
  8
0
  6
AUSGEZOGEN
 62
     7
370
    18
100
AcDbCircle
 10
355.5118375
 20
392.023368486316
 30
0.0
 40
7.999984
100
AcDbArc
 50
156.423842
 51
159.963557
  0
ARC
  5
354
330
254
100
AcDbEntity
  8
0
  6
DASHED
 62
     7
370
    18
100
AcDbCircle
 10
355.5118375
 20
392.023368486316
 30
0.0
 40
7.999984
100
AcDbArc
 50
159.963557
 51
161.7537
  0
ARC
  5
355
330
254
100
AcDbEntity
  8
0
  6
AUSGEZOGEN
 62
     7
370
    18
100
AcDbCircle
 10
355.5118375
 20
392.023368486316
 30
0.0
 40
7.999984
100
AcDbArc
 50
161.7537
 51
165.379153
  0
ARC
  5
356
330
254
100
AcDbEntity
  8
0
  6
AUSGEZOGEN
 62
     7
370
    18
100
AcDbCircle
 10
355.5118375
 20
392.023368486316
 30
0.0
 40
7.999984
100
AcDbArc
 50
166.737316
 51
171.666289
  0
ARC
  5
357
330
254
100
AcDbEntity
  8
0
  6
AUSGEZOGEN
 62
     7
370
    18
100
AcDbCircle
 10
355.5118375
 20
392.023368486316
 30
0.0
 40
7.999984
100
AcDbArc
 50
172.60071
 51
176.635146
  0
ARC
  5
358
330
254
100
AcDbEntity
  8
0
  6
AUSGEZOGEN
 62
     7
370
    18
100
AcDbCircle
 10
355.5118375
 20
392.023368486316
 30
0.0
 40
7.999984
100
AcDbArc
 50
178.266019
 51
181.736355
  0
ARC
  5
359
330
254
100
AcDbEntity
  8
0
  6
AUSGEZOGEN
 62
     7
370
    18
100
AcDbCircle
 10
355.5118375
 20
392.023368486316
 30
0.0
 40
7.999984
100
AcDbArc
 50
183.363734
 51
187.401645
  0
ARC
  5
35A
330
254
100
AcDbEntity
  8
0
  6
AUSGEZOGEN
 62
     7
370
    18
100
AcDbCircle
 10
355.5118375
 20
392.023368486316
 30
0.0
 40
7.999984
100
AcDbArc
 50
188.332602
 51
193.261594
  0
ARC
  5
35B
330
254
100
AcDbEntity
  8
0
  6
AUSGEZOGEN
 62
     7
370
    18
100
AcDbCircle
 10
355.5118375
 20
392.023368486316
 30
0.0
 40
7.999984
100
AcDbArc
 50
194.619762
 51
198.245237
  0
ARC
  5
35C
330
254
100
AcDbEntity
  8
0
  6
DASHED
 62
     7
370
    18
100
AcDbCircle
 10
355.5118375
 20
392.023368486316
 30
0.0
 40
7.999984
100
AcDbArc
 50
198.245237
 51
200.035386
  0
ARC
  5
35D
330
254
100
AcDbEntity
  8
0
  6
AUSGEZOGEN
 62
     7
370
    18
100
AcDbCircle
 10
355.5118375
 20
392.023368486316
 30
0.0
 40
7.999984
100
AcDbArc
 50
200.035386
 51
203.575126
  0
ARC
  5
35E
330
254
100
AcDbEntity
  8
0
  6
AUSGEZOGEN
 62
     7
370
    18
100
AcDbCircle
 10
355.5118375
 20
392.023368486316
 30
0.0
 40
7.999984
100
AcDbArc
 50
205.040283
 51
214.949034
  0
ARC
  5
35F
330
254
100
AcDbEntity
  8
0
  6
AUSGEZOGEN
 62
     7
370
    18
100
AcDbCircle
 10
355.5118375
 20
392.023368486316
 30
0.0
 40
7.999984
100
AcDbArc
 50
216.471283
 51
220.029099
  0
ARC
  5
360
330
254
100
AcDbEntity
  8
0
  6
AUSGEZOGEN
 62
     7
370
    18
100
AcDbCircle
 10
355.5118375
 20
392.023368486316
 30
0.0
 40
7.999984
100
AcDbArc
 50
221.574555
 51
225.349512
  0
ARC
  5
361
330
254
100
AcDbEntity
  8
0
  6
AUSGEZOGEN
 62
     7
370
    18
100
AcDbCircle
 10
355.5118375
 20
392.023368486316
 30
0.0
 40
7.999984
100
AcDbArc
 50
226.649374
 51
231.824237
  0
ARC
  5
362
330
254
100
AcDbEntity
  8
0
  6
AUSGEZOGEN
 62
     7
370
    18
100
AcDbCircle
 10
355.5118375
 20
392.023368486316
 30
0.0
 40
7.999984
100
AcDbArc
 50
232.523815
 51
236.801419
  0
ARC
  5
363
330
254
100
AcDbEntity
  8
0
  6
AUSGEZOGEN
 62
     7
370
    18
100
AcDbCircle
 10
355.5118375
 20
392.023368486316
 30
0.0
 40
7.999984
100
AcDbArc
 50
238.405564
 51
241.60162
  0
ARC
  5
364
330
254
100
AcDbEntity
  8
0
  6
AUSGEZOGEN
 62
     7
370
    18
100
AcDbCircle
 10
355.5118375
 20
392.023368486316
 30
0.0
 40
7.999984
100
AcDbArc
 50
243.54341
 51
247.50241
  0
ARC
  5
365
330
254
100
AcDbEntity
  8
0
  6
AUSGEZOGEN
 62
     7
370
    18
100
AcDbCircle
 10
355.5118375
 20
392.023368486316
 30
0.0
 40
7.999984
100
AcDbArc
 50
248.476395
 51
253.239597
  0
ARC
  5
366
330
254
100
AcDbEntity
  8
0
  6
AUSGEZOGEN
 62
     7
370
    18
100
AcDbCircle
 10
355.5118375
 20
392.023368486316
 30
0.0
 40
7.999984
100
AcDbArc
 50
254.625288
 51
258.312667
  0
ARC
  5
367
330
254
100
AcDbEntity
  8
0
  6
AUSGEZOGEN
 62
     7
370
    18
100
AcDbCircle
 10
355.5118375
 20
392.023368486316
 30
0.0
 40
7.999984
100
AcDbArc
 50
260.131333
 51
263.306639
  0
ARC
  5
368
330
254
100
AcDbEntity
  8
0
  6
AUSGEZOGEN
 62
     7
370
    18
100
AcDbCircle
 10
355.5118375
 20
392.023368486316
 30
0.0
 40
7.999984
100
AcDbArc
 50
265.106071
 51
270.0
  0
LINE
  5
369
330
254
100
AcDbEntity
  8
0
  6
AUSGEZOGEN
 62
     7
370
    18
100
AcDbLine
 10
391.8423045
 20
323.028786486316
 30
0.0
 11
391.3423055
 21
323.028786486316
 31
0.0
  0
ARC
  5
36A
330
254
100
AcDbEntity
  8
0
  6
AUSGEZOGEN
 62
     7
370
    18
100
AcDbCircle
 10
322.1149615
 20
389.787807486316
 30
0.0
 40
14.9600151445569
100
AcDbArc
 50
201.195005
 51
238.52660504938
  0
LINE
  5
36B
330
254
100
AcDbEntity
  8
0
  6
AUSGEZOGEN
 62
     7
370
    18
100
AcDbLine
 10
269.4931295
 20
384.023459486316
 30
0.0
 11
269.4931295
 21
379.023469486316
 31
0.0
  0
ARC
  5
36C
330
254
100
AcDbEntity
  8
0
  6
AUSGEZOGEN
 62
     7
370
    18
100
AcDbCircle
 10
269.4931295
 20
392.023443486316
 30
0.0
 40
12.999974
100
AcDbArc
 50
270.0
 51
90.0
  0
ARC
  5
36D
330
254
100
AcDbEntity
  8
0
  6
AUSGEZOGEN
 62
     7
370
    18
100
AcDbCircle
 10
269.4931295
 20
392.023443486316
 30
0.0
 40
7.999984
100
AcDbArc
 50
270.0
 51
90.0
  0
ARC
  5
36E
330
254
100
AcDbEntity
  8
0
  6
AUSGEZOGEN
 62
     7
370
    18
100
AcDbCircle
 10
269.4931295
 20
392.023443486316
 30
0.0
 40
7.999984
100
AcDbArc
 50
90.0
 51
270.0
  0
ARC
  5
36F
330
254
100
AcDbEntity
  8
0
  6
AUSGEZOGEN
 62
     7
370
    18
100
AcDbCircle
 10
269.4931295
 20
392.023443486316
 30
0.0
 40
12.999974
100
AcDbArc
 50
90.0
 51
270.0
  0
LINE
  5
370
330
254
100
AcDbEntity
  8
0
  6
AUSGEZOGEN
 62
     7
370
    18
100
AcDbLine
 10
269.4931295
 20
405.023417486316
 30
0.0
 11
269.4931295
 21
400.023427486316
 31
0.0
  0
LINE
  5
371
330
254
100
AcDbEntity
  8
0
  6
AUSGEZOGEN
 62
     7
370
    18
100
AcDbLine
 10
332.7882225
 20
426.295880486316
 30
0.0
 11
331.1887265
 21
426.903078486316
 31
0.0
  0
ARC
  5
372
330
254
100
AcDbEntity
  8
0
  6
AUSGEZOGEN
 62
     7
370
    18
100
AcDbCircle
 10
260.1750085
 20
417.023373486316
 30
0.0
 40
7.999984
100
AcDbArc
 50
270.212491
 51
275.143785
  0
ARC
  5
373
330
254
100
AcDbEntity
  8
0
  6
DASHED
 62
     7
370
    18
100
AcDbCircle
 10
260.1750085
 20
417.023373486316
 30
0.0
 40
7.999984
100
AcDbArc
 50
275.143785
 51
276.497684
  0
ARC
  5
374
330
254
100
AcDbEntity
  8
0
  6
AUSGEZOGEN
 62
     7
370
    18
100
AcDbCircle
 10
260.1750085
 20
417.023373486316
 30
0.0
 40
7.999984
100
AcDbArc
 50
276.497684
 51
280.115774
  0
ARC
  5
375
330
254
100
AcDbEntity
  8
0
  6
DASHED
 62
     7
370
    18
100
AcDbCircle
 10
260.1750085
 20
417.023373486316
 30
0.0
 40
7.999984
100
AcDbArc
 50
280.115774
 51
281.494289
  0
ARC
  5
376
330
254
100
AcDbEntity
  8
0
  6
AUSGEZOGEN
 62
     7
370
    18
100
AcDbCircle
 10
260.1750085
 20
417.023373486316
 30
0.0
 40
7.999984
100
AcDbArc
 50
281.494289
 51
285.184575
  0
ARC
  5
377
330
254
100
AcDbEntity
  8
0
  6
DASHED
 62
     7
370
    18
100
AcDbCircle
 10
260.1750085
 20
417.023373486316
 30
0.0
 40
7.999984
100
AcDbArc
 50
285.184575
 51
286.57171
  0
ARC
  5
378
330
254
100
AcDbEntity
  8
0
  6
AUSGEZOGEN
 62
     7
370
    18
100
AcDbCircle
 10
260.1750085
 20
417.023373486316
 30
0.0
 40
7.999984
100
AcDbArc
 50
286.57171
 51
291.756709
  0
ARC
  5
379
330
254
100
AcDbEntity
  8
0
  6
AUSGEZOGEN
 62
     7
370
    18
100
AcDbCircle
 10
260.1750085
 20
417.023373486316
 30
0.0
 40
7.999984
100
AcDbArc
 50
292.729154
 51
296.681063
  0
ARC
  5
37A
330
254
100
AcDbEntity
  8
0
  6
DASHED
 62
     7
370
    18
100
AcDbCircle
 10
260.1750085
 20
417.023373486316
 30
0.0
 40
7.999984
100
AcDbArc
 50
296.681063
 51
298.226659
  0
ARC
  5
37B
330
254
100
AcDbEntity
  8
0
  6
AUSGEZOGEN
 62
     7
370
    18
100
AcDbCircle
 10
260.1750085
 20
417.023373486316
 30
0.0
 40
7.999984
100
AcDbArc
 50
298.226659
 51
301.80797
  0
ARC
  5
37C
330
254
100
AcDbEntity
  8
0
  6
DASHED
 62
     7
370
    18
100
AcDbCircle
 10
260.1750085
 20
417.023373486316
 30
0.0
 40
7.999984
100
AcDbArc
 50
301.80797
 51
303.408389
  0
ARC
  5
37D
330
254
100
AcDbEntity
  8
0
  6
AUSGEZOGEN
 62
     7
370
    18
100
AcDbCircle
 10
260.1750085
 20
417.023373486316
 30
0.0
 40
7.999984
100
AcDbArc
 50
303.408389
 51
307.319665
  0
ARC
  5
37E
330
254
100
AcDbEntity
  8
0
  6
DASHED
 62
     7
370
    18
100
AcDbCircle
 10
260.1750085
 20
417.023373486316
 30
0.0
 40
7.999984
100
AcDbArc
 50
307.319665
 51
308.37282
  0
ARC
  5
37F
330
254
100
AcDbEntity
  8
0
  6
AUSGEZOGEN
 62
     7
370
    18
100
AcDbCircle
 10
260.1750085
 20
417.023373486316
 30
0.0
 40
7.999984
100
AcDbArc
 50
308.37282
 51
313.207179
  0
ARC
  5
380
330
254
100
AcDbEntity
  8
0
  6
DASHED
 62
     7
370
    18
100
AcDbCircle
 10
260.1750085
 20
417.023373486316
 30
0.0
 40
7.999984
100
AcDbArc
 50
313.207179
 51
314.510001
  0
ARC
  5
381
330
254
100
AcDbEntity
  8
0
  6
AUSGEZOGEN
 62
     7
370
    18
100
AcDbCircle
 10
260.1750085
 20
417.023373486316
 30
0.0
 40
7.999984
100
AcDbArc
 50
314.510001
 51
318.294654
  0
ARC
  5
382
330
254
100
AcDbEntity
  8
0
  6
DASHED
 62
     7
370
    18
100
AcDbCircle
 10
260.1750085
 20
417.023373486316
 30
0.0
 40
7.999984
100
AcDbArc
 50
318.294654
 51
320.131769
  0
ARC
  5
383
330
254
100
AcDbEntity
  8
0
  6
AUSGEZOGEN
 62
     7
370
    18
100
AcDbCircle
 10
260.1750085
 20
417.023373486316
 30
0.0
 40
7.999984
100
AcDbArc
 50
320.131769
 51
323.411318
  0
ARC
  5
384
330
254
100
AcDbEntity
  8
0
  6
DASHED
 62
     7
370
    18
100
AcDbCircle
 10
260.1750085
 20
417.023373486316
 30
0.0
 40
7.999984
100
AcDbArc
 50
323.411318
 51
324.937836
  0
ARC
  5
385
330
254
100
AcDbEntity
  8
0
  6
AUSGEZOGEN
 62
     7
370
    18
100
AcDbCircle
 10
260.1750085
 20
417.023373486316
 30
0.0
 40
7.999984
100
AcDbArc
 50
324.937836
 51
334.876057
  0
ARC
  5
386
330
254
100
AcDbEntity
  8
0
  6
DASHED
 62
     7
370
    18
100
AcDbCircle
 10
260.1750085
 20
417.023373486316
 30
0.0
 40
7.999984
100
AcDbArc
 50
334.876057
 51
336.52507
  0
ARC
  5
387
330
254
100
AcDbEntity
  8
0
  6
AUSGEZOGEN
 62
     7
370
    18
100
AcDbCircle
 10
260.1750085
 20
417.023373486316
 30
0.0
 40
7.999984
100
AcDbArc
 50
336.52507
 51
340.050377
  0
ARC
  5
388
330
254
100
AcDbEntity
  8
0
  6
DASHED
 62
     7
370
    18
100
AcDbCircle
 10
260.1750085
 20
417.023373486316
 30
0.0
 40
7.999984
100
AcDbArc
 50
340.050377
 51
341.693067
  0
ARC
  5
389
330
254
100
AcDbEntity
  8
0
  6
AUSGEZOGEN
 62
     7
370
    18
100
AcDbCircle
 10
260.1750085
 20
417.023373486316
 30
0.0
 40
7.999984
100
AcDbArc
 50
341.693067
 51
345.330371
  0
ARC
  5
38A
330
254
100
AcDbEntity
  8
0
  6
DASHED
 62
     7
370
    18
100
AcDbCircle
 10
260.1750085
 20
417.023373486316
 30
0.0
 40
7.999984
100
AcDbArc
 50
345.330371
 51
346.693177
  0
ARC
  5
38B
330
254
100
AcDbEntity
  8
0
  6
AUSGEZOGEN
 62
     7
370
    18
100
AcDbCircle
 10
260.1750085
 20
417.023373486316
 30
0.0
 40
7.999984
100
AcDbArc
 50
346.693177
 51
351.638795
  0
ARC
  5
38C
330
254
100
AcDbEntity
  8
0
  6
DASHED
 62
     7
370
    18
100
AcDbCircle
 10
260.1750085
 20
417.023373486316
 30
0.0
 40
7.999984
100
AcDbArc
 50
351.638795
 51
352.572868
  0
ARC
  5
38D
330
254
100
AcDbEntity
  8
0
  6
AUSGEZOGEN
 62
     7
370
    18
100
AcDbCircle
 10
260.1750085
 20
417.023373486316
 30
0.0
 40
7.999984
100
AcDbArc
 50
352.572868
 51
356.624652
  0
ARC
  5
38E
330
254
100
AcDbEntity
  8
0
  6
DASHED
 62
     7
370
    18
100
AcDbCircle
 10
260.1750085
 20
417.023373486316
 30
0.0
 40
7.999984
100
AcDbArc
 50
356.624652
 51
358.257623
  0
ARC
  5
38F
330
254
100
AcDbEntity
  8
0
  6
AUSGEZOGEN
 62
     7
370
    18
100
AcDbCircle
 10
260.1750085
 20
417.023373486316
 30
0.0
 40
7.999984
100
AcDbArc
 50
358.257623
 51
1.739926
  0
ARC
  5
390
330
254
100
AcDbEntity
  8
0
  6
DASHED
 62
     7
370
    18
100
AcDbCircle
 10
260.1750085
 20
417.023373486316
 30
0.0
 40
7.999984
100
AcDbArc
 50
1.739926
 51
3.376402
  0
ARC
  5
391
330
254
100
AcDbEntity
  8
0
  6
AUSGEZOGEN
 62
     7
370
    18
100
AcDbCircle
 10
260.1750085
 20
417.023373486316
 30
0.0
 40
7.999984
100
AcDbArc
 50
3.376402
 51
7.424701
  0
ARC
  5
392
330
254
100
AcDbEntity
  8
0
  6
DASHED
 62
     7
370
    18
100
AcDbCircle
 10
260.1750085
 20
417.023373486316
 30
0.0
 40
7.999984
100
AcDbArc
 50
7.424701
 51
8.362249
  0
ARC
  5
393
330
254
100
AcDbEntity
  8
0
  6
AUSGEZOGEN
 62
     7
370
    18
100
AcDbCircle
 10
260.1750085
 20
417.023373486316
 30
0.0
 40
7.999984
100
AcDbArc
 50
8.362249
 51
13.307849
  0
ARC
  5
394
330
254
100
AcDbEntity
  8
0
  6
DASHED
 62
     7
370
    18
100
AcDbCircle
 10
260.1750085
 20
417.023373486316
 30
0.0
 40
7.999984
100
AcDbArc
 50
13.307849
 51
14.670652
  0
ARC
  5
395
330
254
100
AcDbEntity
  8
0
  6
AUSGEZOGEN
 62
     7
370
    18
100
AcDbCircle
 10
260.1750085
 20
417.023373486316
 30
0.0
 40
7.999984
100
AcDbArc
 50
14.670652
 51
18.307933
  0
ARC
  5
396
330
254
100
AcDbEntity
  8
0
  6
DASHED
 62
     7
370
    18
100
AcDbCircle
 10
260.1750085
 20
417.023373486316
 30
0.0
 40
7.999984
100
AcDbArc
 50
18.307933
 51
19.950612
  0
ARC
  5
397
330
254
100
AcDbEntity
  8
0
  6
AUSGEZOGEN
 62
     7
370
    18
100
AcDbCircle
 10
260.1750085
 20
417.023373486316
 30
0.0
 40
7.999984
100
AcDbArc
 50
19.950612
 51
23.475896
  0
ARC
  5
398
330
254
100
AcDbEntity
  8
0
  6
DASHED
 62
     7
370
    18
100
AcDbCircle
 10
260.1750085
 20
417.023373486316
 30
0.0
 40
7.999984
100
AcDbArc
 50
23.475896
 51
25.1249
  0
ARC
  5
399
330
254
100
AcDbEntity
  8
0
  6
AUSGEZOGEN
 62
     7
370
    18
100
AcDbCircle
 10
260.1750085
 20
417.023373486316
 30
0.0
 40
7.999984
100
AcDbArc
 50
25.1249
 51
35.063029
  0
ARC
  5
39A
330
254
100
AcDbEntity
  8
0
  6
DASHED
 62
     7
370
    18
100
AcDbCircle
 10
260.1750085
 20
417.023373486316
 30
0.0
 40
7.999984
100
AcDbArc
 50
35.063029
 51
36.589531
  0
ARC
  5
39B
330
254
100
AcDbEntity
  8
0
  6
AUSGEZOGEN
 62
     7
370
    18
100
AcDbCircle
 10
260.1750085
 20
417.023373486316
 30
0.0
 40
7.999984
100
AcDbArc
 50
36.589531
 51
39.86636
  0
ARC
  5
39C
330
254
100
AcDbEntity
  8
0
  6
DASHED
 62
     7
370
    18
100
AcDbCircle
 10
260.1750085
 20
417.023373486316
 30
0.0
 40
7.999984
100
AcDbArc
 50
39.86636
 51
41.706133
  0
ARC
  5
39D
330
254
100
AcDbEntity
  8
0
  6
AUSGEZOGEN
 62
     7
370
    18
100
AcDbCircle
 10
260.1750085
 20
417.023373486316
 30
0.0
 40
7.999984
100
AcDbArc
 50
41.706133
 51
45.49074
  0
ARC
  5
39E
330
254
100
AcDbEntity
  8
0
  6
DASHED
 62
     7
370
    18
100
AcDbCircle
 10
260.1750085
 20
417.023373486316
 30
0.0
 40
7.999984
100
AcDbArc
 50
45.49074
 51
46.793543
  0
ARC
  5
39F
330
254
100
AcDbEntity
  8
0
  6
AUSGEZOGEN
 62
     7
370
    18
100
AcDbCircle
 10
260.1750085
 20
417.023373486316
 30
0.0
 40
7.999984
100
AcDbArc
 50
46.793543
 51
51.625663
  0
ARC
  5
3A0
330
254
100
AcDbEntity
  8
0
  6
DASHED
 62
     7
370
    18
100
AcDbCircle
 10
260.1750085
 20
417.023373486316
 30
0.0
 40
7.999984
100
AcDbArc
 50
51.625663
 51
52.678851
  0
ARC
  5
3A1
330
254
100
AcDbEntity
  8
0
  6
AUSGEZOGEN
 62
     7
370
    18
100
AcDbCircle
 10
260.1750085
 20
417.023373486316
 30
0.0
 40
7.999984
100
AcDbArc
 50
52.678851
 51
56.592191
  0
ARC
  5
3A2
330
254
100
AcDbEntity
  8
0
  6
DASHED
 62
     7
370
    18
100
AcDbCircle
 10
260.1750085
 20
417.023373486316
 30
0.0
 40
7.999984
100
AcDbArc
 50
56.592191
 51
58.190742
  0
ARC
  5
3A3
330
254
100
AcDbEntity
  8
0
  6
AUSGEZOGEN
 62
     7
370
    18
100
AcDbCircle
 10
260.1750085
 20
417.023373486316
 30
0.0
 40
7.999984
100
AcDbArc
 50
58.190742
 51
61.77384
  0
ARC
  5
3A4
330
254
100
AcDbEntity
  8
0
  6
DASHED
 62
     7
370
    18
100
AcDbCircle
 10
260.1750085
 20
417.023373486316
 30
0.0
 40
7.999984
100
AcDbArc
 50
61.77384
 51
63.31784
  0
ARC
  5
3A5
330
254
100
AcDbEntity
  8
0
  6
AUSGEZOGEN
 62
     7
370
    18
100
AcDbCircle
 10
260.1750085
 20
417.023373486316
 30
0.0
 40
7.999984
100
AcDbArc
 50
63.31784
 51
67.271253
  0
ARC
  5
3A6
330
254
100
AcDbEntity
  8
0
  6
DASHED
 62
     7
370
    18
100
AcDbCircle
 10
260.1750085
 20
417.023373486316
 30
0.0
 40
7.999984
100
AcDbArc
 50
67.271253
 51
68.243681
  0
ARC
  5
3A7
330
254
100
AcDbEntity
  8
0
  6
AUSGEZOGEN
 62
     7
370
    18
100
AcDbCircle
 10
260.1750085
 20
417.023373486316
 30
0.0
 40
7.999984
100
AcDbArc
 50
68.243681
 51
73.427592
  0
ARC
  5
3A8
330
254
100
AcDbEntity
  8
0
  6
DASHED
 62
     7
370
    18
100
AcDbCircle
 10
260.1750085
 20
417.023373486316
 30
0.0
 40
7.999984
100
AcDbArc
 50
73.427592
 51
74.815701
  0
ARC
  5
3A9
330
254
100
AcDbEntity
  8
0
  6
AUSGEZOGEN
 62
     7
370
    18
100
AcDbCircle
 10
260.1750085
 20
417.023373486316
 30
0.0
 40
7.999984
100
AcDbArc
 50
74.815701
 51
78.505921
  0
ARC
  5
3AA
330
254
100
AcDbEntity
  8
0
  6
DASHED
 62
     7
370
    18
100
AcDbCircle
 10
260.1750085
 20
417.023373486316
 30
0.0
 40
7.999984
100
AcDbArc
 50
78.505921
 51
79.884411
  0
ARC
  5
3AB
330
254
100
AcDbEntity
  8
0
  6
AUSGEZOGEN
 62
     7
370
    18
100
AcDbCircle
 10
260.1750085
 20
417.023373486316
 30
0.0
 40
7.999984
100
AcDbArc
 50
79.884411
 51
83.502435
  0
ARC
  5
3AC
330
254
100
AcDbEntity
  8
0
  6
DASHED
 62
     7
370
    18
100
AcDbCircle
 10
260.1750085
 20
417.023373486316
 30
0.0
 40
7.999984
100
AcDbArc
 50
83.502435
 51
84.85631
  0
ARC
  5
3AD
330
254
100
AcDbEntity
  8
0
  6
AUSGEZOGEN
 62
     7
370
    18
100
AcDbCircle
 10
260.1750085
 20
417.023373486316
 30
0.0
 40
7.999984
100
AcDbArc
 50
84.85631
 51
89.7875
  0
ARC
  5
3AE
330
254
100
AcDbEntity
  8
0
  6
AUSGEZOGEN
 62
     7
370
    18
100
AcDbCircle
 10
260.1750085
 20
417.023373486316
 30
0.0
 40
7.999984
100
AcDbArc
 50
90.0
 51
95.166231
  0
ARC
  5
3AF
330
254
100
AcDbEntity
  8
0
  6
AUSGEZOGEN
 62
     7
370
    18
100
AcDbCircle
 10
260.1750085
 20
417.023373486316
 30
0.0
 40
7.999984
100
AcDbArc
 50
96.520065
 51
100.137873
  0
ARC
  5
3B0
330
254
100
AcDbEntity
  8
0
  6
DASHED
 62
     7
370
    18
100
AcDbCircle
 10
260.1750085
 20
417.023373486316
 30
0.0
 40
7.999984
100
AcDbArc
 50
100.137873
 51
101.516282
  0
ARC
  5
3B1
330
254
100
AcDbEntity
  8
0
  6
AUSGEZOGEN
 62
     7
370
    18
100
AcDbCircle
 10
260.1750085
 20
417.023373486316
 30
0.0
 40
7.999984
100
AcDbArc
 50
101.516282
 51
105.206171
  0
ARC
  5
3B2
330
254
100
AcDbEntity
  8
0
  6
DASHED
 62
     7
370
    18
100
AcDbCircle
 10
260.1750085
 20
417.023373486316
 30
0.0
 40
7.999984
100
AcDbArc
 50
105.206171
 51
106.594116
  0
ARC
  5
3B3
330
254
100
AcDbEntity
  8
0
  6
AUSGEZOGEN
 62
     7
370
    18
100
AcDbCircle
 10
260.1750085
 20
417.023373486316
 30
0.0
 40
7.999984
100
AcDbArc
 50
106.594116
 51
111.777321
  0
ARC
  5
3B4
330
254
100
AcDbEntity
  8
0
  6
AUSGEZOGEN
 62
     7
370
    18
100
AcDbCircle
 10
260.1750085
 20
417.023373486316
 30
0.0
 40
7.999984
100
AcDbArc
 50
112.749609
 51
116.702379
  0
ARC
  5
3B5
330
254
100
AcDbEntity
  8
0
  6
DASHED
 62
     7
370
    18
100
AcDbCircle
 10
260.1750085
 20
417.023373486316
 30
0.0
 40
7.999984
100
AcDbArc
 50
116.702379
 51
118.246117
  0
ARC
  5
3B6
330
254
100
AcDbEntity
  8
0
  6
AUSGEZOGEN
 62
     7
370
    18
100
AcDbCircle
 10
260.1750085
 20
417.023373486316
 30
0.0
 40
7.999984
100
AcDbArc
 50
118.246117
 51
121.828483
  0
ARC
  5
3B7
330
254
100
AcDbEntity
  8
0
  6
DASHED
 62
     7
370
    18
100
AcDbCircle
 10
260.1750085
 20
417.023373486316
 30
0.0
 40
7.999984
100
AcDbArc
 50
121.828483
 51
123.426697
  0
ARC
  5
3B8
330
254
100
AcDbEntity
  8
0
  6
AUSGEZOGEN
 62
     7
370
    18
100
AcDbCircle
 10
260.1750085
 20
417.023373486316
 30
0.0
 40
7.999984
100
AcDbArc
 50
123.426697
 51
127.339172
  0
ARC
  5
3B9
330
254
100
AcDbEntity
  8
0
  6
AUSGEZOGEN
 62
     7
370
    18
100
AcDbCircle
 10
260.1750085
 20
417.023373486316
 30
0.0
 40
7.999984
100
AcDbArc
 50
128.392071
 51
133.222977
  0
ARC
  5
3BA
330
254
100
AcDbEntity
  8
0
  6
DASHED
 62
     7
370
    18
100
AcDbCircle
 10
260.1750085
 20
417.023373486316
 30
0.0
 40
7.999984
100
AcDbArc
 50
133.222977
 51
134.52544
  0
ARC
  5
3BB
330
254
100
AcDbEntity
  8
0
  6
AUSGEZOGEN
 62
     7
370
    18
100
AcDbCircle
 10
260.1750085
 20
417.023373486316
 30
0.0
 40
7.999984
100
AcDbArc
 50
134.52544
 51
138.308932
  0
ARC
  5
3BC
330
254
100
AcDbEntity
  8
0
  6
DASHED
 62
     7
370
    18
100
AcDbCircle
 10
260.1750085
 20
417.023373486316
 30
0.0
 40
7.999984
100
AcDbArc
 50
138.308932
 51
139.860304
  0
ARC
  5
3BD
330
254
100
AcDbEntity
  8
0
  6
AUSGEZOGEN
 62
     7
370
    18
100
AcDbCircle
 10
260.1750085
 20
417.023373486316
 30
0.0
 40
7.999984
100
AcDbArc
 50
139.860304
 51
143.423994
  0
ARC
  5
3BE
330
254
100
AcDbEntity
  8
0
  6
DASHED
 62
     7
370
    18
100
AcDbCircle
 10
260.1750085
 20
417.023373486316
 30
0.0
 40
7.999984
100
AcDbArc
 50
143.423994
 51
144.950005
  0
ARC
  5
3BF
330
254
100
AcDbEntity
  8
0
  6
AUSGEZOGEN
 62
     7
370
    18
100
AcDbCircle
 10
260.1750085
 20
417.023373486316
 30
0.0
 40
7.999984
100
AcDbArc
 50
144.950005
 51
154.88474
  0
ARC
  5
3C0
330
254
100
AcDbEntity
  8
0
  6
DASHED
 62
     7
370
    18
100
AcDbCircle
 10
260.1750085
 20
417.023373486316
 30
0.0
 40
7.999984
100
AcDbArc
 50
154.88474
 51
156.533111
  0
ARC
  5
3C1
330
254
100
AcDbEntity
  8
0
  6
AUSGEZOGEN
 62
     7
370
    18
100
AcDbCircle
 10
260.1750085
 20
417.023373486316
 30
0.0
 40
7.999984
100
AcDbArc
 50
156.533111
 51
160.057097
  0
ARC
  5
3C2
330
254
100
AcDbEntity
  8
0
  6
DASHED
 62
     7
370
    18
100
AcDbCircle
 10
260.1750085
 20
417.023373486316
 30
0.0
 40
7.999984
100
AcDbArc
 50
160.057097
 51
161.699176
  0
ARC
  5
3C3
330
254
100
AcDbEntity
  8
0
  6
AUSGEZOGEN
 62
     7
370
    18
100
AcDbCircle
 10
260.1750085
 20
417.023373486316
 30
0.0
 40
7.999984
100
AcDbArc
 50
161.699176
 51
165.335094
  0
ARC
  5
3C4
330
254
100
AcDbEntity
  8
0
  6
DASHED
 62
     7
370
    18
100
AcDbCircle
 10
260.1750085
 20
417.023373486316
 30
0.0
 40
7.999984
100
AcDbArc
 50
165.335094
 51
166.697362
  0
ARC
  5
3C5
330
254
100
AcDbEntity
  8
0
  6
AUSGEZOGEN
 62
     7
370
    18
100
AcDbCircle
 10
260.1750085
 20
417.023373486316
 30
0.0
 40
7.999984
100
AcDbArc
 50
166.697362
 51
171.641046
  0
ARC
  5
3C6
330
254
100
AcDbEntity
  8
0
  6
DASHED
 62
     7
370
    18
100
AcDbCircle
 10
260.1750085
 20
417.023373486316
 30
0.0
 40
7.999984
100
AcDbArc
 50
171.641046
 51
172.578233
  0
ARC
  5
3C7
330
254
100
AcDbEntity
  8
0
  6
AUSGEZOGEN
 62
     7
370
    18
100
AcDbCircle
 10
260.1750085
 20
417.023373486316
 30
0.0
 40
7.999984
100
AcDbArc
 50
172.578233
 51
176.624933
  0
ARC
  5
3C8
330
254
100
AcDbEntity
  8
0
  6
DASHED
 62
     7
370
    18
100
AcDbCircle
 10
260.1750085
 20
417.023373486316
 30
0.0
 40
7.999984
100
AcDbArc
 50
176.624933
 51
178.260763
  0
ARC
  5
3C9
330
254
100
AcDbEntity
  8
0
  6
AUSGEZOGEN
 62
     7
370
    18
100
AcDbCircle
 10
260.1750085
 20
417.023373486316
 30
0.0
 40
7.999984
100
AcDbArc
 50
178.260763
 51
181.741687
  0
ARC
  5
3CA
330
254
100
AcDbEntity
  8
0
  6
DASHED
 62
     7
370
    18
100
AcDbCircle
 10
260.1750085
 20
417.023373486316
 30
0.0
 40
7.999984
100
AcDbArc
 50
181.741687
 51
183.374013
  0
ARC
  5
3CB
330
254
100
AcDbEntity
  8
0
  6
AUSGEZOGEN
 62
     7
370
    18
100
AcDbCircle
 10
260.1750085
 20
417.023373486316
 30
0.0
 40
7.999984
100
AcDbArc
 50
183.374013
 51
187.424198
  0
ARC
  5
3CC
330
254
100
AcDbEntity
  8
0
  6
DASHED
 62
     7
370
    18
100
AcDbCircle
 10
260.1750085
 20
417.023373486316
 30
0.0
 40
7.999984
100
AcDbArc
 50
187.424198
 51
188.357911
  0
ARC
  5
3CD
330
254
100
AcDbEntity
  8
0
  6
AUSGEZOGEN
 62
     7
370
    18
100
AcDbCircle
 10
260.1750085
 20
417.023373486316
 30
0.0
 40
7.999984
100
AcDbArc
 50
188.357911
 51
193.301613
  0
ARC
  5
3CE
330
254
100
AcDbEntity
  8
0
  6
DASHED
 62
     7
370
    18
100
AcDbCircle
 10
260.1750085
 20
417.023373486316
 30
0.0
 40
7.999984
100
AcDbArc
 50
193.301613
 51
194.663884
  0
ARC
  5
3CF
330
254
100
AcDbEntity
  8
0
  6
AUSGEZOGEN
 62
     7
370
    18
100
AcDbCircle
 10
260.1750085
 20
417.023373486316
 30
0.0
 40
7.999984
100
AcDbArc
 50
194.663884
 51
198.299824
  0
ARC
  5
3D0
330
254
100
AcDbEntity
  8
0
  6
DASHED
 62
     7
370
    18
100
AcDbCircle
 10
260.1750085
 20
417.023373486316
 30
0.0
 40
7.999984
100
AcDbArc
 50
198.299824
 51
199.941914
  0
ARC
  5
3D1
330
254
100
AcDbEntity
  8
0
  6
AUSGEZOGEN
 62
     7
370
    18
100
AcDbCircle
 10
260.1750085
 20
417.023373486316
 30
0.0
 40
7.999984
100
AcDbArc
 50
199.941914
 51
203.465923
  0
ARC
  5
3D2
330
254
100
AcDbEntity
  8
0
  6
DASHED
 62
     7
370
    18
100
AcDbCircle
 10
260.1750085
 20
417.023373486316
 30
0.0
 40
7.999984
100
AcDbArc
 50
203.465923
 51
205.114303
  0
ARC
  5
3D3
330
254
100
AcDbEntity
  8
0
  6
AUSGEZOGEN
 62
     7
370
    18
100
AcDbCircle
 10
260.1750085
 20
417.023373486316
 30
0.0
 40
7.999984
100
AcDbArc
 50
205.114303
 51
215.04913
  0
ARC
  5
3D4
330
254
100
AcDbEntity
  8
0
  6
DASHED
 62
     7
370
    18
100
AcDbCircle
 10
260.1750085
 20
417.023373486316
 30
0.0
 40
7.999984
100
AcDbArc
 50
215.04913
 51
216.575157
  0
ARC
  5
3D5
330
254
100
AcDbEntity
  8
0
  6
AUSGEZOGEN
 62
     7
370
    18
100
AcDbCircle
 10
260.1750085
 20
417.023373486316
 30
0.0
 40
7.999984
100
AcDbArc
 50
216.575157
 51
220.14157
  0
ARC
  5
3D6
330
254
100
AcDbEntity
  8
0
  6
DASHED
 62
     7
370
    18
100
AcDbCircle
 10
260.1750085
 20
417.023373486316
 30
0.0
 40
7.999984
100
AcDbArc
 50
220.14157
 51
221.69028
  0
ARC
  5
3D7
330
254
100
AcDbEntity
  8
0
  6
AUSGEZOGEN
 62
     7
370
    18
100
AcDbCircle
 10
260.1750085
 20
417.023373486316
 30
0.0
 40
7.999984
100
AcDbArc
 50
221.69028
 51
225.473819
  0
ARC
  5
3D8
330
254
100
AcDbEntity
  8
0
  6
DASHED
 62
     7
370
    18
100
AcDbCircle
 10
260.1750085
 20
417.023373486316
 30
0.0
 40
7.999984
100
AcDbArc
 50
225.473819
 51
226.7763
  0
ARC
  5
3D9
330
254
100
AcDbEntity
  8
0
  6
AUSGEZOGEN
 62
     7
370
    18
100
AcDbCircle
 10
260.1750085
 20
417.023373486316
 30
0.0
 40
7.999984
100
AcDbArc
 50
226.7763
 51
231.609445
  0
ARC
  5
3DA
330
254
100
AcDbEntity
  8
0
  6
DASHED
 62
     7
370
    18
100
AcDbCircle
 10
260.1750085
 20
417.023373486316
 30
0.0
 40
7.999984
100
AcDbArc
 50
231.609445
 51
232.662312
  0
ARC
  5
3DB
330
254
100
AcDbEntity
  8
0
  6
AUSGEZOGEN
 62
     7
370
    18
100
AcDbCircle
 10
260.1750085
 20
417.023373486316
 30
0.0
 40
7.999984
100
AcDbArc
 50
232.662312
 51
236.572723
  0
ARC
  5
3DC
330
254
100
AcDbEntity
  8
0
  6
DASHED
 62
     7
370
    18
100
AcDbCircle
 10
260.1750085
 20
417.023373486316
 30
0.0
 40
7.999984
100
AcDbArc
 50
236.572723
 51
238.172805
  0
ARC
  5
3DD
330
254
100
AcDbEntity
  8
0
  6
AUSGEZOGEN
 62
     7
370
    18
100
AcDbCircle
 10
260.1750085
 20
417.023373486316
 30
0.0
 40
7.999984
100
AcDbArc
 50
238.172805
 51
241.753384
  0
ARC
  5
3DE
330
254
100
AcDbEntity
  8
0
  6
DASHED
 62
     7
370
    18
100
AcDbCircle
 10
260.1750085
 20
417.023373486316
 30
0.0
 40
7.999984
100
AcDbArc
 50
241.753384
 51
243.298719
  0
ARC
  5
3DF
330
254
100
AcDbEntity
  8
0
  6
AUSGEZOGEN
 62
     7
370
    18
100
AcDbCircle
 10
260.1750085
 20
417.023373486316
 30
0.0
 40
7.999984
100
AcDbArc
 50
243.298719
 51
247.249984
  0
ARC
  5
3E0
330
254
100
AcDbEntity
  8
0
  6
DASHED
 62
     7
370
    18
100
AcDbCircle
 10
260.1750085
 20
417.023373486316
 30
0.0
 40
7.999984
100
AcDbArc
 50
247.249984
 51
248.222288
  0
ARC
  5
3E1
330
254
100
AcDbEntity
  8
0
  6
AUSGEZOGEN
 62
     7
370
    18
100
AcDbCircle
 10
260.1750085
 20
417.023373486316
 30
0.0
 40
7.999984
100
AcDbArc
 50
248.222288
 51
253.406582
  0
ARC
  5
3E2
330
254
100
AcDbEntity
  8
0
  6
DASHED
 62
     7
370
    18
100
AcDbCircle
 10
260.1750085
 20
417.023373486316
 30
0.0
 40
7.999984
100
AcDbArc
 50
253.406582
 51
254.793552
  0
ARC
  5
3E3
330
254
100
AcDbEntity
  8
0
  6
AUSGEZOGEN
 62
     7
370
    18
100
AcDbCircle
 10
260.1750085
 20
417.023373486316
 30
0.0
 40
7.999984
100
AcDbArc
 50
254.793552
 51
258.483508
  0
ARC
  5
3E4
330
254
100
AcDbEntity
  8
0
  6
DASHED
 62
     7
370
    18
100
AcDbCircle
 10
260.1750085
 20
417.023373486316
 30
0.0
 40
7.999984
100
AcDbArc
 50
258.483508
 51
259.861942
  0
ARC
  5
3E5
330
254
100
AcDbEntity
  8
0
  6
AUSGEZOGEN
 62
     7
370
    18
100
AcDbCircle
 10
260.1750085
 20
417.023373486316
 30
0.0
 40
7.999984
100
AcDbArc
 50
259.861942
 51
263.479816
  0
ARC
  5
3E6
330
254
100
AcDbEntity
  8
0
  6
DASHED
 62
     7
370
    18
100
AcDbCircle
 10
260.1750085
 20
417.023373486316
 30
0.0
 40
7.999984
100
AcDbArc
 50
263.479816
 51
264.833674
  0
ARC
  5
3E7
330
254
100
AcDbEntity
  8
0
  6
AUSGEZOGEN
 62
     7
370
    18
100
AcDbCircle
 10
260.1750085
 20
417.023373486316
 30
0.0
 40
7.999984
100
AcDbArc
 50
264.833674
 51
270.0
  0
LINE
  5
3E8
330
254
100
AcDbEntity
  8
0
  6
AUSGEZOGEN
 62
     7
370
    18
100
AcDbLine
 10
248.4732315
 20
466.728574486316
 30
0.0
 11
268.4414805
 21
466.728574486316
 31
0.0
  0
LINE
  5
3E9
330
254
100
AcDbEntity
  8
0
  6
AUSGEZOGEN
 62
     7
370
    18
100
AcDbLine
 10
333.1287185
 20
432.028568486316
 30
0.0
 11
391.8423045
 21
432.001913486316
 31
0.0
  0
LINE
  5
3EA
330
254
100
AcDbEntity
  8
0
  6
AUSGEZOGEN
 62
     7
370
    18
100
AcDbLine
 10
233.1626625
 20
451.434504486316
 30
0.0
 11
248.4732315
 21
466.728574486316
 31
0.0
  0
LINE
  5
3EB
330
254
100
AcDbEntity
  8
0
  6
AUSGEZOGEN
 62
     7
370
    18
100
AcDbLine
 10
317.8380525
 20
377.023378486316
 30
0.0
 11
316.8380545
 21
378.023376486316
 31
0.0
  0
LINE
  5
3EC
330
254
100
AcDbEntity
  8
0
  6
AUSGEZOGEN
 62
     7
370
    18
100
AcDbLine
 10
333.5071525
 20
433.028394486316
 30
0.0
 11
391.8423045
 21
433.001911486316
 31
0.0
  0
LINE
  5
3ED
330
254
100
AcDbEntity
  8
0
  6
AUSGEZOGEN
 62
     7
370
    18
100
AcDbLine
 10
341.3635165
 20
453.785028486316
 30
0.0
 11
333.5071525
 21
433.028394486316
 31
0.0
  0
LINE
  5
3EE
330
254
100
AcDbEntity
  8
0
  6
AUSGEZOGEN
 62
     7
370
    18
100
AcDbLine
 10
391.8423045
 20
451.434429486316
 30
0.0
 11
376.5317355
 21
466.728499486316
 31
0.0
  0
LINE
  5
3EF
330
254
100
AcDbEntity
  8
0
  6
AUSGEZOGEN
 62
     7
370
    18
100
AcDbLine
 10
291.2402005
 20
433.709091486316
 30
0.0
 11
233.1626625
 21
433.709091486316
 31
0.0
  0
LINE
  5
3F0
330
254
100
AcDbEntity
  8
0
  6
AUSGEZOGEN
 62
     7
370
    18
100
AcDbLine
 10
233.1626625
 20
433.709091486316
 30
0.0
 11
233.1626625
 21
433.001986486316
 31
0.0
  0
LINE
  5
3F1
330
254
100
AcDbEntity
  8
0
  6
AUSGEZOGEN
 62
     7
370
    18
100
AcDbLine
 10
291.5078385
 20
433.001986486316
 30
0.0
 11
291.2402005
 21
433.709091486316
 31
0.0
  0
LINE
  5
3F2
330
254
100
AcDbEntity
  8
0
  6
AUSGEZOGEN
 62
     7
370
    18
100
AcDbLine
 10
291.2402005
 20
433.709091486316
 30
0.0
 11
291.1293405
 21
434.001984486316
 31
0.0
  0
LINE
  5
3F3
330
254
100
AcDbEntity
  8
0
  6
AUSGEZOGEN
 62
     7
370
    18
100
AcDbLine
 10
233.1626625
 20
434.001984486316
 30
0.0
 11
233.1626625
 21
433.709091486316
 31
0.0
  0
LINE
  5
3F4
330
254
100
AcDbEntity
  8
0
  6
AUSGEZOGEN
 62
     7
370
    18
100
AcDbLine
 10
355.5118375
 20
379.023394486316
 30
0.0
 11
355.5118375
 21
384.023384486316
 31
0.0
  0
ARC
  5
3F5
330
254
100
AcDbEntity
  8
0
  6
AUSGEZOGEN
 62
     7
370
    18
100
AcDbCircle
 10
355.5118375
 20
392.023368486316
 30
0.0
 40
12.999974
100
AcDbArc
 50
270.0
 51
90.0
  0
ARC
  5
3F6
330
254
100
AcDbEntity
  8
0
  6
AUSGEZOGEN
 62
     7
370
    18
100
AcDbCircle
 10
355.5118375
 20
392.023368486316
 30
0.0
 40
7.999984
100
AcDbArc
 50
270.0
 51
90.0
  0
ARC
  5
3F7
330
254
100
AcDbEntity
  8
0
  6
AUSGEZOGEN
 62
     7
370
    18
100
AcDbCircle
 10
355.5118375
 20
392.023368486316
 30
0.0
 40
7.999984
100
AcDbArc
 50
90.0
 51
270.0
  0
ARC
  5
3F8
330
254
100
AcDbEntity
  8
0
  6
AUSGEZOGEN
 62
     7
370
    18
100
AcDbCircle
 10
355.5118375
 20
392.023368486316
 30
0.0
 40
12.999974
100
AcDbArc
 50
90.0
 51
270.0
  0
LINE
  5
3F9
330
254
100
AcDbEntity
  8
0
  6
AUSGEZOGEN
 62
     7
370
    18
100
AcDbLine
 10
355.5118375
 20
405.023342486316
 30
0.0
 11
355.5118375
 21
400.023352486316
 31
0.0
  0
LINE
  5
3FA
330
254
100
AcDbEntity
  8
0
  6
AUSGEZOGEN
 62
     7
370
    18
100
AcDbLine
 10
391.8423045
 20
307.028893486316
 30
0.0
 11
233.6626615
 21
307.028893486316
 31
0.0
  0
LINE
  5
3FB
330
254
100
AcDbEntity
  8
0
  6
AUSGEZOGEN
 62
     7
370
    18
100
AcDbLine
 10
329.6635495
 20
307.028893486316
 30
0.0
 11
295.3414175
 21
307.028893486316
 31
0.0
  0
ARC
  5
3FC
330
254
100
AcDbEntity
  8
0
  6
AUSGEZOGEN
 62
     7
370
    18
100
AcDbCircle
 10
269.4931295
 20
392.023443486316
 30
0.0
 40
12.999974
100
AcDbArc
 50
270.0
 51
90.0
  0
LINE
  5
3FD
330
254
100
AcDbEntity
  8
0
  6
AUSGEZOGEN
 62
     7
370
    18
100
AcDbLine
 10
233.1626625
 20
432.001988486316
 30
0.0
 11
233.1626625
 21
376.953828486316
 31
0.0
  0
LINE
  5
3FE
330
254
100
AcDbEntity
  8
0
  6
AUSGEZOGEN
 62
     7
370
    18
100
AcDbLine
 10
293.8162405
 20
426.903153486316
 30
0.0
 11
291.8762485
 21
432.028643486316
 31
0.0
  0
ARC
  5
3FF
330
254
100
AcDbEntity
  8
0
  6
AUSGEZOGEN
 62
     7
370
    18
100
AcDbCircle
 10
260.1750085
 20
417.023373486316
 30
0.0
 40
12.999974
100
AcDbArc
 50
90.0
 51
270.0
  0
ARC
  5
400
330
254
100
AcDbEntity
  8
0
  6
AUSGEZOGEN
 62
     7
370
    18
100
AcDbCircle
 10
269.4931295
 20
392.023443486316
 30
0.0
 40
12.999974
100
AcDbArc
 50
90.0
 51
270.0
  0
LINE
  5
401
330
254
100
AcDbEntity
  8
0
  6
AUSGEZOGEN
 62
     7
370
    18
100
AcDbLine
 10
153.1626625
 20
376.878562540786
 30
0.0
 11
307.1669145
 21
377.023453486316
 31
0.0
  0
LINE
  5
402
330
254
100
AcDbEntity
  8
0
  6
AUSGEZOGEN
 62
     7
370
    18
100
AcDbLine
 10
292.2167435
 20
426.295954486316
 30
0.0
 11
293.8162405
 21
426.903153486316
 31
0.0
  0
ARC
  5
403
330
254
100
AcDbEntity
  8
0
  6
AUSGEZOGEN
 62
     7
370
    18
100
AcDbCircle
 10
260.1750085
 20
417.023373486316
 30
0.0
 40
12.999974
100
AcDbArc
 50
270.0
 51
90.0
  0
LINE
  5
404
330
254
100
AcDbEntity
  8
0
  6
AUSGEZOGEN
 62
     7
370
    18
100
AcDbLine
 10
308.1669125
 20
378.023451486316
 30
0.0
 11
308.1669125
 21
384.379114486316
 31
0.0
  0
ARC
  5
405
330
254
100
AcDbEntity
  8
0
  6
AUSGEZOGEN
 62
     7
370
    18
100
AcDbCircle
 10
322.1149615
 20
389.787807486316
 30
0.0
 40
14.9600151445569
100
AcDbArc
 50
200.226307
 51
201.195005
  0
LINE
  5
406
330
254
100
AcDbEntity
  8
0
  6
DASHED
 62
     7
370
    18
100
AcDbLine
 10
291.7654075
 20
432.321485486316
 30
0.0
 11
233.1626625
 21
432.294881486316
 31
0.0
  0
LINE
  5
407
330
254
100
AcDbEntity
  8
0
  6
DASHED
 62
     7
370
    18
100
AcDbLine
 10
291.5078385
 20
433.001986486316
 30
0.0
 11
291.7654075
 21
432.321485486316
 31
0.0
  0
LINE
  5
408
330
254
100
AcDbEntity
  8
0
  6
DASHED
 62
     7
370
    18
100
AcDbLine
 10
233.1626625
 20
433.001986486316
 30
0.0
 11
291.4978145
 21
433.028469486316
 31
0.0
  0
LINE
  5
409
330
254
100
AcDbEntity
  8
0
  6
AUSGEZOGEN
 62
     7
370
    18
100
AcDbLine
 10
291.5078385
 20
433.001986486316
 30
0.0
 11
233.1626625
 21
433.001986486316
 31
0.0
  0
LINE
  5
40A
330
254
100
AcDbEntity
  8
0
  6
AUSGEZOGEN
 62
     7
370
    18
100
AcDbLine
 10
291.8762485
 20
432.028643486316
 30
0.0
 11
291.5078385
 21
433.001986486316
 31
0.0
  0
LINE
  5
40B
330
254
100
AcDbEntity
  8
0
  6
AUSGEZOGEN
 62
     7
370
    18
100
AcDbLine
 10
364.8299585
 20
425.023282486316
 30
0.0
 11
364.8299585
 21
430.023272486316
 31
0.0
  0
ARC
  5
40C
330
254
100
AcDbEntity
  8
0
  6
AUSGEZOGEN
 62
     7
370
    18
100
AcDbCircle
 10
364.8299585
 20
417.023298486316
 30
0.0
 40
12.999974
100
AcDbArc
 50
90.0
 51
270.0
  0
ARC
  5
40D
330
254
100
AcDbEntity
  8
0
  6
AUSGEZOGEN
 62
     7
370
    18
100
AcDbCircle
 10
364.8299585
 20
417.023298486316
 30
0.0
 40
7.999984
100
AcDbArc
 50
90.0
 51
270.0
  0
ARC
  5
40E
330
254
100
AcDbEntity
  8
0
  6
AUSGEZOGEN
 62
     7
370
    18
100
AcDbCircle
 10
364.8299585
 20
417.023298486316
 30
0.0
 40
7.999984
100
AcDbArc
 50
270.0
 51
90.0
  0
ARC
  5
40F
330
254
100
AcDbEntity
  8
0
  6
AUSGEZOGEN
 62
     7
370
    18
100
AcDbCircle
 10
364.8299585
 20
417.023298486316
 30
0.0
 40
12.999974
100
AcDbArc
 50
270.0
 51
90.0
  0
LINE
  5
410
330
254
100
AcDbEntity
  8
0
  6
AUSGEZOGEN
 62
     7
370
    18
100
AcDbLine
 10
364.8299585
 20
409.023314486316
 30
0.0
 11
364.8299585
 21
404.023324486316
 31
0.0
  0
ARC
  5
411
330
254
100
AcDbEntity
  8
0
  6
AUSGEZOGEN
 62
     7
370
    18
100
AcDbCircle
 10
271.1636065
 20
454.528598486316
 30
0.0
 40
12.499975
100
AcDbArc
 50
180.0
 51
0.0
  0
ARC
  5
412
330
254
100
AcDbEntity
  8
0
  6
AUSGEZOGEN
 62
     7
370
    18
100
AcDbCircle
 10
271.1636065
 20
454.528598486316
 30
0.0
 40
12.499975
100
AcDbArc
 50
0.0
 51
180.0
  0
ENDBLK
  5
256
330
254
100
AcDbEntity
  8
0
100
AcDbBlockEnd
  0
BLOCK
  5
41A
330
419
100
AcDbEntity
  8
0
100
AcDbBlockBegin
  2
*D6
 70
     1
 10
0.0
 20
0.0
 30
0.0
  3
*D6
  1

  0
HATCH
  5
41C
330
419
100
AcDbEntity
  8
Layer5
  6
AUSGEZOGEN
 62
     4
420
    65535
370
    18
100
AcDbHatch
 10
0.0
 20
0.0
 30
0.0
210
0.0
220
0.0
230
1.0
  2
SOLID
 70
     1
 71
     0
 91
        1
 92
        2
 72
     0
 73
     1
 93
        3
 10
345.0024835
 20
478.2669544863162
 10
341.5024835
 20
478.7919544863162
 10
341.5024835
 20
477.7419544863162
 97
        0
 75
     0
 76
     1
 98
        0
  0
HATCH
  5
41D
330
419
100
AcDbEntity
  8
Layer5
  6
AUSGEZOGEN
 62
     4
420
    65535
370
    18
100
AcDbHatch
 10
0.0
 20
0.0
 30
0.0
210
0.0
220
0.0
230
1.0
  2
SOLID
 70
     1
 71
     0
 91
        1
 92
        2
 72
     0
 73
     1
 93
        3
 10
280.0024835
 20
478.2669544863162
 10
283.5024835
 20
477.7419544863162
 10
283.5024835
 20
478.7919544863162
 97
        0
 75
     0
 76
     1
 98
        0
  0
LINE
  5
41E
330
419
100
AcDbEntity
  8
Layer5
  6
AUSGEZOGEN
 62
     4
420
    65535
370
    18
100
AcDbLine
 10
283.5024835
 20
478.266954486316
 30
0.0
 11
341.5024835
 21
478.266954486316
 31
0.0
  0
LINE
  5
41F
330
419
100
AcDbEntity
  8
Layer5
  6
AUSGEZOGEN
 62
     4
420
    65535
370
    18
100
AcDbLine
 10
280.0024835
 20
466.728499486316
 30
0.0
 11
280.0024835
 21
476.516954486316
 31
0.0
  0
LINE
  5
420
330
419
100
AcDbEntity
  8
Layer5
  6
AUSGEZOGEN
 62
     4
420
    65535
370
    18
100
AcDbLine
 10
280.0024835
 20
480.016954486316
 30
0.0
 11
280.0024835
 21
480.266954486316
 31
0.0
  0
LINE
  5
421
330
419
100
AcDbEntity
  8
Layer5
  6
AUSGEZOGEN
 62
     4
420
    65535
370
    18
100
AcDbLine
 10
345.0024835
 20
466.728499486316
 30
0.0
 11
345.0024835
 21
476.516954486316
 31
0.0
  0
LINE
  5
422
330
419
100
AcDbEntity
  8
Layer5
  6
AUSGEZOGEN
 62
     4
420
    65535
370
    18
100
AcDbLine
 10
345.0024835
 20
480.016954486316
 30
0.0
 11
345.0024835
 21
480.266954486316
 31
0.0
  0
WIPEOUT
  5
423
330
419
100
AcDbEntity
  8
Layer5
  6
AUSGEZOGEN
 62
     4
420
    65535
370
    18
160
               152
310
98000000040000000C0000000E000000120000000C00000016000000000000C20C00000014000000010000006C0000000700000004000000E0DA8941965B734060AA77D8ABDE7D400000000000000000130EBD167EB4734060AA77D8ABDE7D400000000000000000130EBD167EB47340FA43117245387E4000000000000000
310
00E0DA8941965B7340FA43117245387E400000000000000000
100
AcDbWipeout
 90
        0
 10
309.72418359613
 20
477.916954486316
 30
0.0
 11
5.600000000000023
 21
0.0
 31
0.0
 12
0.0
 22
5.600000000000023
 32
0.0
 13
1.0
 23
1.0
340
0
 70
     7
280
     1
281
    50
282
    50
283
     0
360
0
 71
     2
 91
        5
 14
-0.5
 24
0.5
 14
0.492249965668
 24
0.5
 14
0.492249965668
 24
-0.5
 14
-0.5
 24
-0.5
 14
-0.5
 24
0.5
290
     0
  0
TEXT
  5
424
330
419
100
AcDbEntity
  8
Layer5
  6
AUSGEZOGEN
 62
     4
420
    65535
370
    18
100
AcDbText
 10
309.72418359613
 20
478.966954486316
 30
0.0
 40
3.5
  1
65
 41
1.022938108936
  7
Arial
 72
     5
 11
315.28078340387
 21
478.966954486316
 31
0.0
100
AcDbText
  0
ENDBLK
  5
41B
330
419
100
AcDbEntity
  8
0
100
AcDbBlockEnd
  0
ENDSEC
  0
SECTION
  2
ENTITIES
  0
INSERT
  5
241
330
1F
100
AcDbEntity
  8
0
100
AcDbBlockReference
  2
65185&66185_Blatt1_001_001_nNn00
 10
0.0
 20
0.0
 30
0.0
  0
LINE
  5
242
330
1F
100
AcDbEntity
  8
2
  6
AUSGEZOGEN
 62
     7
370
    35
100
AcDbLine
 10
174.252483
 20
103.761939
 30
0.0
 11
451.252483
 21
103.761939
 31
0.0
  0
LINE
  5
243
330
1F
100
AcDbEntity
  8
5
  6
DASHDOT
 62
     3
420
    65280
370
    18
100
AcDbLine
 10
312.752483
 20
103.761939
 30
0.0
 11
312.752483
 21
263.461545
 31
0.0
  0
LINE
  5
244
330
1F
100
AcDbEntity
  8
Layer4
  6
DASHDOT
 62
     3
420
    65280
370
    18
100
AcDbLine
 10
220.252483
 20
229.735032
 30
0.0
 11
220.252483
 21
229.756296348116
 31
0.0
  0
LINE
  5
245
330
1F
100
AcDbEntity
  8
Layer4
  6
DASHDOT
 62
     3
420
    65280
370
    18
100
AcDbLine
 10
220.252483
 20
173.7309420427
 30
0.0
 11
220.252483
 21
173.761722184762
 31
0.0
  0
DIMENSION
  5
250
330
1F
100
AcDbEntity
  8
Layer5
  6
AUSGEZOGEN
 62
     4
420
    65535
370
    18
100
AcDbDimension
280
     0
  2
*D3
 10
405.252483
 20
275.0
 30
0.0
 11
312.752483
 21
277.45
 31
0.0
 70
   160
 71
     5
 42
-1.0
 73
     0
 74
     0
 75
     0
  3
ISO-25
100
AcDbAlignedDimension
 13
220.252483
 23
263.461545
 33
0.0
 14
405.252483
 24
263.461545
 34
0.0
100
AcDbRotatedDimension
1001
ACAD
1000
DSTYLE
1002
{
1070
     3
1000
<>
1070
    44
1040
2.5
1070
   280
1070
     0
1070
    77
1070
     1
1070
    78
1070
     8
1070
   179
1070
     2
1070
   271
1070
     2
1070
   173
1070
     1
1070
    41
1040
3.5
1070
   147
1040
0.5
1070
   140
1040
3.5
1070
   178
1070
     4
1070
   177
1070
     4
1070
   176
1070
     4
1002
}
  0
INSERT
  5
414
330
1F
100
AcDbEntity
  8
0
100
AcDbBlockReference
  2
65185&66185_Blatt1_001_001_001_nNn03
 10
0.0
 20
0.0
 30
0.0
  0
LINE
  5
415
330
1F
100
AcDbEntity
  8
5
  6
DASHDOT
 62
     3
420
    65280
370
    18
100
AcDbLine
 10
312.5024835
 20
307.028893486316
 30
0.0
 11
312.5024835
 21
466.728499486316
 31
0.0
  0
LINE
  5
416
330
1F
100
AcDbEntity
  8
Layer4
  6
DASHDOT
 62
     3
420
    65280
370
    18
100
AcDbLine
 10
280.0024835
 20
433.001986486316
 30
0.0
 11
280.0024835
 21
433.023250834432
 31
0.0
  0
LINE
  5
417
330
1F
100
AcDbEntity
  8
Layer4
  6
DASHDOT
 62
     3
420
    65280
370
    18
100
AcDbLine
 10
280.0024835
 20
376.997896529016
 30
0.0
 11
280.0024835
 21
377.028676671078
 31
0.0
  0
LINE
  5
418
330
1F
100
AcDbEntity
  8
2
  6
AUSGEZOGEN
 62
     7
370
    35
100
AcDbLine
 10
153.1626625
 20
376.878562540786
 30
0.0
 11
153.1626625
 21
323.028861486316
 31
0.0
  0
DIMENSION
  5
425
330
1F
100
AcDbEntity
  8
Layer5
  6
AUSGEZOGEN
 62
     4
420
    65535
370
    18
100
AcDbDimension
280
     0
  2
*D6
 10
345.0024835
 20
478.266954486316
 30
0.0
 11
312.5024835
 21
480.716954486316
 31
0.0
 70
   160
 71
     5
 42
-1.0
 73
     0
 74
     0
 75
     0
  3
ISO-25
100
AcDbAlignedDimension
 13
280.0024835
 23
466.728499486316
 33
0.0
 14
345.0024835
 24
466.728499486316
 34
0.0
100
AcDbRotatedDimension
1001
ACAD
1000
DSTYLE
1002
{
1070
     3
1000
<>
1070
    44
1040
2.5
1070
   280
1070
     0
1070
    77
1070
     1
1070
    78
1070
     8
1070
   179
1070
     2
1070
   271
1070
     2
1070
   173
1070
     1
1070
    41
1040
3.5
1070
   147
1040
0.5
1070
   140
1040
3.5
1070
   178
1070
     4
1070
   177
1070
     4
1070
   176
1070
     4
1002
}
  0
ENDSEC
  0
SECTION
  2
OBJECTS
  0
DICTIONARY
  5
C
330
0
100
AcDbDictionary
281
     1
  3
ACAD_DETAILVIEWSTYLE
350
45E
  3
ACAD_GROUP
350
D
  3
ACAD_LAYOUT
350
1A
  3
ACAD_MATERIAL
350
43
  3
ACAD_MLEADERSTYLE
350
6B
  3
ACAD_MLINESTYLE
350
17
  3
ACAD_PLOTSETTINGS
350
19
  3
ACAD_PLOTSTYLENAME
350
E
  3
ACAD_SCALELIST
350
47
  3
ACAD_SECTIONVIEWSTYLE
350
45F
  3
ACAD_TABLESTYLE
350
69
  3
ACAD_VISUALSTYLE
350
2A
  3
ACAD_WIPEOUT_VARS
350
45B
  3
ACDB_RECOMPOSE_DATA
350
45A
  3
AcDbVariableDictionary
350
426
  0
SUN
  5
6D
330
29
100
AcDbSun
 90
        1
290
     0
 63
     7
421
 16777215
 40
1.0
291
     1
 91
  2455826
 92
 54000000
292
     0
 70
     2
 71
   256
280
     1
  0
DICTIONARY
  5
45E
102
{ACAD_REACTORS
330
C
102
}
330
C
100
AcDbDictionary
281
     1
  0
DICTIONARY
  5
D
102
{ACAD_REACTORS
330
C
102
}
330
C
100
AcDbDictionary
281
     1
  0
DICTIONARY
  5
1A
102
{ACAD_REACTORS
330
C
102
}
330
C
100
AcDbDictionary
281
     1
  3
Layout1
350
1E
  3
Layout2
350
26
  3
Model
350
22
  0
DICTIONARY
  5
43
102
{ACAD_REACTORS
330
C
102
}
330
C
100
AcDbDictionary
281
     1
  3
ByBlock
350
45
  3
ByLayer
350
44
  3
Global
350
46
  0
DICTIONARY
  5
6B
102
{ACAD_REACTORS
330
C
102
}
330
C
100
AcDbDictionary
281
     1
  3
Standard
350
6C
  0
DICTIONARY
  5
17
102
{ACAD_REACTORS
330
C
102
}
330
C
100
AcDbDictionary
281
     1
  3
Standard
350
18
  0
DICTIONARY
  5
19
102
{ACAD_REACTORS
330
C
102
}
330
C
100
AcDbDictionary
281
     1
  0
ACDBDICTIONARYWDFLT
  5
E
102
{ACAD_REACTORS
330
C
102
}
330
C
100
AcDbDictionary
281
     1
  3
Normal
350
F
100
AcDbDictionaryWithDefault
340
F
  0
DICTIONARY
  5
47
102
{ACAD_REACTORS
330
C
102
}
330
C
100
AcDbDictionary
281
     1
  3
A0
350
48
  3
A1
350
49
  3
A2
350
4A
  3
A3
350
4B
  3
A4
350
4C
  3
A5
350
4D
  3
A6
350
4E
  3
A7
350
4F
  3
A8
350
50
  3
A9
350
51
  3
B0
350
52
  3
B1
350
53
  3
B2
350
54
  3
B3
350
55
  3
B4
350
56
  3
B5
350
57
  3
B6
350
58
  3
B7
350
59
  3
B8
350
5A
  3
B9
350
5B
  3
C0
350
5C
  3
C1
350
5D
  3
C2
350
5E
  3
C3
350
5F
  3
C4
350
60
  3
C5
350
61
  3
C6
350
62
  3
C7
350
63
  3
C8
350
64
  3
C9
350
65
  3
D0
350
66
  3
D1
350
67
  3
D2
350
68
  0
DICTIONARY
  5
45F
102
{ACAD_REACTORS
330
C
102
}
330
C
100
AcDbDictionary
281
     1
  0
DICTIONARY
  5
69
102
{ACAD_REACTORS
330
C
102
}
330
C
100
AcDbDictionary
281
     1
  3
Standard
350
6A
  0
DICTIONARY
  5
2A
102
{ACAD_REACTORS
330
C
102
}
330
C
100
AcDbDictionary
281
     1
  3
2dWireframe
350
2F
  3
Basic
350
32
  3
Brighten
350
36
  3
ColorChange
350
3A
  3
Conceptual
350
34
  3
Dim
350
35
  3
EdgeColorOff
350
3D
  3
Facepattern
350
39
  3
Flat
350
2B
  3
FlatWithEdges
350
2C
  3
Gouraud
350
2D
  3
GouraudWithEdges
350
2E
  3
Hidden
350
31
  3
JitterOff
350
3B
  3
Linepattern
350
38
  3
OverhangOff
350
3C
  3
Realistic
350
33
  3
Shaded
350
42
  3
Shaded with edges
350
41
  3
Shades of Gray
350
3E
  3
Sketchy
350
3F
  3
Thicken
350
37
  3
Wireframe
350
30
  3
X-Ray
350
40
  0
WIPEOUTVARIABLES
  5
45B
102
{ACAD_REACTORS
330
C
102
}
330
C
100
AcDbWipeoutVariables
 70
     0
  0
XRECORD
  5
45A
102
{ACAD_REACTORS
330
C
102
}
330
C
100
AcDbXrecord
280
     1
 90
        1
330
6A
  0
DICTIONARY
  5
426
102
{ACAD_REACTORS
330
C
102
}
330
C
100
AcDbDictionary
281
     1
  3
CANNOSCALE
350
427
  3
CENTEREXE
350
461
  3
CENTERLTYPEFILE
350
462
  3
CMLEADERSTYLE
350
45D
  3
CTABLESTYLE
350
45C
  3
WIPEOUTFRAME
350
460
  0
LAYOUT
  5
1E
102
{ACAD_REACTORS
330
1A
102
}
330
1A
100
AcDbPlotSettings
  1

  2
none_device
  4

  6

 40
0.0
 41
0.0
 42
0.0
 43
0.0
 44
0.0
 45
0.0
 46
0.0
 47
0.0
 48
0.0
 49
0.0
140
0.0
141
0.0
142
1.0
143
1.0
 70
   688
 72
     1
 73
     0
 74
     5
  7

 75
    16
 76
     0
 77
     2
 78
   300
147
1.0
148
0.0
149
0.0
100
AcDbLayout
  1
Layout1
 70
     1
 71
     1
 10
0.0
 20
0.0
 11
420.0
 21
297.0
 12
0.0
 22
0.0
 32
0.0
 14
1.000000000000E+20
 24
1.000000000000E+20
 34
1.000000000000E+20
 15
-1.000000000000E+20
 25
-1.000000000000E+20
 35
-1.000000000000E+20
146
0.0
 13
0.0
 23
0.0
 33
0.0
 16
1.0
 26
0.0
 36
0.0
 17
0.0
 27
1.0
 37
0.0
 76
     0
330
1B
  0
LAYOUT
  5
26
102
{ACAD_REACTORS
330
1A
102
}
330
1A
100
AcDbPlotSettings
  1

  2
none_device
  4

  6

 40
0.0
 41
0.0
 42
0.0
 43
0.0
 44
0.0
 45
0.0
 46
0.0
 47
0.0
 48
0.0
 49
0.0
140
0.0
141
0.0
142
1.0
143
1.0
 70
   688
 72
     1
 73
     0
 74
     5
  7

 75
    16
 76
     0
 77
     2
 78
   300
147
1.0
148
0.0
149
0.0
100
AcDbLayout
  1
Layout2
 70
     1
 71
     2
 10
0.0
 20
0.0
 11
0.0
 21
0.0
 12
0.0
 22
0.0
 32
0.0
 14
0.0
 24
0.0
 34
0.0
 15
0.0
 25
0.0
 35
0.0
146
0.0
 13
0.0
 23
0.0
 33
0.0
 16
1.0
 26
0.0
 36
0.0
 17
0.0
 27
1.0
 37
0.0
 76
     0
330
23
  0
LAYOUT
  5
22
102
{ACAD_REACTORS
330
1A
102
}
330
1A
100
AcDbPlotSettings
  1

  2
none_device
  4
Letter_(8.50_x_11.00_Inches)
  6

 40
6.35
 41
6.35
 42
6.35000508
 43
6.35000508
 44
215.9
 45
279.4
 46
0.0
 47
0.0
 48
0.0
 49
0.0
140
0.0
141
0.0
142
1.0
143
1.0
 70
  1712
 72
     1
 73
     0
 74
     0
  7

 75
     0
 76
     0
 77
     2
 78
   300
147
1.0
148
0.0
149
0.0
100
AcDbLayout
  1
Model
 70
     1
 71
     0
 10
0.0
 20
0.0
 11
420.0
 21
297.0
 12
0.0
 22
0.0
 32
0.0
 14
-222.896532985446
 24
84.774188225684
 34
0.0
 15
849.721576985447
 25
502.504705260632
 35
0.0
146
0.0
 13
0.0
 23
0.0
 33
0.0
 16
1.0
 26
0.0
 36
0.0
 17
0.0
 27
1.0
 37
0.0
 76
     0
330
1F
331
29
  0
MATERIAL
  5
45
102
{ACAD_REACTORS
330
43
102
}
330
43
100
AcDbMaterial
  1
ByBlock
 72
     1
 94
      127
  0
MATERIAL
  5
44
102
{ACAD_REACTORS
330
43
102
}
330
43
100
AcDbMaterial
  1
ByLayer
 72
     1
 94
      127
  0
MATERIAL
  5
46
102
{ACAD_REACTORS
330
43
102
}
330
43
100
AcDbMaterial
  1
Global
 72
     1
 94
      127
  0
MLEADERSTYLE
  5
6C
102
{ACAD_REACTORS
330
6B
102
}
330
6B
100
AcDbMLeaderStyle
179
     2
170
     2
171
     1
172
     0
 90
        2
 40
0.0
 41
0.0
173
     1
 91
-1056964608
340
14
 92
       -2
290
     1
 42
2.0
291
     1
 43
8.0
  3
Standard
341
0
 44
4.0
300

342
11
174
     1
178
     6
175
     1
176
     0
 93
-1056964608
 45
4.0
292
     0
297
     0
 46
4.0
343
0
 94
-1056964608
 47
1.0
 49
1.0
140
1.0
293
     1
141
0.0
294
     1
177
     0
142
1.0
295
     0
296
     0
143
3.75
271
     0
272
     9
273
     9
  0
MLINESTYLE
  5
18
102
{ACAD_REACTORS
330
17
102
}
330
17
100
AcDbMlineStyle
  2
Standard
 70
     0
  3

 62
   256
 51
90.0
 52
90.0
 71
     2
 49
0.5
 62
   256
  6
BYLAYER
 49
-0.5
 62
   256
  6
BYLAYER
  0
ACDBPLACEHOLDER
  5
F
102
{ACAD_REACTORS
330
E
102
}
330
E
  0
SCALE
  5
48
102
{ACAD_REACTORS
330
47
102
}
330
47
100
AcDbScale
 70
     0
300
1:1
140
1.0
141
1.0
290
     1
  0
SCALE
  5
49
102
{ACAD_REACTORS
330
47
102
}
330
47
100
AcDbScale
 70
     0
300
1:2
140
1.0
141
2.0
290
     0
  0
SCALE
  5
4A
102
{ACAD_REACTORS
330
47
102
}
330
47
100
AcDbScale
 70
     0
300
1:4
140
1.0
141
4.0
290
     0
  0
SCALE
  5
4B
102
{ACAD_REACTORS
330
47
102
}
330
47
100
AcDbScale
 70
     0
300
1:5
140
1.0
141
5.0
290
     0
  0
SCALE
  5
4C
102
{ACAD_REACTORS
330
47
102
}
330
47
100
AcDbScale
 70
     0
300
1:8
140
1.0
141
8.0
290
     0
  0
SCALE
  5
4D
102
{ACAD_REACTORS
330
47
102
}
330
47
100
AcDbScale
 70
     0
300
1:10
140
1.0
141
10.0
290
     0
  0
SCALE
  5
4E
102
{ACAD_REACTORS
330
47
102
}
330
47
100
AcDbScale
 70
     0
300
1:16
140
1.0
141
16.0
290
     0
  0
SCALE
  5
4F
102
{ACAD_REACTORS
330
47
102
}
330
47
100
AcDbScale
 70
     0
300
1:20
140
1.0
141
20.0
290
     0
  0
SCALE
  5
50
102
{ACAD_REACTORS
330
47
102
}
330
47
100
AcDbScale
 70
     0
300
1:30
140
1.0
141
30.0
290
     0
  0
SCALE
  5
51
102
{ACAD_REACTORS
330
47
102
}
330
47
100
AcDbScale
 70
     0
300
1:40
140
1.0
141
40.0
290
     0
  0
SCALE
  5
52
102
{ACAD_REACTORS
330
47
102
}
330
47
100
AcDbScale
 70
     0
300
1:50
140
1.0
141
50.0
290
     0
  0
SCALE
  5
53
102
{ACAD_REACTORS
330
47
102
}
330
47
100
AcDbScale
 70
     0
300
1:100
140
1.0
141
100.0
290
     0
  0
SCALE
  5
54
102
{ACAD_REACTORS
330
47
102
}
330
47
100
AcDbScale
 70
     0
300
2:1
140
2.0
141
1.0
290
     0
  0
SCALE
  5
55
102
{ACAD_REACTORS
330
47
102
}
330
47
100
AcDbScale
 70
     0
300
4:1
140
4.0
141
1.0
290
     0
  0
SCALE
  5
56
102
{ACAD_REACTORS
330
47
102
}
330
47
100
AcDbScale
 70
     0
300
8:1
140
8.0
141
1.0
290
     0
  0
SCALE
  5
57
102
{ACAD_REACTORS
330
47
102
}
330
47
100
AcDbScale
 70
     0
300
10:1
140
10.0
141
1.0
290
     0
  0
SCALE
  5
58
102
{ACAD_REACTORS
330
47
102
}
330
47
100
AcDbScale
 70
     0
300
100:1
140
100.0
141
1.0
290
     0
  0
SCALE
  5
59
102
{ACAD_REACTORS
330
47
102
}
330
47
100
AcDbScale
 70
     0
300
1/128" = 1'-0"
140
0.0078125
141
12.0
290
     0
  0
SCALE
  5
5A
102
{ACAD_REACTORS
330
47
102
}
330
47
100
AcDbScale
 70
     0
300
1/64" = 1'-0"
140
0.015625
141
12.0
290
     0
  0
SCALE
  5
5B
102
{ACAD_REACTORS
330
47
102
}
330
47
100
AcDbScale
 70
     0
300
1/32" = 1'-0"
140
0.03125
141
12.0
290
     0
  0
SCALE
  5
5C
102
{ACAD_REACTORS
330
47
102
}
330
47
100
AcDbScale
 70
     0
300
1/16" = 1'-0"
140
0.0625
141
12.0
290
     0
  0
SCALE
  5
5D
102
{ACAD_REACTORS
330
47
102
}
330
47
100
AcDbScale
 70
     0
300
3/32" = 1'-0"
140
0.09375
141
12.0
290
     0
  0
SCALE
  5
5E
102
{ACAD_REACTORS
330
47
102
}
330
47
100
AcDbScale
 70
     0
300
1/8" = 1'-0"
140
0.125
141
12.0
290
     0
  0
SCALE
  5
5F
102
{ACAD_REACTORS
330
47
102
}
330
47
100
AcDbScale
 70
     0
300
3/16" = 1'-0"
140
0.1875
141
12.0
290
     0
  0
SCALE
  5
60
102
{ACAD_REACTORS
330
47
102
}
330
47
100
AcDbScale
 70
     0
300
1/4" = 1'-0"
140
0.25
141
12.0
290
     0
  0
SCALE
  5
61
102
{ACAD_REACTORS
330
47
102
}
330
47
100
AcDbScale
 70
     0
300
3/8" = 1'-0"
140
0.375
141
12.0
290
     0
  0
SCALE
  5
62
102
{ACAD_REACTORS
330
47
102
}
330
47
100
AcDbScale
 70
     0
300
1/2" = 1'-0"
140
0.5
141
12.0
290
     0
  0
SCALE
  5
63
102
{ACAD_REACTORS
330
47
102
}
330
47
100
AcDbScale
 70
     0
300
3/4" = 1'-0"
140
0.75
141
12.0
290
     0
  0
SCALE
  5
64
102
{ACAD_REACTORS
330
47
102
}
330
47
100
AcDbScale
 70
     0
300
1" = 1'-0"
140
1.0
141
12.0
290
     0
  0
SCALE
  5
65
102
{ACAD_REACTORS
330
47
102
}
330
47
100
AcDbScale
 70
     0
300
1-1/2" = 1'-0"
140
1.5
141
12.0
290
     0
  0
SCALE
  5
66
102
{ACAD_REACTORS
330
47
102
}
330
47
100
AcDbScale
 70
     0
300
3" = 1'-0"
140
3.0
141
12.0
290
     0
  0
SCALE
  5
67
102
{ACAD_REACTORS
330
47
102
}
330
47
100
AcDbScale
 70
     0
300
6" = 1'-0"
140
6.0
141
12.0
290
     0
  0
SCALE
  5
68
102
{ACAD_REACTORS
330
47
102
}
330
47
100
AcDbScale
 70
     0
300
1'-0" = 1'-0"
140
12.0
141
12.0
290
     0
  0
TABLESTYLE
  5
6A
102
{ACAD_REACTORS
330
69
102
}
102
{ACAD_XDICTIONARY
360
458
102
}
330
69
100
AcDbTableStyle
  3
Standard
 70
     0
 71
     0
 40
0.06
 41
0.06
280
     0
281
     0
  7
Standard
140
4.5
170
     2
 62
     0
 63
   257
283
     0
 90
        4
 91
        0
  1

274
    -2
284
     1
 64
     0
275
    -2
285
     1
 65
     0
276
    -2
286
     1
 66
     0
277
    -2
287
     1
 67
     0
278
    -2
288
     1
 68
     0
279
    -2
289
     1
 69
     0
  7
Standard
140
6.0
170
     5
 62
     0
 63
   257
283
     0
 90
        4
 91
        0
  1

274
    -2
284
     1
 64
     0
275
    -2
285
     1
 65
     0
276
    -2
286
     1
 66
     0
277
    -2
287
     1
 67
     0
278
    -2
288
     1
 68
     0
279
    -2
289
     1
 69
     0
  7
Standard
140
4.5
170
     5
 62
     0
 63
   257
283
     0
 90
        4
 91
        0
  1

274
    -2
284
     1
 64
     0
275
    -2
285
     1
 65
     0
276
    -2
286
     1
 66
     0
277
    -2
287
     1
 67
     0
278
    -2
288
     1
 68
     0
279
    -2
289
     1
 69
     0
  0
VISUALSTYLE
  5
2F
102
{ACAD_REACTORS
330
2A
102
}
102
{ACAD_XDICTIONARY
360
430
102
}
330
2A
100
AcDbVisualStyle
  2
2dWireframe
 70
     4
177
     2
291
     0
 71
     0
176
     1
 72
     2
176
     1
 73
     0
176
     1
 90
        0
176
     1
 40
0.6
176
     1
 41
30.0
176
     1
 62
     5
 63
     7
421
 16777215
176
     1
 74
     1
176
     1
 91
        4
176
     1
 64
     7
176
     1
 65
   257
176
     1
 75
     1
176
     1
175
     1
176
     1
 42
1.0
176
     1
 92
        0
176
     1
 66
   257
176
     1
 43
1.0
176
     1
 76
     1
176
     1
 77
     6
176
     1
 78
     2
176
     1
 67
     7
176
     1
 79
     5
176
     1
170
     0
176
     1
171
     0
176
     1
290
     0
176
     1
 93
        1
176
     1
 44
0.0
176
     1
173
     0
176
     1
  0
VISUALSTYLE
  5
32
102
{ACAD_REACTORS
330
2A
102
}
102
{ACAD_XDICTIONARY
360
436
102
}
330
2A
100
AcDbVisualStyle
  2
Basic
 70
     7
177
     2
291
     1
 71
     1
176
     1
 72
     0
176
     1
 73
     1
176
     1
 90
        0
176
     1
 40
0.6
176
     1
 41
30.0
176
     1
 62
     5
 63
     7
421
 16777215
176
     1
 74
     0
176
     1
 91
        4
176
     1
 64
     7
176
     1
 65
   257
176
     1
 75
     1
176
     1
175
     1
176
     1
 42
1.0
176
     1
 92
        8
176
     1
 66
     7
176
     1
 43
1.0
176
     1
 76
     1
176
     1
 77
     6
176
     1
 78
     2
176
     1
 67
     7
176
     1
 79
     5
176
     1
170
     0
176
     1
171
     0
176
     1
290
     0
176
     1
 93
        1
176
     1
 44
0.0
176
     1
173
     0
176
     1
  0
VISUALSTYLE
  5
36
102
{ACAD_REACTORS
330
2A
102
}
102
{ACAD_XDICTIONARY
360
43E
102
}
330
2A
100
AcDbVisualStyle
  2
Brighten
 70
    12
177
     2
291
     1
 71
     2
176
     1
 72
     2
176
     1
 73
     0
176
     1
 90
        0
176
     1
 40
0.6
176
     1
 41
30.0
176
     1
 62
     5
 63
     7
421
 16777215
176
     1
 74
     1
176
     1
 91
        4
176
     1
 64
     7
176
     1
 65
   257
176
     1
 75
     1
176
     1
175
     1
176
     1
 42
1.0
176
     1
 92
        8
176
     1
 66
     7
176
     1
 43
1.0
176
     1
 76
     1
176
     1
 77
     6
176
     1
 78
     2
176
     1
 67
     7
176
     1
 79
     5
176
     1
170
     0
176
     1
171
     0
176
     1
290
     0
176
     1
 93
        1
176
     1
 44
50.0
176
     1
173
     0
176
     1
  0
VISUALSTYLE
  5
3A
102
{ACAD_REACTORS
330
2A
102
}
102
{ACAD_XDICTIONARY
360
446
102
}
330
2A
100
AcDbVisualStyle
  2
ColorChange
 70
    16
177
     2
291
     1
 71
     2
176
     1
 72
     2
176
     1
 73
     3
176
     1
 90
        0
176
     1
 40
0.6
176
     1
 41
30.0
176
     1
 62
     5
 63
     8
421
  8421504
176
     1
 74
     1
176
     1
 91
        4
176
     1
 64
     7
176
     1
 65
   257
176
     1
 75
     1
176
     1
175
     1
176
     1
 42
1.0
176
     1
 92
        8
176
     1
 66
     8
424
  8421504
176
     1
 43
1.0
176
     1
 76
     1
176
     1
 77
     6
176
     1
 78
     2
176
     1
 67
     7
176
     1
 79
     5
176
     1
170
     0
176
     1
171
     0
176
     1
290
     0
176
     1
 93
        1
176
     1
 44
0.0
176
     1
173
     0
176
     1
  0
VISUALSTYLE
  5
34
102
{ACAD_REACTORS
330
2A
102
}
102
{ACAD_XDICTIONARY
360
43A
102
}
330
2A
100
AcDbVisualStyle
  2
Conceptual
 70
     9
177
     2
291
     0
 71
     3
176
     1
 72
     2
176
     1
 73
     0
176
     1
 90
        0
176
     1
 40
0.6
176
     1
 41
30.0
176
     1
 62
     5
 63
     7
421
 16777215
176
     1
 74
     2
176
     1
 91
        2
176
     1
 64
     7
176
     1
 65
   257
176
     1
 75
     1
176
     1
175
     1
176
     1
 42
179.0
176
     1
 92
        8
176
     1
 66
     7
176
     1
 43
1.0
176
     1
 76
     1
176
     1
 77
     6
176
     1
 78
     2
176
     1
 67
     7
176
     1
 79
     3
176
     1
170
     0
176
     1
171
     0
176
     1
290
     0
176
     1
 93
        1
176
     1
 44
0.0
176
     1
173
     0
176
     1
  0
VISUALSTYLE
  5
35
102
{ACAD_REACTORS
330
2A
102
}
102
{ACAD_XDICTIONARY
360
43C
102
}
330
2A
100
AcDbVisualStyle
  2
Dim
 70
    11
177
     2
291
     1
 71
     2
176
     1
 72
     2
176
     1
 73
     0
176
     1
 90
        0
176
     1
 40
0.6
176
     1
 41
30.0
176
     1
 62
     5
 63
     7
421
 16777215
176
     1
 74
     1
176
     1
 91
        4
176
     1
 64
     7
176
     1
 65
   257
176
     1
 75
     1
176
     1
175
     1
176
     1
 42
1.0
176
     1
 92
        8
176
     1
 66
     7
176
     1
 43
1.0
176
     1
 76
     1
176
     1
 77
     6
176
     1
 78
     2
176
     1
 67
     7
176
     1
 79
     5
176
     1
170
     0
176
     1
171
     0
176
     1
290
     0
176
     1
 93
        1
176
     1
 44
-50.0
176
     1
173
     0
176
     1
  0
VISUALSTYLE
  5
3D
102
{ACAD_REACTORS
330
2A
102
}
102
{ACAD_XDICTIONARY
360
44C
102
}
330
2A
100
AcDbVisualStyle
  2
EdgeColorOff
 70
    22
177
     2
291
     1
 71
     2
176
     0
 72
     2
176
     0
 73
     0
176
     0
 90
        0
176
     0
 40
0.6
176
     0
 41
30.0
176
     0
 62
     5
 63
     7
421
 16777215
176
     0
 74
     1
176
     0
 91
        4
176
     0
 64
     7
176
     0
 65
   257
176
     0
 75
     1
176
     0
175
     1
176
     0
 42
1.0
176
     0
 92
        8
176
     2
 66
     7
176
     0
 43
1.0
176
     0
 76
     1
176
     0
 77
     6
176
     0
 78
     2
176
     0
 67
     7
176
     0
 79
     5
176
     0
170
     0
176
     0
171
     0
176
     0
290
     0
176
     0
 93
        1
176
     0
 44
0.0
176
     0
173
     0
176
     0
  0
VISUALSTYLE
  5
39
102
{ACAD_REACTORS
330
2A
102
}
102
{ACAD_XDICTIONARY
360
444
102
}
330
2A
100
AcDbVisualStyle
  2
Facepattern
 70
    15
177
     2
291
     1
 71
     2
176
     1
 72
     2
176
     1
 73
     0
176
     1
 90
        0
176
     1
 40
0.6
176
     1
 41
30.0
176
     1
 62
     5
 63
     7
421
 16777215
176
     1
 74
     1
176
     1
 91
        4
176
     1
 64
     7
176
     1
 65
   257
176
     1
 75
     1
176
     1
175
     1
176
     1
 42
1.0
176
     1
 92
        8
176
     1
 66
     7
176
     1
 43
1.0
176
     1
 76
     1
176
     1
 77
     6
176
     1
 78
     2
176
     1
 67
     7
176
     1
 79
     5
176
     1
170
     0
176
     1
171
     0
176
     1
290
     0
176
     1
 93
        1
176
     1
 44
0.0
176
     1
173
     0
176
     1
  0
VISUALSTYLE
  5
2B
102
{ACAD_REACTORS
330
2A
102
}
102
{ACAD_XDICTIONARY
360
428
102
}
330
2A
100
AcDbVisualStyle
  2
Flat
 70
     0
177
     2
291
     1
 71
     2
176
     1
 72
     1
176
     1
 73
     1
176
     1
 90
        2
176
     1
 40
0.6
176
     1
 41
30.0
176
     1
 62
     5
 63
     7
421
 16777215
176
     1
 74
     0
176
     1
 91
        0
176
     1
 64
     7
176
     1
 65
   257
176
     1
 75
     1
176
     1
175
     1
176
     1
 42
1.0
176
     1
 92
        8
176
     1
 66
     7
176
     1
 43
1.0
176
     1
 76
     1
176
     1
 77
     6
176
     1
 78
     2
176
     1
 67
     7
176
     1
 79
     5
176
     1
170
     0
176
     1
171
     0
176
     1
290
     0
176
     1
 93
       13
176
     1
 44
0.0
176
     1
173
     0
176
     1
  0
VISUALSTYLE
  5
2C
102
{ACAD_REACTORS
330
2A
102
}
102
{ACAD_XDICTIONARY
360
42A
102
}
330
2A
100
AcDbVisualStyle
  2
FlatWithEdges
 70
     1
177
     2
291
     1
 71
     2
176
     1
 72
     1
176
     1
 73
     1
176
     1
 90
        2
176
     1
 40
0.6
176
     1
 41
30.0
176
     1
 62
     5
 63
     7
421
 16777215
176
     1
 74
     1
176
     1
 91
        0
176
     1
 64
     7
176
     1
 65
   257
176
     1
 75
     1
176
     1
175
     1
176
     1
 42
1.0
176
     1
 92
        0
176
     1
 66
   257
176
     1
 43
1.0
176
     1
 76
     1
176
     1
 77
     6
176
     1
 78
     2
176
     1
 67
     7
176
     1
 79
     5
176
     1
170
     0
176
     1
171
     0
176
     1
290
     0
176
     1
 93
       13
176
     1
 44
0.0
176
     1
173
     0
176
     1
  0
VISUALSTYLE
  5
2D
102
{ACAD_REACTORS
330
2A
102
}
102
{ACAD_XDICTIONARY
360
42C
102
}
330
2A
100
AcDbVisualStyle
  2
Gouraud
 70
     2
177
     2
291
     1
 71
     2
176
     1
 72
     2
176
     1
 73
     1
176
     1
 90
        2
176
     1
 40
0.6
176
     1
 41
30.0
176
     1
 62
     5
 63
     7
421
 16777215
176
     1
 74
     0
176
     1
 91
        0
176
     1
 64
     7
176
     1
 65
   257
176
     1
 75
     1
176
     1
175
     1
176
     1
 42
1.0
176
     1
 92
        0
176
     1
 66
     7
176
     1
 43
1.0
176
     1
 76
     1
176
     1
 77
     6
176
     1
 78
     2
176
     1
 67
     7
176
     1
 79
     5
176
     1
170
     0
176
     1
171
     0
176
     1
290
     0
176
     1
 93
       13
176
     1
 44
0.0
176
     1
173
     0
176
     1
  0
VISUALSTYLE
  5
2E
102
{ACAD_REACTORS
330
2A
102
}
102
{ACAD_XDICTIONARY
360
42E
102
}
330
2A
100
AcDbVisualStyle
  2
GouraudWithEdges
 70
     3
177
     2
291
     1
 71
     2
176
     1
 72
     2
176
     1
 73
     1
176
     1
 90
        2
176
     1
 40
0.6
176
     1
 41
30.0
176
     1
 62
     5
 63
     7
421
 16777215
176
     1
 74
     1
176
     1
 91
        0
176
     1
 64
     7
176
     1
 65
   257
176
     1
 75
     1
176
     1
175
     1
176
     1
 42
1.0
176
     1
 92
        0
176
     1
 66
   257
176
     1
 43
1.0
176
     1
 76
     1
176
     1
 77
     6
176
     1
 78
     2
176
     1
 67
     7
176
     1
 79
     5
176
     1
170
     0
176
     1
171
     0
176
     1
290
     0
176
     1
 93
       13
176
     1
 44
0.0
176
     1
173
     0
176
     1
  0
VISUALSTYLE
  5
31
102
{ACAD_REACTORS
330
2A
102
}
102
{ACAD_XDICTIONARY
360
434
102
}
330
2A
100
AcDbVisualStyle
  2
Hidden
 70
     6
177
     2
291
     0
 71
     1
176
     1
 72
     2
176
     1
 73
     2
176
     1
 90
        0
176
     1
 40
0.6
176
     1
 41
30.0
176
     1
 62
     5
 63
     7
421
 16777215
176
     1
 74
     2
176
     1
 91
        2
176
     1
 64
     7
176
     1
 65
   257
176
     1
 75
     2
176
     1
175
     1
176
     1
 42
40.0
176
     1
 92
        0
176
     1
 66
   257
176
     1
 43
1.0
176
     1
 76
     1
176
     1
 77
     6
176
     1
 78
     2
176
     1
 67
     7
176
     1
 79
     3
176
     1
170
     0
176
     1
171
     0
176
     1
290
     0
176
     1
 93
        1
176
     1
 44
0.0
176
     1
173
     0
176
     1
  0
VISUALSTYLE
  5
3B
102
{ACAD_REACTORS
330
2A
102
}
102
{ACAD_XDICTIONARY
360
448
102
}
330
2A
100
AcDbVisualStyle
  2
JitterOff
 70
    20
177
     2
291
     1
 71
     2
176
     0
 72
     2
176
     0
 73
     0
176
     0
 90
        0
176
     0
 40
0.6
176
     0
 41
30.0
176
     0
 62
     5
 63
     7
421
 16777215
176
     0
 74
     1
176
     0
 91
        4
176
     0
 64
     7
176
     0
 65
   257
176
     0
 75
     1
176
     0
175
     1
176
     0
 42
1.0
176
     0
 92
       10
176
     2
 66
     7
176
     0
 43
1.0
176
     0
 76
     1
176
     0
 77
     6
176
     0
 78
     2
176
     0
 67
     7
176
     0
 79
     5
176
     0
170
     0
176
     0
171
     0
176
     0
290
     0
176
     0
 93
        1
176
     0
 44
0.0
176
     0
173
     0
176
     0
  0
VISUALSTYLE
  5
38
102
{ACAD_REACTORS
330
2A
102
}
102
{ACAD_XDICTIONARY
360
442
102
}
330
2A
100
AcDbVisualStyle
  2
Linepattern
 70
    14
177
     2
291
     1
 71
     2
176
     1
 72
     2
176
     1
 73
     0
176
     1
 90
        0
176
     1
 40
0.6
176
     1
 41
30.0
176
     1
 62
     5
 63
     7
421
 16777215
176
     1
 74
     1
176
     1
 91
        4
176
     1
 64
     7
176
     1
 65
   257
176
     1
 75
     7
176
     1
175
     7
176
     1
 42
1.0
176
     1
 92
        8
176
     1
 66
     7
176
     1
 43
1.0
176
     1
 76
     1
176
     1
 77
     6
176
     1
 78
     2
176
     1
 67
     7
176
     1
 79
     5
176
     1
170
     0
176
     1
171
     0
176
     1
290
     0
176
     1
 93
        1
176
     1
 44
0.0
176
     1
173
     0
176
     1
  0
VISUALSTYLE
  5
3C
102
{ACAD_REACTORS
330
2A
102
}
102
{ACAD_XDICTIONARY
360
44A
102
}
330
2A
100
AcDbVisualStyle
  2
OverhangOff
 70
    21
177
     2
291
     1
 71
     2
176
     0
 72
     2
176
     0
 73
     0
176
     0
 90
        0
176
     0
 40
0.6
176
     0
 41
30.0
176
     0
 62
     5
 63
     7
421
 16777215
176
     0
 74
     1
176
     0
 91
        4
176
     0
 64
     7
176
     0
 65
   257
176
     0
 75
     1
176
     0
175
     1
176
     0
 42
1.0
176
     0
 92
        9
176
     2
 66
     7
176
     0
 43
1.0
176
     0
 76
     1
176
     0
 77
     6
176
     0
 78
     2
176
     0
 67
     7
176
     0
 79
     5
176
     0
170
     0
176
     0
171
     0
176
     0
290
     0
176
     0
 93
        1
176
     0
 44
0.0
176
     0
173
     0
176
     0
  0
VISUALSTYLE
  5
33
102
{ACAD_REACTORS
330
2A
102
}
102
{ACAD_XDICTIONARY
360
438
102
}
330
2A
100
AcDbVisualStyle
  2
Realistic
 70
     8
177
     2
291
     0
 71
     2
176
     1
 72
     3
176
     1
 73
     0
176
     1
 90
        2
176
     1
 40
0.6
176
     1
 41
30.0
176
     1
 62
     5
 63
     7
421
 16777215
176
     1
 74
     0
176
     1
 91
        0
176
     1
 64
     7
176
     1
 65
   257
176
     1
 75
     1
176
     1
175
     1
176
     1
 42
1.0
176
     1
 92
        8
176
     1
 66
   257
176
     1
 43
1.0
176
     1
 76
     1
176
     1
 77
     6
176
     1
 78
     2
176
     1
 67
     7
176
     1
 79
     3
176
     1
170
     0
176
     1
171
     0
176
     1
290
     0
176
     1
 93
       13
176
     1
 44
0.0
176
     1
173
     0
176
     1
  0
VISUALSTYLE
  5
42
102
{ACAD_REACTORS
330
2A
102
}
102
{ACAD_XDICTIONARY
360
456
102
}
330
2A
100
AcDbVisualStyle
  2
Shaded
 70
    27
177
     2
291
     0
 71
     2
176
     1
 72
     2
176
     1
 73
     1
176
     1
 90
        2
176
     1
 40
0.6
176
     1
 41
30.0
176
     1
 62
     5
 63
     7
421
 16777215
176
     1
 74
     0
176
     1
 91
        4
176
     1
 64
     7
176
     1
 65
   257
176
     1
 75
     1
176
     1
175
     1
176
     1
 42
1.0
176
     1
 92
        8
176
     1
 66
   257
176
     1
 43
1.0
176
     1
 76
     1
176
     1
 77
     6
176
     1
 78
     2
176
     1
 67
     8
425
  7895160
176
     1
 79
     3
176
     1
170
     0
176
     1
171
     0
176
     1
290
     0
176
     1
 93
        5
176
     1
 44
0.0
176
     1
173
     0
176
     1
  0
VISUALSTYLE
  5
41
102
{ACAD_REACTORS
330
2A
102
}
102
{ACAD_XDICTIONARY
360
454
102
}
330
2A
100
AcDbVisualStyle
  2
Shaded with edges
 70
    26
177
     2
291
     0
 71
     2
176
     1
 72
     2
176
     1
 73
     1
176
     1
 90
        2
176
     1
 40
0.6
176
     1
 41
30.0
176
     1
 62
     5
 63
     7
421
 16777215
176
     1
 74
     1
176
     1
 91
       10
176
     1
 64
     7
176
     1
 65
   257
176
     1
 75
     2
176
     1
175
     1
176
     1
 42
1.0
176
     1
 92
        8
176
     1
 66
   257
176
     1
 43
1.0
176
     1
 76
     1
176
     1
 77
     6
176
     1
 78
     2
176
     1
 67
     7
176
     1
 79
     3
176
     1
170
     0
176
     1
171
     0
176
     1
290
     0
176
     1
 93
        5
176
     1
 44
0.0
176
     1
173
     0
176
     1
  0
VISUALSTYLE
  5
3E
102
{ACAD_REACTORS
330
2A
102
}
102
{ACAD_XDICTIONARY
360
44E
102
}
330
2A
100
AcDbVisualStyle
  2
Shades of Gray
 70
    23
177
     2
291
     0
 71
     2
176
     1
 72
     2
176
     1
 73
     3
176
     1
 90
        0
176
     1
 40
0.6
176
     1
 41
30.0
176
     1
 62
     5
 63
     7
421
 16777215
176
     1
 74
     2
176
     1
 91
        2
176
     1
 64
     7
176
     1
 65
     7
176
     1
 75
     1
176
     1
175
     1
176
     1
 42
40.0
176
     1
 92
        8
176
     1
 66
     7
176
     1
 43
1.0
176
     1
 76
     1
176
     1
 77
     6
176
     1
 78
     2
176
     1
 67
     7
176
     1
 79
     3
176
     1
170
     0
176
     1
171
     0
176
     1
290
     0
176
     1
 93
        1
176
     1
 44
0.0
176
     1
173
     0
176
     1
  0
VISUALSTYLE
  5
3F
102
{ACAD_REACTORS
330
2A
102
}
102
{ACAD_XDICTIONARY
360
450
102
}
330
2A
100
AcDbVisualStyle
  2
Sketchy
 70
    24
177
     2
291
     0
 71
     1
176
     1
 72
     2
176
     1
 73
     2
176
     1
 90
        0
176
     1
 40
0.6
176
     1
 41
30.0
176
     1
 62
     5
 63
     7
421
 16777215
176
     1
 74
     2
176
     1
 91
        2
176
     1
 64
     7
176
     1
 65
     7
176
     1
 75
     1
176
     1
175
     1
176
     1
 42
40.0
176
     1
 92
       11
176
     1
 66
     7
176
     1
 43
1.0
176
     1
 76
     1
176
     1
 77
     6
176
     1
 78
     2
176
     1
 67
     7
176
     1
 79
     6
176
     1
170
     0
176
     1
171
     0
176
     1
290
     0
176
     1
 93
        1
176
     1
 44
0.0
176
     1
173
     0
176
     1
  0
VISUALSTYLE
  5
37
102
{ACAD_REACTORS
330
2A
102
}
102
{ACAD_XDICTIONARY
360
440
102
}
330
2A
100
AcDbVisualStyle
  2
Thicken
 70
    13
177
     2
291
     1
 71
     2
176
     1
 72
     2
176
     1
 73
     0
176
     1
 90
        0
176
     1
 40
0.6
176
     1
 41
30.0
176
     1
 62
     5
 63
     7
421
 16777215
176
     1
 74
     1
176
     1
 91
        4
176
     1
 64
     7
176
     1
 65
   257
176
     1
 75
     1
176
     1
175
     1
176
     1
 42
1.0
176
     1
 92
       12
176
     1
 66
     7
176
     1
 43
1.0
176
     1
 76
     1
176
     1
 77
     6
176
     1
 78
     2
176
     1
 67
     7
176
     1
 79
     5
176
     1
170
     0
176
     1
171
     0
176
     1
290
     0
176
     1
 93
        1
176
     1
 44
0.0
176
     1
173
     0
176
     1
  0
VISUALSTYLE
  5
30
102
{ACAD_REACTORS
330
2A
102
}
102
{ACAD_XDICTIONARY
360
432
102
}
330
2A
100
AcDbVisualStyle
  2
Wireframe
 70
     5
177
     2
291
     0
 71
     0
176
     1
 72
     2
176
     1
 73
     0
176
     1
 90
        0
176
     1
 40
0.6
176
     1
 41
30.0
176
     1
 62
     5
 63
     7
421
 16777215
176
     1
 74
     1
176
     1
 91
        4
176
     1
 64
     7
176
     1
 65
   257
176
     1
 75
     1
176
     1
175
     1
176
     1
 42
1.0
176
     1
 92
        0
176
     1
 66
   257
176
     1
 43
1.0
176
     1
 76
     1
176
     1
 77
     6
176
     1
 78
     2
176
     1
 67
     7
176
     1
 79
     3
176
     1
170
     0
176
     1
171
     0
176
     1
290
     0
176
     1
 93
        1
176
     1
 44
0.0
176
     1
173
     0
176
     1
  0
VISUALSTYLE
  5
40
102
{ACAD_REACTORS
330
2A
102
}
102
{ACAD_XDICTIONARY
360
452
102
}
330
2A
100
AcDbVisualStyle
  2
X-Ray
 70
    25
177
     2
291
     0
 71
     2
176
     1
 72
     2
176
     1
 73
     1
176
     1
 90
        1
176
     1
 40
0.5
176
     1
 41
30.0
176
     1
 62
     5
 63
     7
421
 16777215
176
     1
 74
     1
176
     1
 91
        0
176
     1
 64
     7
176
     1
 65
   257
176
     1
 75
     1
176
     1
175
     1
176
     1
 42
1.0
176
     1
 92
        8
176
     1
 66
     7
176
     1
 43
1.0
176
     1
 76
     1
176
     1
 77
     6
176
     1
 78
     2
176
     1
 67
     7
176
     1
 79
     3
176
     1
170
     0
176
     1
171
     0
176
     1
290
     0
176
     1
 93
       13
176
     1
 44
0.0
176
     1
173
     0
176
     1
  0
DICTIONARYVAR
  5
427
102
{ACAD_REACTORS
330
426
102
}
330
426
100
DictionaryVariables
280
     0
  1
1:1
  0
DICTIONARYVAR
  5
461
102
{ACAD_REACTORS
330
426
102
}
330
426
100
DictionaryVariables
280
     0
  1
3.500000
  0
DICTIONARYVAR
  5
462
102
{ACAD_REACTORS
330
426
102
}
330
426
100
DictionaryVariables
280
     0
  1
acadiso.lin
  0
DICTIONARYVAR
  5
45D
102
{ACAD_REACTORS
330
426
102
}
330
426
100
DictionaryVariables
280
     0
  1
Standard
  0
DICTIONARYVAR
  5
45C
102
{ACAD_REACTORS
330
426
102
}
330
426
100
DictionaryVariables
280
     0
  1
Standard
  0
DICTIONARYVAR
  5
460
102
{ACAD_REACTORS
330
426
102
}
330
426
100
DictionaryVariables
280
     0
  1
0
  0
DICTIONARY
  5
458
330
6A
100
AcDbDictionary
280
     1
281
     1
  3
ACAD_ROUNDTRIP_2008_TABLESTYLE_CELLSTYLEMAP
360
459
  0
DICTIONARY
  5
430
330
2F
100
AcDbDictionary
280
     1
281
     1
  3
ACAD_XREC_ROUNDTRIP
360
431
  0
DICTIONARY
  5
436
330
32
100
AcDbDictionary
280
     1
281
     1
  3
ACAD_XREC_ROUNDTRIP
360
437
  0
DICTIONARY
  5
43E
330
36
100
AcDbDictionary
280
     1
281
     1
  3
ACAD_XREC_ROUNDTRIP
360
43F
  0
DICTIONARY
  5
446
330
3A
100
AcDbDictionary
280
     1
281
     1
  3
ACAD_XREC_ROUNDTRIP
360
447
  0
DICTIONARY
  5
43A
330
34
100
AcDbDictionary
280
     1
281
     1
  3
ACAD_XREC_ROUNDTRIP
360
43B
  0
DICTIONARY
  5
43C
330
35
100
AcDbDictionary
280
     1
281
     1
  3
ACAD_XREC_ROUNDTRIP
360
43D
  0
DICTIONARY
  5
44C
330
3D
100
AcDbDictionary
280
     1
281
     1
  3
ACAD_XREC_ROUNDTRIP
360
44D
  0
DICTIONARY
  5
444
330
39
100
AcDbDictionary
280
     1
281
     1
  3
ACAD_XREC_ROUNDTRIP
360
445
  0
DICTIONARY
  5
428
330
2B
100
AcDbDictionary
280
     1
281
     1
  3
ACAD_XREC_ROUNDTRIP
360
429
  0
DICTIONARY
  5
42A
330
2C
100
AcDbDictionary
280
     1
281
     1
  3
ACAD_XREC_ROUNDTRIP
360
42B
  0
DICTIONARY
  5
42C
330
2D
100
AcDbDictionary
280
     1
281
     1
  3
ACAD_XREC_ROUNDTRIP
360
42D
  0
DICTIONARY
  5
42E
330
2E
100
AcDbDictionary
280
     1
281
     1
  3
ACAD_XREC_ROUNDTRIP
360
42F
  0
DICTIONARY
  5
434
330
31
100
AcDbDictionary
280
     1
281
     1
  3
ACAD_XREC_ROUNDTRIP
360
435
  0
DICTIONARY
  5
448
330
3B
100
AcDbDictionary
280
     1
281
     1
  3
ACAD_XREC_ROUNDTRIP
360
449
  0
DICTIONARY
  5
442
330
38
100
AcDbDictionary
280
     1
281
     1
  3
ACAD_XREC_ROUNDTRIP
360
443
  0
DICTIONARY
  5
44A
330
3C
100
AcDbDictionary
280
     1
281
     1
  3
ACAD_XREC_ROUNDTRIP
360
44B
  0
DICTIONARY
  5
438
330
33
100
AcDbDictionary
280
     1
281
     1
  3
ACAD_XREC_ROUNDTRIP
360
439
  0
DICTIONARY
  5
456
330
42
100
AcDbDictionary
280
     1
281
     1
  3
ACAD_XREC_ROUNDTRIP
360
457
  0
DICTIONARY
  5
454
330
41
100
AcDbDictionary
280
     1
281
     1
  3
ACAD_XREC_ROUNDTRIP
360
455
  0
DICTIONARY
  5
44E
330
3E
100
AcDbDictionary
280
     1
281
     1
  3
ACAD_XREC_ROUNDTRIP
360
44F
  0
DICTIONARY
  5
450
330
3F
100
AcDbDictionary
280
     1
281
     1
  3
ACAD_XREC_ROUNDTRIP
360
451
  0
DICTIONARY
  5
440
330
37
100
AcDbDictionary
280
     1
281
     1
  3
ACAD_XREC_ROUNDTRIP
360
441
  0
DICTIONARY
  5
432
330
30
100
AcDbDictionary
280
     1
281
     1
  3
ACAD_XREC_ROUNDTRIP
360
433
  0
DICTIONARY
  5
452
330
40
100
AcDbDictionary
280
     1
281
     1
  3
ACAD_XREC_ROUNDTRIP
360
453
  0
CELLSTYLEMAP
  5
459
102
{ACAD_REACTORS
330
458
102
}
330
458
100
AcDbCellStyleMap
 90
        3
300
CELLSTYLE
  1
TABLEFORMAT_BEGIN
 90
        5
170
     1
 91
        0
 92
    32768
 62
   257
 93
        1
300
CONTENTFORMAT
  1
CONTENTFORMAT_BEGIN
 90
        0
 91
        0
 92
        4
 93
        0
300

 40
0.0
140
1.0
 94
        5
 62
     0
340
11
144
6.0
309
CONTENTFORMAT_END
171
     1
301
MARGIN
  1
CELLMARGIN_BEGIN
 40
1.5
 40
1.5
 40
1.5
 40
1.5
 40
1.5
 40
1.5
309
CELLMARGIN_END
 94
        6
 95
        1
302
GRIDFORMAT
  1
GRIDFORMAT_BEGIN
 90
        0
 91
        1
 62
     0
 92
       -2
340
14
 93
        0
 40
0.045
309
GRIDFORMAT_END
 95
        2
302
GRIDFORMAT
  1
GRIDFORMAT_BEGIN
 90
        0
 91
        1
 62
     0
 92
       -2
340
14
 93
        0
 40
0.045
309
GRIDFORMAT_END
 95
        4
302
GRIDFORMAT
  1
GRIDFORMAT_BEGIN
 90
        0
 91
        1
 62
     0
 92
       -2
340
14
 93
        0
 40
0.045
309
GRIDFORMAT_END
 95
        8
302
GRIDFORMAT
  1
GRIDFORMAT_BEGIN
 90
        0
 91
        1
 62
     0
 92
       -2
340
14
 93
        0
 40
0.045
309
GRIDFORMAT_END
 95
       16
302
GRIDFORMAT
  1
GRIDFORMAT_BEGIN
 90
        0
 91
        1
 62
     0
 92
       -2
340
14
 93
        0
 40
0.045
309
GRIDFORMAT_END
 95
       32
302
GRIDFORMAT
  1
GRIDFORMAT_BEGIN
 90
        0
 91
        1
 62
     0
 92
       -2
340
14
 93
        0
 40
0.045
309
GRIDFORMAT_END
309
TABLEFORMAT_END
  1
CELLSTYLE_BEGIN
 90
        1
 91
        1
300
_TITLE
309
CELLSTYLE_END
300
CELLSTYLE
  1
TABLEFORMAT_BEGIN
 90
        5
170
     1
 91
        0
 92
        0
 62
   257
 93
        1
300
CONTENTFORMAT
  1
CONTENTFORMAT_BEGIN
 90
        0
 91
        0
 92
        4
 93
        0
300

 40
0.0
140
1.0
 94
        5
 62
     0
340
11
144
4.5
309
CONTENTFORMAT_END
171
     1
301
MARGIN
  1
CELLMARGIN_BEGIN
 40
1.5
 40
1.5
 40
1.5
 40
1.5
 40
1.5
 40
1.5
309
CELLMARGIN_END
 94
        6
 95
        1
302
GRIDFORMAT
  1
GRIDFORMAT_BEGIN
 90
        0
 91
        1
 62
     0
 92
       -2
340
14
 93
        0
 40
0.045
309
GRIDFORMAT_END
 95
        2
302
GRIDFORMAT
  1
GRIDFORMAT_BEGIN
 90
        0
 91
        1
 62
     0
 92
       -2
340
14
 93
        0
 40
0.045
309
GRIDFORMAT_END
 95
        4
302
GRIDFORMAT
  1
GRIDFORMAT_BEGIN
 90
        0
 91
        1
 62
     0
 92
       -2
340
14
 93
        0
 40
0.045
309
GRIDFORMAT_END
 95
        8
302
GRIDFORMAT
  1
GRIDFORMAT_BEGIN
 90
        0
 91
        1
 62
     0
 92
       -2
340
14
 93
        0
 40
0.045
309
GRIDFORMAT_END
 95
       16
302
GRIDFORMAT
  1
GRIDFORMAT_BEGIN
 90
        0
 91
        1
 62
     0
 92
       -2
340
14
 93
        0
 40
0.045
309
GRIDFORMAT_END
 95
       32
302
GRIDFORMAT
  1
GRIDFORMAT_BEGIN
 90
        0
 91
        1
 62
     0
 92
       -2
340
14
 93
        0
 40
0.045
309
GRIDFORMAT_END
309
TABLEFORMAT_END
  1
CELLSTYLE_BEGIN
 90
        2
 91
        1
300
_HEADER
309
CELLSTYLE_END
300
CELLSTYLE
  1
TABLEFORMAT_BEGIN
 90
        5
170
     1
 91
        0
 92
        0
 62
   257
 93
        1
300
CONTENTFORMAT
  1
CONTENTFORMAT_BEGIN
 90
        0
 91
        0
 92
        4
 93
        0
300

 40
0.0
140
1.0
 94
        2
 62
     0
340
11
144
4.5
309
CONTENTFORMAT_END
171
     1
301
MARGIN
  1
CELLMARGIN_BEGIN
 40
1.5
 40
1.5
 40
1.5
 40
1.5
 40
1.5
 40
1.5
309
CELLMARGIN_END
 94
        6
 95
        1
302
GRIDFORMAT
  1
GRIDFORMAT_BEGIN
 90
        0
 91
        1
 62
     0
 92
       -2
340
14
 93
        0
 40
0.045
309
GRIDFORMAT_END
 95
        2
302
GRIDFORMAT
  1
GRIDFORMAT_BEGIN
 90
        0
 91
        1
 62
     0
 92
       -2
340
14
 93
        0
 40
0.045
309
GRIDFORMAT_END
 95
        4
302
GRIDFORMAT
  1
GRIDFORMAT_BEGIN
 90
        0
 91
        1
 62
     0
 92
       -2
340
14
 93
        0
 40
0.045
309
GRIDFORMAT_END
 95
        8
302
GRIDFORMAT
  1
GRIDFORMAT_BEGIN
 90
        0
 91
        1
 62
     0
 92
       -2
340
14
 93
        0
 40
0.045
309
GRIDFORMAT_END
 95
       16
302
GRIDFORMAT
  1
GRIDFORMAT_BEGIN
 90
        0
 91
        1
 62
     0
 92
       -2
340
14
 93
        0
 40
0.045
309
GRIDFORMAT_END
 95
       32
302
GRIDFORMAT
  1
GRIDFORMAT_BEGIN
 90
        0
 91
        1
 62
     0
 92
       -2
340
14
 93
        0
 40
0.045
309
GRIDFORMAT_END
309
TABLEFORMAT_END
  1
CELLSTYLE_BEGIN
 90
        3
 91
        2
300
_DATA
309
CELLSTYLE_END
  0
XRECORD
  5
431
102
{ACAD_REACTORS
330
430
102
}
330
430
100
AcDbXrecord
280
     1
102
RTVSPost2010Prop28
280
     1
102
RTVSPost2010PropOp28
 70
     1
102
RTVSPost2010Prop29
280
     1
102
RTVSPost2010PropOp29
 70
     1
102
RTVSPost2010Prop30
280
     0
102
RTVSPost2010PropOp30
 70
     1
102
RTVSPost2010Prop31
280
     0
102
RTVSPost2010PropOp31
 70
     1
102
RTVSPost2010Prop32
280
     0
102
RTVSPost2010PropOp32
 70
     1
102
RTVSPost2010Prop33
280
     0
102
RTVSPost2010PropOp33
 70
     1
102
RTVSPost2010Prop34
280
     0
102
RTVSPost2010PropOp34
 70
     1
102
RTVSPost2010Prop35
280
     0
102
RTVSPost2010PropOp35
 70
     1
102
RTVSPost2010Prop36
280
     0
102
RTVSPost2010PropOp36
 70
     1
102
RTVSPost2010Prop37
 90
       50
102
RTVSPost2010PropOp37
 70
     1
102
RTVSPost2010Prop38
140
0.0
102
RTVSPost2010PropOp38
 70
     1
102
RTVSPost2010Prop39
140
1.0
102
RTVSPost2010PropOp39
 70
     1
102
RTVSPost2010Prop40
 90
        0
102
RTVSPost2010PropOp40
 70
     1
102
RTVSPost2010Prop41ColorIndex
 90
       18
102
RTVSPost2010Prop41ColorRGB
 90
        0
102
RTVSPost2010PropOp41
 70
     1
102
RTVSPost2010Prop42
 90
       50
102
RTVSPost2010PropOp42
 70
     1
102
RTVSPost2010Prop43
 90
        3
102
RTVSPost2010PropOp43
 70
     1
102
RTVSPost2010Prop44ColorIndex
 90
        5
102
RTVSPost2010Prop44ColorRGB
 90
      255
102
RTVSPost2010PropOp44
 70
     1
102
RTVSPost2010Prop45
280
     0
102
RTVSPost2010PropOp45
 70
     1
102
RTVSPost2010Prop46
 90
       50
102
RTVSPost2010PropOp46
 70
     1
102
RTVSPost2010Prop47
 90
       50
102
RTVSPost2010PropOp47
 70
     1
102
RTVSPost2010Prop48
 90
       50
102
RTVSPost2010PropOp48
 70
     1
102
RTVSPost2010Prop49
280
     0
102
RTVSPost2010PropOp49
 70
     1
102
RTVSPost2010Prop50
 90
       50
102
RTVSPost2010PropOp50
 70
     1
102
RTVSPost2010Prop51ColorIndex
 90
      256
102
RTVSPost2010Prop51ColorRGB
 90
-16777216
102
RTVSPost2010PropOp51
 70
     0
102
RTVSPost2010Prop52
140
1.0
102
RTVSPost2010PropOp52
 70
     0
102
RTVSPost2010Prop53
 90
        2
102
RTVSPost2010PropOp53
 70
     1
102
RTVSPost2010Prop54
  1
strokes_ogs.tif
102
RTVSPost2010PropOp54
 70
     1
102
RTVSPost2010Prop55
280
     0
102
RTVSPost2010PropOp55
 70
     1
102
RTVSPost2010Prop56
140
1.0
102
RTVSPost2010PropOp56
 70
     1
102
RTVSPost2010Prop57
140
1.0
102
RTVSPost2010PropOp57
 70
     1
  0
XRECORD
  5
437
102
{ACAD_REACTORS
330
436
102
}
330
436
100
AcDbXrecord
280
     1
102
RTVSPost2010Prop28
280
     0
102
RTVSPost2010PropOp28
 70
     1
102
RTVSPost2010Prop29
280
     1
102
RTVSPost2010PropOp29
 70
     1
102
RTVSPost2010Prop30
280
     1
102
RTVSPost2010PropOp30
 70
     1
102
RTVSPost2010Prop31
280
     0
102
RTVSPost2010PropOp31
 70
     1
102
RTVSPost2010Prop32
280
     0
102
RTVSPost2010PropOp32
 70
     1
102
RTVSPost2010Prop33
280
     0
102
RTVSPost2010PropOp33
 70
     1
102
RTVSPost2010Prop34
280
     0
102
RTVSPost2010PropOp34
 70
     1
102
RTVSPost2010Prop35
280
     0
102
RTVSPost2010PropOp35
 70
     1
102
RTVSPost2010Prop36
280
     0
102
RTVSPost2010PropOp36
 70
     1
102
RTVSPost2010Prop37
 90
       50
102
RTVSPost2010PropOp37
 70
     1
102
RTVSPost2010Prop38
140
0.0
102
RTVSPost2010PropOp38
 70
     1
102
RTVSPost2010Prop39
140
1.0
102
RTVSPost2010PropOp39
 70
     1
102
RTVSPost2010Prop40
 90
        0
102
RTVSPost2010PropOp40
 70
     1
102
RTVSPost2010Prop41ColorIndex
 90
       18
102
RTVSPost2010Prop41ColorRGB
 90
        0
102
RTVSPost2010PropOp41
 70
     1
102
RTVSPost2010Prop42
 90
       50
102
RTVSPost2010PropOp42
 70
     1
102
RTVSPost2010Prop43
 90
        3
102
RTVSPost2010PropOp43
 70
     1
102
RTVSPost2010Prop44ColorIndex
 90
        5
102
RTVSPost2010Prop44ColorRGB
 90
      255
102
RTVSPost2010PropOp44
 70
     1
102
RTVSPost2010Prop45
280
     0
102
RTVSPost2010PropOp45
 70
     1
102
RTVSPost2010Prop46
 90
       50
102
RTVSPost2010PropOp46
 70
     1
102
RTVSPost2010Prop47
 90
       50
102
RTVSPost2010PropOp47
 70
     1
102
RTVSPost2010Prop48
 90
       50
102
RTVSPost2010PropOp48
 70
     1
102
RTVSPost2010Prop49
280
     0
102
RTVSPost2010PropOp49
 70
     1
102
RTVSPost2010Prop50
 90
       50
102
RTVSPost2010PropOp50
 70
     1
102
RTVSPost2010Prop51ColorIndex
 90
      256
102
RTVSPost2010Prop51ColorRGB
 90
-16777216
102
RTVSPost2010PropOp51
 70
     0
102
RTVSPost2010Prop52
140
1.0
102
RTVSPost2010PropOp52
 70
     0
102
RTVSPost2010Prop53
 90
        2
102
RTVSPost2010PropOp53
 70
     1
102
RTVSPost2010Prop54
  1
strokes_ogs.tif
102
RTVSPost2010PropOp54
 70
     1
102
RTVSPost2010Prop55
280
     0
102
RTVSPost2010PropOp55
 70
     1
102
RTVSPost2010Prop56
140
1.0
102
RTVSPost2010PropOp56
 70
     1
102
RTVSPost2010Prop57
140
1.0
102
RTVSPost2010PropOp57
 70
     1
  0
XRECORD
  5
43F
102
{ACAD_REACTORS
330
43E
102
}
330
43E
100
AcDbXrecord
280
     1
102
RTVSPost2010Prop28
280
     0
102
RTVSPost2010PropOp28
 70
     1
102
RTVSPost2010Prop29
280
     1
102
RTVSPost2010PropOp29
 70
     1
102
RTVSPost2010Prop30
280
     1
102
RTVSPost2010PropOp30
 70
     1
102
RTVSPost2010Prop31
280
     0
102
RTVSPost2010PropOp31
 70
     1
102
RTVSPost2010Prop32
280
     0
102
RTVSPost2010PropOp32
 70
     1
102
RTVSPost2010Prop33
280
     0
102
RTVSPost2010PropOp33
 70
     1
102
RTVSPost2010Prop34
280
     0
102
RTVSPost2010PropOp34
 70
     1
102
RTVSPost2010Prop35
280
     0
102
RTVSPost2010PropOp35
 70
     1
102
RTVSPost2010Prop36
280
     0
102
RTVSPost2010PropOp36
 70
     1
102
RTVSPost2010Prop37
 90
       50
102
RTVSPost2010PropOp37
 70
     1
102
RTVSPost2010Prop38
140
0.0
102
RTVSPost2010PropOp38
 70
     1
102
RTVSPost2010Prop39
140
1.0
102
RTVSPost2010PropOp39
 70
     1
102
RTVSPost2010Prop40
 90
        0
102
RTVSPost2010PropOp40
 70
     1
102
RTVSPost2010Prop41ColorIndex
 90
       18
102
RTVSPost2010Prop41ColorRGB
 90
        0
102
RTVSPost2010PropOp41
 70
     1
102
RTVSPost2010Prop42
 90
       50
102
RTVSPost2010PropOp42
 70
     1
102
RTVSPost2010Prop43
 90
        3
102
RTVSPost2010PropOp43
 70
     1
102
RTVSPost2010Prop44ColorIndex
 90
        5
102
RTVSPost2010Prop44ColorRGB
 90
      255
102
RTVSPost2010PropOp44
 70
     1
102
RTVSPost2010Prop45
280
     0
102
RTVSPost2010PropOp45
 70
     1
102
RTVSPost2010Prop46
 90
       50
102
RTVSPost2010PropOp46
 70
     1
102
RTVSPost2010Prop47
 90
       50
102
RTVSPost2010PropOp47
 70
     1
102
RTVSPost2010Prop48
 90
       50
102
RTVSPost2010PropOp48
 70
     1
102
RTVSPost2010Prop49
280
     0
102
RTVSPost2010PropOp49
 70
     1
102
RTVSPost2010Prop50
 90
       50
102
RTVSPost2010PropOp50
 70
     1
102
RTVSPost2010Prop51ColorIndex
 90
      256
102
RTVSPost2010Prop51ColorRGB
 90
-16777216
102
RTVSPost2010PropOp51
 70
     0
102
RTVSPost2010Prop52
140
1.0
102
RTVSPost2010PropOp52
 70
     0
102
RTVSPost2010Prop53
 90
        2
102
RTVSPost2010PropOp53
 70
     1
102
RTVSPost2010Prop54
  1
strokes_ogs.tif
102
RTVSPost2010PropOp54
 70
     1
102
RTVSPost2010Prop55
280
     0
102
RTVSPost2010PropOp55
 70
     1
102
RTVSPost2010Prop56
140
1.0
102
RTVSPost2010PropOp56
 70
     1
102
RTVSPost2010Prop57
140
1.0
102
RTVSPost2010PropOp57
 70
     1
  0
XRECORD
  5
447
102
{ACAD_REACTORS
330
446
102
}
330
446
100
AcDbXrecord
280
     1
102
RTVSPost2010Prop28
280
     0
102
RTVSPost2010PropOp28
 70
     1
102
RTVSPost2010Prop29
280
     1
102
RTVSPost2010PropOp29
 70
     1
102
RTVSPost2010Prop30
280
     1
102
RTVSPost2010PropOp30
 70
     1
102
RTVSPost2010Prop31
280
     0
102
RTVSPost2010PropOp31
 70
     1
102
RTVSPost2010Prop32
280
     0
102
RTVSPost2010PropOp32
 70
     1
102
RTVSPost2010Prop33
280
     0
102
RTVSPost2010PropOp33
 70
     1
102
RTVSPost2010Prop34
280
     0
102
RTVSPost2010PropOp34
 70
     1
102
RTVSPost2010Prop35
280
     0
102
RTVSPost2010PropOp35
 70
     1
102
RTVSPost2010Prop36
280
     0
102
RTVSPost2010PropOp36
 70
     1
102
RTVSPost2010Prop37
 90
       50
102
RTVSPost2010PropOp37
 70
     1
102
RTVSPost2010Prop38
140
0.0
102
RTVSPost2010PropOp38
 70
     1
102
RTVSPost2010Prop39
140
1.0
102
RTVSPost2010PropOp39
 70
     1
102
RTVSPost2010Prop40
 90
        0
102
RTVSPost2010PropOp40
 70
     1
102
RTVSPost2010Prop41ColorIndex
 90
       18
102
RTVSPost2010Prop41ColorRGB
 90
        0
102
RTVSPost2010PropOp41
 70
     1
102
RTVSPost2010Prop42
 90
       50
102
RTVSPost2010PropOp42
 70
     1
102
RTVSPost2010Prop43
 90
        3
102
RTVSPost2010PropOp43
 70
     1
102
RTVSPost2010Prop44ColorIndex
 90
        5
102
RTVSPost2010Prop44ColorRGB
 90
      255
102
RTVSPost2010PropOp44
 70
     1
102
RTVSPost2010Prop45
280
     0
102
RTVSPost2010PropOp45
 70
     1
102
RTVSPost2010Prop46
 90
       50
102
RTVSPost2010PropOp46
 70
     1
102
RTVSPost2010Prop47
 90
       50
102
RTVSPost2010PropOp47
 70
     1
102
RTVSPost2010Prop48
 90
       50
102
RTVSPost2010PropOp48
 70
     1
102
RTVSPost2010Prop49
280
     0
102
RTVSPost2010PropOp49
 70
     1
102
RTVSPost2010Prop50
 90
       50
102
RTVSPost2010PropOp50
 70
     1
102
RTVSPost2010Prop51ColorIndex
 90
      256
102
RTVSPost2010Prop51ColorRGB
 90
-16777216
102
RTVSPost2010PropOp51
 70
     0
102
RTVSPost2010Prop52
140
1.0
102
RTVSPost2010PropOp52
 70
     0
102
RTVSPost2010Prop53
 90
        2
102
RTVSPost2010PropOp53
 70
     1
102
RTVSPost2010Prop54
  1
strokes_ogs.tif
102
RTVSPost2010PropOp54
 70
     1
102
RTVSPost2010Prop55
280
     0
102
RTVSPost2010PropOp55
 70
     1
102
RTVSPost2010Prop56
140
1.0
102
RTVSPost2010PropOp56
 70
     1
102
RTVSPost2010Prop57
140
1.0
102
RTVSPost2010PropOp57
 70
     1
  0
XRECORD
  5
43B
102
{ACAD_REACTORS
330
43A
102
}
330
43A
100
AcDbXrecord
280
     1
102
RTVSPost2010Prop28
280
     0
102
RTVSPost2010PropOp28
 70
     1
102
RTVSPost2010Prop29
280
     1
102
RTVSPost2010PropOp29
 70
     1
102
RTVSPost2010Prop30
280
     1
102
RTVSPost2010PropOp30
 70
     1
102
RTVSPost2010Prop31
280
     0
102
RTVSPost2010PropOp31
 70
     1
102
RTVSPost2010Prop32
280
     0
102
RTVSPost2010PropOp32
 70
     1
102
RTVSPost2010Prop33
280
     0
102
RTVSPost2010PropOp33
 70
     1
102
RTVSPost2010Prop34
280
     0
102
RTVSPost2010PropOp34
 70
     1
102
RTVSPost2010Prop35
280
     0
102
RTVSPost2010PropOp35
 70
     1
102
RTVSPost2010Prop36
280
     0
102
RTVSPost2010PropOp36
 70
     1
102
RTVSPost2010Prop37
 90
       50
102
RTVSPost2010PropOp37
 70
     1
102
RTVSPost2010Prop38
140
0.0
102
RTVSPost2010PropOp38
 70
     1
102
RTVSPost2010Prop39
140
1.0
102
RTVSPost2010PropOp39
 70
     1
102
RTVSPost2010Prop40
 90
        0
102
RTVSPost2010PropOp40
 70
     1
102
RTVSPost2010Prop41ColorIndex
 90
       18
102
RTVSPost2010Prop41ColorRGB
 90
        0
102
RTVSPost2010PropOp41
 70
     1
102
RTVSPost2010Prop42
 90
       50
102
RTVSPost2010PropOp42
 70
     1
102
RTVSPost2010Prop43
 90
        3
102
RTVSPost2010PropOp43
 70
     1
102
RTVSPost2010Prop44ColorIndex
 90
        5
102
RTVSPost2010Prop44ColorRGB
 90
      255
102
RTVSPost2010PropOp44
 70
     1
102
RTVSPost2010Prop45
280
     0
102
RTVSPost2010PropOp45
 70
     1
102
RTVSPost2010Prop46
 90
       50
102
RTVSPost2010PropOp46
 70
     1
102
RTVSPost2010Prop47
 90
       50
102
RTVSPost2010PropOp47
 70
     1
102
RTVSPost2010Prop48
 90
       50
102
RTVSPost2010PropOp48
 70
     1
102
RTVSPost2010Prop49
280
     0
102
RTVSPost2010PropOp49
 70
     1
102
RTVSPost2010Prop50
 90
       50
102
RTVSPost2010PropOp50
 70
     1
102
RTVSPost2010Prop51ColorIndex
 90
      256
102
RTVSPost2010Prop51ColorRGB
 90
-16777216
102
RTVSPost2010PropOp51
 70
     0
102
RTVSPost2010Prop52
140
1.0
102
RTVSPost2010PropOp52
 70
     0
102
RTVSPost2010Prop53
 90
        2
102
RTVSPost2010PropOp53
 70
     1
102
RTVSPost2010Prop54
  1
strokes_ogs.tif
102
RTVSPost2010PropOp54
 70
     1
102
RTVSPost2010Prop55
280
     0
102
RTVSPost2010PropOp55
 70
     1
102
RTVSPost2010Prop56
140
1.0
102
RTVSPost2010PropOp56
 70
     1
102
RTVSPost2010Prop57
140
1.0
102
RTVSPost2010PropOp57
 70
     1
  0
XRECORD
  5
43D
102
{ACAD_REACTORS
330
43C
102
}
330
43C
100
AcDbXrecord
280
     1
102
RTVSPost2010Prop28
280
     0
102
RTVSPost2010PropOp28
 70
     1
102
RTVSPost2010Prop29
280
     1
102
RTVSPost2010PropOp29
 70
     1
102
RTVSPost2010Prop30
280
     1
102
RTVSPost2010PropOp30
 70
     1
102
RTVSPost2010Prop31
280
     0
102
RTVSPost2010PropOp31
 70
     1
102
RTVSPost2010Prop32
280
     0
102
RTVSPost2010PropOp32
 70
     1
102
RTVSPost2010Prop33
280
     0
102
RTVSPost2010PropOp33
 70
     1
102
RTVSPost2010Prop34
280
     0
102
RTVSPost2010PropOp34
 70
     1
102
RTVSPost2010Prop35
280
     0
102
RTVSPost2010PropOp35
 70
     1
102
RTVSPost2010Prop36
280
     0
102
RTVSPost2010PropOp36
 70
     1
102
RTVSPost2010Prop37
 90
       50
102
RTVSPost2010PropOp37
 70
     1
102
RTVSPost2010Prop38
140
0.0
102
RTVSPost2010PropOp38
 70
     1
102
RTVSPost2010Prop39
140
1.0
102
RTVSPost2010PropOp39
 70
     1
102
RTVSPost2010Prop40
 90
        0
102
RTVSPost2010PropOp40
 70
     1
102
RTVSPost2010Prop41ColorIndex
 90
       18
102
RTVSPost2010Prop41ColorRGB
 90
        0
102
RTVSPost2010PropOp41
 70
     1
102
RTVSPost2010Prop42
 90
       50
102
RTVSPost2010PropOp42
 70
     1
102
RTVSPost2010Prop43
 90
        3
102
RTVSPost2010PropOp43
 70
     1
102
RTVSPost2010Prop44ColorIndex
 90
        5
102
RTVSPost2010Prop44ColorRGB
 90
      255
102
RTVSPost2010PropOp44
 70
     1
102
RTVSPost2010Prop45
280
     0
102
RTVSPost2010PropOp45
 70
     1
102
RTVSPost2010Prop46
 90
       50
102
RTVSPost2010PropOp46
 70
     1
102
RTVSPost2010Prop47
 90
       50
102
RTVSPost2010PropOp47
 70
     1
102
RTVSPost2010Prop48
 90
       50
102
RTVSPost2010PropOp48
 70
     1
102
RTVSPost2010Prop49
280
     0
102
RTVSPost2010PropOp49
 70
     1
102
RTVSPost2010Prop50
 90
       50
102
RTVSPost2010PropOp50
 70
     1
102
RTVSPost2010Prop51ColorIndex
 90
      256
102
RTVSPost2010Prop51ColorRGB
 90
-16777216
102
RTVSPost2010PropOp51
 70
     0
102
RTVSPost2010Prop52
140
1.0
102
RTVSPost2010PropOp52
 70
     0
102
RTVSPost2010Prop53
 90
        2
102
RTVSPost2010PropOp53
 70
     1
102
RTVSPost2010Prop54
  1
strokes_ogs.tif
102
RTVSPost2010PropOp54
 70
     1
102
RTVSPost2010Prop55
280
     0
102
RTVSPost2010PropOp55
 70
     1
102
RTVSPost2010Prop56
140
1.0
102
RTVSPost2010PropOp56
 70
     1
102
RTVSPost2010Prop57
140
1.0
102
RTVSPost2010PropOp57
 70
     1
  0
XRECORD
  5
44D
102
{ACAD_REACTORS
330
44C
102
}
330
44C
100
AcDbXrecord
280
     1
102
RTVSPost2010Prop28
280
     0
102
RTVSPost2010PropOp28
 70
     0
102
RTVSPost2010Prop29
280
     1
102
RTVSPost2010PropOp29
 70
     0
102
RTVSPost2010Prop30
280
     1
102
RTVSPost2010PropOp30
 70
     0
102
RTVSPost2010Prop31
280
     0
102
RTVSPost2010PropOp31
 70
     0
102
RTVSPost2010Prop32
280
     0
102
RTVSPost2010PropOp32
 70
     0
102
RTVSPost2010Prop33
280
     0
102
RTVSPost2010PropOp33
 70
     0
102
RTVSPost2010Prop34
280
     0
102
RTVSPost2010PropOp34
 70
     0
102
RTVSPost2010Prop35
280
     0
102
RTVSPost2010PropOp35
 70
     0
102
RTVSPost2010Prop36
280
     0
102
RTVSPost2010PropOp36
 70
     0
102
RTVSPost2010Prop37
 90
       50
102
RTVSPost2010PropOp37
 70
     0
102
RTVSPost2010Prop38
140
0.0
102
RTVSPost2010PropOp38
 70
     0
102
RTVSPost2010Prop39
140
1.0
102
RTVSPost2010PropOp39
 70
     0
102
RTVSPost2010Prop40
 90
        0
102
RTVSPost2010PropOp40
 70
     0
102
RTVSPost2010Prop41ColorIndex
 90
       18
102
RTVSPost2010Prop41ColorRGB
 90
        0
102
RTVSPost2010PropOp41
 70
     0
102
RTVSPost2010Prop42
 90
       50
102
RTVSPost2010PropOp42
 70
     0
102
RTVSPost2010Prop43
 90
        3
102
RTVSPost2010PropOp43
 70
     0
102
RTVSPost2010Prop44ColorIndex
 90
        5
102
RTVSPost2010Prop44ColorRGB
 90
      255
102
RTVSPost2010PropOp44
 70
     0
102
RTVSPost2010Prop45
280
     0
102
RTVSPost2010PropOp45
 70
     0
102
RTVSPost2010Prop46
 90
       50
102
RTVSPost2010PropOp46
 70
     0
102
RTVSPost2010Prop47
 90
       50
102
RTVSPost2010PropOp47
 70
     0
102
RTVSPost2010Prop48
 90
       50
102
RTVSPost2010PropOp48
 70
     0
102
RTVSPost2010Prop49
280
     0
102
RTVSPost2010PropOp49
 70
     0
102
RTVSPost2010Prop50
 90
       50
102
RTVSPost2010PropOp50
 70
     0
102
RTVSPost2010Prop51ColorIndex
 90
      256
102
RTVSPost2010Prop51ColorRGB
 90
-16777216
102
RTVSPost2010PropOp51
 70
     0
102
RTVSPost2010Prop52
140
1.0
102
RTVSPost2010PropOp52
 70
     0
102
RTVSPost2010Prop53
 90
        2
102
RTVSPost2010PropOp53
 70
     0
102
RTVSPost2010Prop54
  1
strokes_ogs.tif
102
RTVSPost2010PropOp54
 70
     0
102
RTVSPost2010Prop55
280
     0
102
RTVSPost2010PropOp55
 70
     0
102
RTVSPost2010Prop56
140
1.0
102
RTVSPost2010PropOp56
 70
     0
102
RTVSPost2010Prop57
140
1.0
102
RTVSPost2010PropOp57
 70
     0
  0
XRECORD
  5
445
102
{ACAD_REACTORS
330
444
102
}
330
444
100
AcDbXrecord
280
     1
102
RTVSPost2010Prop28
280
     0
102
RTVSPost2010PropOp28
 70
     1
102
RTVSPost2010Prop29
280
     1
102
RTVSPost2010PropOp29
 70
     1
102
RTVSPost2010Prop30
280
     1
102
RTVSPost2010PropOp30
 70
     1
102
RTVSPost2010Prop31
280
     0
102
RTVSPost2010PropOp31
 70
     1
102
RTVSPost2010Prop32
280
     0
102
RTVSPost2010PropOp32
 70
     1
102
RTVSPost2010Prop33
280
     0
102
RTVSPost2010PropOp33
 70
     1
102
RTVSPost2010Prop34
280
     0
102
RTVSPost2010PropOp34
 70
     1
102
RTVSPost2010Prop35
280
     0
102
RTVSPost2010PropOp35
 70
     1
102
RTVSPost2010Prop36
280
     0
102
RTVSPost2010PropOp36
 70
     1
102
RTVSPost2010Prop37
 90
       50
102
RTVSPost2010PropOp37
 70
     1
102
RTVSPost2010Prop38
140
0.0
102
RTVSPost2010PropOp38
 70
     1
102
RTVSPost2010Prop39
140
1.0
102
RTVSPost2010PropOp39
 70
     1
102
RTVSPost2010Prop40
 90
        0
102
RTVSPost2010PropOp40
 70
     1
102
RTVSPost2010Prop41ColorIndex
 90
       18
102
RTVSPost2010Prop41ColorRGB
 90
        0
102
RTVSPost2010PropOp41
 70
     1
102
RTVSPost2010Prop42
 90
       50
102
RTVSPost2010PropOp42
 70
     1
102
RTVSPost2010Prop43
 90
        3
102
RTVSPost2010PropOp43
 70
     1
102
RTVSPost2010Prop44ColorIndex
 90
        5
102
RTVSPost2010Prop44ColorRGB
 90
      255
102
RTVSPost2010PropOp44
 70
     1
102
RTVSPost2010Prop45
280
     0
102
RTVSPost2010PropOp45
 70
     1
102
RTVSPost2010Prop46
 90
       50
102
RTVSPost2010PropOp46
 70
     1
102
RTVSPost2010Prop47
 90
       50
102
RTVSPost2010PropOp47
 70
     1
102
RTVSPost2010Prop48
 90
       50
102
RTVSPost2010PropOp48
 70
     1
102
RTVSPost2010Prop49
280
     0
102
RTVSPost2010PropOp49
 70
     1
102
RTVSPost2010Prop50
 90
       50
102
RTVSPost2010PropOp50
 70
     1
102
RTVSPost2010Prop51ColorIndex
 90
      256
102
RTVSPost2010Prop51ColorRGB
 90
-16777216
102
RTVSPost2010PropOp51
 70
     0
102
RTVSPost2010Prop52
140
1.0
102
RTVSPost2010PropOp52
 70
     0
102
RTVSPost2010Prop53
 90
        2
102
RTVSPost2010PropOp53
 70
     1
102
RTVSPost2010Prop54
  1
strokes_ogs.tif
102
RTVSPost2010PropOp54
 70
     1
102
RTVSPost2010Prop55
280
     0
102
RTVSPost2010PropOp55
 70
     1
102
RTVSPost2010Prop56
140
1.0
102
RTVSPost2010PropOp56
 70
     1
102
RTVSPost2010Prop57
140
1.0
102
RTVSPost2010PropOp57
 70
     1
  0
XRECORD
  5
429
102
{ACAD_REACTORS
330
428
102
}
330
428
100
AcDbXrecord
280
     1
102
RTVSPost2010Prop28
280
     0
102
RTVSPost2010PropOp28
 70
     1
102
RTVSPost2010Prop29
280
     1
102
RTVSPost2010PropOp29
 70
     1
102
RTVSPost2010Prop30
280
     1
102
RTVSPost2010PropOp30
 70
     1
102
RTVSPost2010Prop31
280
     0
102
RTVSPost2010PropOp31
 70
     1
102
RTVSPost2010Prop32
280
     0
102
RTVSPost2010PropOp32
 70
     1
102
RTVSPost2010Prop33
280
     0
102
RTVSPost2010PropOp33
 70
     1
102
RTVSPost2010Prop34
280
     0
102
RTVSPost2010PropOp34
 70
     1
102
RTVSPost2010Prop35
280
     0
102
RTVSPost2010PropOp35
 70
     1
102
RTVSPost2010Prop36
280
     0
102
RTVSPost2010PropOp36
 70
     1
102
RTVSPost2010Prop37
 90
       50
102
RTVSPost2010PropOp37
 70
     1
102
RTVSPost2010Prop38
140
0.0
102
RTVSPost2010PropOp38
 70
     1
102
RTVSPost2010Prop39
140
1.0
102
RTVSPost2010PropOp39
 70
     1
102
RTVSPost2010Prop40
 90
        0
102
RTVSPost2010PropOp40
 70
     1
102
RTVSPost2010Prop41ColorIndex
 90
       18
102
RTVSPost2010Prop41ColorRGB
 90
        0
102
RTVSPost2010PropOp41
 70
     1
102
RTVSPost2010Prop42
 90
       50
102
RTVSPost2010PropOp42
 70
     1
102
RTVSPost2010Prop43
 90
        3
102
RTVSPost2010PropOp43
 70
     1
102
RTVSPost2010Prop44ColorIndex
 90
        5
102
RTVSPost2010Prop44ColorRGB
 90
      255
102
RTVSPost2010PropOp44
 70
     1
102
RTVSPost2010Prop45
280
     0
102
RTVSPost2010PropOp45
 70
     1
102
RTVSPost2010Prop46
 90
       50
102
RTVSPost2010PropOp46
 70
     1
102
RTVSPost2010Prop47
 90
       50
102
RTVSPost2010PropOp47
 70
     1
102
RTVSPost2010Prop48
 90
       50
102
RTVSPost2010PropOp48
 70
     1
102
RTVSPost2010Prop49
280
     0
102
RTVSPost2010PropOp49
 70
     1
102
RTVSPost2010Prop50
 90
       50
102
RTVSPost2010PropOp50
 70
     1
102
RTVSPost2010Prop51ColorIndex
 90
      256
102
RTVSPost2010Prop51ColorRGB
 90
-16777216
102
RTVSPost2010PropOp51
 70
     0
102
RTVSPost2010Prop52
140
1.0
102
RTVSPost2010PropOp52
 70
     0
102
RTVSPost2010Prop53
 90
        2
102
RTVSPost2010PropOp53
 70
     1
102
RTVSPost2010Prop54
  1
strokes_ogs.tif
102
RTVSPost2010PropOp54
 70
     1
102
RTVSPost2010Prop55
280
     0
102
RTVSPost2010PropOp55
 70
     1
102
RTVSPost2010Prop56
140
1.0
102
RTVSPost2010PropOp56
 70
     1
102
RTVSPost2010Prop57
140
1.0
102
RTVSPost2010PropOp57
 70
     1
  0
XRECORD
  5
42B
102
{ACAD_REACTORS
330
42A
102
}
330
42A
100
AcDbXrecord
280
     1
102
RTVSPost2010Prop28
280
     0
102
RTVSPost2010PropOp28
 70
     1
102
RTVSPost2010Prop29
280
     1
102
RTVSPost2010PropOp29
 70
     1
102
RTVSPost2010Prop30
280
     1
102
RTVSPost2010PropOp30
 70
     1
102
RTVSPost2010Prop31
280
     0
102
RTVSPost2010PropOp31
 70
     1
102
RTVSPost2010Prop32
280
     0
102
RTVSPost2010PropOp32
 70
     1
102
RTVSPost2010Prop33
280
     0
102
RTVSPost2010PropOp33
 70
     1
102
RTVSPost2010Prop34
280
     0
102
RTVSPost2010PropOp34
 70
     1
102
RTVSPost2010Prop35
280
     0
102
RTVSPost2010PropOp35
 70
     1
102
RTVSPost2010Prop36
280
     0
102
RTVSPost2010PropOp36
 70
     1
102
RTVSPost2010Prop37
 90
       50
102
RTVSPost2010PropOp37
 70
     1
102
RTVSPost2010Prop38
140
0.0
102
RTVSPost2010PropOp38
 70
     1
102
RTVSPost2010Prop39
140
1.0
102
RTVSPost2010PropOp39
 70
     1
102
RTVSPost2010Prop40
 90
        0
102
RTVSPost2010PropOp40
 70
     1
102
RTVSPost2010Prop41ColorIndex
 90
       18
102
RTVSPost2010Prop41ColorRGB
 90
        0
102
RTVSPost2010PropOp41
 70
     1
102
RTVSPost2010Prop42
 90
       50
102
RTVSPost2010PropOp42
 70
     1
102
RTVSPost2010Prop43
 90
        3
102
RTVSPost2010PropOp43
 70
     1
102
RTVSPost2010Prop44ColorIndex
 90
        5
102
RTVSPost2010Prop44ColorRGB
 90
      255
102
RTVSPost2010PropOp44
 70
     1
102
RTVSPost2010Prop45
280
     0
102
RTVSPost2010PropOp45
 70
     1
102
RTVSPost2010Prop46
 90
       50
102
RTVSPost2010PropOp46
 70
     1
102
RTVSPost2010Prop47
 90
       50
102
RTVSPost2010PropOp47
 70
     1
102
RTVSPost2010Prop48
 90
       50
102
RTVSPost2010PropOp48
 70
     1
102
RTVSPost2010Prop49
280
     0
102
RTVSPost2010PropOp49
 70
     1
102
RTVSPost2010Prop50
 90
       50
102
RTVSPost2010PropOp50
 70
     1
102
RTVSPost2010Prop51ColorIndex
 90
      256
102
RTVSPost2010Prop51ColorRGB
 90
-16777216
102
RTVSPost2010PropOp51
 70
     0
102
RTVSPost2010Prop52
140
1.0
102
RTVSPost2010PropOp52
 70
     0
102
RTVSPost2010Prop53
 90
        2
102
RTVSPost2010PropOp53
 70
     1
102
RTVSPost2010Prop54
  1
strokes_ogs.tif
102
RTVSPost2010PropOp54
 70
     1
102
RTVSPost2010Prop55
280
     0
102
RTVSPost2010PropOp55
 70
     1
102
RTVSPost2010Prop56
140
1.0
102
RTVSPost2010PropOp56
 70
     1
102
RTVSPost2010Prop57
140
1.0
102
RTVSPost2010PropOp57
 70
     1
  0
XRECORD
  5
42D
102
{ACAD_REACTORS
330
42C
102
}
330
42C
100
AcDbXrecord
280
     1
102
RTVSPost2010Prop28
280
     0
102
RTVSPost2010PropOp28
 70
     1
102
RTVSPost2010Prop29
280
     1
102
RTVSPost2010PropOp29
 70
     1
102
RTVSPost2010Prop30
280
     1
102
RTVSPost2010PropOp30
 70
     1
102
RTVSPost2010Prop31
280
     0
102
RTVSPost2010PropOp31
 70
     1
102
RTVSPost2010Prop32
280
     0
102
RTVSPost2010PropOp32
 70
     1
102
RTVSPost2010Prop33
280
     0
102
RTVSPost2010PropOp33
 70
     1
102
RTVSPost2010Prop34
280
     0
102
RTVSPost2010PropOp34
 70
     1
102
RTVSPost2010Prop35
280
     0
102
RTVSPost2010PropOp35
 70
     1
102
RTVSPost2010Prop36
280
     0
102
RTVSPost2010PropOp36
 70
     1
102
RTVSPost2010Prop37
 90
       50
102
RTVSPost2010PropOp37
 70
     1
102
RTVSPost2010Prop38
140
0.0
102
RTVSPost2010PropOp38
 70
     1
102
RTVSPost2010Prop39
140
1.0
102
RTVSPost2010PropOp39
 70
     1
102
RTVSPost2010Prop40
 90
        0
102
RTVSPost2010PropOp40
 70
     1
102
RTVSPost2010Prop41ColorIndex
 90
       18
102
RTVSPost2010Prop41ColorRGB
 90
        0
102
RTVSPost2010PropOp41
 70
     1
102
RTVSPost2010Prop42
 90
       50
102
RTVSPost2010PropOp42
 70
     1
102
RTVSPost2010Prop43
 90
        3
102
RTVSPost2010PropOp43
 70
     1
102
RTVSPost2010Prop44ColorIndex
 90
        5
102
RTVSPost2010Prop44ColorRGB
 90
      255
102
RTVSPost2010PropOp44
 70
     1
102
RTVSPost2010Prop45
280
     0
102
RTVSPost2010PropOp45
 70
     1
102
RTVSPost2010Prop46
 90
       50
102
RTVSPost2010PropOp46
 70
     1
102
RTVSPost2010Prop47
 90
       50
102
RTVSPost2010PropOp47
 70
     1
102
RTVSPost2010Prop48
 90
       50
102
RTVSPost2010PropOp48
 70
     1
102
RTVSPost2010Prop49
280
     0
102
RTVSPost2010PropOp49
 70
     1
102
RTVSPost2010Prop50
 90
       50
102
RTVSPost2010PropOp50
 70
     1
102
RTVSPost2010Prop51ColorIndex
 90
      256
102
RTVSPost2010Prop51ColorRGB
 90
-16777216
102
RTVSPost2010PropOp51
 70
     0
102
RTVSPost2010Prop52
140
1.0
102
RTVSPost2010PropOp52
 70
     0
102
RTVSPost2010Prop53
 90
        2
102
RTVSPost2010PropOp53
 70
     1
102
RTVSPost2010Prop54
  1
strokes_ogs.tif
102
RTVSPost2010PropOp54
 70
     1
102
RTVSPost2010Prop55
280
     0
102
RTVSPost2010PropOp55
 70
     1
102
RTVSPost2010Prop56
140
1.0
102
RTVSPost2010PropOp56
 70
     1
102
RTVSPost2010Prop57
140
1.0
102
RTVSPost2010PropOp57
 70
     1
  0
XRECORD
  5
42F
102
{ACAD_REACTORS
330
42E
102
}
330
42E
100
AcDbXrecord
280
     1
102
RTVSPost2010Prop28
280
     0
102
RTVSPost2010PropOp28
 70
     1
102
RTVSPost2010Prop29
280
     1
102
RTVSPost2010PropOp29
 70
     1
102
RTVSPost2010Prop30
280
     1
102
RTVSPost2010PropOp30
 70
     1
102
RTVSPost2010Prop31
280
     0
102
RTVSPost2010PropOp31
 70
     1
102
RTVSPost2010Prop32
280
     0
102
RTVSPost2010PropOp32
 70
     1
102
RTVSPost2010Prop33
280
     0
102
RTVSPost2010PropOp33
 70
     1
102
RTVSPost2010Prop34
280
     0
102
RTVSPost2010PropOp34
 70
     1
102
RTVSPost2010Prop35
280
     0
102
RTVSPost2010PropOp35
 70
     1
102
RTVSPost2010Prop36
280
     0
102
RTVSPost2010PropOp36
 70
     1
102
RTVSPost2010Prop37
 90
       50
102
RTVSPost2010PropOp37
 70
     1
102
RTVSPost2010Prop38
140
0.0
102
RTVSPost2010PropOp38
 70
     1
102
RTVSPost2010Prop39
140
1.0
102
RTVSPost2010PropOp39
 70
     1
102
RTVSPost2010Prop40
 90
        0
102
RTVSPost2010PropOp40
 70
     1
102
RTVSPost2010Prop41ColorIndex
 90
       18
102
RTVSPost2010Prop41ColorRGB
 90
        0
102
RTVSPost2010PropOp41
 70
     1
102
RTVSPost2010Prop42
 90
       50
102
RTVSPost2010PropOp42
 70
     1
102
RTVSPost2010Prop43
 90
        3
102
RTVSPost2010PropOp43
 70
     1
102
RTVSPost2010Prop44ColorIndex
 90
        5
102
RTVSPost2010Prop44ColorRGB
 90
      255
102
RTVSPost2010PropOp44
 70
     1
102
RTVSPost2010Prop45
280
     0
102
RTVSPost2010PropOp45
 70
     1
102
RTVSPost2010Prop46
 90
       50
102
RTVSPost2010PropOp46
 70
     1
102
RTVSPost2010Prop47
 90
       50
102
RTVSPost2010PropOp47
 70
     1
102
RTVSPost2010Prop48
 90
       50
102
RTVSPost2010PropOp48
 70
     1
102
RTVSPost2010Prop49
280
     0
102
RTVSPost2010PropOp49
 70
     1
102
RTVSPost2010Prop50
 90
       50
102
RTVSPost2010PropOp50
 70
     1
102
RTVSPost2010Prop51ColorIndex
 90
      256
102
RTVSPost2010Prop51ColorRGB
 90
-16777216
102
RTVSPost2010PropOp51
 70
     0
102
RTVSPost2010Prop52
140
1.0
102
RTVSPost2010PropOp52
 70
     0
102
RTVSPost2010Prop53
 90
        2
102
RTVSPost2010PropOp53
 70
     1
102
RTVSPost2010Prop54
  1
strokes_ogs.tif
102
RTVSPost2010PropOp54
 70
     1
102
RTVSPost2010Prop55
280
     0
102
RTVSPost2010PropOp55
 70
     1
102
RTVSPost2010Prop56
140
1.0
102
RTVSPost2010PropOp56
 70
     1
102
RTVSPost2010Prop57
140
1.0
102
RTVSPost2010PropOp57
 70
     1
  0
XRECORD
  5
435
102
{ACAD_REACTORS
330
434
102
}
330
434
100
AcDbXrecord
280
     1
102
RTVSPost2010Prop28
280
     0
102
RTVSPost2010PropOp28
 70
     1
102
RTVSPost2010Prop29
280
     1
102
RTVSPost2010PropOp29
 70
     1
102
RTVSPost2010Prop30
280
     1
102
RTVSPost2010PropOp30
 70
     1
102
RTVSPost2010Prop31
280
     0
102
RTVSPost2010PropOp31
 70
     1
102
RTVSPost2010Prop32
280
     0
102
RTVSPost2010PropOp32
 70
     1
102
RTVSPost2010Prop33
280
     0
102
RTVSPost2010PropOp33
 70
     1
102
RTVSPost2010Prop34
280
     0
102
RTVSPost2010PropOp34
 70
     1
102
RTVSPost2010Prop35
280
     0
102
RTVSPost2010PropOp35
 70
     1
102
RTVSPost2010Prop36
280
     0
102
RTVSPost2010PropOp36
 70
     1
102
RTVSPost2010Prop37
 90
       50
102
RTVSPost2010PropOp37
 70
     1
102
RTVSPost2010Prop38
140
0.0
102
RTVSPost2010PropOp38
 70
     1
102
RTVSPost2010Prop39
140
1.0
102
RTVSPost2010PropOp39
 70
     1
102
RTVSPost2010Prop40
 90
        0
102
RTVSPost2010PropOp40
 70
     1
102
RTVSPost2010Prop41ColorIndex
 90
       18
102
RTVSPost2010Prop41ColorRGB
 90
        0
102
RTVSPost2010PropOp41
 70
     1
102
RTVSPost2010Prop42
 90
       50
102
RTVSPost2010PropOp42
 70
     1
102
RTVSPost2010Prop43
 90
        3
102
RTVSPost2010PropOp43
 70
     1
102
RTVSPost2010Prop44ColorIndex
 90
        5
102
RTVSPost2010Prop44ColorRGB
 90
      255
102
RTVSPost2010PropOp44
 70
     1
102
RTVSPost2010Prop45
280
     0
102
RTVSPost2010PropOp45
 70
     1
102
RTVSPost2010Prop46
 90
       50
102
RTVSPost2010PropOp46
 70
     1
102
RTVSPost2010Prop47
 90
       50
102
RTVSPost2010PropOp47
 70
     1
102
RTVSPost2010Prop48
 90
       50
102
RTVSPost2010PropOp48
 70
     1
102
RTVSPost2010Prop49
280
     0
102
RTVSPost2010PropOp49
 70
     1
102
RTVSPost2010Prop50
 90
       50
102
RTVSPost2010PropOp50
 70
     1
102
RTVSPost2010Prop51ColorIndex
 90
      256
102
RTVSPost2010Prop51ColorRGB
 90
-16777216
102
RTVSPost2010PropOp51
 70
     0
102
RTVSPost2010Prop52
140
1.0
102
RTVSPost2010PropOp52
 70
     0
102
RTVSPost2010Prop53
 90
        2
102
RTVSPost2010PropOp53
 70
     1
102
RTVSPost2010Prop54
  1
strokes_ogs.tif
102
RTVSPost2010PropOp54
 70
     1
102
RTVSPost2010Prop55
280
     0
102
RTVSPost2010PropOp55
 70
     1
102
RTVSPost2010Prop56
140
1.0
102
RTVSPost2010PropOp56
 70
     1
102
RTVSPost2010Prop57
140
1.0
102
RTVSPost2010PropOp57
 70
     1
  0
XRECORD
  5
449
102
{ACAD_REACTORS
330
448
102
}
330
448
100
AcDbXrecord
280
     1
102
RTVSPost2010Prop28
280
     0
102
RTVSPost2010PropOp28
 70
     0
102
RTVSPost2010Prop29
280
     1
102
RTVSPost2010PropOp29
 70
     0
102
RTVSPost2010Prop30
280
     1
102
RTVSPost2010PropOp30
 70
     0
102
RTVSPost2010Prop31
280
     0
102
RTVSPost2010PropOp31
 70
     0
102
RTVSPost2010Prop32
280
     0
102
RTVSPost2010PropOp32
 70
     0
102
RTVSPost2010Prop33
280
     0
102
RTVSPost2010PropOp33
 70
     0
102
RTVSPost2010Prop34
280
     0
102
RTVSPost2010PropOp34
 70
     0
102
RTVSPost2010Prop35
280
     0
102
RTVSPost2010PropOp35
 70
     0
102
RTVSPost2010Prop36
280
     0
102
RTVSPost2010PropOp36
 70
     0
102
RTVSPost2010Prop37
 90
       50
102
RTVSPost2010PropOp37
 70
     0
102
RTVSPost2010Prop38
140
0.0
102
RTVSPost2010PropOp38
 70
     0
102
RTVSPost2010Prop39
140
1.0
102
RTVSPost2010PropOp39
 70
     0
102
RTVSPost2010Prop40
 90
        0
102
RTVSPost2010PropOp40
 70
     0
102
RTVSPost2010Prop41ColorIndex
 90
       18
102
RTVSPost2010Prop41ColorRGB
 90
        0
102
RTVSPost2010PropOp41
 70
     0
102
RTVSPost2010Prop42
 90
       50
102
RTVSPost2010PropOp42
 70
     0
102
RTVSPost2010Prop43
 90
        3
102
RTVSPost2010PropOp43
 70
     0
102
RTVSPost2010Prop44ColorIndex
 90
        5
102
RTVSPost2010Prop44ColorRGB
 90
      255
102
RTVSPost2010PropOp44
 70
     0
102
RTVSPost2010Prop45
280
     0
102
RTVSPost2010PropOp45
 70
     0
102
RTVSPost2010Prop46
 90
       50
102
RTVSPost2010PropOp46
 70
     0
102
RTVSPost2010Prop47
 90
       50
102
RTVSPost2010PropOp47
 70
     0
102
RTVSPost2010Prop48
 90
       50
102
RTVSPost2010PropOp48
 70
     0
102
RTVSPost2010Prop49
280
     0
102
RTVSPost2010PropOp49
 70
     0
102
RTVSPost2010Prop50
 90
       50
102
RTVSPost2010PropOp50
 70
     0
102
RTVSPost2010Prop51ColorIndex
 90
      256
102
RTVSPost2010Prop51ColorRGB
 90
-16777216
102
RTVSPost2010PropOp51
 70
     0
102
RTVSPost2010Prop52
140
1.0
102
RTVSPost2010PropOp52
 70
     0
102
RTVSPost2010Prop53
 90
        2
102
RTVSPost2010PropOp53
 70
     0
102
RTVSPost2010Prop54
  1
strokes_ogs.tif
102
RTVSPost2010PropOp54
 70
     0
102
RTVSPost2010Prop55
280
     0
102
RTVSPost2010PropOp55
 70
     0
102
RTVSPost2010Prop56
140
1.0
102
RTVSPost2010PropOp56
 70
     0
102
RTVSPost2010Prop57
140
1.0
102
RTVSPost2010PropOp57
 70
     0
  0
XRECORD
  5
443
102
{ACAD_REACTORS
330
442
102
}
330
442
100
AcDbXrecord
280
     1
102
RTVSPost2010Prop28
280
     0
102
RTVSPost2010PropOp28
 70
     1
102
RTVSPost2010Prop29
280
     1
102
RTVSPost2010PropOp29
 70
     1
102
RTVSPost2010Prop30
280
     1
102
RTVSPost2010PropOp30
 70
     1
102
RTVSPost2010Prop31
280
     0
102
RTVSPost2010PropOp31
 70
     1
102
RTVSPost2010Prop32
280
     0
102
RTVSPost2010PropOp32
 70
     1
102
RTVSPost2010Prop33
280
     0
102
RTVSPost2010PropOp33
 70
     1
102
RTVSPost2010Prop34
280
     0
102
RTVSPost2010PropOp34
 70
     1
102
RTVSPost2010Prop35
280
     0
102
RTVSPost2010PropOp35
 70
     1
102
RTVSPost2010Prop36
280
     0
102
RTVSPost2010PropOp36
 70
     1
102
RTVSPost2010Prop37
 90
       50
102
RTVSPost2010PropOp37
 70
     1
102
RTVSPost2010Prop38
140
0.0
102
RTVSPost2010PropOp38
 70
     1
102
RTVSPost2010Prop39
140
1.0
102
RTVSPost2010PropOp39
 70
     1
102
RTVSPost2010Prop40
 90
        0
102
RTVSPost2010PropOp40
 70
     1
102
RTVSPost2010Prop41ColorIndex
 90
       18
102
RTVSPost2010Prop41ColorRGB
 90
        0
102
RTVSPost2010PropOp41
 70
     1
102
RTVSPost2010Prop42
 90
       50
102
RTVSPost2010PropOp42
 70
     1
102
RTVSPost2010Prop43
 90
        3
102
RTVSPost2010PropOp43
 70
     1
102
RTVSPost2010Prop44ColorIndex
 90
        5
102
RTVSPost2010Prop44ColorRGB
 90
      255
102
RTVSPost2010PropOp44
 70
     1
102
RTVSPost2010Prop45
280
     0
102
RTVSPost2010PropOp45
 70
     1
102
RTVSPost2010Prop46
 90
       50
102
RTVSPost2010PropOp46
 70
     1
102
RTVSPost2010Prop47
 90
       50
102
RTVSPost2010PropOp47
 70
     1
102
RTVSPost2010Prop48
 90
       50
102
RTVSPost2010PropOp48
 70
     1
102
RTVSPost2010Prop49
280
     0
102
RTVSPost2010PropOp49
 70
     1
102
RTVSPost2010Prop50
 90
       50
102
RTVSPost2010PropOp50
 70
     1
102
RTVSPost2010Prop51ColorIndex
 90
      256
102
RTVSPost2010Prop51ColorRGB
 90
-16777216
102
RTVSPost2010PropOp51
 70
     0
102
RTVSPost2010Prop52
140
1.0
102
RTVSPost2010PropOp52
 70
     0
102
RTVSPost2010Prop53
 90
        2
102
RTVSPost2010PropOp53
 70
     1
102
RTVSPost2010Prop54
  1
strokes_ogs.tif
102
RTVSPost2010PropOp54
 70
     1
102
RTVSPost2010Prop55
280
     0
102
RTVSPost2010PropOp55
 70
     1
102
RTVSPost2010Prop56
140
1.0
102
RTVSPost2010PropOp56
 70
     1
102
RTVSPost2010Prop57
140
1.0
102
RTVSPost2010PropOp57
 70
     1
  0
XRECORD
  5
44B
102
{ACAD_REACTORS
330
44A
102
}
330
44A
100
AcDbXrecord
280
     1
102
RTVSPost2010Prop28
280
     0
102
RTVSPost2010PropOp28
 70
     0
102
RTVSPost2010Prop29
280
     1
102
RTVSPost2010PropOp29
 70
     0
102
RTVSPost2010Prop30
280
     1
102
RTVSPost2010PropOp30
 70
     0
102
RTVSPost2010Prop31
280
     0
102
RTVSPost2010PropOp31
 70
     0
102
RTVSPost2010Prop32
280
     0
102
RTVSPost2010PropOp32
 70
     0
102
RTVSPost2010Prop33
280
     0
102
RTVSPost2010PropOp33
 70
     0
102
RTVSPost2010Prop34
280
     0
102
RTVSPost2010PropOp34
 70
     0
102
RTVSPost2010Prop35
280
     0
102
RTVSPost2010PropOp35
 70
     0
102
RTVSPost2010Prop36
280
     0
102
RTVSPost2010PropOp36
 70
     0
102
RTVSPost2010Prop37
 90
       50
102
RTVSPost2010PropOp37
 70
     0
102
RTVSPost2010Prop38
140
0.0
102
RTVSPost2010PropOp38
 70
     0
102
RTVSPost2010Prop39
140
1.0
102
RTVSPost2010PropOp39
 70
     0
102
RTVSPost2010Prop40
 90
        0
102
RTVSPost2010PropOp40
 70
     0
102
RTVSPost2010Prop41ColorIndex
 90
       18
102
RTVSPost2010Prop41ColorRGB
 90
        0
102
RTVSPost2010PropOp41
 70
     0
102
RTVSPost2010Prop42
 90
       50
102
RTVSPost2010PropOp42
 70
     0
102
RTVSPost2010Prop43
 90
        3
102
RTVSPost2010PropOp43
 70
     0
102
RTVSPost2010Prop44ColorIndex
 90
        5
102
RTVSPost2010Prop44ColorRGB
 90
      255
102
RTVSPost2010PropOp44
 70
     0
102
RTVSPost2010Prop45
280
     0
102
RTVSPost2010PropOp45
 70
     0
102
RTVSPost2010Prop46
 90
       50
102
RTVSPost2010PropOp46
 70
     0
102
RTVSPost2010Prop47
 90
       50
102
RTVSPost2010PropOp47
 70
     0
102
RTVSPost2010Prop48
 90
       50
102
RTVSPost2010PropOp48
 70
     0
102
RTVSPost2010Prop49
280
     0
102
RTVSPost2010PropOp49
 70
     0
102
RTVSPost2010Prop50
 90
       50
102
RTVSPost2010PropOp50
 70
     0
102
RTVSPost2010Prop51ColorIndex
 90
      256
102
RTVSPost2010Prop51ColorRGB
 90
-16777216
102
RTVSPost2010PropOp51
 70
     0
102
RTVSPost2010Prop52
140
1.0
102
RTVSPost2010PropOp52
 70
     0
102
RTVSPost2010Prop53
 90
        2
102
RTVSPost2010PropOp53
 70
     0
102
RTVSPost2010Prop54
  1
strokes_ogs.tif
102
RTVSPost2010PropOp54
 70
     0
102
RTVSPost2010Prop55
280
     0
102
RTVSPost2010PropOp55
 70
     0
102
RTVSPost2010Prop56
140
1.0
102
RTVSPost2010PropOp56
 70
     0
102
RTVSPost2010Prop57
140
1.0
102
RTVSPost2010PropOp57
 70
     0
  0
XRECORD
  5
439
102
{ACAD_REACTORS
330
438
102
}
330
438
100
AcDbXrecord
280
     1
102
RTVSPost2010Prop28
280
     0
102
RTVSPost2010PropOp28
 70
     1
102
RTVSPost2010Prop29
280
     1
102
RTVSPost2010PropOp29
 70
     1
102
RTVSPost2010Prop30
280
     1
102
RTVSPost2010PropOp30
 70
     1
102
RTVSPost2010Prop31
280
     0
102
RTVSPost2010PropOp31
 70
     1
102
RTVSPost2010Prop32
280
     0
102
RTVSPost2010PropOp32
 70
     1
102
RTVSPost2010Prop33
280
     0
102
RTVSPost2010PropOp33
 70
     1
102
RTVSPost2010Prop34
280
     0
102
RTVSPost2010PropOp34
 70
     1
102
RTVSPost2010Prop35
280
     0
102
RTVSPost2010PropOp35
 70
     1
102
RTVSPost2010Prop36
280
     0
102
RTVSPost2010PropOp36
 70
     1
102
RTVSPost2010Prop37
 90
       50
102
RTVSPost2010PropOp37
 70
     1
102
RTVSPost2010Prop38
140
0.0
102
RTVSPost2010PropOp38
 70
     1
102
RTVSPost2010Prop39
140
1.0
102
RTVSPost2010PropOp39
 70
     1
102
RTVSPost2010Prop40
 90
        0
102
RTVSPost2010PropOp40
 70
     1
102
RTVSPost2010Prop41ColorIndex
 90
       18
102
RTVSPost2010Prop41ColorRGB
 90
        0
102
RTVSPost2010PropOp41
 70
     1
102
RTVSPost2010Prop42
 90
       50
102
RTVSPost2010PropOp42
 70
     1
102
RTVSPost2010Prop43
 90
        3
102
RTVSPost2010PropOp43
 70
     1
102
RTVSPost2010Prop44ColorIndex
 90
        5
102
RTVSPost2010Prop44ColorRGB
 90
      255
102
RTVSPost2010PropOp44
 70
     1
102
RTVSPost2010Prop45
280
     0
102
RTVSPost2010PropOp45
 70
     1
102
RTVSPost2010Prop46
 90
       50
102
RTVSPost2010PropOp46
 70
     1
102
RTVSPost2010Prop47
 90
       50
102
RTVSPost2010PropOp47
 70
     1
102
RTVSPost2010Prop48
 90
       50
102
RTVSPost2010PropOp48
 70
     1
102
RTVSPost2010Prop49
280
     0
102
RTVSPost2010PropOp49
 70
     1
102
RTVSPost2010Prop50
 90
       50
102
RTVSPost2010PropOp50
 70
     1
102
RTVSPost2010Prop51ColorIndex
 90
      256
102
RTVSPost2010Prop51ColorRGB
 90
-16777216
102
RTVSPost2010PropOp51
 70
     0
102
RTVSPost2010Prop52
140
1.0
102
RTVSPost2010PropOp52
 70
     0
102
RTVSPost2010Prop53
 90
        2
102
RTVSPost2010PropOp53
 70
     1
102
RTVSPost2010Prop54
  1
strokes_ogs.tif
102
RTVSPost2010PropOp54
 70
     1
102
RTVSPost2010Prop55
280
     0
102
RTVSPost2010PropOp55
 70
     1
102
RTVSPost2010Prop56
140
1.0
102
RTVSPost2010PropOp56
 70
     1
102
RTVSPost2010Prop57
140
1.0
102
RTVSPost2010PropOp57
 70
     1
  0
XRECORD
  5
457
102
{ACAD_REACTORS
330
456
102
}
330
456
100
AcDbXrecord
280
     1
102
RTVSPost2010Prop28
280
     0
102
RTVSPost2010PropOp28
 70
     1
102
RTVSPost2010Prop29
280
     1
102
RTVSPost2010PropOp29
 70
     1
102
RTVSPost2010Prop30
280
     1
102
RTVSPost2010PropOp30
 70
     1
102
RTVSPost2010Prop31
280
     0
102
RTVSPost2010PropOp31
 70
     1
102
RTVSPost2010Prop32
280
     0
102
RTVSPost2010PropOp32
 70
     1
102
RTVSPost2010Prop33
280
     0
102
RTVSPost2010PropOp33
 70
     1
102
RTVSPost2010Prop34
280
     0
102
RTVSPost2010PropOp34
 70
     1
102
RTVSPost2010Prop35
280
     0
102
RTVSPost2010PropOp35
 70
     1
102
RTVSPost2010Prop36
280
     0
102
RTVSPost2010PropOp36
 70
     1
102
RTVSPost2010Prop37
 90
       50
102
RTVSPost2010PropOp37
 70
     1
102
RTVSPost2010Prop38
140
0.0
102
RTVSPost2010PropOp38
 70
     1
102
RTVSPost2010Prop39
140
1.0
102
RTVSPost2010PropOp39
 70
     1
102
RTVSPost2010Prop40
 90
        0
102
RTVSPost2010PropOp40
 70
     1
102
RTVSPost2010Prop41ColorIndex
 90
       18
102
RTVSPost2010Prop41ColorRGB
 90
        0
102
RTVSPost2010PropOp41
 70
     1
102
RTVSPost2010Prop42
 90
       50
102
RTVSPost2010PropOp42
 70
     1
102
RTVSPost2010Prop43
 90
        3
102
RTVSPost2010PropOp43
 70
     1
102
RTVSPost2010Prop44ColorIndex
 90
        5
102
RTVSPost2010Prop44ColorRGB
 90
      255
102
RTVSPost2010PropOp44
 70
     1
102
RTVSPost2010Prop45
280
     0
102
RTVSPost2010PropOp45
 70
     1
102
RTVSPost2010Prop46
 90
       50
102
RTVSPost2010PropOp46
 70
     1
102
RTVSPost2010Prop47
 90
       50
102
RTVSPost2010PropOp47
 70
     1
102
RTVSPost2010Prop48
 90
       50
102
RTVSPost2010PropOp48
 70
     1
102
RTVSPost2010Prop49
280
     0
102
RTVSPost2010PropOp49
 70
     1
102
RTVSPost2010Prop50
 90
       50
102
RTVSPost2010PropOp50
 70
     1
102
RTVSPost2010Prop51ColorIndex
 90
      256
102
RTVSPost2010Prop51ColorRGB
 90
-16777216
102
RTVSPost2010PropOp51
 70
     0
102
RTVSPost2010Prop52
140
1.0
102
RTVSPost2010PropOp52
 70
     0
102
RTVSPost2010Prop53
 90
        2
102
RTVSPost2010PropOp53
 70
     1
102
RTVSPost2010Prop54
  1
strokes_ogs.tif
102
RTVSPost2010PropOp54
 70
     1
102
RTVSPost2010Prop55
280
     0
102
RTVSPost2010PropOp55
 70
     1
102
RTVSPost2010Prop56
140
1.0
102
RTVSPost2010PropOp56
 70
     1
102
RTVSPost2010Prop57
140
1.0
102
RTVSPost2010PropOp57
 70
     1
  0
XRECORD
  5
455
102
{ACAD_REACTORS
330
454
102
}
330
454
100
AcDbXrecord
280
     1
102
RTVSPost2010Prop28
280
     0
102
RTVSPost2010PropOp28
 70
     1
102
RTVSPost2010Prop29
280
     1
102
RTVSPost2010PropOp29
 70
     1
102
RTVSPost2010Prop30
280
     1
102
RTVSPost2010PropOp30
 70
     1
102
RTVSPost2010Prop31
280
     0
102
RTVSPost2010PropOp31
 70
     1
102
RTVSPost2010Prop32
280
     0
102
RTVSPost2010PropOp32
 70
     1
102
RTVSPost2010Prop33
280
     0
102
RTVSPost2010PropOp33
 70
     1
102
RTVSPost2010Prop34
280
     0
102
RTVSPost2010PropOp34
 70
     1
102
RTVSPost2010Prop35
280
     0
102
RTVSPost2010PropOp35
 70
     1
102
RTVSPost2010Prop36
280
     0
102
RTVSPost2010PropOp36
 70
     1
102
RTVSPost2010Prop37
 90
       50
102
RTVSPost2010PropOp37
 70
     1
102
RTVSPost2010Prop38
140
0.0
102
RTVSPost2010PropOp38
 70
     1
102
RTVSPost2010Prop39
140
1.0
102
RTVSPost2010PropOp39
 70
     1
102
RTVSPost2010Prop40
 90
        0
102
RTVSPost2010PropOp40
 70
     1
102
RTVSPost2010Prop41ColorIndex
 90
       18
102
RTVSPost2010Prop41ColorRGB
 90
        0
102
RTVSPost2010PropOp41
 70
     1
102
RTVSPost2010Prop42
 90
       50
102
RTVSPost2010PropOp42
 70
     1
102
RTVSPost2010Prop43
 90
        3
102
RTVSPost2010PropOp43
 70
     1
102
RTVSPost2010Prop44ColorIndex
 90
        5
102
RTVSPost2010Prop44ColorRGB
 90
      255
102
RTVSPost2010PropOp44
 70
     1
102
RTVSPost2010Prop45
280
     0
102
RTVSPost2010PropOp45
 70
     1
102
RTVSPost2010Prop46
 90
       50
102
RTVSPost2010PropOp46
 70
     1
102
RTVSPost2010Prop47
 90
       50
102
RTVSPost2010PropOp47
 70
     1
102
RTVSPost2010Prop48
 90
       50
102
RTVSPost2010PropOp48
 70
     1
102
RTVSPost2010Prop49
280
     0
102
RTVSPost2010PropOp49
 70
     1
102
RTVSPost2010Prop50
 90
       50
102
RTVSPost2010PropOp50
 70
     1
102
RTVSPost2010Prop51ColorIndex
 90
      256
102
RTVSPost2010Prop51ColorRGB
 90
-16777216
102
RTVSPost2010PropOp51
 70
     0
102
RTVSPost2010Prop52
140
1.0
102
RTVSPost2010PropOp52
 70
     0
102
RTVSPost2010Prop53
 90
        2
102
RTVSPost2010PropOp53
 70
     1
102
RTVSPost2010Prop54
  1
strokes_ogs.tif
102
RTVSPost2010PropOp54
 70
     1
102
RTVSPost2010Prop55
280
     0
102
RTVSPost2010PropOp55
 70
     1
102
RTVSPost2010Prop56
140
1.0
102
RTVSPost2010PropOp56
 70
     1
102
RTVSPost2010Prop57
140
1.0
102
RTVSPost2010PropOp57
 70
     1
  0
XRECORD
  5
44F
102
{ACAD_REACTORS
330
44E
102
}
330
44E
100
AcDbXrecord
280
     1
102
RTVSPost2010Prop28
280
     0
102
RTVSPost2010PropOp28
 70
     1
102
RTVSPost2010Prop29
280
     1
102
RTVSPost2010PropOp29
 70
     1
102
RTVSPost2010Prop30
280
     1
102
RTVSPost2010PropOp30
 70
     1
102
RTVSPost2010Prop31
280
     0
102
RTVSPost2010PropOp31
 70
     1
102
RTVSPost2010Prop32
280
     0
102
RTVSPost2010PropOp32
 70
     1
102
RTVSPost2010Prop33
280
     0
102
RTVSPost2010PropOp33
 70
     1
102
RTVSPost2010Prop34
280
     0
102
RTVSPost2010PropOp34
 70
     1
102
RTVSPost2010Prop35
280
     0
102
RTVSPost2010PropOp35
 70
     1
102
RTVSPost2010Prop36
280
     0
102
RTVSPost2010PropOp36
 70
     1
102
RTVSPost2010Prop37
 90
       50
102
RTVSPost2010PropOp37
 70
     1
102
RTVSPost2010Prop38
140
0.0
102
RTVSPost2010PropOp38
 70
     1
102
RTVSPost2010Prop39
140
1.0
102
RTVSPost2010PropOp39
 70
     1
102
RTVSPost2010Prop40
 90
        0
102
RTVSPost2010PropOp40
 70
     1
102
RTVSPost2010Prop41ColorIndex
 90
       18
102
RTVSPost2010Prop41ColorRGB
 90
        0
102
RTVSPost2010PropOp41
 70
     1
102
RTVSPost2010Prop42
 90
       50
102
RTVSPost2010PropOp42
 70
     1
102
RTVSPost2010Prop43
 90
        3
102
RTVSPost2010PropOp43
 70
     1
102
RTVSPost2010Prop44ColorIndex
 90
        5
102
RTVSPost2010Prop44ColorRGB
 90
      255
102
RTVSPost2010PropOp44
 70
     1
102
RTVSPost2010Prop45
280
     0
102
RTVSPost2010PropOp45
 70
     1
102
RTVSPost2010Prop46
 90
       50
102
RTVSPost2010PropOp46
 70
     1
102
RTVSPost2010Prop47
 90
       50
102
RTVSPost2010PropOp47
 70
     1
102
RTVSPost2010Prop48
 90
       50
102
RTVSPost2010PropOp48
 70
     1
102
RTVSPost2010Prop49
280
     0
102
RTVSPost2010PropOp49
 70
     1
102
RTVSPost2010Prop50
 90
       50
102
RTVSPost2010PropOp50
 70
     1
102
RTVSPost2010Prop51ColorIndex
 90
      256
102
RTVSPost2010Prop51ColorRGB
 90
-16777216
102
RTVSPost2010PropOp51
 70
     0
102
RTVSPost2010Prop52
140
1.0
102
RTVSPost2010PropOp52
 70
     0
102
RTVSPost2010Prop53
 90
        2
102
RTVSPost2010PropOp53
 70
     1
102
RTVSPost2010Prop54
  1
strokes_ogs.tif
102
RTVSPost2010PropOp54
 70
     1
102
RTVSPost2010Prop55
280
     0
102
RTVSPost2010PropOp55
 70
     1
102
RTVSPost2010Prop56
140
1.0
102
RTVSPost2010PropOp56
 70
     1
102
RTVSPost2010Prop57
140
1.0
102
RTVSPost2010PropOp57
 70
     1
  0
XRECORD
  5
451
102
{ACAD_REACTORS
330
450
102
}
330
450
100
AcDbXrecord
280
     1
102
RTVSPost2010Prop28
280
     0
102
RTVSPost2010PropOp28
 70
     1
102
RTVSPost2010Prop29
280
     1
102
RTVSPost2010PropOp29
 70
     1
102
RTVSPost2010Prop30
280
     1
102
RTVSPost2010PropOp30
 70
     1
102
RTVSPost2010Prop31
280
     0
102
RTVSPost2010PropOp31
 70
     1
102
RTVSPost2010Prop32
280
     0
102
RTVSPost2010PropOp32
 70
     1
102
RTVSPost2010Prop33
280
     0
102
RTVSPost2010PropOp33
 70
     1
102
RTVSPost2010Prop34
280
     0
102
RTVSPost2010PropOp34
 70
     1
102
RTVSPost2010Prop35
280
     0
102
RTVSPost2010PropOp35
 70
     1
102
RTVSPost2010Prop36
280
     0
102
RTVSPost2010PropOp36
 70
     1
102
RTVSPost2010Prop37
 90
       50
102
RTVSPost2010PropOp37
 70
     1
102
RTVSPost2010Prop38
140
0.0
102
RTVSPost2010PropOp38
 70
     1
102
RTVSPost2010Prop39
140
1.0
102
RTVSPost2010PropOp39
 70
     1
102
RTVSPost2010Prop40
 90
        0
102
RTVSPost2010PropOp40
 70
     1
102
RTVSPost2010Prop41ColorIndex
 90
       18
102
RTVSPost2010Prop41ColorRGB
 90
        0
102
RTVSPost2010PropOp41
 70
     1
102
RTVSPost2010Prop42
 90
       50
102
RTVSPost2010PropOp42
 70
     1
102
RTVSPost2010Prop43
 90
        3
102
RTVSPost2010PropOp43
 70
     1
102
RTVSPost2010Prop44ColorIndex
 90
        5
102
RTVSPost2010Prop44ColorRGB
 90
      255
102
RTVSPost2010PropOp44
 70
     1
102
RTVSPost2010Prop45
280
     0
102
RTVSPost2010PropOp45
 70
     1
102
RTVSPost2010Prop46
 90
       50
102
RTVSPost2010PropOp46
 70
     1
102
RTVSPost2010Prop47
 90
       50
102
RTVSPost2010PropOp47
 70
     1
102
RTVSPost2010Prop48
 90
       50
102
RTVSPost2010PropOp48
 70
     1
102
RTVSPost2010Prop49
280
     0
102
RTVSPost2010PropOp49
 70
     1
102
RTVSPost2010Prop50
 90
       50
102
RTVSPost2010PropOp50
 70
     1
102
RTVSPost2010Prop51ColorIndex
 90
      256
102
RTVSPost2010Prop51ColorRGB
 90
-16777216
102
RTVSPost2010PropOp51
 70
     0
102
RTVSPost2010Prop52
140
1.0
102
RTVSPost2010PropOp52
 70
     0
102
RTVSPost2010Prop53
 90
        2
102
RTVSPost2010PropOp53
 70
     1
102
RTVSPost2010Prop54
  1
strokes_ogs.tif
102
RTVSPost2010PropOp54
 70
     1
102
RTVSPost2010Prop55
280
     0
102
RTVSPost2010PropOp55
 70
     1
102
RTVSPost2010Prop56
140
1.0
102
RTVSPost2010PropOp56
 70
     1
102
RTVSPost2010Prop57
140
1.0
102
RTVSPost2010PropOp57
 70
     1
  0
XRECORD
  5
441
102
{ACAD_REACTORS
330
440
102
}
330
440
100
AcDbXrecord
280
     1
102
RTVSPost2010Prop28
280
     0
102
RTVSPost2010PropOp28
 70
     1
102
RTVSPost2010Prop29
280
     1
102
RTVSPost2010PropOp29
 70
     1
102
RTVSPost2010Prop30
280
     1
102
RTVSPost2010PropOp30
 70
     1
102
RTVSPost2010Prop31
280
     0
102
RTVSPost2010PropOp31
 70
     1
102
RTVSPost2010Prop32
280
     0
102
RTVSPost2010PropOp32
 70
     1
102
RTVSPost2010Prop33
280
     0
102
RTVSPost2010PropOp33
 70
     1
102
RTVSPost2010Prop34
280
     0
102
RTVSPost2010PropOp34
 70
     1
102
RTVSPost2010Prop35
280
     0
102
RTVSPost2010PropOp35
 70
     1
102
RTVSPost2010Prop36
280
     0
102
RTVSPost2010PropOp36
 70
     1
102
RTVSPost2010Prop37
 90
       50
102
RTVSPost2010PropOp37
 70
     1
102
RTVSPost2010Prop38
140
0.0
102
RTVSPost2010PropOp38
 70
     1
102
RTVSPost2010Prop39
140
1.0
102
RTVSPost2010PropOp39
 70
     1
102
RTVSPost2010Prop40
 90
        0
102
RTVSPost2010PropOp40
 70
     1
102
RTVSPost2010Prop41ColorIndex
 90
       18
102
RTVSPost2010Prop41ColorRGB
 90
        0
102
RTVSPost2010PropOp41
 70
     1
102
RTVSPost2010Prop42
 90
       50
102
RTVSPost2010PropOp42
 70
     1
102
RTVSPost2010Prop43
 90
        3
102
RTVSPost2010PropOp43
 70
     1
102
RTVSPost2010Prop44ColorIndex
 90
        5
102
RTVSPost2010Prop44ColorRGB
 90
      255
102
RTVSPost2010PropOp44
 70
     1
102
RTVSPost2010Prop45
280
     0
102
RTVSPost2010PropOp45
 70
     1
102
RTVSPost2010Prop46
 90
       50
102
RTVSPost2010PropOp46
 70
     1
102
RTVSPost2010Prop47
 90
       50
102
RTVSPost2010PropOp47
 70
     1
102
RTVSPost2010Prop48
 90
       50
102
RTVSPost2010PropOp48
 70
     1
102
RTVSPost2010Prop49
280
     0
102
RTVSPost2010PropOp49
 70
     1
102
RTVSPost2010Prop50
 90
       50
102
RTVSPost2010PropOp50
 70
     1
102
RTVSPost2010Prop51ColorIndex
 90
      256
102
RTVSPost2010Prop51ColorRGB
 90
-16777216
102
RTVSPost2010PropOp51
 70
     0
102
RTVSPost2010Prop52
140
1.0
102
RTVSPost2010PropOp52
 70
     0
102
RTVSPost2010Prop53
 90
        2
102
RTVSPost2010PropOp53
 70
     1
102
RTVSPost2010Prop54
  1
strokes_ogs.tif
102
RTVSPost2010PropOp54
 70
     1
102
RTVSPost2010Prop55
280
     0
102
RTVSPost2010PropOp55
 70
     1
102
RTVSPost2010Prop56
140
1.0
102
RTVSPost2010PropOp56
 70
     1
102
RTVSPost2010Prop57
140
1.0
102
RTVSPost2010PropOp57
 70
     1
  0
XRECORD
  5
433
102
{ACAD_REACTORS
330
432
102
}
330
432
100
AcDbXrecord
280
     1
102
RTVSPost2010Prop28
280
     0
102
RTVSPost2010PropOp28
 70
     1
102
RTVSPost2010Prop29
280
     1
102
RTVSPost2010PropOp29
 70
     1
102
RTVSPost2010Prop30
280
     1
102
RTVSPost2010PropOp30
 70
     1
102
RTVSPost2010Prop31
280
     0
102
RTVSPost2010PropOp31
 70
     1
102
RTVSPost2010Prop32
280
     0
102
RTVSPost2010PropOp32
 70
     1
102
RTVSPost2010Prop33
280
     0
102
RTVSPost2010PropOp33
 70
     1
102
RTVSPost2010Prop34
280
     0
102
RTVSPost2010PropOp34
 70
     1
102
RTVSPost2010Prop35
280
     0
102
RTVSPost2010PropOp35
 70
     1
102
RTVSPost2010Prop36
280
     0
102
RTVSPost2010PropOp36
 70
     1
102
RTVSPost2010Prop37
 90
       50
102
RTVSPost2010PropOp37
 70
     1
102
RTVSPost2010Prop38
140
0.0
102
RTVSPost2010PropOp38
 70
     1
102
RTVSPost2010Prop39
140
1.0
102
RTVSPost2010PropOp39
 70
     1
102
RTVSPost2010Prop40
 90
        0
102
RTVSPost2010PropOp40
 70
     1
102
RTVSPost2010Prop41ColorIndex
 90
       18
102
RTVSPost2010Prop41ColorRGB
 90
        0
102
RTVSPost2010PropOp41
 70
     1
102
RTVSPost2010Prop42
 90
       50
102
RTVSPost2010PropOp42
 70
     1
102
RTVSPost2010Prop43
 90
        3
102
RTVSPost2010PropOp43
 70
     1
102
RTVSPost2010Prop44ColorIndex
 90
        5
102
RTVSPost2010Prop44ColorRGB
 90
      255
102
RTVSPost2010PropOp44
 70
     1
102
RTVSPost2010Prop45
280
     0
102
RTVSPost2010PropOp45
 70
     1
102
RTVSPost2010Prop46
 90
       50
102
RTVSPost2010PropOp46
 70
     1
102
RTVSPost2010Prop47
 90
       50
102
RTVSPost2010PropOp47
 70
     1
102
RTVSPost2010Prop48
 90
       50
102
RTVSPost2010PropOp48
 70
     1
102
RTVSPost2010Prop49
280
     0
102
RTVSPost2010PropOp49
 70
     1
102
RTVSPost2010Prop50
 90
       50
102
RTVSPost2010PropOp50
 70
     1
102
RTVSPost2010Prop51ColorIndex
 90
      256
102
RTVSPost2010Prop51ColorRGB
 90
-16777216
102
RTVSPost2010PropOp51
 70
     0
102
RTVSPost2010Prop52
140
1.0
102
RTVSPost2010PropOp52
 70
     0
102
RTVSPost2010Prop53
 90
        2
102
RTVSPost2010PropOp53
 70
     1
102
RTVSPost2010Prop54
  1
strokes_ogs.tif
102
RTVSPost2010PropOp54
 70
     1
102
RTVSPost2010Prop55
280
     0
102
RTVSPost2010PropOp55
 70
     1
102
RTVSPost2010Prop56
140
1.0
102
RTVSPost2010PropOp56
 70
     1
102
RTVSPost2010Prop57
140
1.0
102
RTVSPost2010PropOp57
 70
     1
  0
XRECORD
  5
453
102
{ACAD_REACTORS
330
452
102
}
330
452
100
AcDbXrecord
280
     1
102
RTVSPost2010Prop28
280
     0
102
RTVSPost2010PropOp28
 70
     1
102
RTVSPost2010Prop29
280
     1
102
RTVSPost2010PropOp29
 70
     1
102
RTVSPost2010Prop30
280
     1
102
RTVSPost2010PropOp30
 70
     1
102
RTVSPost2010Prop31
280
     0
102
RTVSPost2010PropOp31
 70
     1
102
RTVSPost2010Prop32
280
     0
102
RTVSPost2010PropOp32
 70
     1
102
RTVSPost2010Prop33
280
     0
102
RTVSPost2010PropOp33
 70
     1
102
RTVSPost2010Prop34
280
     0
102
RTVSPost2010PropOp34
 70
     1
102
RTVSPost2010Prop35
280
     0
102
RTVSPost2010PropOp35
 70
     1
102
RTVSPost2010Prop36
280
     0
102
RTVSPost2010PropOp36
 70
     1
102
RTVSPost2010Prop37
 90
       50
102
RTVSPost2010PropOp37
 70
     1
102
RTVSPost2010Prop38
140
0.0
102
RTVSPost2010PropOp38
 70
     1
102
RTVSPost2010Prop39
140
1.0
102
RTVSPost2010PropOp39
 70
     1
102
RTVSPost2010Prop40
 90
        0
102
RTVSPost2010PropOp40
 70
     1
102
RTVSPost2010Prop41ColorIndex
 90
       18
102
RTVSPost2010Prop41ColorRGB
 90
        0
102
RTVSPost2010PropOp41
 70
     1
102
RTVSPost2010Prop42
 90
       50
102
RTVSPost2010PropOp42
 70
     1
102
RTVSPost2010Prop43
 90
        3
102
RTVSPost2010PropOp43
 70
     1
102
RTVSPost2010Prop44ColorIndex
 90
        5
102
RTVSPost2010Prop44ColorRGB
 90
      255
102
RTVSPost2010PropOp44
 70
     1
102
RTVSPost2010Prop45
280
     0
102
RTVSPost2010PropOp45
 70
     1
102
RTVSPost2010Prop46
 90
       50
102
RTVSPost2010PropOp46
 70
     1
102
RTVSPost2010Prop47
 90
       50
102
RTVSPost2010PropOp47
 70
     1
102
RTVSPost2010Prop48
 90
       50
102
RTVSPost2010PropOp48
 70
     1
102
RTVSPost2010Prop49
280
     0
102
RTVSPost2010PropOp49
 70
     1
102
RTVSPost2010Prop50
 90
       50
102
RTVSPost2010PropOp50
 70
     1
102
RTVSPost2010Prop51ColorIndex
 90
      256
102
RTVSPost2010Prop51ColorRGB
 90
-16777216
102
RTVSPost2010PropOp51
 70
     0
102
RTVSPost2010Prop52
140
1.0
102
RTVSPost2010PropOp52
 70
     0
102
RTVSPost2010Prop53
 90
        2
102
RTVSPost2010PropOp53
 70
     1
102
RTVSPost2010Prop54
  1
strokes_ogs.tif
102
RTVSPost2010PropOp54
 70
     1
102
RTVSPost2010Prop55
280
     0
102
RTVSPost2010PropOp55
 70
     1
102
RTVSPost2010Prop56
140
1.0
102
RTVSPost2010PropOp56
 70
     1
102
RTVSPost2010Prop57
140
1.0
102
RTVSPost2010PropOp57
 70
     1
  0
ENDSEC
  0
EOF
