  0
SECTION
  2
HEADER
  9
$ACADVER
  1
AC1024
  9
$ACADMAINTVER
 70
     6
  9
$DWGCODEPAGE
  3
ANSI_1252
  9
$INSBASE
 10
0.0
 20
0.0
 30
0.0
  9
$EXTMIN
 10
-479.304118082961
 20
-770.840451474653
 30
0.0
  9
$EXTMAX
 10
509.303672558184
 20
-385.827705847499
 30
0.0
  9
$LIMMIN
 10
0.0
 20
0.0
  9
$LIMMAX
 10
420.0
 20
297.0
  9
$ORTHOMODE
 70
     0
  9
$REGENMODE
 70
     1
  9
$FILLMODE
 70
     1
  9
$QTEXTMODE
 70
     0
  9
$MIRRTEXT
 70
     1
  9
$LTSCALE
 40
5.0
  9
$ATTMODE
 70
     1
  9
$TEXTSIZE
 40
2.5
  9
$TRACEWID
 40
1.0
  9
$TEXTSTYLE
  7
Standard
  9
$CLAYER
  8
0
  9
$CELTYPE
  6
ByLayer
  9
$CECOLOR
 62
   256
  9
$CELTSCALE
 40
1.0
  9
$DISPSILH
 70
     0
  9
$DIMSCALE
 40
1.0
  9
$DIMASZ
 40
2.5
  9
$DIMEXO
 40
0.625
  9
$DIMDLI
 40
3.75
  9
$DIMRND
 40
0.0
  9
$DIMDLE
 40
0.0
  9
$DIMEXE
 40
1.25
  9
$DIMTP
 40
0.0
  9
$DIMTM
 40
0.0
  9
$DIMTXT
 40
2.5
  9
$DIMCEN
 40
2.5
  9
$DIMTSZ
 40
0.0
  9
$DIMTOL
 70
     0
  9
$DIMLIM
 70
     0
  9
$DIMTIH
 70
     0
  9
$DIMTOH
 70
     0
  9
$DIMSE1
 70
     0
  9
$DIMSE2
 70
     0
  9
$DIMTAD
 70
     1
  9
$DIMZIN
 70
     8
  9
$DIMBLK
  1

  9
$DIMASO
 70
     1
  9
$DIMSHO
 70
     1
  9
$DIMPOST
  1

  9
$DIMAPOST
  1

  9
$DIMALT
 70
     0
  9
$DIMALTD
 70
     3
  9
$DIMALTF
 40
0.03937007874
  9
$DIMLFAC
 40
1.0
  9
$DIMTOFL
 70
     1
  9
$DIMTVP
 40
0.0
  9
$DIMTIX
 70
     0
  9
$DIMSOXD
 70
     0
  9
$DIMSAH
 70
     0
  9
$DIMBLK1
  1

  9
$DIMBLK2
  1

  9
$DIMSTYLE
  2
ISO-25
  9
$DIMCLRD
 70
     0
  9
$DIMCLRE
 70
     0
  9
$DIMCLRT
 70
     0
  9
$DIMTFAC
 40
1.0
  9
$DIMGAP
 40
0.625
  9
$DIMJUST
 70
     0
  9
$DIMSD1
 70
     0
  9
$DIMSD2
 70
     0
  9
$DIMTOLJ
 70
     0
  9
$DIMTZIN
 70
     8
  9
$DIMALTZ
 70
     0
  9
$DIMALTTZ
 70
     0
  9
$DIMUPT
 70
     0
  9
$DIMDEC
 70
     2
  9
$DIMTDEC
 70
     2
  9
$DIMALTU
 70
     2
  9
$DIMALTTD
 70
     3
  9
$DIMTXSTY
  7
Standard
  9
$DIMAUNIT
 70
     0
  9
$DIMADEC
 70
     0
  9
$DIMALTRND
 40
0.0
  9
$DIMAZIN
 70
     0
  9
$DIMDSEP
 70
    44
  9
$DIMATFIT
 70
     3
  9
$DIMFRAC
 70
     0
  9
$DIMLDRBLK
  1

  9
$DIMLUNIT
 70
     2
  9
$DIMLWD
 70
    -2
  9
$DIMLWE
 70
    -2
  9
$DIMTMOVE
 70
     0
  9
$DIMFXL
 40
1.0
  9
$DIMFXLON
 70
     0
  9
$DIMJOGANG
 40
0.785398163397
  9
$DIMTFILL
 70
     0
  9
$DIMTFILLCLR
 70
     0
  9
$DIMARCSYM
 70
     0
  9
$DIMLTYPE
  6

  9
$DIMLTEX1
  6

  9
$DIMLTEX2
  6

  9
$DIMTXTDIRECTION
 70
     0
  9
$LUNITS
 70
     2
  9
$LUPREC
 70
     4
  9
$SKETCHINC
 40
1.0
  9
$FILLETRAD
 40
10.0
  9
$AUNITS
 70
     0
  9
$AUPREC
 70
     0
  9
$MENU
  1
.
  9
$ELEVATION
 40
0.0
  9
$PELEVATION
 40
0.0
  9
$THICKNESS
 40
0.0
  9
$LIMCHECK
 70
     0
  9
$CHAMFERA
 40
0.0
  9
$CHAMFERB
 40
0.0
  9
$CHAMFERC
 40
0.0
  9
$CHAMFERD
 40
0.0
  9
$SKPOLY
 70
     0
  9
$TDCREATE
 40
2459094.566986192
  9
$TDUCREATE
 40
2459094.483652859
  9
$TDUPDATE
 40
2459094.567015046
  9
$TDUUPDATE
 40
2459094.483681713
  9
$TDINDWG
 40
0.0000000116
  9
$TDUSRTIMER
 40
0.0000000116
  9
$USRTIMER
 70
     1
  9
$ANGBASE
 50
0.0
  9
$ANGDIR
 70
     0
  9
$PDMODE
 70
     2
  9
$PDSIZE
 40
1.0
  9
$PLINEWID
 40
0.0
  9
$SPLFRAME
 70
     0
  9
$SPLINETYPE
 70
     6
  9
$SPLINESEGS
 70
     8
  9
$HANDSEED
  5
B54
  9
$SURFTAB1
 70
     6
  9
$SURFTAB2
 70
     6
  9
$SURFTYPE
 70
     6
  9
$SURFU
 70
     6
  9
$SURFV
 70
     6
  9
$UCSBASE
  2

  9
$UCSNAME
  2

  9
$UCSORG
 10
0.0
 20
0.0
 30
0.0
  9
$UCSXDIR
 10
1.0
 20
0.0
 30
0.0
  9
$UCSYDIR
 10
0.0
 20
1.0
 30
0.0
  9
$UCSORTHOREF
  2

  9
$UCSORTHOVIEW
 70
     0
  9
$UCSORGTOP
 10
0.0
 20
0.0
 30
0.0
  9
$UCSORGBOTTOM
 10
0.0
 20
0.0
 30
0.0
  9
$UCSORGLEFT
 10
0.0
 20
0.0
 30
0.0
  9
$UCSORGRIGHT
 10
0.0
 20
0.0
 30
0.0
  9
$UCSORGFRONT
 10
0.0
 20
0.0
 30
0.0
  9
$UCSORGBACK
 10
0.0
 20
0.0
 30
0.0
  9
$PUCSBASE
  2

  9
$PUCSNAME
  2

  9
$PUCSORG
 10
0.0
 20
0.0
 30
0.0
  9
$PUCSXDIR
 10
1.0
 20
0.0
 30
0.0
  9
$PUCSYDIR
 10
0.0
 20
1.0
 30
0.0
  9
$PUCSORTHOREF
  2

  9
$PUCSORTHOVIEW
 70
     0
  9
$PUCSORGTOP
 10
0.0
 20
0.0
 30
0.0
  9
$PUCSORGBOTTOM
 10
0.0
 20
0.0
 30
0.0
  9
$PUCSORGLEFT
 10
0.0
 20
0.0
 30
0.0
  9
$PUCSORGRIGHT
 10
0.0
 20
0.0
 30
0.0
  9
$PUCSORGFRONT
 10
0.0
 20
0.0
 30
0.0
  9
$PUCSORGBACK
 10
0.0
 20
0.0
 30
0.0
  9
$USERI1
 70
     0
  9
$USERI2
 70
     0
  9
$USERI3
 70
     0
  9
$USERI4
 70
     0
  9
$USERI5
 70
     0
  9
$USERR1
 40
0.0
  9
$USERR2
 40
0.0
  9
$USERR3
 40
0.0
  9
$USERR4
 40
0.0
  9
$USERR5
 40
0.0
  9
$WORLDVIEW
 70
     1
  9
$SHADEDGE
 70
     3
  9
$SHADEDIF
 70
    70
  9
$TILEMODE
 70
     1
  9
$MAXACTVP
 70
    64
  9
$PINSBASE
 10
0.0
 20
0.0
 30
0.0
  9
$PLIMCHECK
 70
     0
  9
$PEXTMIN
 10
1.000000000000E+20
 20
1.000000000000E+20
 30
1.000000000000E+20
  9
$PEXTMAX
 10
-1.000000000000E+20
 20
-1.000000000000E+20
 30
-1.000000000000E+20
  9
$PLIMMIN
 10
0.0
 20
0.0
  9
$PLIMMAX
 10
420.0
 20
297.0
  9
$UNITMODE
 70
     0
  9
$VISRETAIN
 70
     1
  9
$PLINEGEN
 70
     0
  9
$PSLTSCALE
 70
     1
  9
$TREEDEPTH
 70
  3020
  9
$CMLSTYLE
  2
Standard
  9
$CMLJUST
 70
     0
  9
$CMLSCALE
 40
20.0
  9
$PROXYGRAPHICS
 70
     1
  9
$MEASUREMENT
 70
     1
  9
$CELWEIGHT
370
    -1
  9
$ENDCAPS
280
     0
  9
$JOINSTYLE
280
     0
  9
$LWDISPLAY
290
     0
  9
$INSUNITS
 70
     4
  9
$HYPERLINKBASE
  1

  9
$STYLESHEET
  1

  9
$XEDIT
290
     1
  9
$CEPSNTYPE
380
     0
  9
$PSTYLEMODE
290
     1
  9
$FINGERPRINTGUID
  2
{4b01b72e-0577-4201-9909-b2e2887d9569}
  9
$VERSIONGUID
  2
{FAEB1C32-E019-11D5-929B-00C0DF256EC4}
  9
$EXTNAMES
290
     1
  9
$PSVPSCALE
 40
0.0
  9
$OLESTARTUP
290
     0
  9
$SORTENTS
280
   127
  9
$INDEXCTL
280
     0
  9
$HIDETEXT
280
     1
  9
$XCLIPFRAME
280
     2
  9
$HALOGAP
280
     0
  9
$OBSCOLOR
 70
   257
  9
$OBSLTYPE
280
     0
  9
$INTERSECTIONDISPLAY
280
     0
  9
$INTERSECTIONCOLOR
 70
   257
  9
$DIMASSOC
280
     2
  9
$PROJECTNAME
  1

  9
$CAMERADISPLAY
290
     0
  9
$LENSLENGTH
 40
50.0
  9
$CAMERAHEIGHT
 40
0.0
  9
$STEPSPERSEC
 40
2.0
  9
$STEPSIZE
 40
6.0
  9
$3DDWFPREC
 40
2.0
  9
$PSOLWIDTH
 40
5.0
  9
$PSOLHEIGHT
 40
80.0
  9
$LOFTANG1
 40
1.570796326795
  9
$LOFTANG2
 40
1.570796326795
  9
$LOFTMAG1
 40
0.0
  9
$LOFTMAG2
 40
0.0
  9
$LOFTPARAM
 70
     7
  9
$LOFTNORMALS
280
     1
  9
$LATITUDE
 40
37.795
  9
$LONGITUDE
 40
-122.394
  9
$NORTHDIRECTION
 40
0.0
  9
$TIMEZONE
 70
 -8000
  9
$LIGHTGLYPHDISPLAY
280
     1
  9
$TILEMODELIGHTSYNCH
280
     1
  9
$CMATERIAL
347
44
  9
$SOLIDHIST
280
     0
  9
$SHOWHIST
280
     1
  9
$DWFFRAME
280
     2
  9
$DGNFRAME
280
     2
  9
$REALWORLDSCALE
290
     1
  9
$INTERFERECOLOR
 62
   256
  9
$CSHADOW
280
     0
  9
$SHADOWPLANELOCATION
 40
0.0
  0
ENDSEC
  0
SECTION
  2
CLASSES
  0
CLASS
  1
ACDBDICTIONARYWDFLT
  2
AcDbDictionaryWithDefault
  3
ObjectDBX Classes
 90
        0
 91
        3
280
     0
281
     0
  0
CLASS
  1
VISUALSTYLE
  2
AcDbVisualStyle
  3
ObjectDBX Classes
 90
     4095
 91
        3
280
     0
281
     0
  0
CLASS
  1
MATERIAL
  2
AcDbMaterial
  3
ObjectDBX Classes
 90
     1153
 91
        3
280
     0
281
     0
  0
CLASS
  1
SCALE
  2
AcDbScale
  3
ObjectDBX Classes
 90
     1153
 91
        3
280
     0
281
     0
  0
CLASS
  1
TABLESTYLE
  2
AcDbTableStyle
  3
ObjectDBX Classes
 90
     4095
 91
        3
280
     0
281
     0
  0
CLASS
  1
MLEADERSTYLE
  2
AcDbMLeaderStyle
  3
ACDB_MLEADERSTYLE_CLASS
 90
     4095
 91
        3
280
     0
281
     0
  0
CLASS
  1
SUN
  2
AcDbSun
  3
SCENEOE
 90
     1153
 91
        3
280
     0
281
     0
  0
CLASS
  1
DICTIONARYVAR
  2
AcDbDictionaryVar
  3
ObjectDBX Classes
 90
        0
 91
        3
280
     0
281
     0
  0
CLASS
  1
CELLSTYLEMAP
  2
AcDbCellStyleMap
  3
ObjectDBX Classes
 90
     1152
 91
        3
280
     0
281
     0
  0
CLASS
  1
WIPEOUTVARIABLES
  2
AcDbWipeoutVariables
  3
WipeOut|AutoCAD Express Tool|expresstools@autodesk.com
 90
        0
 91
        3
280
     0
281
     0
  0
ENDSEC
  0
SECTION
  2
TABLES
  0
TABLE
  2
VPORT
  5
8
330
0
100
AcDbSymbolTable
 70
     1
  0
VPORT
  5
29
330
8
100
AcDbSymbolTableRecord
100
AcDbViewportTableRecord
  2
*Active
 70
     0
 10
0.0
 20
0.0
 11
1.0
 21
1.0
 12
14.999777237612
 22
-578.334078661076
 13
0.0
 23
0.0
 14
10.0
 24
10.0
 15
10.0
 25
10.0
 16
0.0
 26
0.0
 36
1.0
 17
0.0
 27
0.0
 37
0.0
 40
385.012745627155
 41
2.567727437259
 42
50.0
 43
0.0
 44
0.0
 50
0.0
 51
0.0
 71
     0
 72
   100
 73
     1
 74
     3
 75
     0
 76
     0
 77
     0
 78
     0
281
     0
 65
     1
110
0.0
120
0.0
130
0.0
111
1.0
121
0.0
131
0.0
112
0.0
122
1.0
132
0.0
 79
     0
146
0.0
348
2F
 60
     3
 61
     5
292
     1
282
     1
141
0.0
142
0.0
 63
   250
361
6D
  0
ENDTAB
  0
TABLE
  2
LTYPE
  5
5
330
0
100
AcDbSymbolTable
 70
     2
  0
LTYPE
  5
14
330
5
100
AcDbSymbolTableRecord
100
AcDbLinetypeTableRecord
  2
ByBlock
 70
     0
  3

 72
    65
 73
     0
 40
0.0
  0
LTYPE
  5
15
330
5
100
AcDbSymbolTableRecord
100
AcDbLinetypeTableRecord
  2
ByLayer
 70
     0
  3

 72
    65
 73
     0
 40
0.0
  0
LTYPE
  5
16
330
5
100
AcDbSymbolTableRecord
100
AcDbLinetypeTableRecord
  2
Continuous
 70
     0
  3
Solid line
 72
    65
 73
     0
 40
0.0
  0
LTYPE
  5
6E
330
5
100
AcDbSymbolTableRecord
100
AcDbLinetypeTableRecord
  2
AUSGEZOGEN
 70
     0
  3

 72
    65
 73
     0
 40
0.0
  0
ENDTAB
  0
TABLE
  2
LAYER
  5
2
330
0
100
AcDbSymbolTable
 70
     2
  0
LAYER
  5
10
330
2
100
AcDbSymbolTableRecord
100
AcDbLayerTableRecord
  2
0
 70
     0
 62
     7
  6
Continuous
370
    -3
390
F
347
46
  0
LAYER
  5
70
330
2
100
AcDbSymbolTableRecord
100
AcDbLayerTableRecord
  2
2
 70
     0
 62
     7
  6
Continuous
370
    -3
390
F
347
46
  0
ENDTAB
  0
TABLE
  2
STYLE
  5
3
330
0
100
AcDbSymbolTable
 70
     2
  0
STYLE
  5
11
330
3
100
AcDbSymbolTableRecord
100
AcDbTextStyleTableRecord
  2
Standard
 70
     0
 40
0.0
 41
1.0
 50
0.0
 71
     0
 42
2.5
  3
txt
  4

  0
STYLE
  5
6F
330
3
100
AcDbSymbolTableRecord
100
AcDbTextStyleTableRecord
  2
Toleranzfont
 70
     0
 40
0.0
 41
1.0
 50
0.0
 71
     0
 42
2.5
  3
IGES1003.SHX
  4

  0
ENDTAB
  0
TABLE
  2
VIEW
  5
6
330
0
100
AcDbSymbolTable
 70
     0
  0
ENDTAB
  0
TABLE
  2
UCS
  5
7
330
0
100
AcDbSymbolTable
 70
     0
  0
ENDTAB
  0
TABLE
  2
APPID
  5
9
330
0
100
AcDbSymbolTable
 70
     1
  0
APPID
  5
12
330
9
100
AcDbSymbolTableRecord
100
AcDbRegAppTableRecord
  2
ACAD
 70
     0
  0
ENDTAB
  0
TABLE
  2
DIMSTYLE
  5
A
330
0
100
AcDbSymbolTable
 70
     1
100
AcDbDimStyleTable
  0
DIMSTYLE
105
27
330
A
100
AcDbSymbolTableRecord
100
AcDbDimStyleTableRecord
  2
ISO-25
 70
     0
 41
2.5
 42
0.625
 43
3.75
 44
1.25
 73
     0
 74
     0
 77
     1
 78
     8
140
2.5
141
2.5
143
0.03937007874
147
0.625
171
     3
172
     1
178
     0
271
     2
272
     2
274
     3
278
    44
283
     0
284
     8
340
11
  0
ENDTAB
  0
TABLE
  2
BLOCK_RECORD
  5
1
330
0
100
AcDbSymbolTable
 70
    41
  0
BLOCK_RECORD
  5
1F
330
1
100
AcDbSymbolTableRecord
100
AcDbBlockTableRecord
  2
*Model_Space
340
22
 70
     0
280
     1
281
     0
  0
BLOCK_RECORD
  5
1B
330
1
100
AcDbSymbolTableRecord
100
AcDbBlockTableRecord
  2
*Paper_Space
340
1E
 70
     0
280
     1
281
     0
  0
BLOCK_RECORD
  5
23
330
1
100
AcDbSymbolTableRecord
100
AcDbBlockTableRecord
  2
*Paper_Space0
340
26
 70
     0
280
     1
281
     0
  0
BLOCK_RECORD
  5
75
330
1
100
AcDbSymbolTableRecord
100
AcDbBlockTableRecord
  2
AnonymMegaMac_nNn00
340
0
102
{BLKREFS
331
626
102
}
 70
     0
280
     1
281
     0
  0
BLOCK_RECORD
  5
78
330
1
100
AcDbSymbolTableRecord
100
AcDbBlockTableRecord
  2
AnonymMegaMac_nNn01
340
0
102
{BLKREFS
331
105
102
}
 70
     0
280
     1
281
     0
  0
BLOCK_RECORD
  5
7B
330
1
100
AcDbSymbolTableRecord
100
AcDbBlockTableRecord
  2
AnonymMegaMac_nNn02
340
0
102
{BLKREFS
331
104
102
}
 70
     0
280
     1
281
     0
  0
BLOCK_RECORD
  5
7E
330
1
100
AcDbSymbolTableRecord
100
AcDbBlockTableRecord
  2
AnonymMegaMac_nNn03
340
0
102
{BLKREFS
331
103
102
}
 70
     0
280
     1
281
     0
  0
BLOCK_RECORD
  5
106
330
1
100
AcDbSymbolTableRecord
100
AcDbBlockTableRecord
  2
AnonymMegaMac_nNn04
340
0
102
{BLKREFS
331
189
102
}
 70
     0
280
     1
281
     0
  0
BLOCK_RECORD
  5
109
330
1
100
AcDbSymbolTableRecord
100
AcDbBlockTableRecord
  2
AnonymMegaMac_nNn05
340
0
102
{BLKREFS
331
188
102
}
 70
     0
280
     1
281
     0
  0
BLOCK_RECORD
  5
10C
330
1
100
AcDbSymbolTableRecord
100
AcDbBlockTableRecord
  2
AnonymMegaMac_nNn06
340
0
102
{BLKREFS
331
187
102
}
 70
     0
280
     1
281
     0
  0
BLOCK_RECORD
  5
18A
330
1
100
AcDbSymbolTableRecord
100
AcDbBlockTableRecord
  2
AnonymMegaMac_nNn07
340
0
102
{BLKREFS
331
1F1
102
}
 70
     0
280
     1
281
     0
  0
BLOCK_RECORD
  5
1F2
330
1
100
AcDbSymbolTableRecord
100
AcDbBlockTableRecord
  2
AnonymMegaMac_nNn08
340
0
102
{BLKREFS
331
259
102
}
 70
     0
280
     1
281
     0
  0
BLOCK_RECORD
  5
25A
330
1
100
AcDbSymbolTableRecord
100
AcDbBlockTableRecord
  2
AnonymMegaMac_nNn09
340
0
102
{BLKREFS
331
2C1
102
}
 70
     0
280
     1
281
     0
  0
BLOCK_RECORD
  5
2C2
330
1
100
AcDbSymbolTableRecord
100
AcDbBlockTableRecord
  2
AnonymMegaMac_nNn010
340
0
102
{BLKREFS
331
341
102
}
 70
     0
280
     1
281
     0
  0
BLOCK_RECORD
  5
2C5
330
1
100
AcDbSymbolTableRecord
100
AcDbBlockTableRecord
  2
AnonymMegaMac_nNn011
340
0
102
{BLKREFS
331
340
102
}
 70
     0
280
     1
281
     0
  0
BLOCK_RECORD
  5
342
330
1
100
AcDbSymbolTableRecord
100
AcDbBlockTableRecord
  2
AnonymMegaMac_nNn012
340
0
102
{BLKREFS
331
3CF
102
}
 70
     0
280
     1
281
     0
  0
BLOCK_RECORD
  5
345
330
1
100
AcDbSymbolTableRecord
100
AcDbBlockTableRecord
  2
AnonymMegaMac_nNn013
340
0
102
{BLKREFS
331
3CE
102
}
 70
     0
280
     1
281
     0
  0
BLOCK_RECORD
  5
348
330
1
100
AcDbSymbolTableRecord
100
AcDbBlockTableRecord
  2
AnonymMegaMac_nNn014
340
0
102
{BLKREFS
331
3CD
102
}
 70
     0
280
     1
281
     0
  0
BLOCK_RECORD
  5
3D0
330
1
100
AcDbSymbolTableRecord
100
AcDbBlockTableRecord
  2
AnonymMegaMac_nNn015
340
0
102
{BLKREFS
331
453
102
}
 70
     0
280
     1
281
     0
  0
BLOCK_RECORD
  5
3D3
330
1
100
AcDbSymbolTableRecord
100
AcDbBlockTableRecord
  2
AnonymMegaMac_nNn016
340
0
102
{BLKREFS
331
452
102
}
 70
     0
280
     1
281
     0
  0
BLOCK_RECORD
  5
3D6
330
1
100
AcDbSymbolTableRecord
100
AcDbBlockTableRecord
  2
AnonymMegaMac_nNn017
340
0
102
{BLKREFS
331
451
102
}
 70
     0
280
     1
281
     0
  0
BLOCK_RECORD
  5
454
330
1
100
AcDbSymbolTableRecord
100
AcDbBlockTableRecord
  2
AnonymMegaMac_nNn018
340
0
102
{BLKREFS
331
4BB
102
}
 70
     0
280
     1
281
     0
  0
BLOCK_RECORD
  5
4BC
330
1
100
AcDbSymbolTableRecord
100
AcDbBlockTableRecord
  2
AnonymMegaMac_nNn019
340
0
102
{BLKREFS
331
523
102
}
 70
     0
280
     1
281
     0
  0
BLOCK_RECORD
  5
524
330
1
100
AcDbSymbolTableRecord
100
AcDbBlockTableRecord
  2
AnonymMegaMac_nNn020
340
0
102
{BLKREFS
331
58B
102
}
 70
     0
280
     1
281
     0
  0
BLOCK_RECORD
  5
58C
330
1
100
AcDbSymbolTableRecord
100
AcDbBlockTableRecord
  2
AnonymMegaMac_nNn021
340
0
102
{BLKREFS
331
60B
102
}
 70
     0
280
     1
281
     0
  0
BLOCK_RECORD
  5
58F
330
1
100
AcDbSymbolTableRecord
100
AcDbBlockTableRecord
  2
AnonymMegaMac_nNn022
340
0
102
{BLKREFS
331
60A
102
}
 70
     0
280
     1
281
     0
  0
BLOCK_RECORD
  5
627
330
1
100
AcDbSymbolTableRecord
100
AcDbBlockTableRecord
  2
AnonymMegaMac_nNn023
340
0
102
{BLKREFS
331
B16
102
}
 70
     0
280
     1
281
     0
  0
BLOCK_RECORD
  5
62A
330
1
100
AcDbSymbolTableRecord
100
AcDbBlockTableRecord
  2
AnonymMegaMac_nNn024
340
0
102
{BLKREFS
331
6A5
102
}
 70
     0
280
     1
281
     0
  0
BLOCK_RECORD
  5
62D
330
1
100
AcDbSymbolTableRecord
100
AcDbBlockTableRecord
  2
AnonymMegaMac_nNn025
340
0
102
{BLKREFS
331
6A4
102
}
 70
     0
280
     1
281
     0
  0
BLOCK_RECORD
  5
630
330
1
100
AcDbSymbolTableRecord
100
AcDbBlockTableRecord
  2
AnonymMegaMac_nNn026
340
0
102
{BLKREFS
331
6A3
102
}
 70
     0
280
     1
281
     0
  0
BLOCK_RECORD
  5
6A6
330
1
100
AcDbSymbolTableRecord
100
AcDbBlockTableRecord
  2
AnonymMegaMac_nNn027
340
0
102
{BLKREFS
331
701
102
}
 70
     0
280
     1
281
     0
  0
BLOCK_RECORD
  5
71E
330
1
100
AcDbSymbolTableRecord
100
AcDbBlockTableRecord
  2
AnonymMegaMac_nNn028
340
0
102
{BLKREFS
331
779
102
}
 70
     0
280
     1
281
     0
  0
BLOCK_RECORD
  5
77A
330
1
100
AcDbSymbolTableRecord
100
AcDbBlockTableRecord
  2
AnonymMegaMac_nNn029
340
0
102
{BLKREFS
331
7E5
102
}
 70
     0
280
     1
281
     0
  0
BLOCK_RECORD
  5
7E6
330
1
100
AcDbSymbolTableRecord
100
AcDbBlockTableRecord
  2
AnonymMegaMac_nNn030
340
0
102
{BLKREFS
331
851
102
}
 70
     0
280
     1
281
     0
  0
BLOCK_RECORD
  5
852
330
1
100
AcDbSymbolTableRecord
100
AcDbBlockTableRecord
  2
AnonymMegaMac_nNn031
340
0
102
{BLKREFS
331
8AD
102
}
 70
     0
280
     1
281
     0
  0
BLOCK_RECORD
  5
8AE
330
1
100
AcDbSymbolTableRecord
100
AcDbBlockTableRecord
  2
AnonymMegaMac_nNn032
340
0
102
{BLKREFS
331
929
102
}
 70
     0
280
     1
281
     0
  0
BLOCK_RECORD
  5
8B1
330
1
100
AcDbSymbolTableRecord
100
AcDbBlockTableRecord
  2
AnonymMegaMac_nNn033
340
0
102
{BLKREFS
331
928
102
}
 70
     0
280
     1
281
     0
  0
BLOCK_RECORD
  5
8B4
330
1
100
AcDbSymbolTableRecord
100
AcDbBlockTableRecord
  2
AnonymMegaMac_nNn034
340
0
102
{BLKREFS
331
927
102
}
 70
     0
280
     1
281
     0
  0
BLOCK_RECORD
  5
92A
330
1
100
AcDbSymbolTableRecord
100
AcDbBlockTableRecord
  2
AnonymMegaMac_nNn035
340
0
102
{BLKREFS
331
985
102
}
 70
     0
280
     1
281
     0
  0
BLOCK_RECORD
  5
986
330
1
100
AcDbSymbolTableRecord
100
AcDbBlockTableRecord
  2
AnonymMegaMac_nNn036
340
0
102
{BLKREFS
331
9E1
102
}
 70
     0
280
     1
281
     0
  0
BLOCK_RECORD
  5
9E2
330
1
100
AcDbSymbolTableRecord
100
AcDbBlockTableRecord
  2
AnonymMegaMac_nNn037
340
0
102
{BLKREFS
331
A4D
102
}
 70
     0
280
     1
281
     0
  0
BLOCK_RECORD
  5
A4E
330
1
100
AcDbSymbolTableRecord
100
AcDbBlockTableRecord
  2
AnonymMegaMac_nNn038
340
0
102
{BLKREFS
331
AB9
102
}
 70
     0
280
     1
281
     0
  0
BLOCK_RECORD
  5
ABA
330
1
100
AcDbSymbolTableRecord
100
AcDbBlockTableRecord
  2
AnonymMegaMac_nNn039
340
0
102
{BLKREFS
331
B15
102
}
 70
     0
280
     1
281
     0
  0
ENDTAB
  0
ENDSEC
  0
SECTION
  2
BLOCKS
  0
BLOCK
  5
20
330
1F
100
AcDbEntity
  8
0
100
AcDbBlockBegin
  2
*Model_Space
 70
     0
 10
0.0
 20
0.0
 30
0.0
  3
*Model_Space
  1

  0
ENDBLK
  5
21
330
1F
100
AcDbEntity
  8
0
100
AcDbBlockEnd
  0
BLOCK
  5
1C
330
1B
100
AcDbEntity
 67
     1
  8
0
100
AcDbBlockBegin
  2
*Paper_Space
 70
     0
 10
0.0
 20
0.0
 30
0.0
  3
*Paper_Space
  1

  0
ENDBLK
  5
1D
330
1B
100
AcDbEntity
 67
     1
  8
0
100
AcDbBlockEnd
  0
BLOCK
  5
24
330
23
100
AcDbEntity
  8
0
100
AcDbBlockBegin
  2
*Paper_Space0
 70
     0
 10
0.0
 20
0.0
 30
0.0
  3
*Paper_Space0
  1

  0
ENDBLK
  5
25
330
23
100
AcDbEntity
  8
0
100
AcDbBlockEnd
  0
BLOCK
  5
76
330
75
100
AcDbEntity
  8
0
100
AcDbBlockBegin
  2
AnonymMegaMac_nNn00
 70
     0
 10
0.0
 20
0.0
 30
0.0
  3
AnonymMegaMac_nNn00
  1

  0
INSERT
  5
105
330
75
100
AcDbEntity
  8
0
100
AcDbBlockReference
  2
AnonymMegaMac_nNn01
 10
0.0
 20
0.0
 30
0.0
  0
INSERT
  5
189
330
75
100
AcDbEntity
  8
0
100
AcDbBlockReference
  2
AnonymMegaMac_nNn04
 10
0.0
 20
0.0
 30
0.0
  0
INSERT
  5
1F1
330
75
100
AcDbEntity
  8
0
100
AcDbBlockReference
  2
AnonymMegaMac_nNn07
 10
0.0
 20
0.0
 30
0.0
  0
INSERT
  5
259
330
75
100
AcDbEntity
  8
0
100
AcDbBlockReference
  2
AnonymMegaMac_nNn08
 10
0.0
 20
0.0
 30
0.0
  0
INSERT
  5
2C1
330
75
100
AcDbEntity
  8
0
100
AcDbBlockReference
  2
AnonymMegaMac_nNn09
 10
0.0
 20
0.0
 30
0.0
  0
INSERT
  5
341
330
75
100
AcDbEntity
  8
0
100
AcDbBlockReference
  2
AnonymMegaMac_nNn010
 10
0.0
 20
0.0
 30
0.0
  0
INSERT
  5
3CF
330
75
100
AcDbEntity
  8
0
100
AcDbBlockReference
  2
AnonymMegaMac_nNn012
 10
0.0
 20
0.0
 30
0.0
  0
INSERT
  5
453
330
75
100
AcDbEntity
  8
0
100
AcDbBlockReference
  2
AnonymMegaMac_nNn015
 10
0.0
 20
0.0
 30
0.0
  0
INSERT
  5
4BB
330
75
100
AcDbEntity
  8
0
100
AcDbBlockReference
  2
AnonymMegaMac_nNn018
 10
0.0
 20
0.0
 30
0.0
  0
INSERT
  5
523
330
75
100
AcDbEntity
  8
0
100
AcDbBlockReference
  2
AnonymMegaMac_nNn019
 10
0.0
 20
0.0
 30
0.0
  0
INSERT
  5
58B
330
75
100
AcDbEntity
  8
0
100
AcDbBlockReference
  2
AnonymMegaMac_nNn020
 10
0.0
 20
0.0
 30
0.0
  0
INSERT
  5
60B
330
75
100
AcDbEntity
  8
0
100
AcDbBlockReference
  2
AnonymMegaMac_nNn021
 10
0.0
 20
0.0
 30
0.0
  0
LINE
  5
60C
330
75
100
AcDbEntity
  8
2
  6
AUSGEZOGEN
 62
     7
370
    35
100
AcDbLine
 10
-215.396484375
 20
-449.978917843297
 30
0.0
 11
-202.896484375
 21
-453.328283077672
 31
0.0
  0
LINE
  5
60D
330
75
100
AcDbEntity
  8
2
  6
AUSGEZOGEN
 62
     7
370
    35
100
AcDbLine
 10
-215.396484375
 20
-449.978917843297
 30
0.0
 11
-224.546875
 21
-440.828283077672
 31
0.0
  0
LINE
  5
60E
330
75
100
AcDbEntity
  8
2
  6
AUSGEZOGEN
 62
     7
370
    35
100
AcDbLine
 10
-224.546875
 20
-440.828283077672
 30
0.0
 11
-227.896484375
 21
-428.328290707066
 31
0.0
  0
LINE
  5
60F
330
75
100
AcDbEntity
  8
2
  6
AUSGEZOGEN
 62
     7
370
    35
100
AcDbLine
 10
-224.546875
 20
-415.828290707066
 30
0.0
 11
-227.896484375
 21
-428.328290707066
 31
0.0
  0
LINE
  5
610
330
75
100
AcDbEntity
  8
2
  6
AUSGEZOGEN
 62
     7
370
    35
100
AcDbLine
 10
-215.396484375
 20
-406.677655941441
 30
0.0
 11
-224.546875
 21
-415.828290707066
 31
0.0
  0
LINE
  5
611
330
75
100
AcDbEntity
  8
2
  6
AUSGEZOGEN
 62
     7
370
    35
100
AcDbLine
 10
-202.896484375
 20
-403.328290707066
 30
0.0
 11
-215.396484375
 21
-406.677655941441
 31
0.0
  0
LINE
  5
612
330
75
100
AcDbEntity
  8
2
  6
AUSGEZOGEN
 62
     7
370
    35
100
AcDbLine
 10
-190.396484375
 20
-406.677655941441
 30
0.0
 11
-202.896484375
 21
-403.328290707066
 31
0.0
  0
LINE
  5
613
330
75
100
AcDbEntity
  8
2
  6
AUSGEZOGEN
 62
     7
370
    35
100
AcDbLine
 10
-177.896484375
 20
-428.328290707066
 30
0.0
 11
-181.24609375
 21
-415.828290707066
 31
0.0
  0
LINE
  5
614
330
75
100
AcDbEntity
  8
2
  6
AUSGEZOGEN
 62
     7
370
    35
100
AcDbLine
 10
-181.24609375
 20
-440.828283077672
 30
0.0
 11
-177.896484375
 21
-428.328290707066
 31
0.0
  0
LINE
  5
615
330
75
100
AcDbEntity
  8
2
  6
AUSGEZOGEN
 62
     7
370
    35
100
AcDbLine
 10
-190.396484375
 20
-449.978917843297
 30
0.0
 11
-181.24609375
 21
-440.828283077672
 31
0.0
  0
LINE
  5
616
330
75
100
AcDbEntity
  8
2
  6
AUSGEZOGEN
 62
     7
370
    35
100
AcDbLine
 10
-202.896484375
 20
-453.328283077672
 30
0.0
 11
-190.396484375
 21
-449.978917843297
 31
0.0
  0
CIRCLE
  5
617
330
75
100
AcDbEntity
  8
2
  6
AUSGEZOGEN
 62
     7
370
    35
100
AcDbCircle
 10
-202.896083196803
 20
-428.328285194187
 30
0.0
 40
25.0
  0
CIRCLE
  5
618
330
75
100
AcDbEntity
  8
2
  6
AUSGEZOGEN
 62
     7
370
    35
100
AcDbCircle
 10
-202.896083196803
 20
-428.328285194187
 30
0.0
 40
25.0
  0
LINE
  5
619
330
75
100
AcDbEntity
  8
2
  6
AUSGEZOGEN
 62
     7
370
    35
100
AcDbLine
 10
-215.396484375
 20
-449.978917843297
 30
0.0
 11
-202.896484375
 21
-453.328283077672
 31
0.0
  0
LINE
  5
61A
330
75
100
AcDbEntity
  8
2
  6
AUSGEZOGEN
 62
     7
370
    35
100
AcDbLine
 10
-215.396484375
 20
-449.978917843297
 30
0.0
 11
-224.546875
 21
-440.828283077672
 31
0.0
  0
LINE
  5
61B
330
75
100
AcDbEntity
  8
2
  6
AUSGEZOGEN
 62
     7
370
    35
100
AcDbLine
 10
-224.546875
 20
-440.828283077672
 30
0.0
 11
-227.896484375
 21
-428.328290707066
 31
0.0
  0
LINE
  5
61C
330
75
100
AcDbEntity
  8
2
  6
AUSGEZOGEN
 62
     7
370
    35
100
AcDbLine
 10
-224.546875
 20
-415.828290707066
 30
0.0
 11
-227.896484375
 21
-428.328290707066
 31
0.0
  0
LINE
  5
61D
330
75
100
AcDbEntity
  8
2
  6
AUSGEZOGEN
 62
     7
370
    35
100
AcDbLine
 10
-215.396484375
 20
-406.677655941441
 30
0.0
 11
-224.546875
 21
-415.828290707066
 31
0.0
  0
LINE
  5
61E
330
75
100
AcDbEntity
  8
2
  6
AUSGEZOGEN
 62
     7
370
    35
100
AcDbLine
 10
-202.896484375
 20
-403.328290707066
 30
0.0
 11
-215.396484375
 21
-406.677655941441
 31
0.0
  0
LINE
  5
61F
330
75
100
AcDbEntity
  8
2
  6
AUSGEZOGEN
 62
     7
370
    35
100
AcDbLine
 10
-190.396484375
 20
-406.677655941441
 30
0.0
 11
-202.896484375
 21
-403.328290707066
 31
0.0
  0
LINE
  5
620
330
75
100
AcDbEntity
  8
2
  6
AUSGEZOGEN
 62
     7
370
    35
100
AcDbLine
 10
-177.896484375
 20
-428.328290707066
 30
0.0
 11
-181.24609375
 21
-415.828290707066
 31
0.0
  0
LINE
  5
621
330
75
100
AcDbEntity
  8
2
  6
AUSGEZOGEN
 62
     7
370
    35
100
AcDbLine
 10
-181.24609375
 20
-440.828283077672
 30
0.0
 11
-177.896484375
 21
-428.328290707066
 31
0.0
  0
LINE
  5
622
330
75
100
AcDbEntity
  8
2
  6
AUSGEZOGEN
 62
     7
370
    35
100
AcDbLine
 10
-190.396484375
 20
-449.978917843297
 30
0.0
 11
-181.24609375
 21
-440.828283077672
 31
0.0
  0
LINE
  5
623
330
75
100
AcDbEntity
  8
2
  6
AUSGEZOGEN
 62
     7
370
    35
100
AcDbLine
 10
-202.896484375
 20
-453.328283077672
 30
0.0
 11
-190.396484375
 21
-449.978917843297
 31
0.0
  0
CIRCLE
  5
624
330
75
100
AcDbEntity
  8
2
  6
AUSGEZOGEN
 62
     7
370
    35
100
AcDbCircle
 10
-202.896083196803
 20
-428.328285194188
 30
0.0
 40
25.0
  0
CIRCLE
  5
625
330
75
100
AcDbEntity
  8
2
  6
AUSGEZOGEN
 62
     7
370
    35
100
AcDbCircle
 10
-202.896083196803
 20
-428.328285194188
 30
0.0
 40
25.0
  0
ENDBLK
  5
77
330
75
100
AcDbEntity
  8
0
100
AcDbBlockEnd
  0
BLOCK
  5
79
330
78
100
AcDbEntity
  8
0
100
AcDbBlockBegin
  2
AnonymMegaMac_nNn01
 70
     0
 10
0.0
 20
0.0
 30
0.0
  3
AnonymMegaMac_nNn01
  1

  0
INSERT
  5
104
330
78
100
AcDbEntity
  8
0
100
AcDbBlockReference
  2
AnonymMegaMac_nNn02
 10
0.0
 20
0.0
 30
0.0
  0
ENDBLK
  5
7A
330
78
100
AcDbEntity
  8
0
100
AcDbBlockEnd
  0
BLOCK
  5
7C
330
7B
100
AcDbEntity
  8
0
100
AcDbBlockBegin
  2
AnonymMegaMac_nNn02
 70
     0
 10
0.0
 20
0.0
 30
0.0
  3
AnonymMegaMac_nNn02
  1

  0
INSERT
  5
103
330
7B
100
AcDbEntity
  8
0
100
AcDbBlockReference
  2
AnonymMegaMac_nNn03
 10
0.0
 20
0.0
 30
0.0
  0
ENDBLK
  5
7D
330
7B
100
AcDbEntity
  8
0
100
AcDbBlockEnd
  0
BLOCK
  5
7F
330
7E
100
AcDbEntity
  8
0
100
AcDbBlockBegin
  2
AnonymMegaMac_nNn03
 70
     0
 10
0.0
 20
0.0
 30
0.0
  3
AnonymMegaMac_nNn03
  1

  0
LINE
  5
81
330
7E
100
AcDbEntity
  8
2
  6
AUSGEZOGEN
 62
     7
370
    35
100
AcDbLine
 10
-278.052734375
 20
-483.043340450718
 30
0.0
 11
-278.052734375
 21
-722.022825008824
 31
0.0
  0
LINE
  5
82
330
7E
100
AcDbEntity
  8
2
  6
AUSGEZOGEN
 62
     7
370
    35
100
AcDbLine
 10
-155.072265625
 20
-482.994420772984
 30
0.0
 11
-278.052734375
 21
-483.043340450718
 31
0.0
  0
LINE
  5
83
330
7E
100
AcDbEntity
  8
2
  6
AUSGEZOGEN
 62
     7
370
    35
100
AcDbLine
 10
-117.38671875
 20
-582.874505764439
 30
0.0
 11
-153.20703125
 21
-495.177701717808
 31
0.0
  0
LINE
  5
84
330
7E
100
AcDbEntity
  8
2
  6
AUSGEZOGEN
 62
     7
370
    35
100
AcDbLine
 10
-278.052734375
 20
-722.022825008824
 30
0.0
 11
-277.552734375
 21
-722.022825008824
 31
0.0
  0
LINE
  5
85
330
7E
100
AcDbEntity
  8
2
  6
AUSGEZOGEN
 62
     7
370
    35
100
AcDbLine
 10
-277.552734375
 20
-722.022825008824
 30
0.0
 11
-277.552734375
 21
-753.328611141636
 31
0.0
  0
LINE
  5
86
330
7E
100
AcDbEntity
  8
2
  6
AUSGEZOGEN
 62
     7
370
    35
100
AcDbLine
 10
55.947265625
 20
-753.339872127965
 30
0.0
 11
55.947265625
 21
-726.791806942418
 31
0.0
  0
LINE
  5
87
330
7E
100
AcDbEntity
  8
2
  6
AUSGEZOGEN
 62
     7
370
    35
100
AcDbLine
 10
-277.552734375
 20
-753.328611141636
 30
0.0
 11
55.947265625
 21
-753.339872127965
 31
0.0
  0
LINE
  5
88
330
7E
100
AcDbEntity
  8
2
  6
AUSGEZOGEN
 62
     7
370
    35
100
AcDbLine
 10
222.96875
 20
-726.791806942418
 30
0.0
 11
222.96875
 21
-593.33874869962
 31
0.0
  0
LINE
  5
89
330
7E
100
AcDbEntity
  8
2
  6
AUSGEZOGEN
 62
     7
370
    35
100
AcDbLine
 10
55.947265625
 20
-726.791806942418
 30
0.0
 11
222.96875
 21
-726.791806942418
 31
0.0
  0
LINE
  5
8A
330
7E
100
AcDbEntity
  8
2
  6
AUSGEZOGEN
 62
     7
370
    35
100
AcDbLine
 10
222.96875
 20
-593.33874869962
 30
0.0
 11
-90.126953125
 21
-593.33874869962
 31
0.0
  0
LINE
  5
8B
330
7E
100
AcDbEntity
  8
2
  6
AUSGEZOGEN
 62
     7
370
    35
100
AcDbLine
 10
-150.61328125
 20
-494.122388607457
 30
0.0
 11
-155.072265625
 21
-482.994420772984
 31
0.0
  0
LINE
  5
8C
330
7E
100
AcDbEntity
  8
2
  6
AUSGEZOGEN
 62
     7
370
    35
100
AcDbLine
 10
-153.20703125
 20
-495.177701717808
 30
0.0
 11
-150.61328125
 21
-494.122388607457
 31
0.0
  0
CIRCLE
  5
8D
330
7E
100
AcDbEntity
  8
2
  6
AUSGEZOGEN
 62
     7
370
    35
100
AcDbCircle
 10
-193.822129188618
 20
-562.556531673863
 30
0.0
 40
15.25
  0
CIRCLE
  5
8E
330
7E
100
AcDbEntity
  8
2
  6
AUSGEZOGEN
 62
     7
370
    35
100
AcDbCircle
 10
-214.482179372742
 20
-512.028665194187
 30
0.0
 40
15.25
  0
ARC
  5
8F
330
7E
100
AcDbEntity
  8
2
  6
AUSGEZOGEN
 62
     7
370
    35
100
AcDbCircle
 10
-98.857443220782
 20
-575.345117221206
 30
0.0
 40
19.99999999999993
100
AcDbArc
 50
202.115159465363
 51
295.883762376933
  0
LINE
  5
90
330
7E
100
AcDbEntity
  8
2
  6
AUSGEZOGEN
 62
     7
370
    35
100
AcDbLine
 10
-278.052734375
 20
-479.043340450718
 30
0.0
 11
-278.052734375
 21
-432.690137630894
 31
0.0
  0
LINE
  5
91
330
7E
100
AcDbEntity
  8
2
  6
AUSGEZOGEN
 62
     7
370
    35
100
AcDbLine
 10
-278.052734375
 20
-432.690137630894
 30
0.0
 11
-237.453125
 21
-404.737745052769
 31
0.0
  0
LINE
  5
92
330
7E
100
AcDbEntity
  8
2
  6
AUSGEZOGEN
 62
     7
370
    35
100
AcDbLine
 10
-237.453125
 20
-404.737745052769
 30
0.0
 11
-211.169921875
 21
-404.737302547886
 31
0.0
  0
LINE
  5
93
330
7E
100
AcDbEntity
  8
2
  6
AUSGEZOGEN
 62
     7
370
    35
100
AcDbLine
 10
-156.67578125
 20
-478.99505401273
 30
0.0
 11
-278.052734375
 21
-479.043340450718
 31
0.0
  0
LINE
  5
94
330
7E
100
AcDbEntity
  8
2
  6
AUSGEZOGEN
 62
     7
370
    35
100
AcDbLine
 10
-176.654296875
 20
-429.137265926793
 30
0.0
 11
-156.67578125
 21
-478.99505401273
 31
0.0
  0
LINE
  5
95
330
7E
100
AcDbEntity
  8
2
  6
AUSGEZOGEN
 62
     7
370
    35
100
AcDbLine
 10
-177.896484375
 20
-428.587247616246
 30
0.0
 11
-176.654296875
 21
-429.137265926793
 31
0.0
  0
ARC
  5
96
330
7E
100
AcDbEntity
  8
2
  6
AUSGEZOGEN
 62
     7
370
    35
100
AcDbCircle
 10
-202.896083196803
 20
-428.328285194187
 30
0.0
 40
25.00000000000007
100
AcDbArc
 50
109.327965470817
 51
359.406479750557
  0
LINE
  5
97
330
7E
100
AcDbEntity
  8
2
  6
AUSGEZOGEN
 62
     7
370
    35
100
AcDbLine
 10
-277.552734375
 20
-753.328611141636
 30
0.0
 11
55.947265625
 21
-753.339872127965
 31
0.0
  0
LINE
  5
98
330
7E
100
AcDbEntity
  8
2
  6
AUSGEZOGEN
 62
     7
370
    35
100
AcDbLine
 10
55.947265625
 20
-753.339872127965
 30
0.0
 11
-277.552734375
 21
-753.328611141636
 31
0.0
  0
LINE
  5
99
330
7E
100
AcDbEntity
  8
2
  6
AUSGEZOGEN
 62
     7
370
    35
100
AcDbLine
 10
55.947265625
 20
-753.339872127965
 30
0.0
 11
55.947265625
 21
-726.791806942418
 31
0.0
  0
LINE
  5
9A
330
7E
100
AcDbEntity
  8
2
  6
AUSGEZOGEN
 62
     7
370
    35
100
AcDbLine
 10
55.947265625
 20
-726.791806942418
 30
0.0
 11
55.947265625
 21
-753.339872127965
 31
0.0
  0
LINE
  5
9B
330
7E
100
AcDbEntity
  8
2
  6
AUSGEZOGEN
 62
     7
370
    35
100
AcDbLine
 10
55.947265625
 20
-726.791806942418
 30
0.0
 11
222.96875
 21
-726.791806942418
 31
0.0
  0
LINE
  5
9C
330
7E
100
AcDbEntity
  8
2
  6
AUSGEZOGEN
 62
     7
370
    35
100
AcDbLine
 10
222.96875
 20
-726.791806942418
 30
0.0
 11
55.947265625
 21
-726.791806942418
 31
0.0
  0
LINE
  5
9D
330
7E
100
AcDbEntity
  8
2
  6
AUSGEZOGEN
 62
     7
370
    35
100
AcDbLine
 10
222.96875
 20
-726.791806942418
 30
0.0
 11
222.96875
 21
-593.33874869962
 31
0.0
  0
LINE
  5
9E
330
7E
100
AcDbEntity
  8
2
  6
AUSGEZOGEN
 62
     7
370
    35
100
AcDbLine
 10
222.96875
 20
-593.33874869962
 30
0.0
 11
222.96875
 21
-726.791806942418
 31
0.0
  0
LINE
  5
9F
330
7E
100
AcDbEntity
  8
2
  6
AUSGEZOGEN
 62
     7
370
    35
100
AcDbLine
 10
222.96875
 20
-593.33874869962
 30
0.0
 11
-90.126953125
 21
-593.33874869962
 31
0.0
  0
LINE
  5
A0
330
7E
100
AcDbEntity
  8
2
  6
AUSGEZOGEN
 62
     7
370
    35
100
AcDbLine
 10
-90.126953125
 20
-593.33874869962
 30
0.0
 11
222.96875
 21
-593.33874869962
 31
0.0
  0
LINE
  5
A1
330
7E
100
AcDbEntity
  8
2
  6
AUSGEZOGEN
 62
     7
370
    35
100
AcDbLine
 10
-278.052734375
 20
-722.022825008824
 30
0.0
 11
-277.552734375
 21
-722.022825008824
 31
0.0
  0
LINE
  5
A2
330
7E
100
AcDbEntity
  8
2
  6
AUSGEZOGEN
 62
     7
370
    35
100
AcDbLine
 10
-277.552734375
 20
-722.022825008824
 30
0.0
 11
-278.052734375
 21
-722.022825008824
 31
0.0
  0
LINE
  5
A3
330
7E
100
AcDbEntity
  8
2
  6
AUSGEZOGEN
 62
     7
370
    35
100
AcDbLine
 10
-277.552734375
 20
-722.022825008824
 30
0.0
 11
-277.552734375
 21
-753.328611141636
 31
0.0
  0
LINE
  5
A4
330
7E
100
AcDbEntity
  8
2
  6
AUSGEZOGEN
 62
     7
370
    35
100
AcDbLine
 10
-277.552734375
 20
-753.328611141636
 30
0.0
 11
-277.552734375
 21
-722.022825008824
 31
0.0
  0
LINE
  5
A5
330
7E
100
AcDbEntity
  8
2
  6
AUSGEZOGEN
 62
     7
370
    35
100
AcDbLine
 10
55.947265625
 20
-753.339872127965
 30
0.0
 11
-277.552734375
 21
-753.328611141636
 31
0.0
  0
LINE
  5
A6
330
7E
100
AcDbEntity
  8
2
  6
AUSGEZOGEN
 62
     7
370
    35
100
AcDbLine
 10
55.947265625
 20
-726.791806942418
 30
0.0
 11
55.947265625
 21
-753.339872127965
 31
0.0
  0
LINE
  5
A7
330
7E
100
AcDbEntity
  8
2
  6
AUSGEZOGEN
 62
     7
370
    35
100
AcDbLine
 10
-277.552734375
 20
-753.328611141636
 30
0.0
 11
-277.552734375
 21
-722.022825008824
 31
0.0
  0
LINE
  5
A8
330
7E
100
AcDbEntity
  8
2
  6
AUSGEZOGEN
 62
     7
370
    35
100
AcDbLine
 10
-277.552734375
 20
-722.022825008824
 30
0.0
 11
-278.052734375
 21
-722.022825008824
 31
0.0
  0
LINE
  5
A9
330
7E
100
AcDbEntity
  8
2
  6
AUSGEZOGEN
 62
     7
370
    35
100
AcDbLine
 10
-278.052734375
 20
-722.022825008824
 30
0.0
 11
-278.052734375
 21
-593.339198833897
 31
0.0
  0
LINE
  5
AA
330
7E
100
AcDbEntity
  8
2
  6
AUSGEZOGEN
 62
     7
370
    35
100
AcDbLine
 10
-278.052734375
 20
-593.339198833897
 30
0.0
 11
-124.130859375
 21
-593.33874869962
 31
0.0
  0
LINE
  5
AB
330
7E
100
AcDbEntity
  8
2
  6
AUSGEZOGEN
 62
     7
370
    35
100
AcDbLine
 10
-124.130859375
 20
-593.33874869962
 30
0.0
 11
-121.130859375
 21
-591.338775402501
 31
0.0
  0
LINE
  5
AC
330
7E
100
AcDbEntity
  8
2
  6
AUSGEZOGEN
 62
     7
370
    35
100
AcDbLine
 10
-121.130859375
 20
-591.338775402501
 30
0.0
 11
-121.130859375
 21
-573.705701595738
 31
0.0
  0
LINE
  5
AD
330
7E
100
AcDbEntity
  8
2
  6
AUSGEZOGEN
 62
     7
370
    35
100
AcDbLine
 10
-121.130859375
 20
-573.705701595738
 30
0.0
 11
-117.38671875
 21
-582.874505764439
 31
0.0
  0
LINE
  5
AE
330
7E
100
AcDbEntity
  8
2
  6
AUSGEZOGEN
 62
     7
370
    35
100
AcDbLine
 10
-90.126953125
 20
-593.33874869962
 30
0.0
 11
222.96875
 21
-593.33874869962
 31
0.0
  0
LINE
  5
AF
330
7E
100
AcDbEntity
  8
2
  6
AUSGEZOGEN
 62
     7
370
    35
100
AcDbLine
 10
222.96875
 20
-593.33874869962
 30
0.0
 11
222.96875
 21
-726.791806942418
 31
0.0
  0
LINE
  5
B0
330
7E
100
AcDbEntity
  8
2
  6
AUSGEZOGEN
 62
     7
370
    35
100
AcDbLine
 10
222.96875
 20
-726.791806942418
 30
0.0
 11
55.947265625
 21
-726.791806942418
 31
0.0
  0
ARC
  5
B1
330
7E
100
AcDbEntity
  8
2
  6
AUSGEZOGEN
 62
     7
370
    35
100
AcDbCircle
 10
-98.857443220782
 20
-575.345117221206
 30
0.0
 40
19.99999999999993
100
AcDbArc
 50
202.115159465363
 51
295.883762376933
  0
LINE
  5
B2
330
7E
100
AcDbEntity
  8
2
  6
AUSGEZOGEN
 62
     7
370
    35
100
AcDbLine
 10
-278.052734375
 20
-481.043340450718
 30
0.0
 11
-155.875
 21
-480.99473357816
 31
0.0
  0
LINE
  5
B3
330
7E
100
AcDbEntity
  8
2
  6
AUSGEZOGEN
 62
     7
370
    35
100
AcDbLine
 10
-155.875
 20
-480.99473357816
 30
0.0
 11
-278.052734375
 21
-481.043340450718
 31
0.0
  0
LINE
  5
B4
330
7E
100
AcDbEntity
  8
2
  6
AUSGEZOGEN
 62
     7
370
    35
100
AcDbLine
 10
-176.654296875
 20
-429.137265926793
 30
0.0
 11
-177.896484375
 21
-428.587247616246
 31
0.0
  0
LINE
  5
B5
330
7E
100
AcDbEntity
  8
2
  6
AUSGEZOGEN
 62
     7
370
    35
100
AcDbLine
 10
-177.896484375
 20
-428.587247616246
 30
0.0
 11
-176.654296875
 21
-429.137265926793
 31
0.0
  0
LINE
  5
B6
330
7E
100
AcDbEntity
  8
2
  6
AUSGEZOGEN
 62
     7
370
    35
100
AcDbLine
 10
-211.169921875
 20
-404.737302547886
 30
0.0
 11
-237.453125
 21
-404.737745052769
 31
0.0
  0
LINE
  5
B7
330
7E
100
AcDbEntity
  8
2
  6
AUSGEZOGEN
 62
     7
370
    35
100
AcDbLine
 10
-237.453125
 20
-404.737745052769
 30
0.0
 11
-211.169921875
 21
-404.737302547886
 31
0.0
  0
LINE
  5
B8
330
7E
100
AcDbEntity
  8
2
  6
AUSGEZOGEN
 62
     7
370
    35
100
AcDbLine
 10
-237.453125
 20
-404.737745052769
 30
0.0
 11
-278.052734375
 21
-432.690137630894
 31
0.0
  0
LINE
  5
B9
330
7E
100
AcDbEntity
  8
2
  6
AUSGEZOGEN
 62
     7
370
    35
100
AcDbLine
 10
-278.052734375
 20
-432.690137630894
 30
0.0
 11
-237.453125
 21
-404.737745052769
 31
0.0
  0
LINE
  5
BA
330
7E
100
AcDbEntity
  8
2
  6
AUSGEZOGEN
 62
     7
370
    35
100
AcDbLine
 10
-278.052734375
 20
-432.690137630894
 30
0.0
 11
-278.052734375
 21
-481.043340450718
 31
0.0
  0
LINE
  5
BB
330
7E
100
AcDbEntity
  8
2
  6
AUSGEZOGEN
 62
     7
370
    35
100
AcDbLine
 10
-278.052734375
 20
-481.043340450718
 30
0.0
 11
-155.875
 21
-480.99473357816
 31
0.0
  0
LINE
  5
BC
330
7E
100
AcDbEntity
  8
2
  6
AUSGEZOGEN
 62
     7
370
    35
100
AcDbLine
 10
-155.875
 20
-480.99473357816
 30
0.0
 11
-176.654296875
 21
-429.137265926793
 31
0.0
  0
LINE
  5
BD
330
7E
100
AcDbEntity
  8
2
  6
AUSGEZOGEN
 62
     7
370
    35
100
AcDbLine
 10
-176.654296875
 20
-429.137265926793
 30
0.0
 11
-177.896484375
 21
-428.587247616246
 31
0.0
  0
LINE
  5
BE
330
7E
100
AcDbEntity
  8
2
  6
AUSGEZOGEN
 62
     7
370
    35
100
AcDbLine
 10
-237.453125
 20
-404.737745052769
 30
0.0
 11
-278.052734375
 21
-432.690137630894
 31
0.0
  0
LINE
  5
BF
330
7E
100
AcDbEntity
  8
2
  6
AUSGEZOGEN
 62
     7
370
    35
100
AcDbLine
 10
-211.169921875
 20
-404.737302547886
 30
0.0
 11
-237.453125
 21
-404.737745052769
 31
0.0
  0
ARC
  5
C0
330
7E
100
AcDbEntity
  8
2
  6
AUSGEZOGEN
 62
     7
370
    35
100
AcDbCircle
 10
-202.896083196803
 20
-428.328285194187
 30
0.0
 40
25.00000000000007
100
AcDbArc
 50
109.327965470817
 51
359.406479750557
  0
LINE
  5
C1
330
7E
100
AcDbEntity
  8
2
  6
AUSGEZOGEN
 62
     7
370
    35
100
AcDbLine
 10
-124.130859375
 20
-593.33874869962
 30
0.0
 11
-278.052734375
 21
-593.339198833897
 31
0.0
  0
LINE
  5
C2
330
7E
100
AcDbEntity
  8
2
  6
AUSGEZOGEN
 62
     7
370
    35
100
AcDbLine
 10
-278.052734375
 20
-593.339198833897
 30
0.0
 11
-124.130859375
 21
-593.33874869962
 31
0.0
  0
LINE
  5
C3
330
7E
100
AcDbEntity
  8
2
  6
AUSGEZOGEN
 62
     7
370
    35
100
AcDbLine
 10
-121.130859375
 20
-591.338775402501
 30
0.0
 11
-124.130859375
 21
-593.33874869962
 31
0.0
  0
LINE
  5
C4
330
7E
100
AcDbEntity
  8
2
  6
AUSGEZOGEN
 62
     7
370
    35
100
AcDbLine
 10
-124.130859375
 20
-593.33874869962
 30
0.0
 11
-121.130859375
 21
-591.338775402501
 31
0.0
  0
LINE
  5
C5
330
7E
100
AcDbEntity
  8
2
  6
AUSGEZOGEN
 62
     7
370
    35
100
AcDbLine
 10
-121.130859375
 20
-573.705701595738
 30
0.0
 11
-121.130859375
 21
-591.338775402501
 31
0.0
  0
LINE
  5
C6
330
7E
100
AcDbEntity
  8
2
  6
AUSGEZOGEN
 62
     7
370
    35
100
AcDbLine
 10
-121.130859375
 20
-591.338775402501
 30
0.0
 11
-121.130859375
 21
-573.705701595738
 31
0.0
  0
LINE
  5
C7
330
7E
100
AcDbEntity
  8
2
  6
AUSGEZOGEN
 62
     7
370
    35
100
AcDbLine
 10
-121.130859375
 20
-573.705701595738
 30
0.0
 11
-153.20703125
 21
-495.177701717808
 31
0.0
  0
LINE
  5
C8
330
7E
100
AcDbEntity
  8
2
  6
AUSGEZOGEN
 62
     7
370
    35
100
AcDbLine
 10
-153.20703125
 20
-495.177701717808
 30
0.0
 11
-117.38671875
 21
-582.874505764439
 31
0.0
  0
LINE
  5
C9
330
7E
100
AcDbEntity
  8
2
  6
AUSGEZOGEN
 62
     7
370
    35
100
AcDbLine
 10
-117.38671875
 20
-582.874505764439
 30
0.0
 11
-121.130859375
 21
-573.705701595738
 31
0.0
  0
LINE
  5
CA
330
7E
100
AcDbEntity
  8
2
  6
AUSGEZOGEN
 62
     7
370
    35
100
AcDbLine
 10
-153.20703125
 20
-495.177701717808
 30
0.0
 11
-150.61328125
 21
-494.122388607457
 31
0.0
  0
LINE
  5
CB
330
7E
100
AcDbEntity
  8
2
  6
AUSGEZOGEN
 62
     7
370
    35
100
AcDbLine
 10
-150.61328125
 20
-494.122388607457
 30
0.0
 11
-153.20703125
 21
-495.177701717808
 31
0.0
  0
LINE
  5
CC
330
7E
100
AcDbEntity
  8
2
  6
AUSGEZOGEN
 62
     7
370
    35
100
AcDbLine
 10
-150.61328125
 20
-494.122388607457
 30
0.0
 11
-155.875
 21
-480.99473357816
 31
0.0
  0
LINE
  5
CD
330
7E
100
AcDbEntity
  8
2
  6
AUSGEZOGEN
 62
     7
370
    35
100
AcDbLine
 10
-155.072265625
 20
-482.994420772984
 30
0.0
 11
-150.61328125
 21
-494.122388607457
 31
0.0
  0
LINE
  5
CE
330
7E
100
AcDbEntity
  8
2
  6
AUSGEZOGEN
 62
     7
370
    35
100
AcDbLine
 10
-176.654296875
 20
-429.137265926793
 30
0.0
 11
-155.875
 21
-480.99473357816
 31
0.0
  0
LINE
  5
CF
330
7E
100
AcDbEntity
  8
2
  6
AUSGEZOGEN
 62
     7
370
    35
100
AcDbLine
 10
-156.67578125
 20
-478.99505401273
 30
0.0
 11
-176.654296875
 21
-429.137265926793
 31
0.0
  0
LINE
  5
D0
330
7E
100
AcDbEntity
  8
2
  6
AUSGEZOGEN
 62
     7
370
    35
100
AcDbLine
 10
-155.073073715193
 20
-482.994417619868
 30
0.0
 11
-155.874399537894
 21
-480.994736262167
 31
0.0
  0
LINE
  5
D1
330
7E
100
AcDbEntity
  8
2
  6
AUSGEZOGEN
 62
     7
370
    35
100
AcDbLine
 10
-156.67572536059
 20
-478.995054904466
 30
0.0
 11
-155.87439953789
 21
-480.994736262167
 31
0.0
  0
LINE
  5
D2
330
7E
100
AcDbEntity
  8
2
  6
AUSGEZOGEN
 62
     7
370
    35
100
AcDbLine
 10
-278.052734375
 20
-481.043340450718
 30
0.0
 11
-155.875
 21
-480.99473357816
 31
0.0
  0
LINE
  5
D3
330
7E
100
AcDbEntity
  8
2
  6
AUSGEZOGEN
 62
     7
370
    35
100
AcDbLine
 10
-155.875
 20
-480.99473357816
 30
0.0
 11
-278.052734375
 21
-481.043340450718
 31
0.0
  0
LINE
  5
D4
330
7E
100
AcDbEntity
  8
2
  6
AUSGEZOGEN
 62
     7
370
    35
100
AcDbLine
 10
-278.052734375
 20
-481.043340450718
 30
0.0
 11
-278.052734375
 21
-593.339198833897
 31
0.0
  0
LINE
  5
D5
330
7E
100
AcDbEntity
  8
2
  6
AUSGEZOGEN
 62
     7
370
    35
100
AcDbLine
 10
-278.052734375
 20
-722.022825008824
 30
0.0
 11
-278.052734375
 21
-483.043340450718
 31
0.0
  0
LINE
  5
D6
330
7E
100
AcDbEntity
  8
2
  6
AUSGEZOGEN
 62
     7
370
    35
100
AcDbLine
 10
-278.052734375
 20
-432.690137630894
 30
0.0
 11
-278.052734375
 21
-479.043340450718
 31
0.0
  0
LINE
  5
D7
330
7E
100
AcDbEntity
  8
2
  6
AUSGEZOGEN
 62
     7
370
    35
100
AcDbLine
 10
-278.052734375
 20
-481.043340450718
 30
0.0
 11
-278.052734375
 21
-432.690137630894
 31
0.0
  0
LINE
  5
D8
330
7E
100
AcDbEntity
  8
2
  6
AUSGEZOGEN
 62
     7
370
    35
100
AcDbLine
 10
-278.052734375
 20
-593.339198833897
 30
0.0
 11
-278.052734375
 21
-722.022825008824
 31
0.0
  0
LINE
  5
D9
330
7E
100
AcDbEntity
  8
2
  6
AUSGEZOGEN
 62
     7
370
    35
100
AcDbLine
 10
-278.053179899776
 20
-483.043344198657
 30
0.0
 11
-278.053179899776
 21
-481.043344037574
 31
0.0
  0
LINE
  5
DA
330
7E
100
AcDbEntity
  8
2
  6
AUSGEZOGEN
 62
     7
370
    35
100
AcDbLine
 10
-278.053179899776
 20
-479.04334387649
 30
0.0
 11
-278.053179899776
 21
-481.043344037573
 31
0.0
  0
LINE
  5
DB
330
7E
100
AcDbEntity
  8
2
  6
AUSGEZOGEN
 62
     7
370
    35
100
AcDbLine
 10
-150.61328125
 20
-494.122388607457
 30
0.0
 11
-153.20703125
 21
-495.177701717808
 31
0.0
  0
LINE
  5
DC
330
7E
100
AcDbEntity
  8
2
  6
AUSGEZOGEN
 62
     7
370
    35
100
AcDbLine
 10
-155.875
 20
-480.99473357816
 30
0.0
 11
-150.61328125
 21
-494.122388607457
 31
0.0
  0
LINE
  5
DD
330
7E
100
AcDbEntity
  8
2
  6
AUSGEZOGEN
 62
     7
370
    35
100
AcDbLine
 10
-278.052734375
 20
-481.043340450718
 30
0.0
 11
-155.875
 21
-480.99473357816
 31
0.0
  0
LINE
  5
DE
330
7E
100
AcDbEntity
  8
2
  6
AUSGEZOGEN
 62
     7
370
    35
100
AcDbLine
 10
-124.130859375
 20
-593.33874869962
 30
0.0
 11
-278.052734375
 21
-593.339198833897
 31
0.0
  0
LINE
  5
DF
330
7E
100
AcDbEntity
  8
2
  6
AUSGEZOGEN
 62
     7
370
    35
100
AcDbLine
 10
-153.20703125
 20
-495.177701717808
 30
0.0
 11
-121.130859375
 21
-573.705701595738
 31
0.0
  0
LINE
  5
E0
330
7E
100
AcDbEntity
  8
2
  6
AUSGEZOGEN
 62
     7
370
    35
100
AcDbLine
 10
-278.052734375
 20
-593.339198833897
 30
0.0
 11
-278.052734375
 21
-481.043340450718
 31
0.0
  0
LINE
  5
E1
330
7E
100
AcDbEntity
  8
2
  6
AUSGEZOGEN
 62
     7
370
    35
100
AcDbLine
 10
-121.130859375
 20
-591.338775402501
 30
0.0
 11
-124.130859375
 21
-593.33874869962
 31
0.0
  0
LINE
  5
E2
330
7E
100
AcDbEntity
  8
2
  6
AUSGEZOGEN
 62
     7
370
    35
100
AcDbLine
 10
-121.130859375
 20
-573.705701595738
 30
0.0
 11
-121.130859375
 21
-591.338775402501
 31
0.0
  0
CIRCLE
  5
E3
330
7E
100
AcDbEntity
  8
2
  6
AUSGEZOGEN
 62
     7
370
    35
100
AcDbCircle
 10
-214.482179372742
 20
-512.028665194187
 30
0.0
 40
10.25
  0
CIRCLE
  5
E4
330
7E
100
AcDbEntity
  8
2
  6
AUSGEZOGEN
 62
     7
370
    35
100
AcDbCircle
 10
-193.822129188618
 20
-562.556531673863
 30
0.0
 40
10.25
  0
LINE
  5
E5
330
7E
100
AcDbEntity
  8
2
  6
AUSGEZOGEN
 62
     7
370
    35
100
AcDbLine
 10
-277.552734375
 20
-753.328611141636
 30
0.0
 11
55.947265625
 21
-753.339872127965
 31
0.0
  0
LINE
  5
E6
330
7E
100
AcDbEntity
  8
2
  6
AUSGEZOGEN
 62
     7
370
    35
100
AcDbLine
 10
55.947265625
 20
-753.339872127965
 30
0.0
 11
-277.552734375
 21
-753.328611141636
 31
0.0
  0
LINE
  5
E7
330
7E
100
AcDbEntity
  8
2
  6
AUSGEZOGEN
 62
     7
370
    35
100
AcDbLine
 10
55.947265625
 20
-753.339872127965
 30
0.0
 11
55.947265625
 21
-726.791806942418
 31
0.0
  0
LINE
  5
E8
330
7E
100
AcDbEntity
  8
2
  6
AUSGEZOGEN
 62
     7
370
    35
100
AcDbLine
 10
55.947265625
 20
-726.791806942418
 30
0.0
 11
55.947265625
 21
-753.339872127965
 31
0.0
  0
LINE
  5
E9
330
7E
100
AcDbEntity
  8
2
  6
AUSGEZOGEN
 62
     7
370
    35
100
AcDbLine
 10
55.947265625
 20
-726.791806942418
 30
0.0
 11
222.96875
 21
-726.791806942418
 31
0.0
  0
LINE
  5
EA
330
7E
100
AcDbEntity
  8
2
  6
AUSGEZOGEN
 62
     7
370
    35
100
AcDbLine
 10
222.96875
 20
-726.791806942418
 30
0.0
 11
55.947265625
 21
-726.791806942418
 31
0.0
  0
LINE
  5
EB
330
7E
100
AcDbEntity
  8
2
  6
AUSGEZOGEN
 62
     7
370
    35
100
AcDbLine
 10
222.96875
 20
-726.791806942418
 30
0.0
 11
222.96875
 21
-593.33874869962
 31
0.0
  0
LINE
  5
EC
330
7E
100
AcDbEntity
  8
2
  6
AUSGEZOGEN
 62
     7
370
    35
100
AcDbLine
 10
222.96875
 20
-593.33874869962
 30
0.0
 11
222.96875
 21
-726.791806942418
 31
0.0
  0
LINE
  5
ED
330
7E
100
AcDbEntity
  8
2
  6
AUSGEZOGEN
 62
     7
370
    35
100
AcDbLine
 10
222.96875
 20
-593.33874869962
 30
0.0
 11
-90.126953125
 21
-593.33874869962
 31
0.0
  0
LINE
  5
EE
330
7E
100
AcDbEntity
  8
2
  6
AUSGEZOGEN
 62
     7
370
    35
100
AcDbLine
 10
-90.126953125
 20
-593.33874869962
 30
0.0
 11
222.96875
 21
-593.33874869962
 31
0.0
  0
LINE
  5
EF
330
7E
100
AcDbEntity
  8
2
  6
AUSGEZOGEN
 62
     7
370
    35
100
AcDbLine
 10
-90.126953125
 20
-593.33874869962
 30
0.0
 11
-98.005859375
 21
-595.32695937772
 31
0.0
  0
LINE
  5
F0
330
7E
100
AcDbEntity
  8
2
  6
AUSGEZOGEN
 62
     7
370
    35
100
AcDbLine
 10
-106.025390625
 20
-594.016658550694
 30
0.0
 11
-98.005859375
 21
-595.32695937772
 31
0.0
  0
LINE
  5
F1
330
7E
100
AcDbEntity
  8
2
  6
AUSGEZOGEN
 62
     7
370
    35
100
AcDbLine
 10
-112.861328125
 20
-589.62414146085
 30
0.0
 11
-106.025390625
 21
-594.016658550694
 31
0.0
  0
LINE
  5
F2
330
7E
100
AcDbEntity
  8
2
  6
AUSGEZOGEN
 62
     7
370
    35
100
AcDbLine
 10
-117.38671875
 20
-582.874505764439
 30
0.0
 11
-112.861328125
 21
-589.62414146085
 31
0.0
  0
LINE
  5
F3
330
7E
100
AcDbEntity
  8
2
  6
AUSGEZOGEN
 62
     7
370
    35
100
AcDbLine
 10
-117.38671875
 20
-582.874505764439
 30
0.0
 11
-121.130859375
 21
-573.705701595738
 31
0.0
  0
LINE
  5
F4
330
7E
100
AcDbEntity
  8
2
  6
AUSGEZOGEN
 62
     7
370
    35
100
AcDbLine
 10
-121.130859375
 20
-573.705701595738
 30
0.0
 11
-117.38671875
 21
-582.874505764439
 31
0.0
  0
LINE
  5
F5
330
7E
100
AcDbEntity
  8
2
  6
AUSGEZOGEN
 62
     7
370
    35
100
AcDbLine
 10
-121.130859375
 20
-573.705701595738
 30
0.0
 11
-121.130859375
 21
-591.338775402501
 31
0.0
  0
LINE
  5
F6
330
7E
100
AcDbEntity
  8
2
  6
AUSGEZOGEN
 62
     7
370
    35
100
AcDbLine
 10
-121.130859375
 20
-591.338775402501
 30
0.0
 11
-121.130859375
 21
-573.705701595738
 31
0.0
  0
LINE
  5
F7
330
7E
100
AcDbEntity
  8
2
  6
AUSGEZOGEN
 62
     7
370
    35
100
AcDbLine
 10
-121.130859375
 20
-591.338775402501
 30
0.0
 11
-124.130859375
 21
-593.33874869962
 31
0.0
  0
LINE
  5
F8
330
7E
100
AcDbEntity
  8
2
  6
AUSGEZOGEN
 62
     7
370
    35
100
AcDbLine
 10
-124.130859375
 20
-593.33874869962
 30
0.0
 11
-121.130859375
 21
-591.338775402501
 31
0.0
  0
LINE
  5
F9
330
7E
100
AcDbEntity
  8
2
  6
AUSGEZOGEN
 62
     7
370
    35
100
AcDbLine
 10
-124.130859375
 20
-593.33874869962
 30
0.0
 11
-278.052734375
 21
-593.339198833897
 31
0.0
  0
LINE
  5
FA
330
7E
100
AcDbEntity
  8
2
  6
AUSGEZOGEN
 62
     7
370
    35
100
AcDbLine
 10
-278.052734375
 20
-593.339198833897
 30
0.0
 11
-124.130859375
 21
-593.33874869962
 31
0.0
  0
LINE
  5
FB
330
7E
100
AcDbEntity
  8
2
  6
AUSGEZOGEN
 62
     7
370
    35
100
AcDbLine
 10
-278.052734375
 20
-593.339198833897
 30
0.0
 11
-278.052734375
 21
-722.022825008824
 31
0.0
  0
LINE
  5
FC
330
7E
100
AcDbEntity
  8
2
  6
AUSGEZOGEN
 62
     7
370
    35
100
AcDbLine
 10
-278.052734375
 20
-722.022825008824
 30
0.0
 11
-278.052734375
 21
-593.339198833897
 31
0.0
  0
LINE
  5
FD
330
7E
100
AcDbEntity
  8
2
  6
AUSGEZOGEN
 62
     7
370
    35
100
AcDbLine
 10
-278.052734375
 20
-722.022825008824
 30
0.0
 11
-277.552734375
 21
-722.022825008824
 31
0.0
  0
LINE
  5
FE
330
7E
100
AcDbEntity
  8
2
  6
AUSGEZOGEN
 62
     7
370
    35
100
AcDbLine
 10
-277.552734375
 20
-722.022825008824
 30
0.0
 11
-278.052734375
 21
-722.022825008824
 31
0.0
  0
LINE
  5
FF
330
7E
100
AcDbEntity
  8
2
  6
AUSGEZOGEN
 62
     7
370
    35
100
AcDbLine
 10
-277.552734375
 20
-722.022825008824
 30
0.0
 11
-277.552734375
 21
-753.328611141636
 31
0.0
  0
LINE
  5
100
330
7E
100
AcDbEntity
  8
2
  6
AUSGEZOGEN
 62
     7
370
    35
100
AcDbLine
 10
-277.552734375
 20
-753.328611141636
 30
0.0
 11
-277.552734375
 21
-722.022825008824
 31
0.0
  0
ARC
  5
101
330
7E
100
AcDbEntity
  8
2
  6
AUSGEZOGEN
 62
     7
370
    35
100
AcDbCircle
 10
-98.857443220782
 20
-575.345117221205
 30
0.0
 40
19.99999999999999
100
AcDbArc
 50
202.115159466047
 51
295.88376237693
  0
ARC
  5
102
330
7E
100
AcDbEntity
  8
2
  6
AUSGEZOGEN
 62
     7
370
    35
100
AcDbCircle
 10
-98.857443220782
 20
-575.345117221205
 30
0.0
 40
19.99999999999999
100
AcDbArc
 50
202.115159466047
 51
295.88376237693
  0
ENDBLK
  5
80
330
7E
100
AcDbEntity
  8
0
100
AcDbBlockEnd
  0
BLOCK
  5
107
330
106
100
AcDbEntity
  8
0
100
AcDbBlockBegin
  2
AnonymMegaMac_nNn04
 70
     0
 10
0.0
 20
0.0
 30
0.0
  3
AnonymMegaMac_nNn04
  1

  0
INSERT
  5
188
330
106
100
AcDbEntity
  8
0
100
AcDbBlockReference
  2
AnonymMegaMac_nNn05
 10
0.0
 20
0.0
 30
0.0
  0
ENDBLK
  5
108
330
106
100
AcDbEntity
  8
0
100
AcDbBlockEnd
  0
BLOCK
  5
10A
330
109
100
AcDbEntity
  8
0
100
AcDbBlockBegin
  2
AnonymMegaMac_nNn05
 70
     0
 10
0.0
 20
0.0
 30
0.0
  3
AnonymMegaMac_nNn05
  1

  0
INSERT
  5
187
330
109
100
AcDbEntity
  8
0
100
AcDbBlockReference
  2
AnonymMegaMac_nNn06
 10
0.0
 20
0.0
 30
0.0
  0
ENDBLK
  5
10B
330
109
100
AcDbEntity
  8
0
100
AcDbBlockEnd
  0
BLOCK
  5
10D
330
10C
100
AcDbEntity
  8
0
100
AcDbBlockBegin
  2
AnonymMegaMac_nNn06
 70
     0
 10
0.0
 20
0.0
 30
0.0
  3
AnonymMegaMac_nNn06
  1

  0
LINE
  5
10F
330
10C
100
AcDbEntity
  8
2
  6
AUSGEZOGEN
 62
     7
370
    35
100
AcDbLine
 10
-41.03125
 20
-593.33874869962
 30
0.0
 11
-41.03125
 21
-609.638746029332
 31
0.0
  0
LINE
  5
110
330
10C
100
AcDbEntity
  8
2
  6
AUSGEZOGEN
 62
     7
370
    35
100
AcDbLine
 10
-41.03125
 20
-609.638746029332
 30
0.0
 11
222.96875
 21
-609.638746029332
 31
0.0
  0
LINE
  5
111
330
10C
100
AcDbEntity
  8
2
  6
AUSGEZOGEN
 62
     7
370
    35
100
AcDbLine
 10
222.96875
 20
-609.638746029332
 30
0.0
 11
222.96875
 21
-593.33874869962
 31
0.0
  0
LINE
  5
112
330
10C
100
AcDbEntity
  8
2
  6
AUSGEZOGEN
 62
     7
370
    35
100
AcDbLine
 10
222.96875
 20
-593.33874869962
 30
0.0
 11
-41.03125
 21
-593.33874869962
 31
0.0
  0
LINE
  5
113
330
10C
100
AcDbEntity
  8
2
  6
AUSGEZOGEN
 62
     7
370
    35
100
AcDbLine
 10
222.96875
 20
-609.638746029332
 30
0.0
 11
-41.03125
 21
-609.638746029332
 31
0.0
  0
LINE
  5
114
330
10C
100
AcDbEntity
  8
2
  6
AUSGEZOGEN
 62
     7
370
    35
100
AcDbLine
 10
-41.03125
 20
-609.638746029332
 30
0.0
 11
222.96875
 21
-609.638746029332
 31
0.0
  0
LINE
  5
115
330
10C
100
AcDbEntity
  8
2
  6
AUSGEZOGEN
 62
     7
370
    35
100
AcDbLine
 10
-41.031179372741
 20
-609.638747870198
 30
0.0
 11
-49.031179372741
 21
-609.638747870198
 31
0.0
  0
LINE
  5
116
330
10C
100
AcDbEntity
  8
2
  6
AUSGEZOGEN
 62
     7
370
    35
100
AcDbLine
 10
-49.031179372741
 20
-609.638747870198
 30
0.0
 11
-41.031179372741
 21
-609.638747870198
 31
0.0
  0
LINE
  5
117
330
10C
100
AcDbEntity
  8
2
  6
AUSGEZOGEN
 62
     7
370
    35
100
AcDbLine
 10
-41.03125
 20
-609.638746029332
 30
0.0
 11
-41.03125
 21
-593.33874869962
 31
0.0
  0
LINE
  5
118
330
10C
100
AcDbEntity
  8
2
  6
AUSGEZOGEN
 62
     7
370
    35
100
AcDbLine
 10
-41.03125
 20
-593.33874869962
 30
0.0
 11
222.96875
 21
-593.33874869962
 31
0.0
  0
LINE
  5
119
330
10C
100
AcDbEntity
  8
2
  6
AUSGEZOGEN
 62
     7
370
    35
100
AcDbLine
 10
222.96875
 20
-593.33874869962
 30
0.0
 11
222.96875
 21
-609.638746029332
 31
0.0
  0
LINE
  5
11A
330
10C
100
AcDbEntity
  8
2
  6
AUSGEZOGEN
 62
     7
370
    35
100
AcDbLine
 10
222.96875
 20
-609.638746029332
 30
0.0
 11
-41.03125
 21
-609.638746029332
 31
0.0
  0
LINE
  5
11B
330
10C
100
AcDbEntity
  8
2
  6
AUSGEZOGEN
 62
     7
370
    35
100
AcDbLine
 10
222.96875
 20
-593.33874869962
 30
0.0
 11
-41.03125
 21
-593.33874869962
 31
0.0
  0
LINE
  5
11C
330
10C
100
AcDbEntity
  8
2
  6
AUSGEZOGEN
 62
     7
370
    35
100
AcDbLine
 10
-90.126953125
 20
-593.33874869962
 30
0.0
 11
222.96875
 21
-593.33874869962
 31
0.0
  0
LINE
  5
11D
330
10C
100
AcDbEntity
  8
2
  6
AUSGEZOGEN
 62
     7
370
    35
100
AcDbLine
 10
222.96875
 20
-593.33874869962
 30
0.0
 11
-90.126953125
 21
-593.33874869962
 31
0.0
  0
LINE
  5
11E
330
10C
100
AcDbEntity
  8
2
  6
AUSGEZOGEN
 62
     7
370
    35
100
AcDbLine
 10
-41.03125
 20
-593.33874869962
 30
0.0
 11
222.96875
 21
-593.33874869962
 31
0.0
  0
LINE
  5
11F
330
10C
100
AcDbEntity
  8
2
  6
AUSGEZOGEN
 62
     7
370
    35
100
AcDbLine
 10
-49.031179372741
 20
-593.338747870198
 30
0.0
 11
-41.031179372741
 21
-593.338747870198
 31
0.0
  0
LINE
  5
120
330
10C
100
AcDbEntity
  8
2
  6
AUSGEZOGEN
 62
     7
370
    35
100
AcDbLine
 10
-41.031179372741
 20
-593.338747870198
 30
0.0
 11
-49.031179372741
 21
-593.338747870198
 31
0.0
  0
LINE
  5
121
330
10C
100
AcDbEntity
  8
2
  6
AUSGEZOGEN
 62
     7
370
    35
100
AcDbLine
 10
-49.03125
 20
-609.638746029332
 30
0.0
 11
-49.03125
 21
-593.33874869962
 31
0.0
  0
LINE
  5
122
330
10C
100
AcDbEntity
  8
2
  6
AUSGEZOGEN
 62
     7
370
    35
100
AcDbLine
 10
-49.03125
 20
-593.33874869962
 30
0.0
 11
-49.03125
 21
-609.638746029332
 31
0.0
  0
LINE
  5
123
330
10C
100
AcDbEntity
  8
2
  6
AUSGEZOGEN
 62
     7
370
    35
100
AcDbLine
 10
222.96875
 20
-609.638746029332
 30
0.0
 11
222.96875
 21
-593.33874869962
 31
0.0
  0
LINE
  5
124
330
10C
100
AcDbEntity
  8
2
  6
AUSGEZOGEN
 62
     7
370
    35
100
AcDbLine
 10
222.96875
 20
-593.33874869962
 30
0.0
 11
222.96875
 21
-726.791806942418
 31
0.0
  0
LINE
  5
125
330
10C
100
AcDbEntity
  8
2
  6
AUSGEZOGEN
 62
     7
370
    35
100
AcDbLine
 10
222.96875
 20
-726.791806942418
 30
0.0
 11
222.96875
 21
-593.33874869962
 31
0.0
  0
LINE
  5
126
330
10C
100
AcDbEntity
  8
2
  6
AUSGEZOGEN
 62
     7
370
    35
100
AcDbLine
 10
222.96875
 20
-593.33874869962
 30
0.0
 11
222.96875
 21
-609.638746029332
 31
0.0
  0
LINE
  5
127
330
10C
100
AcDbEntity
  8
2
  6
AUSGEZOGEN
 62
     7
370
    35
100
AcDbLine
 10
-278.052734375
 20
-479.043340450718
 30
0.0
 11
-156.67578125
 21
-478.99505401273
 31
0.0
  0
LINE
  5
128
330
10C
100
AcDbEntity
  8
2
  6
AUSGEZOGEN
 62
     7
370
    35
100
AcDbLine
 10
-156.67578125
 20
-478.99505401273
 30
0.0
 11
-278.052734375
 21
-479.043340450718
 31
0.0
  0
LINE
  5
129
330
10C
100
AcDbEntity
  8
2
  6
AUSGEZOGEN
 62
     7
370
    35
100
AcDbLine
 10
-278.052734375
 20
-479.043340450718
 30
0.0
 11
-278.052734375
 21
-432.690137630894
 31
0.0
  0
LINE
  5
12A
330
10C
100
AcDbEntity
  8
2
  6
AUSGEZOGEN
 62
     7
370
    35
100
AcDbLine
 10
-278.052734375
 20
-432.690137630894
 30
0.0
 11
-237.453125
 21
-404.737745052769
 31
0.0
  0
LINE
  5
12B
330
10C
100
AcDbEntity
  8
2
  6
AUSGEZOGEN
 62
     7
370
    35
100
AcDbLine
 10
-237.453125
 20
-404.737745052769
 30
0.0
 11
-211.169921875
 21
-404.737302547886
 31
0.0
  0
LINE
  5
12C
330
10C
100
AcDbEntity
  8
2
  6
AUSGEZOGEN
 62
     7
370
    35
100
AcDbLine
 10
-156.67578125
 20
-478.99505401273
 30
0.0
 11
-278.052734375
 21
-479.043340450718
 31
0.0
  0
LINE
  5
12D
330
10C
100
AcDbEntity
  8
2
  6
AUSGEZOGEN
 62
     7
370
    35
100
AcDbLine
 10
-176.654296875
 20
-429.137265926793
 30
0.0
 11
-156.67578125
 21
-478.99505401273
 31
0.0
  0
LINE
  5
12E
330
10C
100
AcDbEntity
  8
2
  6
AUSGEZOGEN
 62
     7
370
    35
100
AcDbLine
 10
-177.896484375
 20
-428.587247616246
 30
0.0
 11
-176.654296875
 21
-429.137265926793
 31
0.0
  0
ARC
  5
12F
330
10C
100
AcDbEntity
  8
2
  6
AUSGEZOGEN
 62
     7
370
    35
100
AcDbCircle
 10
-202.896083196803
 20
-428.328285194187
 30
0.0
 40
25.00000000000001
100
AcDbArc
 50
109.327965470816
 51
359.406479750557
  0
LINE
  5
130
330
10C
100
AcDbEntity
  8
2
  6
AUSGEZOGEN
 62
     7
370
    35
100
AcDbLine
 10
-176.654296875
 20
-429.137265926793
 30
0.0
 11
-177.896484375
 21
-428.587247616246
 31
0.0
  0
LINE
  5
131
330
10C
100
AcDbEntity
  8
2
  6
AUSGEZOGEN
 62
     7
370
    35
100
AcDbLine
 10
-177.896484375
 20
-428.587247616246
 30
0.0
 11
-176.654296875
 21
-429.137265926793
 31
0.0
  0
LINE
  5
132
330
10C
100
AcDbEntity
  8
2
  6
AUSGEZOGEN
 62
     7
370
    35
100
AcDbLine
 10
-211.169921875
 20
-404.737302547886
 30
0.0
 11
-237.453125
 21
-404.737745052769
 31
0.0
  0
LINE
  5
133
330
10C
100
AcDbEntity
  8
2
  6
AUSGEZOGEN
 62
     7
370
    35
100
AcDbLine
 10
-237.453125
 20
-404.737745052769
 30
0.0
 11
-211.169921875
 21
-404.737302547886
 31
0.0
  0
LINE
  5
134
330
10C
100
AcDbEntity
  8
2
  6
AUSGEZOGEN
 62
     7
370
    35
100
AcDbLine
 10
-237.453125
 20
-404.737745052769
 30
0.0
 11
-278.052734375
 21
-432.690137630894
 31
0.0
  0
LINE
  5
135
330
10C
100
AcDbEntity
  8
2
  6
AUSGEZOGEN
 62
     7
370
    35
100
AcDbLine
 10
-278.052734375
 20
-432.690137630894
 30
0.0
 11
-237.453125
 21
-404.737745052769
 31
0.0
  0
LINE
  5
136
330
10C
100
AcDbEntity
  8
2
  6
AUSGEZOGEN
 62
     7
370
    35
100
AcDbLine
 10
-156.67578125
 20
-478.99505401273
 30
0.0
 11
-176.654296875
 21
-429.137265926793
 31
0.0
  0
LINE
  5
137
330
10C
100
AcDbEntity
  8
2
  6
AUSGEZOGEN
 62
     7
370
    35
100
AcDbLine
 10
-176.654296875
 20
-429.137265926793
 30
0.0
 11
-177.896484375
 21
-428.587247616246
 31
0.0
  0
LINE
  5
138
330
10C
100
AcDbEntity
  8
2
  6
AUSGEZOGEN
 62
     7
370
    35
100
AcDbLine
 10
-278.052734375
 20
-479.043340450718
 30
0.0
 11
-156.67578125
 21
-478.99505401273
 31
0.0
  0
LINE
  5
139
330
10C
100
AcDbEntity
  8
2
  6
AUSGEZOGEN
 62
     7
370
    35
100
AcDbLine
 10
-278.052734375
 20
-432.690137630894
 30
0.0
 11
-278.052734375
 21
-479.043340450718
 31
0.0
  0
LINE
  5
13A
330
10C
100
AcDbEntity
  8
2
  6
AUSGEZOGEN
 62
     7
370
    35
100
AcDbLine
 10
-211.169921875
 20
-404.737302547886
 30
0.0
 11
-237.453125
 21
-404.737745052769
 31
0.0
  0
LINE
  5
13B
330
10C
100
AcDbEntity
  8
2
  6
AUSGEZOGEN
 62
     7
370
    35
100
AcDbLine
 10
-237.453125
 20
-404.737745052769
 30
0.0
 11
-278.052734375
 21
-432.690137630894
 31
0.0
  0
ARC
  5
13C
330
10C
100
AcDbEntity
  8
2
  6
AUSGEZOGEN
 62
     7
370
    35
100
AcDbCircle
 10
-202.896083196803
 20
-428.328285194187
 30
0.0
 40
25.00000000000001
100
AcDbArc
 50
109.327965470816
 51
359.406479750557
  0
LINE
  5
13D
330
10C
100
AcDbEntity
  8
2
  6
AUSGEZOGEN
 62
     7
370
    35
100
AcDbLine
 10
-124.1328125
 20
-593.339875942662
 30
0.0
 11
-278.052734375
 21
-593.339198833897
 31
0.0
  0
LINE
  5
13E
330
10C
100
AcDbEntity
  8
2
  6
AUSGEZOGEN
 62
     7
370
    35
100
AcDbLine
 10
-278.052734375
 20
-593.339198833897
 30
0.0
 11
-124.1328125
 21
-593.339875942662
 31
0.0
  0
LINE
  5
13F
330
10C
100
AcDbEntity
  8
2
  6
AUSGEZOGEN
 62
     7
370
    35
100
AcDbLine
 10
-121.130859375
 20
-591.338775402501
 30
0.0
 11
-124.1328125
 21
-593.339875942662
 31
0.0
  0
LINE
  5
140
330
10C
100
AcDbEntity
  8
2
  6
AUSGEZOGEN
 62
     7
370
    35
100
AcDbLine
 10
-124.1328125
 20
-593.339875942662
 30
0.0
 11
-121.130859375
 21
-591.338775402501
 31
0.0
  0
LINE
  5
141
330
10C
100
AcDbEntity
  8
2
  6
AUSGEZOGEN
 62
     7
370
    35
100
AcDbLine
 10
-121.130859375
 20
-573.705701595738
 30
0.0
 11
-121.130859375
 21
-591.338775402501
 31
0.0
  0
LINE
  5
142
330
10C
100
AcDbEntity
  8
2
  6
AUSGEZOGEN
 62
     7
370
    35
100
AcDbLine
 10
-121.130859375
 20
-591.338775402501
 30
0.0
 11
-121.130859375
 21
-573.705701595738
 31
0.0
  0
LINE
  5
143
330
10C
100
AcDbEntity
  8
2
  6
AUSGEZOGEN
 62
     7
370
    35
100
AcDbLine
 10
-153.20703125
 20
-495.177701717808
 30
0.0
 11
-150.61328125
 21
-494.122388607457
 31
0.0
  0
LINE
  5
144
330
10C
100
AcDbEntity
  8
2
  6
AUSGEZOGEN
 62
     7
370
    35
100
AcDbLine
 10
-150.61328125
 20
-494.122388607457
 30
0.0
 11
-153.20703125
 21
-495.177701717808
 31
0.0
  0
LINE
  5
145
330
10C
100
AcDbEntity
  8
2
  6
AUSGEZOGEN
 62
     7
370
    35
100
AcDbLine
 10
-150.61328125
 20
-494.122388607457
 30
0.0
 11
-155.875
 21
-480.99473357816
 31
0.0
  0
LINE
  5
146
330
10C
100
AcDbEntity
  8
2
  6
AUSGEZOGEN
 62
     7
370
    35
100
AcDbLine
 10
-155.875
 20
-480.99473357816
 30
0.0
 11
-150.61328125
 21
-494.122388607457
 31
0.0
  0
LINE
  5
147
330
10C
100
AcDbEntity
  8
2
  6
AUSGEZOGEN
 62
     7
370
    35
100
AcDbLine
 10
-156.67578125
 20
-478.99505401273
 30
0.0
 11
-176.654296875
 21
-429.137265926793
 31
0.0
  0
LINE
  5
148
330
10C
100
AcDbEntity
  8
2
  6
AUSGEZOGEN
 62
     7
370
    35
100
AcDbLine
 10
-176.654296875
 20
-429.137265926793
 30
0.0
 11
-156.67578125
 21
-478.99505401273
 31
0.0
  0
LINE
  5
149
330
10C
100
AcDbEntity
  8
2
  6
AUSGEZOGEN
 62
     7
370
    35
100
AcDbLine
 10
-156.67572536059
 20
-478.995054904466
 30
0.0
 11
-155.87439953789
 21
-480.994736262167
 31
0.0
  0
LINE
  5
14A
330
10C
100
AcDbEntity
  8
2
  6
AUSGEZOGEN
 62
     7
370
    35
100
AcDbLine
 10
-155.87439953789
 20
-480.994736262167
 30
0.0
 11
-156.67572536059
 21
-478.995054904466
 31
0.0
  0
LINE
  5
14B
330
10C
100
AcDbEntity
  8
2
  6
AUSGEZOGEN
 62
     7
370
    35
100
AcDbLine
 10
-278.052734375
 20
-481.043340450718
 30
0.0
 11
-155.875
 21
-480.99473357816
 31
0.0
  0
LINE
  5
14C
330
10C
100
AcDbEntity
  8
2
  6
AUSGEZOGEN
 62
     7
370
    35
100
AcDbLine
 10
-155.875
 20
-480.99473357816
 30
0.0
 11
-278.052734375
 21
-481.043340450718
 31
0.0
  0
LINE
  5
14D
330
10C
100
AcDbEntity
  8
2
  6
AUSGEZOGEN
 62
     7
370
    35
100
AcDbLine
 10
-121.130859375
 20
-573.705701595738
 30
0.0
 11
-121.130859375
 21
-591.338775402501
 31
0.0
  0
LINE
  5
14E
330
10C
100
AcDbEntity
  8
2
  6
AUSGEZOGEN
 62
     7
370
    35
100
AcDbLine
 10
-121.130859375
 20
-591.338775402501
 30
0.0
 11
-124.1328125
 21
-593.339875942662
 31
0.0
  0
LINE
  5
14F
330
10C
100
AcDbEntity
  8
2
  6
AUSGEZOGEN
 62
     7
370
    35
100
AcDbLine
 10
-124.1328125
 20
-593.339875942662
 30
0.0
 11
-278.052734375
 21
-593.339198833897
 31
0.0
  0
LINE
  5
150
330
10C
100
AcDbEntity
  8
2
  6
AUSGEZOGEN
 62
     7
370
    35
100
AcDbLine
 10
-150.61328125
 20
-494.122388607457
 30
0.0
 11
-153.20703125
 21
-495.177701717808
 31
0.0
  0
LINE
  5
151
330
10C
100
AcDbEntity
  8
2
  6
AUSGEZOGEN
 62
     7
370
    35
100
AcDbLine
 10
-155.875
 20
-480.99473357816
 30
0.0
 11
-150.61328125
 21
-494.122388607457
 31
0.0
  0
LINE
  5
152
330
10C
100
AcDbEntity
  8
2
  6
AUSGEZOGEN
 62
     7
370
    35
100
AcDbLine
 10
-278.052734375
 20
-593.339198833897
 30
0.0
 11
-278.052734375
 21
-481.043340450718
 31
0.0
  0
LINE
  5
153
330
10C
100
AcDbEntity
  8
2
  6
AUSGEZOGEN
 62
     7
370
    35
100
AcDbLine
 10
-278.052734375
 20
-481.043340450718
 30
0.0
 11
-155.875
 21
-480.99473357816
 31
0.0
  0
LINE
  5
154
330
10C
100
AcDbEntity
  8
2
  6
AUSGEZOGEN
 62
     7
370
    35
100
AcDbLine
 10
-153.20703125
 20
-495.177701717808
 30
0.0
 11
-121.130859375
 21
-573.705701595738
 31
0.0
  0
CIRCLE
  5
155
330
10C
100
AcDbEntity
  8
2
  6
AUSGEZOGEN
 62
     7
370
    35
100
AcDbCircle
 10
-193.822129188615
 20
-562.556531673863
 30
0.0
 40
10.25
  0
CIRCLE
  5
156
330
10C
100
AcDbEntity
  8
2
  6
AUSGEZOGEN
 62
     7
370
    35
100
AcDbCircle
 10
-214.482179372742
 20
-512.028665194187
 30
0.0
 40
10.25
  0
LINE
  5
157
330
10C
100
AcDbEntity
  8
2
  6
AUSGEZOGEN
 62
     7
370
    35
100
AcDbLine
 10
-278.052734375
 20
-593.339198833897
 30
0.0
 11
-278.052734375
 21
-722.022825008824
 31
0.0
  0
LINE
  5
158
330
10C
100
AcDbEntity
  8
2
  6
AUSGEZOGEN
 62
     7
370
    35
100
AcDbLine
 10
-278.052734375
 20
-722.022825008824
 30
0.0
 11
-278.052734375
 21
-481.043340450718
 31
0.0
  0
LINE
  5
159
330
10C
100
AcDbEntity
  8
2
  6
AUSGEZOGEN
 62
     7
370
    35
100
AcDbLine
 10
-278.052734375
 20
-432.690137630894
 30
0.0
 11
-278.052734375
 21
-479.043340450718
 31
0.0
  0
LINE
  5
15A
330
10C
100
AcDbEntity
  8
2
  6
AUSGEZOGEN
 62
     7
370
    35
100
AcDbLine
 10
-278.052734375
 20
-479.043340450718
 30
0.0
 11
-278.052734375
 21
-432.690137630894
 31
0.0
  0
LINE
  5
15B
330
10C
100
AcDbEntity
  8
2
  6
AUSGEZOGEN
 62
     7
370
    35
100
AcDbLine
 10
-278.052734375
 20
-481.043340450718
 30
0.0
 11
-278.052734375
 21
-593.339198833897
 31
0.0
  0
LINE
  5
15C
330
10C
100
AcDbEntity
  8
2
  6
AUSGEZOGEN
 62
     7
370
    35
100
AcDbLine
 10
-278.053179899776
 20
-481.043344038976
 30
0.0
 11
-278.053179899776
 21
-479.043343879296
 31
0.0
  0
LINE
  5
15D
330
10C
100
AcDbEntity
  8
2
  6
AUSGEZOGEN
 62
     7
370
    35
100
AcDbLine
 10
-278.053179899776
 20
-479.043343877893
 30
0.0
 11
-278.053179899776
 21
-481.043344037573
 31
0.0
  0
LINE
  5
15E
330
10C
100
AcDbEntity
  8
2
  6
AUSGEZOGEN
 62
     7
370
    35
100
AcDbLine
 10
-278.052734375
 20
-722.022825008824
 30
0.0
 11
-277.552734375
 21
-722.022825008824
 31
0.0
  0
LINE
  5
15F
330
10C
100
AcDbEntity
  8
2
  6
AUSGEZOGEN
 62
     7
370
    35
100
AcDbLine
 10
-277.552734375
 20
-722.022825008824
 30
0.0
 11
-278.052734375
 21
-722.022825008824
 31
0.0
  0
LINE
  5
160
330
10C
100
AcDbEntity
  8
2
  6
AUSGEZOGEN
 62
     7
370
    35
100
AcDbLine
 10
-277.552734375
 20
-722.022825008824
 30
0.0
 11
-277.552734375
 21
-753.328611141636
 31
0.0
  0
LINE
  5
161
330
10C
100
AcDbEntity
  8
2
  6
AUSGEZOGEN
 62
     7
370
    35
100
AcDbLine
 10
-277.552734375
 20
-753.328611141636
 30
0.0
 11
-277.552734375
 21
-722.022825008824
 31
0.0
  0
LINE
  5
162
330
10C
100
AcDbEntity
  8
2
  6
AUSGEZOGEN
 62
     7
370
    35
100
AcDbLine
 10
-277.552734375
 20
-753.328611141636
 30
0.0
 11
55.947265625
 21
-753.339872127965
 31
0.0
  0
LINE
  5
163
330
10C
100
AcDbEntity
  8
2
  6
AUSGEZOGEN
 62
     7
370
    35
100
AcDbLine
 10
55.947265625
 20
-753.339872127965
 30
0.0
 11
-277.552734375
 21
-753.328611141636
 31
0.0
  0
LINE
  5
164
330
10C
100
AcDbEntity
  8
2
  6
AUSGEZOGEN
 62
     7
370
    35
100
AcDbLine
 10
55.947265625
 20
-753.339872127965
 30
0.0
 11
55.947265625
 21
-726.791806942418
 31
0.0
  0
LINE
  5
165
330
10C
100
AcDbEntity
  8
2
  6
AUSGEZOGEN
 62
     7
370
    35
100
AcDbLine
 10
55.947265625
 20
-726.791806942418
 30
0.0
 11
55.947265625
 21
-753.339872127965
 31
0.0
  0
LINE
  5
166
330
10C
100
AcDbEntity
  8
2
  6
AUSGEZOGEN
 62
     7
370
    35
100
AcDbLine
 10
55.947265625
 20
-726.791806942418
 30
0.0
 11
222.96875
 21
-726.791806942418
 31
0.0
  0
LINE
  5
167
330
10C
100
AcDbEntity
  8
2
  6
AUSGEZOGEN
 62
     7
370
    35
100
AcDbLine
 10
222.96875
 20
-726.791806942418
 30
0.0
 11
55.947265625
 21
-726.791806942418
 31
0.0
  0
LINE
  5
168
330
10C
100
AcDbEntity
  8
2
  6
AUSGEZOGEN
 62
     7
370
    35
100
AcDbLine
 10
-117.38671875
 20
-582.874505764439
 30
0.0
 11
-121.130859375
 21
-573.705701595738
 31
0.0
  0
LINE
  5
169
330
10C
100
AcDbEntity
  8
2
  6
AUSGEZOGEN
 62
     7
370
    35
100
AcDbLine
 10
-121.130859375
 20
-573.705701595738
 30
0.0
 11
-153.20703125
 21
-495.177701717808
 31
0.0
  0
LINE
  5
16A
330
10C
100
AcDbEntity
  8
2
  6
AUSGEZOGEN
 62
     7
370
    35
100
AcDbLine
 10
-153.20703125
 20
-495.177701717808
 30
0.0
 11
-117.38671875
 21
-582.874505764439
 31
0.0
  0
LINE
  5
16B
330
10C
100
AcDbEntity
  8
2
  6
AUSGEZOGEN
 62
     7
370
    35
100
AcDbLine
 10
-278.052734375
 20
-593.339198833897
 30
0.0
 11
-124.1328125
 21
-593.339875942662
 31
0.0
  0
LINE
  5
16C
330
10C
100
AcDbEntity
  8
2
  6
AUSGEZOGEN
 62
     7
370
    35
100
AcDbLine
 10
-278.052734375
 20
-722.022825008824
 30
0.0
 11
-278.052734375
 21
-593.339198833897
 31
0.0
  0
LINE
  5
16D
330
10C
100
AcDbEntity
  8
2
  6
AUSGEZOGEN
 62
     7
370
    35
100
AcDbLine
 10
55.947265625
 20
-726.791806942418
 30
0.0
 11
55.947265625
 21
-753.339872127965
 31
0.0
  0
LINE
  5
16E
330
10C
100
AcDbEntity
  8
2
  6
AUSGEZOGEN
 62
     7
370
    35
100
AcDbLine
 10
55.947265625
 20
-753.339872127965
 30
0.0
 11
-277.552734375
 21
-753.328611141636
 31
0.0
  0
LINE
  5
16F
330
10C
100
AcDbEntity
  8
2
  6
AUSGEZOGEN
 62
     7
370
    35
100
AcDbLine
 10
-277.552734375
 20
-753.328611141636
 30
0.0
 11
-277.552734375
 21
-722.022825008824
 31
0.0
  0
LINE
  5
170
330
10C
100
AcDbEntity
  8
2
  6
AUSGEZOGEN
 62
     7
370
    35
100
AcDbLine
 10
-124.1328125
 20
-593.339875942662
 30
0.0
 11
-121.130859375
 21
-591.338775402501
 31
0.0
  0
LINE
  5
171
330
10C
100
AcDbEntity
  8
2
  6
AUSGEZOGEN
 62
     7
370
    35
100
AcDbLine
 10
-121.130859375
 20
-591.338775402501
 30
0.0
 11
-121.130859375
 21
-573.705701595738
 31
0.0
  0
LINE
  5
172
330
10C
100
AcDbEntity
  8
2
  6
AUSGEZOGEN
 62
     7
370
    35
100
AcDbLine
 10
-121.130859375
 20
-573.705701595738
 30
0.0
 11
-117.38671875
 21
-582.874505764439
 31
0.0
  0
LINE
  5
173
330
10C
100
AcDbEntity
  8
2
  6
AUSGEZOGEN
 62
     7
370
    35
100
AcDbLine
 10
-90.126953125
 20
-593.33874869962
 30
0.0
 11
222.96875
 21
-593.33874869962
 31
0.0
  0
LINE
  5
174
330
10C
100
AcDbEntity
  8
2
  6
AUSGEZOGEN
 62
     7
370
    35
100
AcDbLine
 10
222.96875
 20
-726.791806942418
 30
0.0
 11
55.947265625
 21
-726.791806942418
 31
0.0
  0
LINE
  5
175
330
10C
100
AcDbEntity
  8
2
  6
AUSGEZOGEN
 62
     7
370
    35
100
AcDbLine
 10
222.96875
 20
-593.33874869962
 30
0.0
 11
222.96875
 21
-726.791806942418
 31
0.0
  0
LINE
  5
176
330
10C
100
AcDbEntity
  8
2
  6
AUSGEZOGEN
 62
     7
370
    35
100
AcDbLine
 10
-277.552734375
 20
-722.022825008824
 30
0.0
 11
-278.052734375
 21
-722.022825008824
 31
0.0
  0
ARC
  5
177
330
10C
100
AcDbEntity
  8
2
  6
AUSGEZOGEN
 62
     7
370
    35
100
AcDbCircle
 10
-98.857443220779
 20
-575.345117221205
 30
0.0
 40
19.99999999999998
100
AcDbArc
 50
202.115159465642
 51
295.883762376933
  0
LINE
  5
178
330
10C
100
AcDbEntity
  8
2
  6
AUSGEZOGEN
 62
     7
370
    35
100
AcDbLine
 10
-155.875
 20
-480.99473357816
 30
0.0
 11
-278.052734375
 21
-481.043340450718
 31
0.0
  0
LINE
  5
179
330
10C
100
AcDbEntity
  8
2
  6
AUSGEZOGEN
 62
     7
370
    35
100
AcDbLine
 10
-150.61328125
 20
-494.122388607457
 30
0.0
 11
-155.875
 21
-480.99473357816
 31
0.0
  0
LINE
  5
17A
330
10C
100
AcDbEntity
  8
2
  6
AUSGEZOGEN
 62
     7
370
    35
100
AcDbLine
 10
-153.20703125
 20
-495.177701717808
 30
0.0
 11
-150.61328125
 21
-494.122388607457
 31
0.0
  0
LINE
  5
17B
330
10C
100
AcDbEntity
  8
2
  6
AUSGEZOGEN
 62
     7
370
    35
100
AcDbLine
 10
-117.38671875
 20
-582.874505764439
 30
0.0
 11
-153.20703125
 21
-495.177701717808
 31
0.0
  0
LINE
  5
17C
330
10C
100
AcDbEntity
  8
2
  6
AUSGEZOGEN
 62
     7
370
    35
100
AcDbLine
 10
-278.052734375
 20
-481.043340450718
 30
0.0
 11
-278.052734375
 21
-722.022825008824
 31
0.0
  0
LINE
  5
17D
330
10C
100
AcDbEntity
  8
2
  6
AUSGEZOGEN
 62
     7
370
    35
100
AcDbLine
 10
-278.052734375
 20
-722.022825008824
 30
0.0
 11
-277.552734375
 21
-722.022825008824
 31
0.0
  0
LINE
  5
17E
330
10C
100
AcDbEntity
  8
2
  6
AUSGEZOGEN
 62
     7
370
    35
100
AcDbLine
 10
-277.552734375
 20
-722.022825008824
 30
0.0
 11
-277.552734375
 21
-753.328611141636
 31
0.0
  0
LINE
  5
17F
330
10C
100
AcDbEntity
  8
2
  6
AUSGEZOGEN
 62
     7
370
    35
100
AcDbLine
 10
55.947265625
 20
-753.339872127965
 30
0.0
 11
55.947265625
 21
-726.791806942418
 31
0.0
  0
LINE
  5
180
330
10C
100
AcDbEntity
  8
2
  6
AUSGEZOGEN
 62
     7
370
    35
100
AcDbLine
 10
-277.552734375
 20
-753.328611141636
 30
0.0
 11
55.947265625
 21
-753.339872127965
 31
0.0
  0
LINE
  5
181
330
10C
100
AcDbEntity
  8
2
  6
AUSGEZOGEN
 62
     7
370
    35
100
AcDbLine
 10
222.96875
 20
-726.791806942418
 30
0.0
 11
222.96875
 21
-593.33874869962
 31
0.0
  0
LINE
  5
182
330
10C
100
AcDbEntity
  8
2
  6
AUSGEZOGEN
 62
     7
370
    35
100
AcDbLine
 10
55.947265625
 20
-726.791806942418
 30
0.0
 11
222.96875
 21
-726.791806942418
 31
0.0
  0
LINE
  5
183
330
10C
100
AcDbEntity
  8
2
  6
AUSGEZOGEN
 62
     7
370
    35
100
AcDbLine
 10
222.96875
 20
-593.33874869962
 30
0.0
 11
-90.126953125
 21
-593.33874869962
 31
0.0
  0
CIRCLE
  5
184
330
10C
100
AcDbEntity
  8
2
  6
AUSGEZOGEN
 62
     7
370
    35
100
AcDbCircle
 10
-214.482179372742
 20
-512.028665194187
 30
0.0
 40
10.25
  0
CIRCLE
  5
185
330
10C
100
AcDbEntity
  8
2
  6
AUSGEZOGEN
 62
     7
370
    35
100
AcDbCircle
 10
-193.822129188615
 20
-562.556531673863
 30
0.0
 40
10.25
  0
ARC
  5
186
330
10C
100
AcDbEntity
  8
2
  6
AUSGEZOGEN
 62
     7
370
    35
100
AcDbCircle
 10
-98.857443220779
 20
-575.345117221205
 30
0.0
 40
19.99999999999998
100
AcDbArc
 50
202.115159465642
 51
295.883762376933
  0
ENDBLK
  5
10E
330
10C
100
AcDbEntity
  8
0
100
AcDbBlockEnd
  0
BLOCK
  5
18B
330
18A
100
AcDbEntity
  8
0
100
AcDbBlockBegin
  2
AnonymMegaMac_nNn07
 70
     0
 10
0.0
 20
0.0
 30
0.0
  3
AnonymMegaMac_nNn07
  1

  0
LINE
  5
18D
330
18A
100
AcDbEntity
  8
2
  6
AUSGEZOGEN
 62
     7
370
    35
100
AcDbLine
 10
-153.20703125
 20
-495.177701717808
 30
0.0
 11
-121.130859375
 21
-573.705701595738
 31
0.0
  0
LINE
  5
18E
330
18A
100
AcDbEntity
  8
2
  6
AUSGEZOGEN
 62
     7
370
    35
100
AcDbLine
 10
-278.052734375
 20
-481.043340450718
 30
0.0
 11
-155.875
 21
-480.99473357816
 31
0.0
  0
LINE
  5
18F
330
18A
100
AcDbEntity
  8
2
  6
AUSGEZOGEN
 62
     7
370
    35
100
AcDbLine
 10
-124.1328125
 20
-593.339875942662
 30
0.0
 11
-278.052734375
 21
-593.339198833897
 31
0.0
  0
LINE
  5
190
330
18A
100
AcDbEntity
  8
2
  6
AUSGEZOGEN
 62
     7
370
    35
100
AcDbLine
 10
-121.130859375
 20
-573.705701595738
 30
0.0
 11
-121.130859375
 21
-591.338775402501
 31
0.0
  0
LINE
  5
191
330
18A
100
AcDbEntity
  8
2
  6
AUSGEZOGEN
 62
     7
370
    35
100
AcDbLine
 10
-121.130859375
 20
-591.338775402501
 30
0.0
 11
-124.1328125
 21
-593.339875942662
 31
0.0
  0
LINE
  5
192
330
18A
100
AcDbEntity
  8
2
  6
AUSGEZOGEN
 62
     7
370
    35
100
AcDbLine
 10
-278.052734375
 20
-593.339198833897
 30
0.0
 11
-278.052734375
 21
-481.043340450718
 31
0.0
  0
LINE
  5
193
330
18A
100
AcDbEntity
  8
2
  6
AUSGEZOGEN
 62
     7
370
    35
100
AcDbLine
 10
-155.875
 20
-480.99473357816
 30
0.0
 11
-150.61328125
 21
-494.122388607457
 31
0.0
  0
LINE
  5
194
330
18A
100
AcDbEntity
  8
2
  6
AUSGEZOGEN
 62
     7
370
    35
100
AcDbLine
 10
-150.61328125
 20
-494.122388607457
 30
0.0
 11
-153.20703125
 21
-495.177701717808
 31
0.0
  0
CIRCLE
  5
195
330
18A
100
AcDbEntity
  8
2
  6
AUSGEZOGEN
 62
     7
370
    35
100
AcDbCircle
 10
-214.482179372742
 20
-512.028665194187
 30
0.0
 40
15.25
  0
CIRCLE
  5
196
330
18A
100
AcDbEntity
  8
2
  6
AUSGEZOGEN
 62
     7
370
    35
100
AcDbCircle
 10
-193.822129188615
 20
-562.556531673863
 30
0.0
 40
15.25
  0
LINE
  5
197
330
18A
100
AcDbEntity
  8
2
  6
AUSGEZOGEN
 62
     7
370
    35
100
AcDbLine
 10
-278.052734375
 20
-479.043340450718
 30
0.0
 11
-156.67578125
 21
-478.99505401273
 31
0.0
  0
LINE
  5
198
330
18A
100
AcDbEntity
  8
2
  6
AUSGEZOGEN
 62
     7
370
    35
100
AcDbLine
 10
-156.67578125
 20
-478.99505401273
 30
0.0
 11
-278.052734375
 21
-479.043340450718
 31
0.0
  0
LINE
  5
199
330
18A
100
AcDbEntity
  8
2
  6
AUSGEZOGEN
 62
     7
370
    35
100
AcDbLine
 10
-278.052734375
 20
-479.043340450718
 30
0.0
 11
-278.052734375
 21
-432.690137630894
 31
0.0
  0
LINE
  5
19A
330
18A
100
AcDbEntity
  8
2
  6
AUSGEZOGEN
 62
     7
370
    35
100
AcDbLine
 10
-278.052734375
 20
-432.690137630894
 30
0.0
 11
-237.453125
 21
-404.737745052769
 31
0.0
  0
LINE
  5
19B
330
18A
100
AcDbEntity
  8
2
  6
AUSGEZOGEN
 62
     7
370
    35
100
AcDbLine
 10
-237.453125
 20
-404.737745052769
 30
0.0
 11
-211.169921875
 21
-404.737302547886
 31
0.0
  0
LINE
  5
19C
330
18A
100
AcDbEntity
  8
2
  6
AUSGEZOGEN
 62
     7
370
    35
100
AcDbLine
 10
-156.67578125
 20
-478.99505401273
 30
0.0
 11
-278.052734375
 21
-479.043340450718
 31
0.0
  0
LINE
  5
19D
330
18A
100
AcDbEntity
  8
2
  6
AUSGEZOGEN
 62
     7
370
    35
100
AcDbLine
 10
-176.654296875
 20
-429.137265926793
 30
0.0
 11
-156.67578125
 21
-478.99505401273
 31
0.0
  0
LINE
  5
19E
330
18A
100
AcDbEntity
  8
2
  6
AUSGEZOGEN
 62
     7
370
    35
100
AcDbLine
 10
-177.896484375
 20
-428.587247616246
 30
0.0
 11
-176.654296875
 21
-429.137265926793
 31
0.0
  0
ARC
  5
19F
330
18A
100
AcDbEntity
  8
2
  6
AUSGEZOGEN
 62
     7
370
    35
100
AcDbCircle
 10
-202.896083196803
 20
-428.328285194187
 30
0.0
 40
25.00000000000001
100
AcDbArc
 50
109.327965470816
 51
359.406479750557
  0
LINE
  5
1A0
330
18A
100
AcDbEntity
  8
2
  6
AUSGEZOGEN
 62
     7
370
    35
100
AcDbLine
 10
-176.654296875
 20
-429.137265926793
 30
0.0
 11
-177.896484375
 21
-428.587247616246
 31
0.0
  0
LINE
  5
1A1
330
18A
100
AcDbEntity
  8
2
  6
AUSGEZOGEN
 62
     7
370
    35
100
AcDbLine
 10
-177.896484375
 20
-428.587247616246
 30
0.0
 11
-176.654296875
 21
-429.137265926793
 31
0.0
  0
LINE
  5
1A2
330
18A
100
AcDbEntity
  8
2
  6
AUSGEZOGEN
 62
     7
370
    35
100
AcDbLine
 10
-211.169921875
 20
-404.737302547886
 30
0.0
 11
-237.453125
 21
-404.737745052769
 31
0.0
  0
LINE
  5
1A3
330
18A
100
AcDbEntity
  8
2
  6
AUSGEZOGEN
 62
     7
370
    35
100
AcDbLine
 10
-237.453125
 20
-404.737745052769
 30
0.0
 11
-211.169921875
 21
-404.737302547886
 31
0.0
  0
LINE
  5
1A4
330
18A
100
AcDbEntity
  8
2
  6
AUSGEZOGEN
 62
     7
370
    35
100
AcDbLine
 10
-237.453125
 20
-404.737745052769
 30
0.0
 11
-278.052734375
 21
-432.690137630894
 31
0.0
  0
LINE
  5
1A5
330
18A
100
AcDbEntity
  8
2
  6
AUSGEZOGEN
 62
     7
370
    35
100
AcDbLine
 10
-278.052734375
 20
-432.690137630894
 30
0.0
 11
-237.453125
 21
-404.737745052769
 31
0.0
  0
LINE
  5
1A6
330
18A
100
AcDbEntity
  8
2
  6
AUSGEZOGEN
 62
     7
370
    35
100
AcDbLine
 10
-156.67578125
 20
-478.99505401273
 30
0.0
 11
-176.654296875
 21
-429.137265926793
 31
0.0
  0
LINE
  5
1A7
330
18A
100
AcDbEntity
  8
2
  6
AUSGEZOGEN
 62
     7
370
    35
100
AcDbLine
 10
-176.654296875
 20
-429.137265926793
 30
0.0
 11
-177.896484375
 21
-428.587247616246
 31
0.0
  0
LINE
  5
1A8
330
18A
100
AcDbEntity
  8
2
  6
AUSGEZOGEN
 62
     7
370
    35
100
AcDbLine
 10
-278.052734375
 20
-479.043340450718
 30
0.0
 11
-156.67578125
 21
-478.99505401273
 31
0.0
  0
LINE
  5
1A9
330
18A
100
AcDbEntity
  8
2
  6
AUSGEZOGEN
 62
     7
370
    35
100
AcDbLine
 10
-278.052734375
 20
-432.690137630894
 30
0.0
 11
-278.052734375
 21
-479.043340450718
 31
0.0
  0
LINE
  5
1AA
330
18A
100
AcDbEntity
  8
2
  6
AUSGEZOGEN
 62
     7
370
    35
100
AcDbLine
 10
-211.169921875
 20
-404.737302547886
 30
0.0
 11
-237.453125
 21
-404.737745052769
 31
0.0
  0
LINE
  5
1AB
330
18A
100
AcDbEntity
  8
2
  6
AUSGEZOGEN
 62
     7
370
    35
100
AcDbLine
 10
-237.453125
 20
-404.737745052769
 30
0.0
 11
-278.052734375
 21
-432.690137630894
 31
0.0
  0
ARC
  5
1AC
330
18A
100
AcDbEntity
  8
2
  6
AUSGEZOGEN
 62
     7
370
    35
100
AcDbCircle
 10
-202.896083196803
 20
-428.328285194187
 30
0.0
 40
25.00000000000001
100
AcDbArc
 50
109.327965470816
 51
359.406479750557
  0
LINE
  5
1AD
330
18A
100
AcDbEntity
  8
2
  6
AUSGEZOGEN
 62
     7
370
    35
100
AcDbLine
 10
-124.1328125
 20
-593.339875942662
 30
0.0
 11
-278.052734375
 21
-593.339198833897
 31
0.0
  0
LINE
  5
1AE
330
18A
100
AcDbEntity
  8
2
  6
AUSGEZOGEN
 62
     7
370
    35
100
AcDbLine
 10
-278.052734375
 20
-593.339198833897
 30
0.0
 11
-124.1328125
 21
-593.339875942662
 31
0.0
  0
LINE
  5
1AF
330
18A
100
AcDbEntity
  8
2
  6
AUSGEZOGEN
 62
     7
370
    35
100
AcDbLine
 10
-121.130859375
 20
-591.338775402501
 30
0.0
 11
-124.1328125
 21
-593.339875942662
 31
0.0
  0
LINE
  5
1B0
330
18A
100
AcDbEntity
  8
2
  6
AUSGEZOGEN
 62
     7
370
    35
100
AcDbLine
 10
-124.1328125
 20
-593.339875942662
 30
0.0
 11
-121.130859375
 21
-591.338775402501
 31
0.0
  0
LINE
  5
1B1
330
18A
100
AcDbEntity
  8
2
  6
AUSGEZOGEN
 62
     7
370
    35
100
AcDbLine
 10
-121.130859375
 20
-573.705701595738
 30
0.0
 11
-121.130859375
 21
-591.338775402501
 31
0.0
  0
LINE
  5
1B2
330
18A
100
AcDbEntity
  8
2
  6
AUSGEZOGEN
 62
     7
370
    35
100
AcDbLine
 10
-121.130859375
 20
-591.338775402501
 30
0.0
 11
-121.130859375
 21
-573.705701595738
 31
0.0
  0
LINE
  5
1B3
330
18A
100
AcDbEntity
  8
2
  6
AUSGEZOGEN
 62
     7
370
    35
100
AcDbLine
 10
-153.20703125
 20
-495.177701717808
 30
0.0
 11
-150.61328125
 21
-494.122388607457
 31
0.0
  0
LINE
  5
1B4
330
18A
100
AcDbEntity
  8
2
  6
AUSGEZOGEN
 62
     7
370
    35
100
AcDbLine
 10
-150.61328125
 20
-494.122388607457
 30
0.0
 11
-153.20703125
 21
-495.177701717808
 31
0.0
  0
LINE
  5
1B5
330
18A
100
AcDbEntity
  8
2
  6
AUSGEZOGEN
 62
     7
370
    35
100
AcDbLine
 10
-150.61328125
 20
-494.122388607457
 30
0.0
 11
-155.875
 21
-480.99473357816
 31
0.0
  0
LINE
  5
1B6
330
18A
100
AcDbEntity
  8
2
  6
AUSGEZOGEN
 62
     7
370
    35
100
AcDbLine
 10
-155.875
 20
-480.99473357816
 30
0.0
 11
-150.61328125
 21
-494.122388607457
 31
0.0
  0
LINE
  5
1B7
330
18A
100
AcDbEntity
  8
2
  6
AUSGEZOGEN
 62
     7
370
    35
100
AcDbLine
 10
-156.67578125
 20
-478.99505401273
 30
0.0
 11
-176.654296875
 21
-429.137265926793
 31
0.0
  0
LINE
  5
1B8
330
18A
100
AcDbEntity
  8
2
  6
AUSGEZOGEN
 62
     7
370
    35
100
AcDbLine
 10
-176.654296875
 20
-429.137265926793
 30
0.0
 11
-156.67578125
 21
-478.99505401273
 31
0.0
  0
LINE
  5
1B9
330
18A
100
AcDbEntity
  8
2
  6
AUSGEZOGEN
 62
     7
370
    35
100
AcDbLine
 10
-156.67572536059
 20
-478.995054904466
 30
0.0
 11
-155.87439953789
 21
-480.994736262167
 31
0.0
  0
LINE
  5
1BA
330
18A
100
AcDbEntity
  8
2
  6
AUSGEZOGEN
 62
     7
370
    35
100
AcDbLine
 10
-155.87439953789
 20
-480.994736262167
 30
0.0
 11
-156.67572536059
 21
-478.995054904466
 31
0.0
  0
LINE
  5
1BB
330
18A
100
AcDbEntity
  8
2
  6
AUSGEZOGEN
 62
     7
370
    35
100
AcDbLine
 10
-278.052734375
 20
-481.043340450718
 30
0.0
 11
-155.875
 21
-480.99473357816
 31
0.0
  0
LINE
  5
1BC
330
18A
100
AcDbEntity
  8
2
  6
AUSGEZOGEN
 62
     7
370
    35
100
AcDbLine
 10
-155.875
 20
-480.99473357816
 30
0.0
 11
-278.052734375
 21
-481.043340450718
 31
0.0
  0
LINE
  5
1BD
330
18A
100
AcDbEntity
  8
2
  6
AUSGEZOGEN
 62
     7
370
    35
100
AcDbLine
 10
-278.052734375
 20
-593.339198833897
 30
0.0
 11
-278.052734375
 21
-722.022825008824
 31
0.0
  0
LINE
  5
1BE
330
18A
100
AcDbEntity
  8
2
  6
AUSGEZOGEN
 62
     7
370
    35
100
AcDbLine
 10
-278.052734375
 20
-722.022825008824
 30
0.0
 11
-278.052734375
 21
-481.043340450718
 31
0.0
  0
LINE
  5
1BF
330
18A
100
AcDbEntity
  8
2
  6
AUSGEZOGEN
 62
     7
370
    35
100
AcDbLine
 10
-278.052734375
 20
-432.690137630894
 30
0.0
 11
-278.052734375
 21
-479.043340450718
 31
0.0
  0
LINE
  5
1C0
330
18A
100
AcDbEntity
  8
2
  6
AUSGEZOGEN
 62
     7
370
    35
100
AcDbLine
 10
-278.052734375
 20
-479.043340450718
 30
0.0
 11
-278.052734375
 21
-432.690137630894
 31
0.0
  0
LINE
  5
1C1
330
18A
100
AcDbEntity
  8
2
  6
AUSGEZOGEN
 62
     7
370
    35
100
AcDbLine
 10
-278.052734375
 20
-481.043340450718
 30
0.0
 11
-278.052734375
 21
-593.339198833897
 31
0.0
  0
LINE
  5
1C2
330
18A
100
AcDbEntity
  8
2
  6
AUSGEZOGEN
 62
     7
370
    35
100
AcDbLine
 10
-278.053179899776
 20
-481.043344038976
 30
0.0
 11
-278.053179899776
 21
-479.043343879296
 31
0.0
  0
LINE
  5
1C3
330
18A
100
AcDbEntity
  8
2
  6
AUSGEZOGEN
 62
     7
370
    35
100
AcDbLine
 10
-278.053179899776
 20
-479.043343877893
 30
0.0
 11
-278.053179899776
 21
-481.043344037573
 31
0.0
  0
LINE
  5
1C4
330
18A
100
AcDbEntity
  8
2
  6
AUSGEZOGEN
 62
     7
370
    35
100
AcDbLine
 10
-278.052734375
 20
-722.022825008824
 30
0.0
 11
-277.552734375
 21
-722.022825008824
 31
0.0
  0
LINE
  5
1C5
330
18A
100
AcDbEntity
  8
2
  6
AUSGEZOGEN
 62
     7
370
    35
100
AcDbLine
 10
-277.552734375
 20
-722.022825008824
 30
0.0
 11
-278.052734375
 21
-722.022825008824
 31
0.0
  0
LINE
  5
1C6
330
18A
100
AcDbEntity
  8
2
  6
AUSGEZOGEN
 62
     7
370
    35
100
AcDbLine
 10
-277.552734375
 20
-722.022825008824
 30
0.0
 11
-277.552734375
 21
-753.328611141636
 31
0.0
  0
LINE
  5
1C7
330
18A
100
AcDbEntity
  8
2
  6
AUSGEZOGEN
 62
     7
370
    35
100
AcDbLine
 10
-277.552734375
 20
-753.328611141636
 30
0.0
 11
-277.552734375
 21
-722.022825008824
 31
0.0
  0
LINE
  5
1C8
330
18A
100
AcDbEntity
  8
2
  6
AUSGEZOGEN
 62
     7
370
    35
100
AcDbLine
 10
-277.552734375
 20
-753.328611141636
 30
0.0
 11
55.947265625
 21
-753.339872127965
 31
0.0
  0
LINE
  5
1C9
330
18A
100
AcDbEntity
  8
2
  6
AUSGEZOGEN
 62
     7
370
    35
100
AcDbLine
 10
55.947265625
 20
-753.339872127965
 30
0.0
 11
-277.552734375
 21
-753.328611141636
 31
0.0
  0
LINE
  5
1CA
330
18A
100
AcDbEntity
  8
2
  6
AUSGEZOGEN
 62
     7
370
    35
100
AcDbLine
 10
55.947265625
 20
-753.339872127965
 30
0.0
 11
55.947265625
 21
-726.791806942418
 31
0.0
  0
LINE
  5
1CB
330
18A
100
AcDbEntity
  8
2
  6
AUSGEZOGEN
 62
     7
370
    35
100
AcDbLine
 10
55.947265625
 20
-726.791806942418
 30
0.0
 11
55.947265625
 21
-753.339872127965
 31
0.0
  0
LINE
  5
1CC
330
18A
100
AcDbEntity
  8
2
  6
AUSGEZOGEN
 62
     7
370
    35
100
AcDbLine
 10
55.947265625
 20
-726.791806942418
 30
0.0
 11
222.96875
 21
-726.791806942418
 31
0.0
  0
LINE
  5
1CD
330
18A
100
AcDbEntity
  8
2
  6
AUSGEZOGEN
 62
     7
370
    35
100
AcDbLine
 10
222.96875
 20
-726.791806942418
 30
0.0
 11
55.947265625
 21
-726.791806942418
 31
0.0
  0
LINE
  5
1CE
330
18A
100
AcDbEntity
  8
2
  6
AUSGEZOGEN
 62
     7
370
    35
100
AcDbLine
 10
222.96875
 20
-726.791806942418
 30
0.0
 11
222.96875
 21
-593.33874869962
 31
0.0
  0
LINE
  5
1CF
330
18A
100
AcDbEntity
  8
2
  6
AUSGEZOGEN
 62
     7
370
    35
100
AcDbLine
 10
222.96875
 20
-593.33874869962
 30
0.0
 11
222.96875
 21
-726.791806942418
 31
0.0
  0
LINE
  5
1D0
330
18A
100
AcDbEntity
  8
2
  6
AUSGEZOGEN
 62
     7
370
    35
100
AcDbLine
 10
222.96875
 20
-593.33874869962
 30
0.0
 11
-90.126953125
 21
-593.33874869962
 31
0.0
  0
LINE
  5
1D1
330
18A
100
AcDbEntity
  8
2
  6
AUSGEZOGEN
 62
     7
370
    35
100
AcDbLine
 10
-90.126953125
 20
-593.33874869962
 30
0.0
 11
222.96875
 21
-593.33874869962
 31
0.0
  0
LINE
  5
1D2
330
18A
100
AcDbEntity
  8
2
  6
AUSGEZOGEN
 62
     7
370
    35
100
AcDbLine
 10
-117.38671875
 20
-582.874505764439
 30
0.0
 11
-121.130859375
 21
-573.705701595738
 31
0.0
  0
LINE
  5
1D3
330
18A
100
AcDbEntity
  8
2
  6
AUSGEZOGEN
 62
     7
370
    35
100
AcDbLine
 10
-121.130859375
 20
-573.705701595738
 30
0.0
 11
-153.20703125
 21
-495.177701717808
 31
0.0
  0
LINE
  5
1D4
330
18A
100
AcDbEntity
  8
2
  6
AUSGEZOGEN
 62
     7
370
    35
100
AcDbLine
 10
-153.20703125
 20
-495.177701717808
 30
0.0
 11
-117.38671875
 21
-582.874505764439
 31
0.0
  0
LINE
  5
1D5
330
18A
100
AcDbEntity
  8
2
  6
AUSGEZOGEN
 62
     7
370
    35
100
AcDbLine
 10
-278.052734375
 20
-593.339198833897
 30
0.0
 11
-124.1328125
 21
-593.339875942662
 31
0.0
  0
LINE
  5
1D6
330
18A
100
AcDbEntity
  8
2
  6
AUSGEZOGEN
 62
     7
370
    35
100
AcDbLine
 10
-278.052734375
 20
-722.022825008824
 30
0.0
 11
-278.052734375
 21
-593.339198833897
 31
0.0
  0
LINE
  5
1D7
330
18A
100
AcDbEntity
  8
2
  6
AUSGEZOGEN
 62
     7
370
    35
100
AcDbLine
 10
55.947265625
 20
-726.791806942418
 30
0.0
 11
55.947265625
 21
-753.339872127965
 31
0.0
  0
LINE
  5
1D8
330
18A
100
AcDbEntity
  8
2
  6
AUSGEZOGEN
 62
     7
370
    35
100
AcDbLine
 10
55.947265625
 20
-753.339872127965
 30
0.0
 11
-277.552734375
 21
-753.328611141636
 31
0.0
  0
LINE
  5
1D9
330
18A
100
AcDbEntity
  8
2
  6
AUSGEZOGEN
 62
     7
370
    35
100
AcDbLine
 10
-277.552734375
 20
-753.328611141636
 30
0.0
 11
-277.552734375
 21
-722.022825008824
 31
0.0
  0
LINE
  5
1DA
330
18A
100
AcDbEntity
  8
2
  6
AUSGEZOGEN
 62
     7
370
    35
100
AcDbLine
 10
-124.1328125
 20
-593.339875942662
 30
0.0
 11
-121.130859375
 21
-591.338775402501
 31
0.0
  0
LINE
  5
1DB
330
18A
100
AcDbEntity
  8
2
  6
AUSGEZOGEN
 62
     7
370
    35
100
AcDbLine
 10
-121.130859375
 20
-591.338775402501
 30
0.0
 11
-121.130859375
 21
-573.705701595738
 31
0.0
  0
LINE
  5
1DC
330
18A
100
AcDbEntity
  8
2
  6
AUSGEZOGEN
 62
     7
370
    35
100
AcDbLine
 10
-121.130859375
 20
-573.705701595738
 30
0.0
 11
-117.38671875
 21
-582.874505764439
 31
0.0
  0
LINE
  5
1DD
330
18A
100
AcDbEntity
  8
2
  6
AUSGEZOGEN
 62
     7
370
    35
100
AcDbLine
 10
-90.126953125
 20
-593.33874869962
 30
0.0
 11
222.96875
 21
-593.33874869962
 31
0.0
  0
LINE
  5
1DE
330
18A
100
AcDbEntity
  8
2
  6
AUSGEZOGEN
 62
     7
370
    35
100
AcDbLine
 10
222.96875
 20
-726.791806942418
 30
0.0
 11
55.947265625
 21
-726.791806942418
 31
0.0
  0
LINE
  5
1DF
330
18A
100
AcDbEntity
  8
2
  6
AUSGEZOGEN
 62
     7
370
    35
100
AcDbLine
 10
222.96875
 20
-593.33874869962
 30
0.0
 11
222.96875
 21
-726.791806942418
 31
0.0
  0
LINE
  5
1E0
330
18A
100
AcDbEntity
  8
2
  6
AUSGEZOGEN
 62
     7
370
    35
100
AcDbLine
 10
-277.552734375
 20
-722.022825008824
 30
0.0
 11
-278.052734375
 21
-722.022825008824
 31
0.0
  0
ARC
  5
1E1
330
18A
100
AcDbEntity
  8
2
  6
AUSGEZOGEN
 62
     7
370
    35
100
AcDbCircle
 10
-98.857443220779
 20
-575.345117221206
 30
0.0
 40
19.99999999999998
100
AcDbArc
 50
202.115159465642
 51
295.883762376933
  0
LINE
  5
1E2
330
18A
100
AcDbEntity
  8
2
  6
AUSGEZOGEN
 62
     7
370
    35
100
AcDbLine
 10
-155.875
 20
-480.99473357816
 30
0.0
 11
-278.052734375
 21
-481.043340450718
 31
0.0
  0
LINE
  5
1E3
330
18A
100
AcDbEntity
  8
2
  6
AUSGEZOGEN
 62
     7
370
    35
100
AcDbLine
 10
-150.61328125
 20
-494.122388607457
 30
0.0
 11
-155.875
 21
-480.99473357816
 31
0.0
  0
LINE
  5
1E4
330
18A
100
AcDbEntity
  8
2
  6
AUSGEZOGEN
 62
     7
370
    35
100
AcDbLine
 10
-153.20703125
 20
-495.177701717808
 30
0.0
 11
-150.61328125
 21
-494.122388607457
 31
0.0
  0
LINE
  5
1E5
330
18A
100
AcDbEntity
  8
2
  6
AUSGEZOGEN
 62
     7
370
    35
100
AcDbLine
 10
-117.38671875
 20
-582.874505764439
 30
0.0
 11
-153.20703125
 21
-495.177701717808
 31
0.0
  0
LINE
  5
1E6
330
18A
100
AcDbEntity
  8
2
  6
AUSGEZOGEN
 62
     7
370
    35
100
AcDbLine
 10
-278.052734375
 20
-481.043340450718
 30
0.0
 11
-278.052734375
 21
-722.022825008824
 31
0.0
  0
LINE
  5
1E7
330
18A
100
AcDbEntity
  8
2
  6
AUSGEZOGEN
 62
     7
370
    35
100
AcDbLine
 10
-278.052734375
 20
-722.022825008824
 30
0.0
 11
-277.552734375
 21
-722.022825008824
 31
0.0
  0
LINE
  5
1E8
330
18A
100
AcDbEntity
  8
2
  6
AUSGEZOGEN
 62
     7
370
    35
100
AcDbLine
 10
-277.552734375
 20
-722.022825008824
 30
0.0
 11
-277.552734375
 21
-753.328611141636
 31
0.0
  0
LINE
  5
1E9
330
18A
100
AcDbEntity
  8
2
  6
AUSGEZOGEN
 62
     7
370
    35
100
AcDbLine
 10
55.947265625
 20
-753.339872127965
 30
0.0
 11
55.947265625
 21
-726.791806942418
 31
0.0
  0
LINE
  5
1EA
330
18A
100
AcDbEntity
  8
2
  6
AUSGEZOGEN
 62
     7
370
    35
100
AcDbLine
 10
-277.552734375
 20
-753.328611141636
 30
0.0
 11
55.947265625
 21
-753.339872127965
 31
0.0
  0
LINE
  5
1EB
330
18A
100
AcDbEntity
  8
2
  6
AUSGEZOGEN
 62
     7
370
    35
100
AcDbLine
 10
222.96875
 20
-726.791806942418
 30
0.0
 11
222.96875
 21
-593.33874869962
 31
0.0
  0
LINE
  5
1EC
330
18A
100
AcDbEntity
  8
2
  6
AUSGEZOGEN
 62
     7
370
    35
100
AcDbLine
 10
55.947265625
 20
-726.791806942418
 30
0.0
 11
222.96875
 21
-726.791806942418
 31
0.0
  0
LINE
  5
1ED
330
18A
100
AcDbEntity
  8
2
  6
AUSGEZOGEN
 62
     7
370
    35
100
AcDbLine
 10
222.96875
 20
-593.33874869962
 30
0.0
 11
-90.126953125
 21
-593.33874869962
 31
0.0
  0
CIRCLE
  5
1EE
330
18A
100
AcDbEntity
  8
2
  6
AUSGEZOGEN
 62
     7
370
    35
100
AcDbCircle
 10
-214.482179372742
 20
-512.028665194187
 30
0.0
 40
10.25
  0
CIRCLE
  5
1EF
330
18A
100
AcDbEntity
  8
2
  6
AUSGEZOGEN
 62
     7
370
    35
100
AcDbCircle
 10
-193.822129188615
 20
-562.556531673863
 30
0.0
 40
10.25
  0
ARC
  5
1F0
330
18A
100
AcDbEntity
  8
2
  6
AUSGEZOGEN
 62
     7
370
    35
100
AcDbCircle
 10
-98.857443220779
 20
-575.345117221206
 30
0.0
 40
19.99999999999998
100
AcDbArc
 50
202.115159465642
 51
295.883762376933
  0
ENDBLK
  5
18C
330
18A
100
AcDbEntity
  8
0
100
AcDbBlockEnd
  0
BLOCK
  5
1F3
330
1F2
100
AcDbEntity
  8
0
100
AcDbBlockBegin
  2
AnonymMegaMac_nNn08
 70
     0
 10
0.0
 20
0.0
 30
0.0
  3
AnonymMegaMac_nNn08
  1

  0
LINE
  5
1F5
330
1F2
100
AcDbEntity
  8
2
  6
AUSGEZOGEN
 62
     7
370
    35
100
AcDbLine
 10
-278.052734375
 20
-479.043340450718
 30
0.0
 11
-156.67578125
 21
-478.99505401273
 31
0.0
  0
LINE
  5
1F6
330
1F2
100
AcDbEntity
  8
2
  6
AUSGEZOGEN
 62
     7
370
    35
100
AcDbLine
 10
-156.67578125
 20
-478.99505401273
 30
0.0
 11
-278.052734375
 21
-479.043340450718
 31
0.0
  0
LINE
  5
1F7
330
1F2
100
AcDbEntity
  8
2
  6
AUSGEZOGEN
 62
     7
370
    35
100
AcDbLine
 10
-278.052734375
 20
-479.043340450718
 30
0.0
 11
-278.052734375
 21
-432.690137630894
 31
0.0
  0
LINE
  5
1F8
330
1F2
100
AcDbEntity
  8
2
  6
AUSGEZOGEN
 62
     7
370
    35
100
AcDbLine
 10
-278.052734375
 20
-432.690137630894
 30
0.0
 11
-237.453125
 21
-404.737745052769
 31
0.0
  0
LINE
  5
1F9
330
1F2
100
AcDbEntity
  8
2
  6
AUSGEZOGEN
 62
     7
370
    35
100
AcDbLine
 10
-237.453125
 20
-404.737745052769
 30
0.0
 11
-211.169921875
 21
-404.737302547886
 31
0.0
  0
LINE
  5
1FA
330
1F2
100
AcDbEntity
  8
2
  6
AUSGEZOGEN
 62
     7
370
    35
100
AcDbLine
 10
-156.67578125
 20
-478.99505401273
 30
0.0
 11
-278.052734375
 21
-479.043340450718
 31
0.0
  0
LINE
  5
1FB
330
1F2
100
AcDbEntity
  8
2
  6
AUSGEZOGEN
 62
     7
370
    35
100
AcDbLine
 10
-176.654296875
 20
-429.137265926793
 30
0.0
 11
-156.67578125
 21
-478.99505401273
 31
0.0
  0
LINE
  5
1FC
330
1F2
100
AcDbEntity
  8
2
  6
AUSGEZOGEN
 62
     7
370
    35
100
AcDbLine
 10
-177.896484375
 20
-428.587247616246
 30
0.0
 11
-176.654296875
 21
-429.137265926793
 31
0.0
  0
ARC
  5
1FD
330
1F2
100
AcDbEntity
  8
2
  6
AUSGEZOGEN
 62
     7
370
    35
100
AcDbCircle
 10
-202.896083196803
 20
-428.328285194187
 30
0.0
 40
25.00000000000001
100
AcDbArc
 50
109.327965470816
 51
359.406479750557
  0
LINE
  5
1FE
330
1F2
100
AcDbEntity
  8
2
  6
AUSGEZOGEN
 62
     7
370
    35
100
AcDbLine
 10
-176.654296875
 20
-429.137265926793
 30
0.0
 11
-177.896484375
 21
-428.587247616246
 31
0.0
  0
LINE
  5
1FF
330
1F2
100
AcDbEntity
  8
2
  6
AUSGEZOGEN
 62
     7
370
    35
100
AcDbLine
 10
-177.896484375
 20
-428.587247616246
 30
0.0
 11
-176.654296875
 21
-429.137265926793
 31
0.0
  0
LINE
  5
200
330
1F2
100
AcDbEntity
  8
2
  6
AUSGEZOGEN
 62
     7
370
    35
100
AcDbLine
 10
-211.169921875
 20
-404.737302547886
 30
0.0
 11
-237.453125
 21
-404.737745052769
 31
0.0
  0
LINE
  5
201
330
1F2
100
AcDbEntity
  8
2
  6
AUSGEZOGEN
 62
     7
370
    35
100
AcDbLine
 10
-237.453125
 20
-404.737745052769
 30
0.0
 11
-211.169921875
 21
-404.737302547886
 31
0.0
  0
LINE
  5
202
330
1F2
100
AcDbEntity
  8
2
  6
AUSGEZOGEN
 62
     7
370
    35
100
AcDbLine
 10
-237.453125
 20
-404.737745052769
 30
0.0
 11
-278.052734375
 21
-432.690137630894
 31
0.0
  0
LINE
  5
203
330
1F2
100
AcDbEntity
  8
2
  6
AUSGEZOGEN
 62
     7
370
    35
100
AcDbLine
 10
-278.052734375
 20
-432.690137630894
 30
0.0
 11
-237.453125
 21
-404.737745052769
 31
0.0
  0
LINE
  5
204
330
1F2
100
AcDbEntity
  8
2
  6
AUSGEZOGEN
 62
     7
370
    35
100
AcDbLine
 10
-156.67578125
 20
-478.99505401273
 30
0.0
 11
-176.654296875
 21
-429.137265926793
 31
0.0
  0
LINE
  5
205
330
1F2
100
AcDbEntity
  8
2
  6
AUSGEZOGEN
 62
     7
370
    35
100
AcDbLine
 10
-176.654296875
 20
-429.137265926793
 30
0.0
 11
-177.896484375
 21
-428.587247616246
 31
0.0
  0
LINE
  5
206
330
1F2
100
AcDbEntity
  8
2
  6
AUSGEZOGEN
 62
     7
370
    35
100
AcDbLine
 10
-278.052734375
 20
-479.043340450718
 30
0.0
 11
-156.67578125
 21
-478.99505401273
 31
0.0
  0
LINE
  5
207
330
1F2
100
AcDbEntity
  8
2
  6
AUSGEZOGEN
 62
     7
370
    35
100
AcDbLine
 10
-278.052734375
 20
-432.690137630894
 30
0.0
 11
-278.052734375
 21
-479.043340450718
 31
0.0
  0
LINE
  5
208
330
1F2
100
AcDbEntity
  8
2
  6
AUSGEZOGEN
 62
     7
370
    35
100
AcDbLine
 10
-211.169921875
 20
-404.737302547886
 30
0.0
 11
-237.453125
 21
-404.737745052769
 31
0.0
  0
LINE
  5
209
330
1F2
100
AcDbEntity
  8
2
  6
AUSGEZOGEN
 62
     7
370
    35
100
AcDbLine
 10
-237.453125
 20
-404.737745052769
 30
0.0
 11
-278.052734375
 21
-432.690137630894
 31
0.0
  0
ARC
  5
20A
330
1F2
100
AcDbEntity
  8
2
  6
AUSGEZOGEN
 62
     7
370
    35
100
AcDbCircle
 10
-202.896083196803
 20
-428.328285194187
 30
0.0
 40
25.00000000000001
100
AcDbArc
 50
109.327965470816
 51
359.406479750557
  0
LINE
  5
20B
330
1F2
100
AcDbEntity
  8
2
  6
AUSGEZOGEN
 62
     7
370
    35
100
AcDbLine
 10
-124.1328125
 20
-593.339875942662
 30
0.0
 11
-278.052734375
 21
-593.339198833897
 31
0.0
  0
LINE
  5
20C
330
1F2
100
AcDbEntity
  8
2
  6
AUSGEZOGEN
 62
     7
370
    35
100
AcDbLine
 10
-278.052734375
 20
-593.339198833897
 30
0.0
 11
-124.1328125
 21
-593.339875942662
 31
0.0
  0
LINE
  5
20D
330
1F2
100
AcDbEntity
  8
2
  6
AUSGEZOGEN
 62
     7
370
    35
100
AcDbLine
 10
-121.130859375
 20
-591.338775402501
 30
0.0
 11
-124.1328125
 21
-593.339875942662
 31
0.0
  0
LINE
  5
20E
330
1F2
100
AcDbEntity
  8
2
  6
AUSGEZOGEN
 62
     7
370
    35
100
AcDbLine
 10
-124.1328125
 20
-593.339875942662
 30
0.0
 11
-121.130859375
 21
-591.338775402501
 31
0.0
  0
LINE
  5
20F
330
1F2
100
AcDbEntity
  8
2
  6
AUSGEZOGEN
 62
     7
370
    35
100
AcDbLine
 10
-121.130859375
 20
-573.705701595738
 30
0.0
 11
-121.130859375
 21
-591.338775402501
 31
0.0
  0
LINE
  5
210
330
1F2
100
AcDbEntity
  8
2
  6
AUSGEZOGEN
 62
     7
370
    35
100
AcDbLine
 10
-121.130859375
 20
-591.338775402501
 30
0.0
 11
-121.130859375
 21
-573.705701595738
 31
0.0
  0
LINE
  5
211
330
1F2
100
AcDbEntity
  8
2
  6
AUSGEZOGEN
 62
     7
370
    35
100
AcDbLine
 10
-153.20703125
 20
-495.177701717808
 30
0.0
 11
-150.61328125
 21
-494.122388607457
 31
0.0
  0
LINE
  5
212
330
1F2
100
AcDbEntity
  8
2
  6
AUSGEZOGEN
 62
     7
370
    35
100
AcDbLine
 10
-150.61328125
 20
-494.122388607457
 30
0.0
 11
-153.20703125
 21
-495.177701717808
 31
0.0
  0
LINE
  5
213
330
1F2
100
AcDbEntity
  8
2
  6
AUSGEZOGEN
 62
     7
370
    35
100
AcDbLine
 10
-150.61328125
 20
-494.122388607457
 30
0.0
 11
-155.875
 21
-480.99473357816
 31
0.0
  0
LINE
  5
214
330
1F2
100
AcDbEntity
  8
2
  6
AUSGEZOGEN
 62
     7
370
    35
100
AcDbLine
 10
-155.875
 20
-480.99473357816
 30
0.0
 11
-150.61328125
 21
-494.122388607457
 31
0.0
  0
LINE
  5
215
330
1F2
100
AcDbEntity
  8
2
  6
AUSGEZOGEN
 62
     7
370
    35
100
AcDbLine
 10
-156.67578125
 20
-478.99505401273
 30
0.0
 11
-176.654296875
 21
-429.137265926793
 31
0.0
  0
LINE
  5
216
330
1F2
100
AcDbEntity
  8
2
  6
AUSGEZOGEN
 62
     7
370
    35
100
AcDbLine
 10
-176.654296875
 20
-429.137265926793
 30
0.0
 11
-156.67578125
 21
-478.99505401273
 31
0.0
  0
LINE
  5
217
330
1F2
100
AcDbEntity
  8
2
  6
AUSGEZOGEN
 62
     7
370
    35
100
AcDbLine
 10
-156.67572536059
 20
-478.995054904466
 30
0.0
 11
-155.87439953789
 21
-480.994736262167
 31
0.0
  0
LINE
  5
218
330
1F2
100
AcDbEntity
  8
2
  6
AUSGEZOGEN
 62
     7
370
    35
100
AcDbLine
 10
-155.87439953789
 20
-480.994736262167
 30
0.0
 11
-156.67572536059
 21
-478.995054904466
 31
0.0
  0
LINE
  5
219
330
1F2
100
AcDbEntity
  8
2
  6
AUSGEZOGEN
 62
     7
370
    35
100
AcDbLine
 10
-278.052734375
 20
-481.043340450718
 30
0.0
 11
-155.875
 21
-480.99473357816
 31
0.0
  0
LINE
  5
21A
330
1F2
100
AcDbEntity
  8
2
  6
AUSGEZOGEN
 62
     7
370
    35
100
AcDbLine
 10
-155.875
 20
-480.99473357816
 30
0.0
 11
-278.052734375
 21
-481.043340450718
 31
0.0
  0
LINE
  5
21B
330
1F2
100
AcDbEntity
  8
2
  6
AUSGEZOGEN
 62
     7
370
    35
100
AcDbLine
 10
-121.130859375
 20
-573.705701595738
 30
0.0
 11
-121.130859375
 21
-591.338775402501
 31
0.0
  0
LINE
  5
21C
330
1F2
100
AcDbEntity
  8
2
  6
AUSGEZOGEN
 62
     7
370
    35
100
AcDbLine
 10
-121.130859375
 20
-591.338775402501
 30
0.0
 11
-124.1328125
 21
-593.339875942662
 31
0.0
  0
LINE
  5
21D
330
1F2
100
AcDbEntity
  8
2
  6
AUSGEZOGEN
 62
     7
370
    35
100
AcDbLine
 10
-124.1328125
 20
-593.339875942662
 30
0.0
 11
-278.052734375
 21
-593.339198833897
 31
0.0
  0
LINE
  5
21E
330
1F2
100
AcDbEntity
  8
2
  6
AUSGEZOGEN
 62
     7
370
    35
100
AcDbLine
 10
-150.61328125
 20
-494.122388607457
 30
0.0
 11
-153.20703125
 21
-495.177701717808
 31
0.0
  0
LINE
  5
21F
330
1F2
100
AcDbEntity
  8
2
  6
AUSGEZOGEN
 62
     7
370
    35
100
AcDbLine
 10
-155.875
 20
-480.99473357816
 30
0.0
 11
-150.61328125
 21
-494.122388607457
 31
0.0
  0
LINE
  5
220
330
1F2
100
AcDbEntity
  8
2
  6
AUSGEZOGEN
 62
     7
370
    35
100
AcDbLine
 10
-278.052734375
 20
-593.339198833897
 30
0.0
 11
-278.052734375
 21
-481.043340450718
 31
0.0
  0
LINE
  5
221
330
1F2
100
AcDbEntity
  8
2
  6
AUSGEZOGEN
 62
     7
370
    35
100
AcDbLine
 10
-278.052734375
 20
-481.043340450718
 30
0.0
 11
-155.875
 21
-480.99473357816
 31
0.0
  0
LINE
  5
222
330
1F2
100
AcDbEntity
  8
2
  6
AUSGEZOGEN
 62
     7
370
    35
100
AcDbLine
 10
-153.20703125
 20
-495.177701717808
 30
0.0
 11
-121.130859375
 21
-573.705701595738
 31
0.0
  0
CIRCLE
  5
223
330
1F2
100
AcDbEntity
  8
2
  6
AUSGEZOGEN
 62
     7
370
    35
100
AcDbCircle
 10
-193.822129188615
 20
-562.556531673863
 30
0.0
 40
10.25
  0
CIRCLE
  5
224
330
1F2
100
AcDbEntity
  8
2
  6
AUSGEZOGEN
 62
     7
370
    35
100
AcDbCircle
 10
-214.482179372742
 20
-512.028665194187
 30
0.0
 40
10.25
  0
LINE
  5
225
330
1F2
100
AcDbEntity
  8
2
  6
AUSGEZOGEN
 62
     7
370
    35
100
AcDbLine
 10
-278.052734375
 20
-593.339198833897
 30
0.0
 11
-278.052734375
 21
-722.022825008824
 31
0.0
  0
LINE
  5
226
330
1F2
100
AcDbEntity
  8
2
  6
AUSGEZOGEN
 62
     7
370
    35
100
AcDbLine
 10
-278.052734375
 20
-722.022825008824
 30
0.0
 11
-278.052734375
 21
-481.043340450718
 31
0.0
  0
LINE
  5
227
330
1F2
100
AcDbEntity
  8
2
  6
AUSGEZOGEN
 62
     7
370
    35
100
AcDbLine
 10
-278.052734375
 20
-432.690137630894
 30
0.0
 11
-278.052734375
 21
-479.043340450718
 31
0.0
  0
LINE
  5
228
330
1F2
100
AcDbEntity
  8
2
  6
AUSGEZOGEN
 62
     7
370
    35
100
AcDbLine
 10
-278.052734375
 20
-479.043340450718
 30
0.0
 11
-278.052734375
 21
-432.690137630894
 31
0.0
  0
LINE
  5
229
330
1F2
100
AcDbEntity
  8
2
  6
AUSGEZOGEN
 62
     7
370
    35
100
AcDbLine
 10
-278.052734375
 20
-481.043340450718
 30
0.0
 11
-278.052734375
 21
-593.339198833897
 31
0.0
  0
LINE
  5
22A
330
1F2
100
AcDbEntity
  8
2
  6
AUSGEZOGEN
 62
     7
370
    35
100
AcDbLine
 10
-278.053179899776
 20
-481.043344038976
 30
0.0
 11
-278.053179899776
 21
-479.043343879296
 31
0.0
  0
LINE
  5
22B
330
1F2
100
AcDbEntity
  8
2
  6
AUSGEZOGEN
 62
     7
370
    35
100
AcDbLine
 10
-278.053179899776
 20
-479.043343877893
 30
0.0
 11
-278.053179899776
 21
-481.043344037573
 31
0.0
  0
LINE
  5
22C
330
1F2
100
AcDbEntity
  8
2
  6
AUSGEZOGEN
 62
     7
370
    35
100
AcDbLine
 10
-278.052734375
 20
-722.022825008824
 30
0.0
 11
-277.552734375
 21
-722.022825008824
 31
0.0
  0
LINE
  5
22D
330
1F2
100
AcDbEntity
  8
2
  6
AUSGEZOGEN
 62
     7
370
    35
100
AcDbLine
 10
-277.552734375
 20
-722.022825008824
 30
0.0
 11
-278.052734375
 21
-722.022825008824
 31
0.0
  0
LINE
  5
22E
330
1F2
100
AcDbEntity
  8
2
  6
AUSGEZOGEN
 62
     7
370
    35
100
AcDbLine
 10
-277.552734375
 20
-722.022825008824
 30
0.0
 11
-277.552734375
 21
-753.328611141636
 31
0.0
  0
LINE
  5
22F
330
1F2
100
AcDbEntity
  8
2
  6
AUSGEZOGEN
 62
     7
370
    35
100
AcDbLine
 10
-277.552734375
 20
-753.328611141636
 30
0.0
 11
-277.552734375
 21
-722.022825008824
 31
0.0
  0
LINE
  5
230
330
1F2
100
AcDbEntity
  8
2
  6
AUSGEZOGEN
 62
     7
370
    35
100
AcDbLine
 10
-277.552734375
 20
-753.328611141636
 30
0.0
 11
55.947265625
 21
-753.339872127965
 31
0.0
  0
LINE
  5
231
330
1F2
100
AcDbEntity
  8
2
  6
AUSGEZOGEN
 62
     7
370
    35
100
AcDbLine
 10
55.947265625
 20
-753.339872127965
 30
0.0
 11
-277.552734375
 21
-753.328611141636
 31
0.0
  0
LINE
  5
232
330
1F2
100
AcDbEntity
  8
2
  6
AUSGEZOGEN
 62
     7
370
    35
100
AcDbLine
 10
55.947265625
 20
-753.339872127965
 30
0.0
 11
55.947265625
 21
-726.791806942418
 31
0.0
  0
LINE
  5
233
330
1F2
100
AcDbEntity
  8
2
  6
AUSGEZOGEN
 62
     7
370
    35
100
AcDbLine
 10
55.947265625
 20
-726.791806942418
 30
0.0
 11
55.947265625
 21
-753.339872127965
 31
0.0
  0
LINE
  5
234
330
1F2
100
AcDbEntity
  8
2
  6
AUSGEZOGEN
 62
     7
370
    35
100
AcDbLine
 10
55.947265625
 20
-726.791806942418
 30
0.0
 11
222.96875
 21
-726.791806942418
 31
0.0
  0
LINE
  5
235
330
1F2
100
AcDbEntity
  8
2
  6
AUSGEZOGEN
 62
     7
370
    35
100
AcDbLine
 10
222.96875
 20
-726.791806942418
 30
0.0
 11
55.947265625
 21
-726.791806942418
 31
0.0
  0
LINE
  5
236
330
1F2
100
AcDbEntity
  8
2
  6
AUSGEZOGEN
 62
     7
370
    35
100
AcDbLine
 10
222.96875
 20
-726.791806942418
 30
0.0
 11
222.96875
 21
-593.33874869962
 31
0.0
  0
LINE
  5
237
330
1F2
100
AcDbEntity
  8
2
  6
AUSGEZOGEN
 62
     7
370
    35
100
AcDbLine
 10
222.96875
 20
-593.33874869962
 30
0.0
 11
222.96875
 21
-726.791806942418
 31
0.0
  0
LINE
  5
238
330
1F2
100
AcDbEntity
  8
2
  6
AUSGEZOGEN
 62
     7
370
    35
100
AcDbLine
 10
222.96875
 20
-593.33874869962
 30
0.0
 11
-90.126953125
 21
-593.33874869962
 31
0.0
  0
LINE
  5
239
330
1F2
100
AcDbEntity
  8
2
  6
AUSGEZOGEN
 62
     7
370
    35
100
AcDbLine
 10
-90.126953125
 20
-593.33874869962
 30
0.0
 11
222.96875
 21
-593.33874869962
 31
0.0
  0
LINE
  5
23A
330
1F2
100
AcDbEntity
  8
2
  6
AUSGEZOGEN
 62
     7
370
    35
100
AcDbLine
 10
-117.38671875
 20
-582.874505764439
 30
0.0
 11
-121.130859375
 21
-573.705701595738
 31
0.0
  0
LINE
  5
23B
330
1F2
100
AcDbEntity
  8
2
  6
AUSGEZOGEN
 62
     7
370
    35
100
AcDbLine
 10
-121.130859375
 20
-573.705701595738
 30
0.0
 11
-153.20703125
 21
-495.177701717808
 31
0.0
  0
LINE
  5
23C
330
1F2
100
AcDbEntity
  8
2
  6
AUSGEZOGEN
 62
     7
370
    35
100
AcDbLine
 10
-153.20703125
 20
-495.177701717808
 30
0.0
 11
-117.38671875
 21
-582.874505764439
 31
0.0
  0
LINE
  5
23D
330
1F2
100
AcDbEntity
  8
2
  6
AUSGEZOGEN
 62
     7
370
    35
100
AcDbLine
 10
-278.052734375
 20
-593.339198833897
 30
0.0
 11
-124.1328125
 21
-593.339875942662
 31
0.0
  0
LINE
  5
23E
330
1F2
100
AcDbEntity
  8
2
  6
AUSGEZOGEN
 62
     7
370
    35
100
AcDbLine
 10
-278.052734375
 20
-722.022825008824
 30
0.0
 11
-278.052734375
 21
-593.339198833897
 31
0.0
  0
LINE
  5
23F
330
1F2
100
AcDbEntity
  8
2
  6
AUSGEZOGEN
 62
     7
370
    35
100
AcDbLine
 10
55.947265625
 20
-726.791806942418
 30
0.0
 11
55.947265625
 21
-753.339872127965
 31
0.0
  0
LINE
  5
240
330
1F2
100
AcDbEntity
  8
2
  6
AUSGEZOGEN
 62
     7
370
    35
100
AcDbLine
 10
55.947265625
 20
-753.339872127965
 30
0.0
 11
-277.552734375
 21
-753.328611141636
 31
0.0
  0
LINE
  5
241
330
1F2
100
AcDbEntity
  8
2
  6
AUSGEZOGEN
 62
     7
370
    35
100
AcDbLine
 10
-277.552734375
 20
-753.328611141636
 30
0.0
 11
-277.552734375
 21
-722.022825008824
 31
0.0
  0
LINE
  5
242
330
1F2
100
AcDbEntity
  8
2
  6
AUSGEZOGEN
 62
     7
370
    35
100
AcDbLine
 10
-124.1328125
 20
-593.339875942662
 30
0.0
 11
-121.130859375
 21
-591.338775402501
 31
0.0
  0
LINE
  5
243
330
1F2
100
AcDbEntity
  8
2
  6
AUSGEZOGEN
 62
     7
370
    35
100
AcDbLine
 10
-121.130859375
 20
-591.338775402501
 30
0.0
 11
-121.130859375
 21
-573.705701595738
 31
0.0
  0
LINE
  5
244
330
1F2
100
AcDbEntity
  8
2
  6
AUSGEZOGEN
 62
     7
370
    35
100
AcDbLine
 10
-121.130859375
 20
-573.705701595738
 30
0.0
 11
-117.38671875
 21
-582.874505764439
 31
0.0
  0
LINE
  5
245
330
1F2
100
AcDbEntity
  8
2
  6
AUSGEZOGEN
 62
     7
370
    35
100
AcDbLine
 10
-90.126953125
 20
-593.33874869962
 30
0.0
 11
222.96875
 21
-593.33874869962
 31
0.0
  0
LINE
  5
246
330
1F2
100
AcDbEntity
  8
2
  6
AUSGEZOGEN
 62
     7
370
    35
100
AcDbLine
 10
222.96875
 20
-726.791806942418
 30
0.0
 11
55.947265625
 21
-726.791806942418
 31
0.0
  0
LINE
  5
247
330
1F2
100
AcDbEntity
  8
2
  6
AUSGEZOGEN
 62
     7
370
    35
100
AcDbLine
 10
222.96875
 20
-593.33874869962
 30
0.0
 11
222.96875
 21
-726.791806942418
 31
0.0
  0
LINE
  5
248
330
1F2
100
AcDbEntity
  8
2
  6
AUSGEZOGEN
 62
     7
370
    35
100
AcDbLine
 10
-277.552734375
 20
-722.022825008824
 30
0.0
 11
-278.052734375
 21
-722.022825008824
 31
0.0
  0
ARC
  5
249
330
1F2
100
AcDbEntity
  8
2
  6
AUSGEZOGEN
 62
     7
370
    35
100
AcDbCircle
 10
-98.857443220779
 20
-575.345117221206
 30
0.0
 40
19.99999999999998
100
AcDbArc
 50
202.115159465642
 51
295.883762376933
  0
LINE
  5
24A
330
1F2
100
AcDbEntity
  8
2
  6
AUSGEZOGEN
 62
     7
370
    35
100
AcDbLine
 10
-155.875
 20
-480.99473357816
 30
0.0
 11
-278.052734375
 21
-481.043340450718
 31
0.0
  0
LINE
  5
24B
330
1F2
100
AcDbEntity
  8
2
  6
AUSGEZOGEN
 62
     7
370
    35
100
AcDbLine
 10
-150.61328125
 20
-494.122388607457
 30
0.0
 11
-155.875
 21
-480.99473357816
 31
0.0
  0
LINE
  5
24C
330
1F2
100
AcDbEntity
  8
2
  6
AUSGEZOGEN
 62
     7
370
    35
100
AcDbLine
 10
-153.20703125
 20
-495.177701717808
 30
0.0
 11
-150.61328125
 21
-494.122388607457
 31
0.0
  0
LINE
  5
24D
330
1F2
100
AcDbEntity
  8
2
  6
AUSGEZOGEN
 62
     7
370
    35
100
AcDbLine
 10
-117.38671875
 20
-582.874505764439
 30
0.0
 11
-153.20703125
 21
-495.177701717808
 31
0.0
  0
LINE
  5
24E
330
1F2
100
AcDbEntity
  8
2
  6
AUSGEZOGEN
 62
     7
370
    35
100
AcDbLine
 10
-278.052734375
 20
-481.043340450718
 30
0.0
 11
-278.052734375
 21
-722.022825008824
 31
0.0
  0
LINE
  5
24F
330
1F2
100
AcDbEntity
  8
2
  6
AUSGEZOGEN
 62
     7
370
    35
100
AcDbLine
 10
-278.052734375
 20
-722.022825008824
 30
0.0
 11
-277.552734375
 21
-722.022825008824
 31
0.0
  0
LINE
  5
250
330
1F2
100
AcDbEntity
  8
2
  6
AUSGEZOGEN
 62
     7
370
    35
100
AcDbLine
 10
-277.552734375
 20
-722.022825008824
 30
0.0
 11
-277.552734375
 21
-753.328611141636
 31
0.0
  0
LINE
  5
251
330
1F2
100
AcDbEntity
  8
2
  6
AUSGEZOGEN
 62
     7
370
    35
100
AcDbLine
 10
55.947265625
 20
-753.339872127965
 30
0.0
 11
55.947265625
 21
-726.791806942418
 31
0.0
  0
LINE
  5
252
330
1F2
100
AcDbEntity
  8
2
  6
AUSGEZOGEN
 62
     7
370
    35
100
AcDbLine
 10
-277.552734375
 20
-753.328611141636
 30
0.0
 11
55.947265625
 21
-753.339872127965
 31
0.0
  0
LINE
  5
253
330
1F2
100
AcDbEntity
  8
2
  6
AUSGEZOGEN
 62
     7
370
    35
100
AcDbLine
 10
222.96875
 20
-726.791806942418
 30
0.0
 11
222.96875
 21
-593.33874869962
 31
0.0
  0
LINE
  5
254
330
1F2
100
AcDbEntity
  8
2
  6
AUSGEZOGEN
 62
     7
370
    35
100
AcDbLine
 10
55.947265625
 20
-726.791806942418
 30
0.0
 11
222.96875
 21
-726.791806942418
 31
0.0
  0
LINE
  5
255
330
1F2
100
AcDbEntity
  8
2
  6
AUSGEZOGEN
 62
     7
370
    35
100
AcDbLine
 10
222.96875
 20
-593.33874869962
 30
0.0
 11
-90.126953125
 21
-593.33874869962
 31
0.0
  0
CIRCLE
  5
256
330
1F2
100
AcDbEntity
  8
2
  6
AUSGEZOGEN
 62
     7
370
    35
100
AcDbCircle
 10
-214.482179372742
 20
-512.028665194187
 30
0.0
 40
10.25
  0
CIRCLE
  5
257
330
1F2
100
AcDbEntity
  8
2
  6
AUSGEZOGEN
 62
     7
370
    35
100
AcDbCircle
 10
-193.822129188615
 20
-562.556531673863
 30
0.0
 40
10.25
  0
ARC
  5
258
330
1F2
100
AcDbEntity
  8
2
  6
AUSGEZOGEN
 62
     7
370
    35
100
AcDbCircle
 10
-98.857443220779
 20
-575.345117221206
 30
0.0
 40
19.99999999999998
100
AcDbArc
 50
202.115159465642
 51
295.883762376933
  0
ENDBLK
  5
1F4
330
1F2
100
AcDbEntity
  8
0
100
AcDbBlockEnd
  0
BLOCK
  5
25B
330
25A
100
AcDbEntity
  8
0
100
AcDbBlockBegin
  2
AnonymMegaMac_nNn09
 70
     0
 10
0.0
 20
0.0
 30
0.0
  3
AnonymMegaMac_nNn09
  1

  0
LINE
  5
25D
330
25A
100
AcDbEntity
  8
2
  6
AUSGEZOGEN
 62
     7
370
    35
100
AcDbLine
 10
-278.052734375
 20
-479.043340450718
 30
0.0
 11
-156.67578125
 21
-478.99505401273
 31
0.0
  0
LINE
  5
25E
330
25A
100
AcDbEntity
  8
2
  6
AUSGEZOGEN
 62
     7
370
    35
100
AcDbLine
 10
-156.67578125
 20
-478.99505401273
 30
0.0
 11
-278.052734375
 21
-479.043340450718
 31
0.0
  0
LINE
  5
25F
330
25A
100
AcDbEntity
  8
2
  6
AUSGEZOGEN
 62
     7
370
    35
100
AcDbLine
 10
-278.052734375
 20
-479.043340450718
 30
0.0
 11
-278.052734375
 21
-432.690137630894
 31
0.0
  0
LINE
  5
260
330
25A
100
AcDbEntity
  8
2
  6
AUSGEZOGEN
 62
     7
370
    35
100
AcDbLine
 10
-278.052734375
 20
-432.690137630894
 30
0.0
 11
-237.453125
 21
-404.737745052769
 31
0.0
  0
LINE
  5
261
330
25A
100
AcDbEntity
  8
2
  6
AUSGEZOGEN
 62
     7
370
    35
100
AcDbLine
 10
-237.453125
 20
-404.737745052769
 30
0.0
 11
-211.169921875
 21
-404.737302547886
 31
0.0
  0
LINE
  5
262
330
25A
100
AcDbEntity
  8
2
  6
AUSGEZOGEN
 62
     7
370
    35
100
AcDbLine
 10
-156.67578125
 20
-478.99505401273
 30
0.0
 11
-278.052734375
 21
-479.043340450718
 31
0.0
  0
LINE
  5
263
330
25A
100
AcDbEntity
  8
2
  6
AUSGEZOGEN
 62
     7
370
    35
100
AcDbLine
 10
-176.654296875
 20
-429.137265926793
 30
0.0
 11
-156.67578125
 21
-478.99505401273
 31
0.0
  0
LINE
  5
264
330
25A
100
AcDbEntity
  8
2
  6
AUSGEZOGEN
 62
     7
370
    35
100
AcDbLine
 10
-177.896484375
 20
-428.587247616246
 30
0.0
 11
-176.654296875
 21
-429.137265926793
 31
0.0
  0
ARC
  5
265
330
25A
100
AcDbEntity
  8
2
  6
AUSGEZOGEN
 62
     7
370
    35
100
AcDbCircle
 10
-202.896083196803
 20
-428.328285194187
 30
0.0
 40
25.00000000000001
100
AcDbArc
 50
109.327965470816
 51
359.406479750557
  0
LINE
  5
266
330
25A
100
AcDbEntity
  8
2
  6
AUSGEZOGEN
 62
     7
370
    35
100
AcDbLine
 10
-176.654296875
 20
-429.137265926793
 30
0.0
 11
-177.896484375
 21
-428.587247616246
 31
0.0
  0
LINE
  5
267
330
25A
100
AcDbEntity
  8
2
  6
AUSGEZOGEN
 62
     7
370
    35
100
AcDbLine
 10
-177.896484375
 20
-428.587247616246
 30
0.0
 11
-176.654296875
 21
-429.137265926793
 31
0.0
  0
LINE
  5
268
330
25A
100
AcDbEntity
  8
2
  6
AUSGEZOGEN
 62
     7
370
    35
100
AcDbLine
 10
-211.169921875
 20
-404.737302547886
 30
0.0
 11
-237.453125
 21
-404.737745052769
 31
0.0
  0
LINE
  5
269
330
25A
100
AcDbEntity
  8
2
  6
AUSGEZOGEN
 62
     7
370
    35
100
AcDbLine
 10
-237.453125
 20
-404.737745052769
 30
0.0
 11
-211.169921875
 21
-404.737302547886
 31
0.0
  0
LINE
  5
26A
330
25A
100
AcDbEntity
  8
2
  6
AUSGEZOGEN
 62
     7
370
    35
100
AcDbLine
 10
-237.453125
 20
-404.737745052769
 30
0.0
 11
-278.052734375
 21
-432.690137630894
 31
0.0
  0
LINE
  5
26B
330
25A
100
AcDbEntity
  8
2
  6
AUSGEZOGEN
 62
     7
370
    35
100
AcDbLine
 10
-278.052734375
 20
-432.690137630894
 30
0.0
 11
-237.453125
 21
-404.737745052769
 31
0.0
  0
LINE
  5
26C
330
25A
100
AcDbEntity
  8
2
  6
AUSGEZOGEN
 62
     7
370
    35
100
AcDbLine
 10
-156.67578125
 20
-478.99505401273
 30
0.0
 11
-176.654296875
 21
-429.137265926793
 31
0.0
  0
LINE
  5
26D
330
25A
100
AcDbEntity
  8
2
  6
AUSGEZOGEN
 62
     7
370
    35
100
AcDbLine
 10
-176.654296875
 20
-429.137265926793
 30
0.0
 11
-177.896484375
 21
-428.587247616246
 31
0.0
  0
LINE
  5
26E
330
25A
100
AcDbEntity
  8
2
  6
AUSGEZOGEN
 62
     7
370
    35
100
AcDbLine
 10
-278.052734375
 20
-479.043340450718
 30
0.0
 11
-156.67578125
 21
-478.99505401273
 31
0.0
  0
LINE
  5
26F
330
25A
100
AcDbEntity
  8
2
  6
AUSGEZOGEN
 62
     7
370
    35
100
AcDbLine
 10
-278.052734375
 20
-432.690137630894
 30
0.0
 11
-278.052734375
 21
-479.043340450718
 31
0.0
  0
LINE
  5
270
330
25A
100
AcDbEntity
  8
2
  6
AUSGEZOGEN
 62
     7
370
    35
100
AcDbLine
 10
-211.169921875
 20
-404.737302547886
 30
0.0
 11
-237.453125
 21
-404.737745052769
 31
0.0
  0
LINE
  5
271
330
25A
100
AcDbEntity
  8
2
  6
AUSGEZOGEN
 62
     7
370
    35
100
AcDbLine
 10
-237.453125
 20
-404.737745052769
 30
0.0
 11
-278.052734375
 21
-432.690137630894
 31
0.0
  0
ARC
  5
272
330
25A
100
AcDbEntity
  8
2
  6
AUSGEZOGEN
 62
     7
370
    35
100
AcDbCircle
 10
-202.896083196803
 20
-428.328285194187
 30
0.0
 40
25.00000000000001
100
AcDbArc
 50
109.327965470816
 51
359.406479750557
  0
LINE
  5
273
330
25A
100
AcDbEntity
  8
2
  6
AUSGEZOGEN
 62
     7
370
    35
100
AcDbLine
 10
-124.1328125
 20
-593.339875942662
 30
0.0
 11
-278.052734375
 21
-593.339198833897
 31
0.0
  0
LINE
  5
274
330
25A
100
AcDbEntity
  8
2
  6
AUSGEZOGEN
 62
     7
370
    35
100
AcDbLine
 10
-278.052734375
 20
-593.339198833897
 30
0.0
 11
-124.1328125
 21
-593.339875942662
 31
0.0
  0
LINE
  5
275
330
25A
100
AcDbEntity
  8
2
  6
AUSGEZOGEN
 62
     7
370
    35
100
AcDbLine
 10
-121.130859375
 20
-591.338775402501
 30
0.0
 11
-124.1328125
 21
-593.339875942662
 31
0.0
  0
LINE
  5
276
330
25A
100
AcDbEntity
  8
2
  6
AUSGEZOGEN
 62
     7
370
    35
100
AcDbLine
 10
-124.1328125
 20
-593.339875942662
 30
0.0
 11
-121.130859375
 21
-591.338775402501
 31
0.0
  0
LINE
  5
277
330
25A
100
AcDbEntity
  8
2
  6
AUSGEZOGEN
 62
     7
370
    35
100
AcDbLine
 10
-121.130859375
 20
-573.705701595738
 30
0.0
 11
-121.130859375
 21
-591.338775402501
 31
0.0
  0
LINE
  5
278
330
25A
100
AcDbEntity
  8
2
  6
AUSGEZOGEN
 62
     7
370
    35
100
AcDbLine
 10
-121.130859375
 20
-591.338775402501
 30
0.0
 11
-121.130859375
 21
-573.705701595738
 31
0.0
  0
LINE
  5
279
330
25A
100
AcDbEntity
  8
2
  6
AUSGEZOGEN
 62
     7
370
    35
100
AcDbLine
 10
-153.20703125
 20
-495.177701717808
 30
0.0
 11
-150.61328125
 21
-494.122388607457
 31
0.0
  0
LINE
  5
27A
330
25A
100
AcDbEntity
  8
2
  6
AUSGEZOGEN
 62
     7
370
    35
100
AcDbLine
 10
-150.61328125
 20
-494.122388607457
 30
0.0
 11
-153.20703125
 21
-495.177701717808
 31
0.0
  0
LINE
  5
27B
330
25A
100
AcDbEntity
  8
2
  6
AUSGEZOGEN
 62
     7
370
    35
100
AcDbLine
 10
-150.61328125
 20
-494.122388607457
 30
0.0
 11
-155.875
 21
-480.99473357816
 31
0.0
  0
LINE
  5
27C
330
25A
100
AcDbEntity
  8
2
  6
AUSGEZOGEN
 62
     7
370
    35
100
AcDbLine
 10
-155.875
 20
-480.99473357816
 30
0.0
 11
-150.61328125
 21
-494.122388607457
 31
0.0
  0
LINE
  5
27D
330
25A
100
AcDbEntity
  8
2
  6
AUSGEZOGEN
 62
     7
370
    35
100
AcDbLine
 10
-156.67578125
 20
-478.99505401273
 30
0.0
 11
-176.654296875
 21
-429.137265926793
 31
0.0
  0
LINE
  5
27E
330
25A
100
AcDbEntity
  8
2
  6
AUSGEZOGEN
 62
     7
370
    35
100
AcDbLine
 10
-176.654296875
 20
-429.137265926793
 30
0.0
 11
-156.67578125
 21
-478.99505401273
 31
0.0
  0
LINE
  5
27F
330
25A
100
AcDbEntity
  8
2
  6
AUSGEZOGEN
 62
     7
370
    35
100
AcDbLine
 10
-156.67572536059
 20
-478.995054904466
 30
0.0
 11
-155.87439953789
 21
-480.994736262167
 31
0.0
  0
LINE
  5
280
330
25A
100
AcDbEntity
  8
2
  6
AUSGEZOGEN
 62
     7
370
    35
100
AcDbLine
 10
-155.87439953789
 20
-480.994736262167
 30
0.0
 11
-156.67572536059
 21
-478.995054904466
 31
0.0
  0
LINE
  5
281
330
25A
100
AcDbEntity
  8
2
  6
AUSGEZOGEN
 62
     7
370
    35
100
AcDbLine
 10
-278.052734375
 20
-481.043340450718
 30
0.0
 11
-155.875
 21
-480.99473357816
 31
0.0
  0
LINE
  5
282
330
25A
100
AcDbEntity
  8
2
  6
AUSGEZOGEN
 62
     7
370
    35
100
AcDbLine
 10
-155.875
 20
-480.99473357816
 30
0.0
 11
-278.052734375
 21
-481.043340450718
 31
0.0
  0
LINE
  5
283
330
25A
100
AcDbEntity
  8
2
  6
AUSGEZOGEN
 62
     7
370
    35
100
AcDbLine
 10
-121.130859375
 20
-573.705701595738
 30
0.0
 11
-121.130859375
 21
-591.338775402501
 31
0.0
  0
LINE
  5
284
330
25A
100
AcDbEntity
  8
2
  6
AUSGEZOGEN
 62
     7
370
    35
100
AcDbLine
 10
-121.130859375
 20
-591.338775402501
 30
0.0
 11
-124.1328125
 21
-593.339875942662
 31
0.0
  0
LINE
  5
285
330
25A
100
AcDbEntity
  8
2
  6
AUSGEZOGEN
 62
     7
370
    35
100
AcDbLine
 10
-124.1328125
 20
-593.339875942662
 30
0.0
 11
-278.052734375
 21
-593.339198833897
 31
0.0
  0
LINE
  5
286
330
25A
100
AcDbEntity
  8
2
  6
AUSGEZOGEN
 62
     7
370
    35
100
AcDbLine
 10
-150.61328125
 20
-494.122388607457
 30
0.0
 11
-153.20703125
 21
-495.177701717808
 31
0.0
  0
LINE
  5
287
330
25A
100
AcDbEntity
  8
2
  6
AUSGEZOGEN
 62
     7
370
    35
100
AcDbLine
 10
-155.875
 20
-480.99473357816
 30
0.0
 11
-150.61328125
 21
-494.122388607457
 31
0.0
  0
LINE
  5
288
330
25A
100
AcDbEntity
  8
2
  6
AUSGEZOGEN
 62
     7
370
    35
100
AcDbLine
 10
-278.052734375
 20
-593.339198833897
 30
0.0
 11
-278.052734375
 21
-481.043340450718
 31
0.0
  0
LINE
  5
289
330
25A
100
AcDbEntity
  8
2
  6
AUSGEZOGEN
 62
     7
370
    35
100
AcDbLine
 10
-278.052734375
 20
-481.043340450718
 30
0.0
 11
-155.875
 21
-480.99473357816
 31
0.0
  0
LINE
  5
28A
330
25A
100
AcDbEntity
  8
2
  6
AUSGEZOGEN
 62
     7
370
    35
100
AcDbLine
 10
-153.20703125
 20
-495.177701717808
 30
0.0
 11
-121.130859375
 21
-573.705701595738
 31
0.0
  0
CIRCLE
  5
28B
330
25A
100
AcDbEntity
  8
2
  6
AUSGEZOGEN
 62
     7
370
    35
100
AcDbCircle
 10
-193.822129188615
 20
-562.556531673863
 30
0.0
 40
10.25
  0
CIRCLE
  5
28C
330
25A
100
AcDbEntity
  8
2
  6
AUSGEZOGEN
 62
     7
370
    35
100
AcDbCircle
 10
-214.482179372742
 20
-512.028665194187
 30
0.0
 40
10.25
  0
LINE
  5
28D
330
25A
100
AcDbEntity
  8
2
  6
AUSGEZOGEN
 62
     7
370
    35
100
AcDbLine
 10
-278.052734375
 20
-593.339198833897
 30
0.0
 11
-278.052734375
 21
-722.022825008824
 31
0.0
  0
LINE
  5
28E
330
25A
100
AcDbEntity
  8
2
  6
AUSGEZOGEN
 62
     7
370
    35
100
AcDbLine
 10
-278.052734375
 20
-722.022825008824
 30
0.0
 11
-278.052734375
 21
-481.043340450718
 31
0.0
  0
LINE
  5
28F
330
25A
100
AcDbEntity
  8
2
  6
AUSGEZOGEN
 62
     7
370
    35
100
AcDbLine
 10
-278.052734375
 20
-432.690137630894
 30
0.0
 11
-278.052734375
 21
-479.043340450718
 31
0.0
  0
LINE
  5
290
330
25A
100
AcDbEntity
  8
2
  6
AUSGEZOGEN
 62
     7
370
    35
100
AcDbLine
 10
-278.052734375
 20
-479.043340450718
 30
0.0
 11
-278.052734375
 21
-432.690137630894
 31
0.0
  0
LINE
  5
291
330
25A
100
AcDbEntity
  8
2
  6
AUSGEZOGEN
 62
     7
370
    35
100
AcDbLine
 10
-278.052734375
 20
-481.043340450718
 30
0.0
 11
-278.052734375
 21
-593.339198833897
 31
0.0
  0
LINE
  5
292
330
25A
100
AcDbEntity
  8
2
  6
AUSGEZOGEN
 62
     7
370
    35
100
AcDbLine
 10
-278.053179899776
 20
-481.043344038976
 30
0.0
 11
-278.053179899776
 21
-479.043343879296
 31
0.0
  0
LINE
  5
293
330
25A
100
AcDbEntity
  8
2
  6
AUSGEZOGEN
 62
     7
370
    35
100
AcDbLine
 10
-278.053179899776
 20
-479.043343877893
 30
0.0
 11
-278.053179899776
 21
-481.043344037573
 31
0.0
  0
LINE
  5
294
330
25A
100
AcDbEntity
  8
2
  6
AUSGEZOGEN
 62
     7
370
    35
100
AcDbLine
 10
-278.052734375
 20
-722.022825008824
 30
0.0
 11
-277.552734375
 21
-722.022825008824
 31
0.0
  0
LINE
  5
295
330
25A
100
AcDbEntity
  8
2
  6
AUSGEZOGEN
 62
     7
370
    35
100
AcDbLine
 10
-277.552734375
 20
-722.022825008824
 30
0.0
 11
-278.052734375
 21
-722.022825008824
 31
0.0
  0
LINE
  5
296
330
25A
100
AcDbEntity
  8
2
  6
AUSGEZOGEN
 62
     7
370
    35
100
AcDbLine
 10
-277.552734375
 20
-722.022825008824
 30
0.0
 11
-277.552734375
 21
-753.328611141636
 31
0.0
  0
LINE
  5
297
330
25A
100
AcDbEntity
  8
2
  6
AUSGEZOGEN
 62
     7
370
    35
100
AcDbLine
 10
-277.552734375
 20
-753.328611141636
 30
0.0
 11
-277.552734375
 21
-722.022825008824
 31
0.0
  0
LINE
  5
298
330
25A
100
AcDbEntity
  8
2
  6
AUSGEZOGEN
 62
     7
370
    35
100
AcDbLine
 10
-277.552734375
 20
-753.328611141636
 30
0.0
 11
55.947265625
 21
-753.339872127965
 31
0.0
  0
LINE
  5
299
330
25A
100
AcDbEntity
  8
2
  6
AUSGEZOGEN
 62
     7
370
    35
100
AcDbLine
 10
55.947265625
 20
-753.339872127965
 30
0.0
 11
-277.552734375
 21
-753.328611141636
 31
0.0
  0
LINE
  5
29A
330
25A
100
AcDbEntity
  8
2
  6
AUSGEZOGEN
 62
     7
370
    35
100
AcDbLine
 10
55.947265625
 20
-753.339872127965
 30
0.0
 11
55.947265625
 21
-726.791806942418
 31
0.0
  0
LINE
  5
29B
330
25A
100
AcDbEntity
  8
2
  6
AUSGEZOGEN
 62
     7
370
    35
100
AcDbLine
 10
55.947265625
 20
-726.791806942418
 30
0.0
 11
55.947265625
 21
-753.339872127965
 31
0.0
  0
LINE
  5
29C
330
25A
100
AcDbEntity
  8
2
  6
AUSGEZOGEN
 62
     7
370
    35
100
AcDbLine
 10
55.947265625
 20
-726.791806942418
 30
0.0
 11
222.96875
 21
-726.791806942418
 31
0.0
  0
LINE
  5
29D
330
25A
100
AcDbEntity
  8
2
  6
AUSGEZOGEN
 62
     7
370
    35
100
AcDbLine
 10
222.96875
 20
-726.791806942418
 30
0.0
 11
55.947265625
 21
-726.791806942418
 31
0.0
  0
LINE
  5
29E
330
25A
100
AcDbEntity
  8
2
  6
AUSGEZOGEN
 62
     7
370
    35
100
AcDbLine
 10
222.96875
 20
-726.791806942418
 30
0.0
 11
222.96875
 21
-593.33874869962
 31
0.0
  0
LINE
  5
29F
330
25A
100
AcDbEntity
  8
2
  6
AUSGEZOGEN
 62
     7
370
    35
100
AcDbLine
 10
222.96875
 20
-593.33874869962
 30
0.0
 11
222.96875
 21
-726.791806942418
 31
0.0
  0
LINE
  5
2A0
330
25A
100
AcDbEntity
  8
2
  6
AUSGEZOGEN
 62
     7
370
    35
100
AcDbLine
 10
222.96875
 20
-593.33874869962
 30
0.0
 11
-90.126953125
 21
-593.33874869962
 31
0.0
  0
LINE
  5
2A1
330
25A
100
AcDbEntity
  8
2
  6
AUSGEZOGEN
 62
     7
370
    35
100
AcDbLine
 10
-90.126953125
 20
-593.33874869962
 30
0.0
 11
222.96875
 21
-593.33874869962
 31
0.0
  0
LINE
  5
2A2
330
25A
100
AcDbEntity
  8
2
  6
AUSGEZOGEN
 62
     7
370
    35
100
AcDbLine
 10
-117.38671875
 20
-582.874505764439
 30
0.0
 11
-121.130859375
 21
-573.705701595738
 31
0.0
  0
LINE
  5
2A3
330
25A
100
AcDbEntity
  8
2
  6
AUSGEZOGEN
 62
     7
370
    35
100
AcDbLine
 10
-121.130859375
 20
-573.705701595738
 30
0.0
 11
-153.20703125
 21
-495.177701717808
 31
0.0
  0
LINE
  5
2A4
330
25A
100
AcDbEntity
  8
2
  6
AUSGEZOGEN
 62
     7
370
    35
100
AcDbLine
 10
-153.20703125
 20
-495.177701717808
 30
0.0
 11
-117.38671875
 21
-582.874505764439
 31
0.0
  0
LINE
  5
2A5
330
25A
100
AcDbEntity
  8
2
  6
AUSGEZOGEN
 62
     7
370
    35
100
AcDbLine
 10
-278.052734375
 20
-593.339198833897
 30
0.0
 11
-124.1328125
 21
-593.339875942662
 31
0.0
  0
LINE
  5
2A6
330
25A
100
AcDbEntity
  8
2
  6
AUSGEZOGEN
 62
     7
370
    35
100
AcDbLine
 10
-278.052734375
 20
-722.022825008824
 30
0.0
 11
-278.052734375
 21
-593.339198833897
 31
0.0
  0
LINE
  5
2A7
330
25A
100
AcDbEntity
  8
2
  6
AUSGEZOGEN
 62
     7
370
    35
100
AcDbLine
 10
55.947265625
 20
-726.791806942418
 30
0.0
 11
55.947265625
 21
-753.339872127965
 31
0.0
  0
LINE
  5
2A8
330
25A
100
AcDbEntity
  8
2
  6
AUSGEZOGEN
 62
     7
370
    35
100
AcDbLine
 10
55.947265625
 20
-753.339872127965
 30
0.0
 11
-277.552734375
 21
-753.328611141636
 31
0.0
  0
LINE
  5
2A9
330
25A
100
AcDbEntity
  8
2
  6
AUSGEZOGEN
 62
     7
370
    35
100
AcDbLine
 10
-277.552734375
 20
-753.328611141636
 30
0.0
 11
-277.552734375
 21
-722.022825008824
 31
0.0
  0
LINE
  5
2AA
330
25A
100
AcDbEntity
  8
2
  6
AUSGEZOGEN
 62
     7
370
    35
100
AcDbLine
 10
-124.1328125
 20
-593.339875942662
 30
0.0
 11
-121.130859375
 21
-591.338775402501
 31
0.0
  0
LINE
  5
2AB
330
25A
100
AcDbEntity
  8
2
  6
AUSGEZOGEN
 62
     7
370
    35
100
AcDbLine
 10
-121.130859375
 20
-591.338775402501
 30
0.0
 11
-121.130859375
 21
-573.705701595738
 31
0.0
  0
LINE
  5
2AC
330
25A
100
AcDbEntity
  8
2
  6
AUSGEZOGEN
 62
     7
370
    35
100
AcDbLine
 10
-121.130859375
 20
-573.705701595738
 30
0.0
 11
-117.38671875
 21
-582.874505764439
 31
0.0
  0
LINE
  5
2AD
330
25A
100
AcDbEntity
  8
2
  6
AUSGEZOGEN
 62
     7
370
    35
100
AcDbLine
 10
-90.126953125
 20
-593.33874869962
 30
0.0
 11
222.96875
 21
-593.33874869962
 31
0.0
  0
LINE
  5
2AE
330
25A
100
AcDbEntity
  8
2
  6
AUSGEZOGEN
 62
     7
370
    35
100
AcDbLine
 10
222.96875
 20
-726.791806942418
 30
0.0
 11
55.947265625
 21
-726.791806942418
 31
0.0
  0
LINE
  5
2AF
330
25A
100
AcDbEntity
  8
2
  6
AUSGEZOGEN
 62
     7
370
    35
100
AcDbLine
 10
222.96875
 20
-593.33874869962
 30
0.0
 11
222.96875
 21
-726.791806942418
 31
0.0
  0
LINE
  5
2B0
330
25A
100
AcDbEntity
  8
2
  6
AUSGEZOGEN
 62
     7
370
    35
100
AcDbLine
 10
-277.552734375
 20
-722.022825008824
 30
0.0
 11
-278.052734375
 21
-722.022825008824
 31
0.0
  0
ARC
  5
2B1
330
25A
100
AcDbEntity
  8
2
  6
AUSGEZOGEN
 62
     7
370
    35
100
AcDbCircle
 10
-98.857443220779
 20
-575.345117221206
 30
0.0
 40
19.99999999999998
100
AcDbArc
 50
202.115159465642
 51
295.883762376933
  0
LINE
  5
2B2
330
25A
100
AcDbEntity
  8
2
  6
AUSGEZOGEN
 62
     7
370
    35
100
AcDbLine
 10
-155.875
 20
-480.99473357816
 30
0.0
 11
-278.052734375
 21
-481.043340450718
 31
0.0
  0
LINE
  5
2B3
330
25A
100
AcDbEntity
  8
2
  6
AUSGEZOGEN
 62
     7
370
    35
100
AcDbLine
 10
-150.61328125
 20
-494.122388607457
 30
0.0
 11
-155.875
 21
-480.99473357816
 31
0.0
  0
LINE
  5
2B4
330
25A
100
AcDbEntity
  8
2
  6
AUSGEZOGEN
 62
     7
370
    35
100
AcDbLine
 10
-153.20703125
 20
-495.177701717808
 30
0.0
 11
-150.61328125
 21
-494.122388607457
 31
0.0
  0
LINE
  5
2B5
330
25A
100
AcDbEntity
  8
2
  6
AUSGEZOGEN
 62
     7
370
    35
100
AcDbLine
 10
-117.38671875
 20
-582.874505764439
 30
0.0
 11
-153.20703125
 21
-495.177701717808
 31
0.0
  0
LINE
  5
2B6
330
25A
100
AcDbEntity
  8
2
  6
AUSGEZOGEN
 62
     7
370
    35
100
AcDbLine
 10
-278.052734375
 20
-481.043340450718
 30
0.0
 11
-278.052734375
 21
-722.022825008824
 31
0.0
  0
LINE
  5
2B7
330
25A
100
AcDbEntity
  8
2
  6
AUSGEZOGEN
 62
     7
370
    35
100
AcDbLine
 10
-278.052734375
 20
-722.022825008824
 30
0.0
 11
-277.552734375
 21
-722.022825008824
 31
0.0
  0
LINE
  5
2B8
330
25A
100
AcDbEntity
  8
2
  6
AUSGEZOGEN
 62
     7
370
    35
100
AcDbLine
 10
-277.552734375
 20
-722.022825008824
 30
0.0
 11
-277.552734375
 21
-753.328611141636
 31
0.0
  0
LINE
  5
2B9
330
25A
100
AcDbEntity
  8
2
  6
AUSGEZOGEN
 62
     7
370
    35
100
AcDbLine
 10
55.947265625
 20
-753.339872127965
 30
0.0
 11
55.947265625
 21
-726.791806942418
 31
0.0
  0
LINE
  5
2BA
330
25A
100
AcDbEntity
  8
2
  6
AUSGEZOGEN
 62
     7
370
    35
100
AcDbLine
 10
-277.552734375
 20
-753.328611141636
 30
0.0
 11
55.947265625
 21
-753.339872127965
 31
0.0
  0
LINE
  5
2BB
330
25A
100
AcDbEntity
  8
2
  6
AUSGEZOGEN
 62
     7
370
    35
100
AcDbLine
 10
222.96875
 20
-726.791806942418
 30
0.0
 11
222.96875
 21
-593.33874869962
 31
0.0
  0
LINE
  5
2BC
330
25A
100
AcDbEntity
  8
2
  6
AUSGEZOGEN
 62
     7
370
    35
100
AcDbLine
 10
55.947265625
 20
-726.791806942418
 30
0.0
 11
222.96875
 21
-726.791806942418
 31
0.0
  0
LINE
  5
2BD
330
25A
100
AcDbEntity
  8
2
  6
AUSGEZOGEN
 62
     7
370
    35
100
AcDbLine
 10
222.96875
 20
-593.33874869962
 30
0.0
 11
-90.126953125
 21
-593.33874869962
 31
0.0
  0
CIRCLE
  5
2BE
330
25A
100
AcDbEntity
  8
2
  6
AUSGEZOGEN
 62
     7
370
    35
100
AcDbCircle
 10
-214.482179372742
 20
-512.028665194187
 30
0.0
 40
10.25
  0
CIRCLE
  5
2BF
330
25A
100
AcDbEntity
  8
2
  6
AUSGEZOGEN
 62
     7
370
    35
100
AcDbCircle
 10
-193.822129188615
 20
-562.556531673863
 30
0.0
 40
10.25
  0
ARC
  5
2C0
330
25A
100
AcDbEntity
  8
2
  6
AUSGEZOGEN
 62
     7
370
    35
100
AcDbCircle
 10
-98.857443220779
 20
-575.345117221206
 30
0.0
 40
19.99999999999998
100
AcDbArc
 50
202.115159465642
 51
295.883762376933
  0
ENDBLK
  5
25C
330
25A
100
AcDbEntity
  8
0
100
AcDbBlockEnd
  0
BLOCK
  5
2C3
330
2C2
100
AcDbEntity
  8
0
100
AcDbBlockBegin
  2
AnonymMegaMac_nNn010
 70
     0
 10
0.0
 20
0.0
 30
0.0
  3
AnonymMegaMac_nNn010
  1

  0
INSERT
  5
340
330
2C2
100
AcDbEntity
  8
0
100
AcDbBlockReference
  2
AnonymMegaMac_nNn011
 10
0.0
 20
0.0
 30
0.0
  0
ENDBLK
  5
2C4
330
2C2
100
AcDbEntity
  8
0
100
AcDbBlockEnd
  0
BLOCK
  5
2C6
330
2C5
100
AcDbEntity
  8
0
100
AcDbBlockBegin
  2
AnonymMegaMac_nNn011
 70
     0
 10
0.0
 20
0.0
 30
0.0
  3
AnonymMegaMac_nNn011
  1

  0
LINE
  5
2C8
330
2C5
100
AcDbEntity
  8
2
  6
AUSGEZOGEN
 62
     7
370
    35
100
AcDbLine
 10
-41.03125
 20
-593.33874869962
 30
0.0
 11
-41.03125
 21
-609.638746029332
 31
0.0
  0
LINE
  5
2C9
330
2C5
100
AcDbEntity
  8
2
  6
AUSGEZOGEN
 62
     7
370
    35
100
AcDbLine
 10
-41.03125
 20
-609.638746029332
 30
0.0
 11
222.96875
 21
-609.638746029332
 31
0.0
  0
LINE
  5
2CA
330
2C5
100
AcDbEntity
  8
2
  6
AUSGEZOGEN
 62
     7
370
    35
100
AcDbLine
 10
222.96875
 20
-609.638746029332
 30
0.0
 11
222.96875
 21
-593.33874869962
 31
0.0
  0
LINE
  5
2CB
330
2C5
100
AcDbEntity
  8
2
  6
AUSGEZOGEN
 62
     7
370
    35
100
AcDbLine
 10
222.96875
 20
-593.33874869962
 30
0.0
 11
-41.03125
 21
-593.33874869962
 31
0.0
  0
LINE
  5
2CC
330
2C5
100
AcDbEntity
  8
2
  6
AUSGEZOGEN
 62
     7
370
    35
100
AcDbLine
 10
222.96875
 20
-609.638746029332
 30
0.0
 11
-41.03125
 21
-609.638746029332
 31
0.0
  0
LINE
  5
2CD
330
2C5
100
AcDbEntity
  8
2
  6
AUSGEZOGEN
 62
     7
370
    35
100
AcDbLine
 10
-41.03125
 20
-609.638746029332
 30
0.0
 11
222.96875
 21
-609.638746029332
 31
0.0
  0
LINE
  5
2CE
330
2C5
100
AcDbEntity
  8
2
  6
AUSGEZOGEN
 62
     7
370
    35
100
AcDbLine
 10
-41.031179372741
 20
-609.638747870199
 30
0.0
 11
-49.031179372741
 21
-609.638747870199
 31
0.0
  0
LINE
  5
2CF
330
2C5
100
AcDbEntity
  8
2
  6
AUSGEZOGEN
 62
     7
370
    35
100
AcDbLine
 10
-49.031179372741
 20
-609.638747870199
 30
0.0
 11
-41.031179372741
 21
-609.638747870199
 31
0.0
  0
LINE
  5
2D0
330
2C5
100
AcDbEntity
  8
2
  6
AUSGEZOGEN
 62
     7
370
    35
100
AcDbLine
 10
-41.03125
 20
-609.638746029332
 30
0.0
 11
-41.03125
 21
-593.33874869962
 31
0.0
  0
LINE
  5
2D1
330
2C5
100
AcDbEntity
  8
2
  6
AUSGEZOGEN
 62
     7
370
    35
100
AcDbLine
 10
-41.03125
 20
-593.33874869962
 30
0.0
 11
222.96875
 21
-593.33874869962
 31
0.0
  0
LINE
  5
2D2
330
2C5
100
AcDbEntity
  8
2
  6
AUSGEZOGEN
 62
     7
370
    35
100
AcDbLine
 10
222.96875
 20
-593.33874869962
 30
0.0
 11
222.96875
 21
-609.638746029332
 31
0.0
  0
LINE
  5
2D3
330
2C5
100
AcDbEntity
  8
2
  6
AUSGEZOGEN
 62
     7
370
    35
100
AcDbLine
 10
222.96875
 20
-609.638746029332
 30
0.0
 11
-41.03125
 21
-609.638746029332
 31
0.0
  0
LINE
  5
2D4
330
2C5
100
AcDbEntity
  8
2
  6
AUSGEZOGEN
 62
     7
370
    35
100
AcDbLine
 10
222.96875
 20
-593.33874869962
 30
0.0
 11
-41.03125
 21
-593.33874869962
 31
0.0
  0
LINE
  5
2D5
330
2C5
100
AcDbEntity
  8
2
  6
AUSGEZOGEN
 62
     7
370
    35
100
AcDbLine
 10
-90.126953125
 20
-593.33874869962
 30
0.0
 11
222.96875
 21
-593.33874869962
 31
0.0
  0
LINE
  5
2D6
330
2C5
100
AcDbEntity
  8
2
  6
AUSGEZOGEN
 62
     7
370
    35
100
AcDbLine
 10
222.96875
 20
-593.33874869962
 30
0.0
 11
-90.126953125
 21
-593.33874869962
 31
0.0
  0
LINE
  5
2D7
330
2C5
100
AcDbEntity
  8
2
  6
AUSGEZOGEN
 62
     7
370
    35
100
AcDbLine
 10
-41.03125
 20
-593.33874869962
 30
0.0
 11
222.96875
 21
-593.33874869962
 31
0.0
  0
LINE
  5
2D8
330
2C5
100
AcDbEntity
  8
2
  6
AUSGEZOGEN
 62
     7
370
    35
100
AcDbLine
 10
-49.031179372741
 20
-593.338747870198
 30
0.0
 11
-41.031179372741
 21
-593.338747870198
 31
0.0
  0
LINE
  5
2D9
330
2C5
100
AcDbEntity
  8
2
  6
AUSGEZOGEN
 62
     7
370
    35
100
AcDbLine
 10
-41.031179372741
 20
-593.338747870198
 30
0.0
 11
-49.031179372741
 21
-593.338747870198
 31
0.0
  0
LINE
  5
2DA
330
2C5
100
AcDbEntity
  8
2
  6
AUSGEZOGEN
 62
     7
370
    35
100
AcDbLine
 10
-49.03125
 20
-609.638746029332
 30
0.0
 11
-49.03125
 21
-593.33874869962
 31
0.0
  0
LINE
  5
2DB
330
2C5
100
AcDbEntity
  8
2
  6
AUSGEZOGEN
 62
     7
370
    35
100
AcDbLine
 10
-49.03125
 20
-593.33874869962
 30
0.0
 11
-49.03125
 21
-609.638746029332
 31
0.0
  0
LINE
  5
2DC
330
2C5
100
AcDbEntity
  8
2
  6
AUSGEZOGEN
 62
     7
370
    35
100
AcDbLine
 10
222.96875
 20
-609.638746029332
 30
0.0
 11
222.96875
 21
-593.33874869962
 31
0.0
  0
LINE
  5
2DD
330
2C5
100
AcDbEntity
  8
2
  6
AUSGEZOGEN
 62
     7
370
    35
100
AcDbLine
 10
222.96875
 20
-593.33874869962
 30
0.0
 11
222.96875
 21
-726.791806942418
 31
0.0
  0
LINE
  5
2DE
330
2C5
100
AcDbEntity
  8
2
  6
AUSGEZOGEN
 62
     7
370
    35
100
AcDbLine
 10
222.96875
 20
-726.791806942418
 30
0.0
 11
222.96875
 21
-593.33874869962
 31
0.0
  0
LINE
  5
2DF
330
2C5
100
AcDbEntity
  8
2
  6
AUSGEZOGEN
 62
     7
370
    35
100
AcDbLine
 10
222.96875
 20
-593.33874869962
 30
0.0
 11
222.96875
 21
-609.638746029332
 31
0.0
  0
LINE
  5
2E0
330
2C5
100
AcDbEntity
  8
2
  6
AUSGEZOGEN
 62
     7
370
    35
100
AcDbLine
 10
-278.052734375
 20
-479.043340450718
 30
0.0
 11
-156.67578125
 21
-478.99505401273
 31
0.0
  0
LINE
  5
2E1
330
2C5
100
AcDbEntity
  8
2
  6
AUSGEZOGEN
 62
     7
370
    35
100
AcDbLine
 10
-156.67578125
 20
-478.99505401273
 30
0.0
 11
-278.052734375
 21
-479.043340450718
 31
0.0
  0
LINE
  5
2E2
330
2C5
100
AcDbEntity
  8
2
  6
AUSGEZOGEN
 62
     7
370
    35
100
AcDbLine
 10
-278.052734375
 20
-479.043340450718
 30
0.0
 11
-278.052734375
 21
-432.690137630894
 31
0.0
  0
LINE
  5
2E3
330
2C5
100
AcDbEntity
  8
2
  6
AUSGEZOGEN
 62
     7
370
    35
100
AcDbLine
 10
-278.052734375
 20
-432.690137630894
 30
0.0
 11
-237.453125
 21
-404.737745052769
 31
0.0
  0
LINE
  5
2E4
330
2C5
100
AcDbEntity
  8
2
  6
AUSGEZOGEN
 62
     7
370
    35
100
AcDbLine
 10
-237.453125
 20
-404.737745052769
 30
0.0
 11
-211.169921875
 21
-404.737302547886
 31
0.0
  0
LINE
  5
2E5
330
2C5
100
AcDbEntity
  8
2
  6
AUSGEZOGEN
 62
     7
370
    35
100
AcDbLine
 10
-156.67578125
 20
-478.99505401273
 30
0.0
 11
-278.052734375
 21
-479.043340450718
 31
0.0
  0
LINE
  5
2E6
330
2C5
100
AcDbEntity
  8
2
  6
AUSGEZOGEN
 62
     7
370
    35
100
AcDbLine
 10
-176.654296875
 20
-429.137265926793
 30
0.0
 11
-156.67578125
 21
-478.99505401273
 31
0.0
  0
LINE
  5
2E7
330
2C5
100
AcDbEntity
  8
2
  6
AUSGEZOGEN
 62
     7
370
    35
100
AcDbLine
 10
-177.896484375
 20
-428.587247616246
 30
0.0
 11
-176.654296875
 21
-429.137265926793
 31
0.0
  0
ARC
  5
2E8
330
2C5
100
AcDbEntity
  8
2
  6
AUSGEZOGEN
 62
     7
370
    35
100
AcDbCircle
 10
-202.896083196803
 20
-428.328285194187
 30
0.0
 40
25.00000000000001
100
AcDbArc
 50
109.327965470816
 51
359.406479750557
  0
LINE
  5
2E9
330
2C5
100
AcDbEntity
  8
2
  6
AUSGEZOGEN
 62
     7
370
    35
100
AcDbLine
 10
-176.654296875
 20
-429.137265926793
 30
0.0
 11
-177.896484375
 21
-428.587247616246
 31
0.0
  0
LINE
  5
2EA
330
2C5
100
AcDbEntity
  8
2
  6
AUSGEZOGEN
 62
     7
370
    35
100
AcDbLine
 10
-177.896484375
 20
-428.587247616246
 30
0.0
 11
-176.654296875
 21
-429.137265926793
 31
0.0
  0
LINE
  5
2EB
330
2C5
100
AcDbEntity
  8
2
  6
AUSGEZOGEN
 62
     7
370
    35
100
AcDbLine
 10
-211.169921875
 20
-404.737302547886
 30
0.0
 11
-237.453125
 21
-404.737745052769
 31
0.0
  0
LINE
  5
2EC
330
2C5
100
AcDbEntity
  8
2
  6
AUSGEZOGEN
 62
     7
370
    35
100
AcDbLine
 10
-237.453125
 20
-404.737745052769
 30
0.0
 11
-211.169921875
 21
-404.737302547886
 31
0.0
  0
LINE
  5
2ED
330
2C5
100
AcDbEntity
  8
2
  6
AUSGEZOGEN
 62
     7
370
    35
100
AcDbLine
 10
-237.453125
 20
-404.737745052769
 30
0.0
 11
-278.052734375
 21
-432.690137630894
 31
0.0
  0
LINE
  5
2EE
330
2C5
100
AcDbEntity
  8
2
  6
AUSGEZOGEN
 62
     7
370
    35
100
AcDbLine
 10
-278.052734375
 20
-432.690137630894
 30
0.0
 11
-237.453125
 21
-404.737745052769
 31
0.0
  0
LINE
  5
2EF
330
2C5
100
AcDbEntity
  8
2
  6
AUSGEZOGEN
 62
     7
370
    35
100
AcDbLine
 10
-156.67578125
 20
-478.99505401273
 30
0.0
 11
-176.654296875
 21
-429.137265926793
 31
0.0
  0
LINE
  5
2F0
330
2C5
100
AcDbEntity
  8
2
  6
AUSGEZOGEN
 62
     7
370
    35
100
AcDbLine
 10
-176.654296875
 20
-429.137265926793
 30
0.0
 11
-177.896484375
 21
-428.587247616246
 31
0.0
  0
LINE
  5
2F1
330
2C5
100
AcDbEntity
  8
2
  6
AUSGEZOGEN
 62
     7
370
    35
100
AcDbLine
 10
-278.052734375
 20
-479.043340450718
 30
0.0
 11
-156.67578125
 21
-478.99505401273
 31
0.0
  0
LINE
  5
2F2
330
2C5
100
AcDbEntity
  8
2
  6
AUSGEZOGEN
 62
     7
370
    35
100
AcDbLine
 10
-278.052734375
 20
-432.690137630894
 30
0.0
 11
-278.052734375
 21
-479.043340450718
 31
0.0
  0
LINE
  5
2F3
330
2C5
100
AcDbEntity
  8
2
  6
AUSGEZOGEN
 62
     7
370
    35
100
AcDbLine
 10
-211.169921875
 20
-404.737302547886
 30
0.0
 11
-237.453125
 21
-404.737745052769
 31
0.0
  0
LINE
  5
2F4
330
2C5
100
AcDbEntity
  8
2
  6
AUSGEZOGEN
 62
     7
370
    35
100
AcDbLine
 10
-237.453125
 20
-404.737745052769
 30
0.0
 11
-278.052734375
 21
-432.690137630894
 31
0.0
  0
ARC
  5
2F5
330
2C5
100
AcDbEntity
  8
2
  6
AUSGEZOGEN
 62
     7
370
    35
100
AcDbCircle
 10
-202.896083196803
 20
-428.328285194187
 30
0.0
 40
25.00000000000001
100
AcDbArc
 50
109.327965470816
 51
359.406479750557
  0
LINE
  5
2F6
330
2C5
100
AcDbEntity
  8
2
  6
AUSGEZOGEN
 62
     7
370
    35
100
AcDbLine
 10
-124.1328125
 20
-593.339875942662
 30
0.0
 11
-278.052734375
 21
-593.339198833897
 31
0.0
  0
LINE
  5
2F7
330
2C5
100
AcDbEntity
  8
2
  6
AUSGEZOGEN
 62
     7
370
    35
100
AcDbLine
 10
-278.052734375
 20
-593.339198833897
 30
0.0
 11
-124.1328125
 21
-593.339875942662
 31
0.0
  0
LINE
  5
2F8
330
2C5
100
AcDbEntity
  8
2
  6
AUSGEZOGEN
 62
     7
370
    35
100
AcDbLine
 10
-121.130859375
 20
-591.338775402501
 30
0.0
 11
-124.1328125
 21
-593.339875942662
 31
0.0
  0
LINE
  5
2F9
330
2C5
100
AcDbEntity
  8
2
  6
AUSGEZOGEN
 62
     7
370
    35
100
AcDbLine
 10
-124.1328125
 20
-593.339875942662
 30
0.0
 11
-121.130859375
 21
-591.338775402501
 31
0.0
  0
LINE
  5
2FA
330
2C5
100
AcDbEntity
  8
2
  6
AUSGEZOGEN
 62
     7
370
    35
100
AcDbLine
 10
-121.130859375
 20
-573.705701595738
 30
0.0
 11
-121.130859375
 21
-591.338775402501
 31
0.0
  0
LINE
  5
2FB
330
2C5
100
AcDbEntity
  8
2
  6
AUSGEZOGEN
 62
     7
370
    35
100
AcDbLine
 10
-121.130859375
 20
-591.338775402501
 30
0.0
 11
-121.130859375
 21
-573.705701595738
 31
0.0
  0
LINE
  5
2FC
330
2C5
100
AcDbEntity
  8
2
  6
AUSGEZOGEN
 62
     7
370
    35
100
AcDbLine
 10
-153.20703125
 20
-495.177701717808
 30
0.0
 11
-150.61328125
 21
-494.122388607457
 31
0.0
  0
LINE
  5
2FD
330
2C5
100
AcDbEntity
  8
2
  6
AUSGEZOGEN
 62
     7
370
    35
100
AcDbLine
 10
-150.61328125
 20
-494.122388607457
 30
0.0
 11
-153.20703125
 21
-495.177701717808
 31
0.0
  0
LINE
  5
2FE
330
2C5
100
AcDbEntity
  8
2
  6
AUSGEZOGEN
 62
     7
370
    35
100
AcDbLine
 10
-150.61328125
 20
-494.122388607457
 30
0.0
 11
-155.875
 21
-480.99473357816
 31
0.0
  0
LINE
  5
2FF
330
2C5
100
AcDbEntity
  8
2
  6
AUSGEZOGEN
 62
     7
370
    35
100
AcDbLine
 10
-155.875
 20
-480.99473357816
 30
0.0
 11
-150.61328125
 21
-494.122388607457
 31
0.0
  0
LINE
  5
300
330
2C5
100
AcDbEntity
  8
2
  6
AUSGEZOGEN
 62
     7
370
    35
100
AcDbLine
 10
-156.67578125
 20
-478.99505401273
 30
0.0
 11
-176.654296875
 21
-429.137265926793
 31
0.0
  0
LINE
  5
301
330
2C5
100
AcDbEntity
  8
2
  6
AUSGEZOGEN
 62
     7
370
    35
100
AcDbLine
 10
-176.654296875
 20
-429.137265926793
 30
0.0
 11
-156.67578125
 21
-478.99505401273
 31
0.0
  0
LINE
  5
302
330
2C5
100
AcDbEntity
  8
2
  6
AUSGEZOGEN
 62
     7
370
    35
100
AcDbLine
 10
-156.67572536059
 20
-478.995054904466
 30
0.0
 11
-155.87439953789
 21
-480.994736262167
 31
0.0
  0
LINE
  5
303
330
2C5
100
AcDbEntity
  8
2
  6
AUSGEZOGEN
 62
     7
370
    35
100
AcDbLine
 10
-155.87439953789
 20
-480.994736262167
 30
0.0
 11
-156.67572536059
 21
-478.995054904466
 31
0.0
  0
LINE
  5
304
330
2C5
100
AcDbEntity
  8
2
  6
AUSGEZOGEN
 62
     7
370
    35
100
AcDbLine
 10
-278.052734375
 20
-481.043340450718
 30
0.0
 11
-155.875
 21
-480.99473357816
 31
0.0
  0
LINE
  5
305
330
2C5
100
AcDbEntity
  8
2
  6
AUSGEZOGEN
 62
     7
370
    35
100
AcDbLine
 10
-155.875
 20
-480.99473357816
 30
0.0
 11
-278.052734375
 21
-481.043340450718
 31
0.0
  0
LINE
  5
306
330
2C5
100
AcDbEntity
  8
2
  6
AUSGEZOGEN
 62
     7
370
    35
100
AcDbLine
 10
-121.130859375
 20
-573.705701595738
 30
0.0
 11
-121.130859375
 21
-591.338775402501
 31
0.0
  0
LINE
  5
307
330
2C5
100
AcDbEntity
  8
2
  6
AUSGEZOGEN
 62
     7
370
    35
100
AcDbLine
 10
-121.130859375
 20
-591.338775402501
 30
0.0
 11
-124.1328125
 21
-593.339875942662
 31
0.0
  0
LINE
  5
308
330
2C5
100
AcDbEntity
  8
2
  6
AUSGEZOGEN
 62
     7
370
    35
100
AcDbLine
 10
-124.1328125
 20
-593.339875942662
 30
0.0
 11
-278.052734375
 21
-593.339198833897
 31
0.0
  0
LINE
  5
309
330
2C5
100
AcDbEntity
  8
2
  6
AUSGEZOGEN
 62
     7
370
    35
100
AcDbLine
 10
-150.61328125
 20
-494.122388607457
 30
0.0
 11
-153.20703125
 21
-495.177701717808
 31
0.0
  0
LINE
  5
30A
330
2C5
100
AcDbEntity
  8
2
  6
AUSGEZOGEN
 62
     7
370
    35
100
AcDbLine
 10
-155.875
 20
-480.99473357816
 30
0.0
 11
-150.61328125
 21
-494.122388607457
 31
0.0
  0
LINE
  5
30B
330
2C5
100
AcDbEntity
  8
2
  6
AUSGEZOGEN
 62
     7
370
    35
100
AcDbLine
 10
-278.052734375
 20
-593.339198833897
 30
0.0
 11
-278.052734375
 21
-481.043340450718
 31
0.0
  0
LINE
  5
30C
330
2C5
100
AcDbEntity
  8
2
  6
AUSGEZOGEN
 62
     7
370
    35
100
AcDbLine
 10
-278.052734375
 20
-481.043340450718
 30
0.0
 11
-155.875
 21
-480.99473357816
 31
0.0
  0
LINE
  5
30D
330
2C5
100
AcDbEntity
  8
2
  6
AUSGEZOGEN
 62
     7
370
    35
100
AcDbLine
 10
-153.20703125
 20
-495.177701717808
 30
0.0
 11
-121.130859375
 21
-573.705701595738
 31
0.0
  0
CIRCLE
  5
30E
330
2C5
100
AcDbEntity
  8
2
  6
AUSGEZOGEN
 62
     7
370
    35
100
AcDbCircle
 10
-193.822129188615
 20
-562.556531673863
 30
0.0
 40
10.25
  0
CIRCLE
  5
30F
330
2C5
100
AcDbEntity
  8
2
  6
AUSGEZOGEN
 62
     7
370
    35
100
AcDbCircle
 10
-214.482179372742
 20
-512.028665194187
 30
0.0
 40
10.25
  0
LINE
  5
310
330
2C5
100
AcDbEntity
  8
2
  6
AUSGEZOGEN
 62
     7
370
    35
100
AcDbLine
 10
-278.052734375
 20
-593.339198833897
 30
0.0
 11
-278.052734375
 21
-722.022825008824
 31
0.0
  0
LINE
  5
311
330
2C5
100
AcDbEntity
  8
2
  6
AUSGEZOGEN
 62
     7
370
    35
100
AcDbLine
 10
-278.052734375
 20
-722.022825008824
 30
0.0
 11
-278.052734375
 21
-481.043340450718
 31
0.0
  0
LINE
  5
312
330
2C5
100
AcDbEntity
  8
2
  6
AUSGEZOGEN
 62
     7
370
    35
100
AcDbLine
 10
-278.052734375
 20
-432.690137630894
 30
0.0
 11
-278.052734375
 21
-479.043340450718
 31
0.0
  0
LINE
  5
313
330
2C5
100
AcDbEntity
  8
2
  6
AUSGEZOGEN
 62
     7
370
    35
100
AcDbLine
 10
-278.052734375
 20
-479.043340450718
 30
0.0
 11
-278.052734375
 21
-432.690137630894
 31
0.0
  0
LINE
  5
314
330
2C5
100
AcDbEntity
  8
2
  6
AUSGEZOGEN
 62
     7
370
    35
100
AcDbLine
 10
-278.052734375
 20
-481.043340450718
 30
0.0
 11
-278.052734375
 21
-593.339198833897
 31
0.0
  0
LINE
  5
315
330
2C5
100
AcDbEntity
  8
2
  6
AUSGEZOGEN
 62
     7
370
    35
100
AcDbLine
 10
-278.053179899776
 20
-481.043344038976
 30
0.0
 11
-278.053179899776
 21
-479.043343879296
 31
0.0
  0
LINE
  5
316
330
2C5
100
AcDbEntity
  8
2
  6
AUSGEZOGEN
 62
     7
370
    35
100
AcDbLine
 10
-278.053179899776
 20
-479.043343877893
 30
0.0
 11
-278.053179899776
 21
-481.043344037573
 31
0.0
  0
LINE
  5
317
330
2C5
100
AcDbEntity
  8
2
  6
AUSGEZOGEN
 62
     7
370
    35
100
AcDbLine
 10
-278.052734375
 20
-722.022825008824
 30
0.0
 11
-277.552734375
 21
-722.022825008824
 31
0.0
  0
LINE
  5
318
330
2C5
100
AcDbEntity
  8
2
  6
AUSGEZOGEN
 62
     7
370
    35
100
AcDbLine
 10
-277.552734375
 20
-722.022825008824
 30
0.0
 11
-278.052734375
 21
-722.022825008824
 31
0.0
  0
LINE
  5
319
330
2C5
100
AcDbEntity
  8
2
  6
AUSGEZOGEN
 62
     7
370
    35
100
AcDbLine
 10
-277.552734375
 20
-722.022825008824
 30
0.0
 11
-277.552734375
 21
-753.328611141636
 31
0.0
  0
LINE
  5
31A
330
2C5
100
AcDbEntity
  8
2
  6
AUSGEZOGEN
 62
     7
370
    35
100
AcDbLine
 10
-277.552734375
 20
-753.328611141636
 30
0.0
 11
-277.552734375
 21
-722.022825008824
 31
0.0
  0
LINE
  5
31B
330
2C5
100
AcDbEntity
  8
2
  6
AUSGEZOGEN
 62
     7
370
    35
100
AcDbLine
 10
-277.552734375
 20
-753.328611141636
 30
0.0
 11
55.947265625
 21
-753.339872127965
 31
0.0
  0
LINE
  5
31C
330
2C5
100
AcDbEntity
  8
2
  6
AUSGEZOGEN
 62
     7
370
    35
100
AcDbLine
 10
55.947265625
 20
-753.339872127965
 30
0.0
 11
-277.552734375
 21
-753.328611141636
 31
0.0
  0
LINE
  5
31D
330
2C5
100
AcDbEntity
  8
2
  6
AUSGEZOGEN
 62
     7
370
    35
100
AcDbLine
 10
55.947265625
 20
-753.339872127965
 30
0.0
 11
55.947265625
 21
-726.791806942418
 31
0.0
  0
LINE
  5
31E
330
2C5
100
AcDbEntity
  8
2
  6
AUSGEZOGEN
 62
     7
370
    35
100
AcDbLine
 10
55.947265625
 20
-726.791806942418
 30
0.0
 11
55.947265625
 21
-753.339872127965
 31
0.0
  0
LINE
  5
31F
330
2C5
100
AcDbEntity
  8
2
  6
AUSGEZOGEN
 62
     7
370
    35
100
AcDbLine
 10
55.947265625
 20
-726.791806942418
 30
0.0
 11
222.96875
 21
-726.791806942418
 31
0.0
  0
LINE
  5
320
330
2C5
100
AcDbEntity
  8
2
  6
AUSGEZOGEN
 62
     7
370
    35
100
AcDbLine
 10
222.96875
 20
-726.791806942418
 30
0.0
 11
55.947265625
 21
-726.791806942418
 31
0.0
  0
LINE
  5
321
330
2C5
100
AcDbEntity
  8
2
  6
AUSGEZOGEN
 62
     7
370
    35
100
AcDbLine
 10
-117.38671875
 20
-582.874505764439
 30
0.0
 11
-121.130859375
 21
-573.705701595738
 31
0.0
  0
LINE
  5
322
330
2C5
100
AcDbEntity
  8
2
  6
AUSGEZOGEN
 62
     7
370
    35
100
AcDbLine
 10
-121.130859375
 20
-573.705701595738
 30
0.0
 11
-153.20703125
 21
-495.177701717808
 31
0.0
  0
LINE
  5
323
330
2C5
100
AcDbEntity
  8
2
  6
AUSGEZOGEN
 62
     7
370
    35
100
AcDbLine
 10
-153.20703125
 20
-495.177701717808
 30
0.0
 11
-117.38671875
 21
-582.874505764439
 31
0.0
  0
LINE
  5
324
330
2C5
100
AcDbEntity
  8
2
  6
AUSGEZOGEN
 62
     7
370
    35
100
AcDbLine
 10
-278.052734375
 20
-593.339198833897
 30
0.0
 11
-124.1328125
 21
-593.339875942662
 31
0.0
  0
LINE
  5
325
330
2C5
100
AcDbEntity
  8
2
  6
AUSGEZOGEN
 62
     7
370
    35
100
AcDbLine
 10
-278.052734375
 20
-722.022825008824
 30
0.0
 11
-278.052734375
 21
-593.339198833897
 31
0.0
  0
LINE
  5
326
330
2C5
100
AcDbEntity
  8
2
  6
AUSGEZOGEN
 62
     7
370
    35
100
AcDbLine
 10
55.947265625
 20
-726.791806942418
 30
0.0
 11
55.947265625
 21
-753.339872127965
 31
0.0
  0
LINE
  5
327
330
2C5
100
AcDbEntity
  8
2
  6
AUSGEZOGEN
 62
     7
370
    35
100
AcDbLine
 10
55.947265625
 20
-753.339872127965
 30
0.0
 11
-277.552734375
 21
-753.328611141636
 31
0.0
  0
LINE
  5
328
330
2C5
100
AcDbEntity
  8
2
  6
AUSGEZOGEN
 62
     7
370
    35
100
AcDbLine
 10
-277.552734375
 20
-753.328611141636
 30
0.0
 11
-277.552734375
 21
-722.022825008824
 31
0.0
  0
LINE
  5
329
330
2C5
100
AcDbEntity
  8
2
  6
AUSGEZOGEN
 62
     7
370
    35
100
AcDbLine
 10
-124.1328125
 20
-593.339875942662
 30
0.0
 11
-121.130859375
 21
-591.338775402501
 31
0.0
  0
LINE
  5
32A
330
2C5
100
AcDbEntity
  8
2
  6
AUSGEZOGEN
 62
     7
370
    35
100
AcDbLine
 10
-121.130859375
 20
-591.338775402501
 30
0.0
 11
-121.130859375
 21
-573.705701595738
 31
0.0
  0
LINE
  5
32B
330
2C5
100
AcDbEntity
  8
2
  6
AUSGEZOGEN
 62
     7
370
    35
100
AcDbLine
 10
-121.130859375
 20
-573.705701595738
 30
0.0
 11
-117.38671875
 21
-582.874505764439
 31
0.0
  0
LINE
  5
32C
330
2C5
100
AcDbEntity
  8
2
  6
AUSGEZOGEN
 62
     7
370
    35
100
AcDbLine
 10
-90.126953125
 20
-593.33874869962
 30
0.0
 11
222.96875
 21
-593.33874869962
 31
0.0
  0
LINE
  5
32D
330
2C5
100
AcDbEntity
  8
2
  6
AUSGEZOGEN
 62
     7
370
    35
100
AcDbLine
 10
222.96875
 20
-726.791806942418
 30
0.0
 11
55.947265625
 21
-726.791806942418
 31
0.0
  0
LINE
  5
32E
330
2C5
100
AcDbEntity
  8
2
  6
AUSGEZOGEN
 62
     7
370
    35
100
AcDbLine
 10
222.96875
 20
-593.33874869962
 30
0.0
 11
222.96875
 21
-726.791806942418
 31
0.0
  0
LINE
  5
32F
330
2C5
100
AcDbEntity
  8
2
  6
AUSGEZOGEN
 62
     7
370
    35
100
AcDbLine
 10
-277.552734375
 20
-722.022825008824
 30
0.0
 11
-278.052734375
 21
-722.022825008824
 31
0.0
  0
ARC
  5
330
330
2C5
100
AcDbEntity
  8
2
  6
AUSGEZOGEN
 62
     7
370
    35
100
AcDbCircle
 10
-98.857443220779
 20
-575.345117221206
 30
0.0
 40
19.99999999999998
100
AcDbArc
 50
202.115159465642
 51
295.883762376933
  0
LINE
  5
331
330
2C5
100
AcDbEntity
  8
2
  6
AUSGEZOGEN
 62
     7
370
    35
100
AcDbLine
 10
-155.875
 20
-480.99473357816
 30
0.0
 11
-278.052734375
 21
-481.043340450718
 31
0.0
  0
LINE
  5
332
330
2C5
100
AcDbEntity
  8
2
  6
AUSGEZOGEN
 62
     7
370
    35
100
AcDbLine
 10
-150.61328125
 20
-494.122388607457
 30
0.0
 11
-155.875
 21
-480.99473357816
 31
0.0
  0
LINE
  5
333
330
2C5
100
AcDbEntity
  8
2
  6
AUSGEZOGEN
 62
     7
370
    35
100
AcDbLine
 10
-153.20703125
 20
-495.177701717808
 30
0.0
 11
-150.61328125
 21
-494.122388607457
 31
0.0
  0
LINE
  5
334
330
2C5
100
AcDbEntity
  8
2
  6
AUSGEZOGEN
 62
     7
370
    35
100
AcDbLine
 10
-117.38671875
 20
-582.874505764439
 30
0.0
 11
-153.20703125
 21
-495.177701717808
 31
0.0
  0
LINE
  5
335
330
2C5
100
AcDbEntity
  8
2
  6
AUSGEZOGEN
 62
     7
370
    35
100
AcDbLine
 10
-278.052734375
 20
-481.043340450718
 30
0.0
 11
-278.052734375
 21
-722.022825008824
 31
0.0
  0
LINE
  5
336
330
2C5
100
AcDbEntity
  8
2
  6
AUSGEZOGEN
 62
     7
370
    35
100
AcDbLine
 10
-278.052734375
 20
-722.022825008824
 30
0.0
 11
-277.552734375
 21
-722.022825008824
 31
0.0
  0
LINE
  5
337
330
2C5
100
AcDbEntity
  8
2
  6
AUSGEZOGEN
 62
     7
370
    35
100
AcDbLine
 10
-277.552734375
 20
-722.022825008824
 30
0.0
 11
-277.552734375
 21
-753.328611141636
 31
0.0
  0
LINE
  5
338
330
2C5
100
AcDbEntity
  8
2
  6
AUSGEZOGEN
 62
     7
370
    35
100
AcDbLine
 10
55.947265625
 20
-753.339872127965
 30
0.0
 11
55.947265625
 21
-726.791806942418
 31
0.0
  0
LINE
  5
339
330
2C5
100
AcDbEntity
  8
2
  6
AUSGEZOGEN
 62
     7
370
    35
100
AcDbLine
 10
-277.552734375
 20
-753.328611141636
 30
0.0
 11
55.947265625
 21
-753.339872127965
 31
0.0
  0
LINE
  5
33A
330
2C5
100
AcDbEntity
  8
2
  6
AUSGEZOGEN
 62
     7
370
    35
100
AcDbLine
 10
222.96875
 20
-726.791806942418
 30
0.0
 11
222.96875
 21
-593.33874869962
 31
0.0
  0
LINE
  5
33B
330
2C5
100
AcDbEntity
  8
2
  6
AUSGEZOGEN
 62
     7
370
    35
100
AcDbLine
 10
55.947265625
 20
-726.791806942418
 30
0.0
 11
222.96875
 21
-726.791806942418
 31
0.0
  0
LINE
  5
33C
330
2C5
100
AcDbEntity
  8
2
  6
AUSGEZOGEN
 62
     7
370
    35
100
AcDbLine
 10
222.96875
 20
-593.33874869962
 30
0.0
 11
-90.126953125
 21
-593.33874869962
 31
0.0
  0
CIRCLE
  5
33D
330
2C5
100
AcDbEntity
  8
2
  6
AUSGEZOGEN
 62
     7
370
    35
100
AcDbCircle
 10
-214.482179372742
 20
-512.028665194187
 30
0.0
 40
10.25
  0
CIRCLE
  5
33E
330
2C5
100
AcDbEntity
  8
2
  6
AUSGEZOGEN
 62
     7
370
    35
100
AcDbCircle
 10
-193.822129188615
 20
-562.556531673863
 30
0.0
 40
10.25
  0
ARC
  5
33F
330
2C5
100
AcDbEntity
  8
2
  6
AUSGEZOGEN
 62
     7
370
    35
100
AcDbCircle
 10
-98.857443220779
 20
-575.345117221206
 30
0.0
 40
19.99999999999998
100
AcDbArc
 50
202.115159465642
 51
295.883762376933
  0
ENDBLK
  5
2C7
330
2C5
100
AcDbEntity
  8
0
100
AcDbBlockEnd
  0
BLOCK
  5
343
330
342
100
AcDbEntity
  8
0
100
AcDbBlockBegin
  2
AnonymMegaMac_nNn012
 70
     0
 10
0.0
 20
0.0
 30
0.0
  3
AnonymMegaMac_nNn012
  1

  0
INSERT
  5
3CE
330
342
100
AcDbEntity
  8
0
100
AcDbBlockReference
  2
AnonymMegaMac_nNn013
 10
0.0
 20
0.0
 30
0.0
  0
ENDBLK
  5
344
330
342
100
AcDbEntity
  8
0
100
AcDbBlockEnd
  0
BLOCK
  5
346
330
345
100
AcDbEntity
  8
0
100
AcDbBlockBegin
  2
AnonymMegaMac_nNn013
 70
     0
 10
0.0
 20
0.0
 30
0.0
  3
AnonymMegaMac_nNn013
  1

  0
INSERT
  5
3CD
330
345
100
AcDbEntity
  8
0
100
AcDbBlockReference
  2
AnonymMegaMac_nNn014
 10
0.0
 20
0.0
 30
0.0
  0
ENDBLK
  5
347
330
345
100
AcDbEntity
  8
0
100
AcDbBlockEnd
  0
BLOCK
  5
349
330
348
100
AcDbEntity
  8
0
100
AcDbBlockBegin
  2
AnonymMegaMac_nNn014
 70
     0
 10
0.0
 20
0.0
 30
0.0
  3
AnonymMegaMac_nNn014
  1

  0
LINE
  5
34B
330
348
100
AcDbEntity
  8
2
  6
AUSGEZOGEN
 62
     7
370
    35
100
AcDbLine
 10
-278.052734375
 20
-483.043340450718
 30
0.0
 11
-278.052734375
 21
-722.022825008824
 31
0.0
  0
LINE
  5
34C
330
348
100
AcDbEntity
  8
2
  6
AUSGEZOGEN
 62
     7
370
    35
100
AcDbLine
 10
-155.072265625
 20
-482.994420772984
 30
0.0
 11
-278.052734375
 21
-483.043340450718
 31
0.0
  0
LINE
  5
34D
330
348
100
AcDbEntity
  8
2
  6
AUSGEZOGEN
 62
     7
370
    35
100
AcDbLine
 10
-117.38671875
 20
-582.874505764439
 30
0.0
 11
-153.20703125
 21
-495.177701717808
 31
0.0
  0
LINE
  5
34E
330
348
100
AcDbEntity
  8
2
  6
AUSGEZOGEN
 62
     7
370
    35
100
AcDbLine
 10
-278.052734375
 20
-722.022825008824
 30
0.0
 11
-277.552734375
 21
-722.022825008824
 31
0.0
  0
LINE
  5
34F
330
348
100
AcDbEntity
  8
2
  6
AUSGEZOGEN
 62
     7
370
    35
100
AcDbLine
 10
-277.552734375
 20
-722.022825008824
 30
0.0
 11
-277.552734375
 21
-753.328611141636
 31
0.0
  0
LINE
  5
350
330
348
100
AcDbEntity
  8
2
  6
AUSGEZOGEN
 62
     7
370
    35
100
AcDbLine
 10
55.947265625
 20
-753.339872127965
 30
0.0
 11
55.947265625
 21
-726.791806942418
 31
0.0
  0
LINE
  5
351
330
348
100
AcDbEntity
  8
2
  6
AUSGEZOGEN
 62
     7
370
    35
100
AcDbLine
 10
-277.552734375
 20
-753.328611141636
 30
0.0
 11
55.947265625
 21
-753.339872127965
 31
0.0
  0
LINE
  5
352
330
348
100
AcDbEntity
  8
2
  6
AUSGEZOGEN
 62
     7
370
    35
100
AcDbLine
 10
222.96875
 20
-726.791806942418
 30
0.0
 11
222.96875
 21
-593.33874869962
 31
0.0
  0
LINE
  5
353
330
348
100
AcDbEntity
  8
2
  6
AUSGEZOGEN
 62
     7
370
    35
100
AcDbLine
 10
55.947265625
 20
-726.791806942418
 30
0.0
 11
222.96875
 21
-726.791806942418
 31
0.0
  0
LINE
  5
354
330
348
100
AcDbEntity
  8
2
  6
AUSGEZOGEN
 62
     7
370
    35
100
AcDbLine
 10
222.96875
 20
-593.33874869962
 30
0.0
 11
-90.126953125
 21
-593.33874869962
 31
0.0
  0
LINE
  5
355
330
348
100
AcDbEntity
  8
2
  6
AUSGEZOGEN
 62
     7
370
    35
100
AcDbLine
 10
-150.61328125
 20
-494.122388607457
 30
0.0
 11
-155.072265625
 21
-482.994420772984
 31
0.0
  0
LINE
  5
356
330
348
100
AcDbEntity
  8
2
  6
AUSGEZOGEN
 62
     7
370
    35
100
AcDbLine
 10
-153.20703125
 20
-495.177701717808
 30
0.0
 11
-150.61328125
 21
-494.122388607457
 31
0.0
  0
CIRCLE
  5
357
330
348
100
AcDbEntity
  8
2
  6
AUSGEZOGEN
 62
     7
370
    35
100
AcDbCircle
 10
-193.822129188618
 20
-562.556531673863
 30
0.0
 40
15.25
  0
CIRCLE
  5
358
330
348
100
AcDbEntity
  8
2
  6
AUSGEZOGEN
 62
     7
370
    35
100
AcDbCircle
 10
-214.482179372742
 20
-512.028665194187
 30
0.0
 40
15.25
  0
ARC
  5
359
330
348
100
AcDbEntity
  8
2
  6
AUSGEZOGEN
 62
     7
370
    35
100
AcDbCircle
 10
-98.857443220782
 20
-575.345117221206
 30
0.0
 40
19.99999999999993
100
AcDbArc
 50
202.115159465363
 51
295.883762376933
  0
LINE
  5
35A
330
348
100
AcDbEntity
  8
2
  6
AUSGEZOGEN
 62
     7
370
    35
100
AcDbLine
 10
-278.052734375
 20
-479.043340450718
 30
0.0
 11
-278.052734375
 21
-432.690137630894
 31
0.0
  0
LINE
  5
35B
330
348
100
AcDbEntity
  8
2
  6
AUSGEZOGEN
 62
     7
370
    35
100
AcDbLine
 10
-278.052734375
 20
-432.690137630894
 30
0.0
 11
-237.453125
 21
-404.737745052769
 31
0.0
  0
LINE
  5
35C
330
348
100
AcDbEntity
  8
2
  6
AUSGEZOGEN
 62
     7
370
    35
100
AcDbLine
 10
-237.453125
 20
-404.737745052769
 30
0.0
 11
-211.169921875
 21
-404.737302547886
 31
0.0
  0
LINE
  5
35D
330
348
100
AcDbEntity
  8
2
  6
AUSGEZOGEN
 62
     7
370
    35
100
AcDbLine
 10
-156.67578125
 20
-478.99505401273
 30
0.0
 11
-278.052734375
 21
-479.043340450718
 31
0.0
  0
LINE
  5
35E
330
348
100
AcDbEntity
  8
2
  6
AUSGEZOGEN
 62
     7
370
    35
100
AcDbLine
 10
-176.654296875
 20
-429.137265926793
 30
0.0
 11
-156.67578125
 21
-478.99505401273
 31
0.0
  0
LINE
  5
35F
330
348
100
AcDbEntity
  8
2
  6
AUSGEZOGEN
 62
     7
370
    35
100
AcDbLine
 10
-177.896484375
 20
-428.587247616246
 30
0.0
 11
-176.654296875
 21
-429.137265926793
 31
0.0
  0
ARC
  5
360
330
348
100
AcDbEntity
  8
2
  6
AUSGEZOGEN
 62
     7
370
    35
100
AcDbCircle
 10
-202.896083196803
 20
-428.328285194187
 30
0.0
 40
25.00000000000007
100
AcDbArc
 50
109.327965470817
 51
359.406479750557
  0
LINE
  5
361
330
348
100
AcDbEntity
  8
2
  6
AUSGEZOGEN
 62
     7
370
    35
100
AcDbLine
 10
-277.552734375
 20
-753.328611141636
 30
0.0
 11
55.947265625
 21
-753.339872127965
 31
0.0
  0
LINE
  5
362
330
348
100
AcDbEntity
  8
2
  6
AUSGEZOGEN
 62
     7
370
    35
100
AcDbLine
 10
55.947265625
 20
-753.339872127965
 30
0.0
 11
-277.552734375
 21
-753.328611141636
 31
0.0
  0
LINE
  5
363
330
348
100
AcDbEntity
  8
2
  6
AUSGEZOGEN
 62
     7
370
    35
100
AcDbLine
 10
55.947265625
 20
-753.339872127965
 30
0.0
 11
55.947265625
 21
-726.791806942418
 31
0.0
  0
LINE
  5
364
330
348
100
AcDbEntity
  8
2
  6
AUSGEZOGEN
 62
     7
370
    35
100
AcDbLine
 10
55.947265625
 20
-726.791806942418
 30
0.0
 11
55.947265625
 21
-753.339872127965
 31
0.0
  0
LINE
  5
365
330
348
100
AcDbEntity
  8
2
  6
AUSGEZOGEN
 62
     7
370
    35
100
AcDbLine
 10
55.947265625
 20
-726.791806942418
 30
0.0
 11
222.96875
 21
-726.791806942418
 31
0.0
  0
LINE
  5
366
330
348
100
AcDbEntity
  8
2
  6
AUSGEZOGEN
 62
     7
370
    35
100
AcDbLine
 10
222.96875
 20
-726.791806942418
 30
0.0
 11
55.947265625
 21
-726.791806942418
 31
0.0
  0
LINE
  5
367
330
348
100
AcDbEntity
  8
2
  6
AUSGEZOGEN
 62
     7
370
    35
100
AcDbLine
 10
222.96875
 20
-726.791806942418
 30
0.0
 11
222.96875
 21
-593.33874869962
 31
0.0
  0
LINE
  5
368
330
348
100
AcDbEntity
  8
2
  6
AUSGEZOGEN
 62
     7
370
    35
100
AcDbLine
 10
222.96875
 20
-593.33874869962
 30
0.0
 11
222.96875
 21
-726.791806942418
 31
0.0
  0
LINE
  5
369
330
348
100
AcDbEntity
  8
2
  6
AUSGEZOGEN
 62
     7
370
    35
100
AcDbLine
 10
222.96875
 20
-593.33874869962
 30
0.0
 11
-90.126953125
 21
-593.33874869962
 31
0.0
  0
LINE
  5
36A
330
348
100
AcDbEntity
  8
2
  6
AUSGEZOGEN
 62
     7
370
    35
100
AcDbLine
 10
-90.126953125
 20
-593.33874869962
 30
0.0
 11
222.96875
 21
-593.33874869962
 31
0.0
  0
LINE
  5
36B
330
348
100
AcDbEntity
  8
2
  6
AUSGEZOGEN
 62
     7
370
    35
100
AcDbLine
 10
-278.052734375
 20
-722.022825008824
 30
0.0
 11
-277.552734375
 21
-722.022825008824
 31
0.0
  0
LINE
  5
36C
330
348
100
AcDbEntity
  8
2
  6
AUSGEZOGEN
 62
     7
370
    35
100
AcDbLine
 10
-277.552734375
 20
-722.022825008824
 30
0.0
 11
-278.052734375
 21
-722.022825008824
 31
0.0
  0
LINE
  5
36D
330
348
100
AcDbEntity
  8
2
  6
AUSGEZOGEN
 62
     7
370
    35
100
AcDbLine
 10
-277.552734375
 20
-722.022825008824
 30
0.0
 11
-277.552734375
 21
-753.328611141636
 31
0.0
  0
LINE
  5
36E
330
348
100
AcDbEntity
  8
2
  6
AUSGEZOGEN
 62
     7
370
    35
100
AcDbLine
 10
-277.552734375
 20
-753.328611141636
 30
0.0
 11
-277.552734375
 21
-722.022825008824
 31
0.0
  0
LINE
  5
36F
330
348
100
AcDbEntity
  8
2
  6
AUSGEZOGEN
 62
     7
370
    35
100
AcDbLine
 10
55.947265625
 20
-753.339872127965
 30
0.0
 11
-277.552734375
 21
-753.328611141636
 31
0.0
  0
LINE
  5
370
330
348
100
AcDbEntity
  8
2
  6
AUSGEZOGEN
 62
     7
370
    35
100
AcDbLine
 10
55.947265625
 20
-726.791806942418
 30
0.0
 11
55.947265625
 21
-753.339872127965
 31
0.0
  0
LINE
  5
371
330
348
100
AcDbEntity
  8
2
  6
AUSGEZOGEN
 62
     7
370
    35
100
AcDbLine
 10
-277.552734375
 20
-753.328611141636
 30
0.0
 11
-277.552734375
 21
-722.022825008824
 31
0.0
  0
LINE
  5
372
330
348
100
AcDbEntity
  8
2
  6
AUSGEZOGEN
 62
     7
370
    35
100
AcDbLine
 10
-277.552734375
 20
-722.022825008824
 30
0.0
 11
-278.052734375
 21
-722.022825008824
 31
0.0
  0
LINE
  5
373
330
348
100
AcDbEntity
  8
2
  6
AUSGEZOGEN
 62
     7
370
    35
100
AcDbLine
 10
-278.052734375
 20
-722.022825008824
 30
0.0
 11
-278.052734375
 21
-593.339198833897
 31
0.0
  0
LINE
  5
374
330
348
100
AcDbEntity
  8
2
  6
AUSGEZOGEN
 62
     7
370
    35
100
AcDbLine
 10
-278.052734375
 20
-593.339198833897
 30
0.0
 11
-124.130859375
 21
-593.33874869962
 31
0.0
  0
LINE
  5
375
330
348
100
AcDbEntity
  8
2
  6
AUSGEZOGEN
 62
     7
370
    35
100
AcDbLine
 10
-124.130859375
 20
-593.33874869962
 30
0.0
 11
-121.130859375
 21
-591.338775402501
 31
0.0
  0
LINE
  5
376
330
348
100
AcDbEntity
  8
2
  6
AUSGEZOGEN
 62
     7
370
    35
100
AcDbLine
 10
-121.130859375
 20
-591.338775402501
 30
0.0
 11
-121.130859375
 21
-573.705701595738
 31
0.0
  0
LINE
  5
377
330
348
100
AcDbEntity
  8
2
  6
AUSGEZOGEN
 62
     7
370
    35
100
AcDbLine
 10
-121.130859375
 20
-573.705701595738
 30
0.0
 11
-117.38671875
 21
-582.874505764439
 31
0.0
  0
LINE
  5
378
330
348
100
AcDbEntity
  8
2
  6
AUSGEZOGEN
 62
     7
370
    35
100
AcDbLine
 10
-90.126953125
 20
-593.33874869962
 30
0.0
 11
222.96875
 21
-593.33874869962
 31
0.0
  0
LINE
  5
379
330
348
100
AcDbEntity
  8
2
  6
AUSGEZOGEN
 62
     7
370
    35
100
AcDbLine
 10
222.96875
 20
-593.33874869962
 30
0.0
 11
222.96875
 21
-726.791806942418
 31
0.0
  0
LINE
  5
37A
330
348
100
AcDbEntity
  8
2
  6
AUSGEZOGEN
 62
     7
370
    35
100
AcDbLine
 10
222.96875
 20
-726.791806942418
 30
0.0
 11
55.947265625
 21
-726.791806942418
 31
0.0
  0
ARC
  5
37B
330
348
100
AcDbEntity
  8
2
  6
AUSGEZOGEN
 62
     7
370
    35
100
AcDbCircle
 10
-98.857443220782
 20
-575.345117221206
 30
0.0
 40
19.99999999999993
100
AcDbArc
 50
202.115159465363
 51
295.883762376933
  0
LINE
  5
37C
330
348
100
AcDbEntity
  8
2
  6
AUSGEZOGEN
 62
     7
370
    35
100
AcDbLine
 10
-278.052734375
 20
-481.043340450718
 30
0.0
 11
-155.875
 21
-480.99473357816
 31
0.0
  0
LINE
  5
37D
330
348
100
AcDbEntity
  8
2
  6
AUSGEZOGEN
 62
     7
370
    35
100
AcDbLine
 10
-155.875
 20
-480.99473357816
 30
0.0
 11
-278.052734375
 21
-481.043340450718
 31
0.0
  0
LINE
  5
37E
330
348
100
AcDbEntity
  8
2
  6
AUSGEZOGEN
 62
     7
370
    35
100
AcDbLine
 10
-176.654296875
 20
-429.137265926793
 30
0.0
 11
-177.896484375
 21
-428.587247616246
 31
0.0
  0
LINE
  5
37F
330
348
100
AcDbEntity
  8
2
  6
AUSGEZOGEN
 62
     7
370
    35
100
AcDbLine
 10
-177.896484375
 20
-428.587247616246
 30
0.0
 11
-176.654296875
 21
-429.137265926793
 31
0.0
  0
LINE
  5
380
330
348
100
AcDbEntity
  8
2
  6
AUSGEZOGEN
 62
     7
370
    35
100
AcDbLine
 10
-211.169921875
 20
-404.737302547886
 30
0.0
 11
-237.453125
 21
-404.737745052769
 31
0.0
  0
LINE
  5
381
330
348
100
AcDbEntity
  8
2
  6
AUSGEZOGEN
 62
     7
370
    35
100
AcDbLine
 10
-237.453125
 20
-404.737745052769
 30
0.0
 11
-211.169921875
 21
-404.737302547886
 31
0.0
  0
LINE
  5
382
330
348
100
AcDbEntity
  8
2
  6
AUSGEZOGEN
 62
     7
370
    35
100
AcDbLine
 10
-237.453125
 20
-404.737745052769
 30
0.0
 11
-278.052734375
 21
-432.690137630894
 31
0.0
  0
LINE
  5
383
330
348
100
AcDbEntity
  8
2
  6
AUSGEZOGEN
 62
     7
370
    35
100
AcDbLine
 10
-278.052734375
 20
-432.690137630894
 30
0.0
 11
-237.453125
 21
-404.737745052769
 31
0.0
  0
LINE
  5
384
330
348
100
AcDbEntity
  8
2
  6
AUSGEZOGEN
 62
     7
370
    35
100
AcDbLine
 10
-278.052734375
 20
-432.690137630894
 30
0.0
 11
-278.052734375
 21
-481.043340450718
 31
0.0
  0
LINE
  5
385
330
348
100
AcDbEntity
  8
2
  6
AUSGEZOGEN
 62
     7
370
    35
100
AcDbLine
 10
-278.052734375
 20
-481.043340450718
 30
0.0
 11
-155.875
 21
-480.99473357816
 31
0.0
  0
LINE
  5
386
330
348
100
AcDbEntity
  8
2
  6
AUSGEZOGEN
 62
     7
370
    35
100
AcDbLine
 10
-155.875
 20
-480.99473357816
 30
0.0
 11
-176.654296875
 21
-429.137265926793
 31
0.0
  0
LINE
  5
387
330
348
100
AcDbEntity
  8
2
  6
AUSGEZOGEN
 62
     7
370
    35
100
AcDbLine
 10
-176.654296875
 20
-429.137265926793
 30
0.0
 11
-177.896484375
 21
-428.587247616246
 31
0.0
  0
LINE
  5
388
330
348
100
AcDbEntity
  8
2
  6
AUSGEZOGEN
 62
     7
370
    35
100
AcDbLine
 10
-237.453125
 20
-404.737745052769
 30
0.0
 11
-278.052734375
 21
-432.690137630894
 31
0.0
  0
LINE
  5
389
330
348
100
AcDbEntity
  8
2
  6
AUSGEZOGEN
 62
     7
370
    35
100
AcDbLine
 10
-211.169921875
 20
-404.737302547886
 30
0.0
 11
-237.453125
 21
-404.737745052769
 31
0.0
  0
ARC
  5
38A
330
348
100
AcDbEntity
  8
2
  6
AUSGEZOGEN
 62
     7
370
    35
100
AcDbCircle
 10
-202.896083196803
 20
-428.328285194187
 30
0.0
 40
25.00000000000007
100
AcDbArc
 50
109.327965470817
 51
359.406479750557
  0
LINE
  5
38B
330
348
100
AcDbEntity
  8
2
  6
AUSGEZOGEN
 62
     7
370
    35
100
AcDbLine
 10
-124.130859375
 20
-593.33874869962
 30
0.0
 11
-278.052734375
 21
-593.339198833897
 31
0.0
  0
LINE
  5
38C
330
348
100
AcDbEntity
  8
2
  6
AUSGEZOGEN
 62
     7
370
    35
100
AcDbLine
 10
-278.052734375
 20
-593.339198833897
 30
0.0
 11
-124.130859375
 21
-593.33874869962
 31
0.0
  0
LINE
  5
38D
330
348
100
AcDbEntity
  8
2
  6
AUSGEZOGEN
 62
     7
370
    35
100
AcDbLine
 10
-121.130859375
 20
-591.338775402501
 30
0.0
 11
-124.130859375
 21
-593.33874869962
 31
0.0
  0
LINE
  5
38E
330
348
100
AcDbEntity
  8
2
  6
AUSGEZOGEN
 62
     7
370
    35
100
AcDbLine
 10
-124.130859375
 20
-593.33874869962
 30
0.0
 11
-121.130859375
 21
-591.338775402501
 31
0.0
  0
LINE
  5
38F
330
348
100
AcDbEntity
  8
2
  6
AUSGEZOGEN
 62
     7
370
    35
100
AcDbLine
 10
-121.130859375
 20
-573.705701595738
 30
0.0
 11
-121.130859375
 21
-591.338775402501
 31
0.0
  0
LINE
  5
390
330
348
100
AcDbEntity
  8
2
  6
AUSGEZOGEN
 62
     7
370
    35
100
AcDbLine
 10
-121.130859375
 20
-591.338775402501
 30
0.0
 11
-121.130859375
 21
-573.705701595738
 31
0.0
  0
LINE
  5
391
330
348
100
AcDbEntity
  8
2
  6
AUSGEZOGEN
 62
     7
370
    35
100
AcDbLine
 10
-121.130859375
 20
-573.705701595738
 30
0.0
 11
-153.20703125
 21
-495.177701717808
 31
0.0
  0
LINE
  5
392
330
348
100
AcDbEntity
  8
2
  6
AUSGEZOGEN
 62
     7
370
    35
100
AcDbLine
 10
-153.20703125
 20
-495.177701717808
 30
0.0
 11
-117.38671875
 21
-582.874505764439
 31
0.0
  0
LINE
  5
393
330
348
100
AcDbEntity
  8
2
  6
AUSGEZOGEN
 62
     7
370
    35
100
AcDbLine
 10
-117.38671875
 20
-582.874505764439
 30
0.0
 11
-121.130859375
 21
-573.705701595738
 31
0.0
  0
LINE
  5
394
330
348
100
AcDbEntity
  8
2
  6
AUSGEZOGEN
 62
     7
370
    35
100
AcDbLine
 10
-153.20703125
 20
-495.177701717808
 30
0.0
 11
-150.61328125
 21
-494.122388607457
 31
0.0
  0
LINE
  5
395
330
348
100
AcDbEntity
  8
2
  6
AUSGEZOGEN
 62
     7
370
    35
100
AcDbLine
 10
-150.61328125
 20
-494.122388607457
 30
0.0
 11
-153.20703125
 21
-495.177701717808
 31
0.0
  0
LINE
  5
396
330
348
100
AcDbEntity
  8
2
  6
AUSGEZOGEN
 62
     7
370
    35
100
AcDbLine
 10
-150.61328125
 20
-494.122388607457
 30
0.0
 11
-155.875
 21
-480.99473357816
 31
0.0
  0
LINE
  5
397
330
348
100
AcDbEntity
  8
2
  6
AUSGEZOGEN
 62
     7
370
    35
100
AcDbLine
 10
-155.072265625
 20
-482.994420772984
 30
0.0
 11
-150.61328125
 21
-494.122388607457
 31
0.0
  0
LINE
  5
398
330
348
100
AcDbEntity
  8
2
  6
AUSGEZOGEN
 62
     7
370
    35
100
AcDbLine
 10
-176.654296875
 20
-429.137265926793
 30
0.0
 11
-155.875
 21
-480.99473357816
 31
0.0
  0
LINE
  5
399
330
348
100
AcDbEntity
  8
2
  6
AUSGEZOGEN
 62
     7
370
    35
100
AcDbLine
 10
-156.67578125
 20
-478.99505401273
 30
0.0
 11
-176.654296875
 21
-429.137265926793
 31
0.0
  0
LINE
  5
39A
330
348
100
AcDbEntity
  8
2
  6
AUSGEZOGEN
 62
     7
370
    35
100
AcDbLine
 10
-155.073073715193
 20
-482.994417619868
 30
0.0
 11
-155.874399537894
 21
-480.994736262167
 31
0.0
  0
LINE
  5
39B
330
348
100
AcDbEntity
  8
2
  6
AUSGEZOGEN
 62
     7
370
    35
100
AcDbLine
 10
-156.67572536059
 20
-478.995054904466
 30
0.0
 11
-155.87439953789
 21
-480.994736262167
 31
0.0
  0
LINE
  5
39C
330
348
100
AcDbEntity
  8
2
  6
AUSGEZOGEN
 62
     7
370
    35
100
AcDbLine
 10
-278.052734375
 20
-481.043340450718
 30
0.0
 11
-155.875
 21
-480.99473357816
 31
0.0
  0
LINE
  5
39D
330
348
100
AcDbEntity
  8
2
  6
AUSGEZOGEN
 62
     7
370
    35
100
AcDbLine
 10
-155.875
 20
-480.99473357816
 30
0.0
 11
-278.052734375
 21
-481.043340450718
 31
0.0
  0
LINE
  5
39E
330
348
100
AcDbEntity
  8
2
  6
AUSGEZOGEN
 62
     7
370
    35
100
AcDbLine
 10
-278.052734375
 20
-481.043340450718
 30
0.0
 11
-278.052734375
 21
-593.339198833897
 31
0.0
  0
LINE
  5
39F
330
348
100
AcDbEntity
  8
2
  6
AUSGEZOGEN
 62
     7
370
    35
100
AcDbLine
 10
-278.052734375
 20
-722.022825008824
 30
0.0
 11
-278.052734375
 21
-483.043340450718
 31
0.0
  0
LINE
  5
3A0
330
348
100
AcDbEntity
  8
2
  6
AUSGEZOGEN
 62
     7
370
    35
100
AcDbLine
 10
-278.052734375
 20
-432.690137630894
 30
0.0
 11
-278.052734375
 21
-479.043340450718
 31
0.0
  0
LINE
  5
3A1
330
348
100
AcDbEntity
  8
2
  6
AUSGEZOGEN
 62
     7
370
    35
100
AcDbLine
 10
-278.052734375
 20
-481.043340450718
 30
0.0
 11
-278.052734375
 21
-432.690137630894
 31
0.0
  0
LINE
  5
3A2
330
348
100
AcDbEntity
  8
2
  6
AUSGEZOGEN
 62
     7
370
    35
100
AcDbLine
 10
-278.052734375
 20
-593.339198833897
 30
0.0
 11
-278.052734375
 21
-722.022825008824
 31
0.0
  0
LINE
  5
3A3
330
348
100
AcDbEntity
  8
2
  6
AUSGEZOGEN
 62
     7
370
    35
100
AcDbLine
 10
-278.053179899776
 20
-483.043344198657
 30
0.0
 11
-278.053179899776
 21
-481.043344037574
 31
0.0
  0
LINE
  5
3A4
330
348
100
AcDbEntity
  8
2
  6
AUSGEZOGEN
 62
     7
370
    35
100
AcDbLine
 10
-278.053179899776
 20
-479.04334387649
 30
0.0
 11
-278.053179899776
 21
-481.043344037573
 31
0.0
  0
LINE
  5
3A5
330
348
100
AcDbEntity
  8
2
  6
AUSGEZOGEN
 62
     7
370
    35
100
AcDbLine
 10
-150.61328125
 20
-494.122388607457
 30
0.0
 11
-153.20703125
 21
-495.177701717808
 31
0.0
  0
LINE
  5
3A6
330
348
100
AcDbEntity
  8
2
  6
AUSGEZOGEN
 62
     7
370
    35
100
AcDbLine
 10
-155.875
 20
-480.99473357816
 30
0.0
 11
-150.61328125
 21
-494.122388607457
 31
0.0
  0
LINE
  5
3A7
330
348
100
AcDbEntity
  8
2
  6
AUSGEZOGEN
 62
     7
370
    35
100
AcDbLine
 10
-278.052734375
 20
-481.043340450718
 30
0.0
 11
-155.875
 21
-480.99473357816
 31
0.0
  0
LINE
  5
3A8
330
348
100
AcDbEntity
  8
2
  6
AUSGEZOGEN
 62
     7
370
    35
100
AcDbLine
 10
-124.130859375
 20
-593.33874869962
 30
0.0
 11
-278.052734375
 21
-593.339198833897
 31
0.0
  0
LINE
  5
3A9
330
348
100
AcDbEntity
  8
2
  6
AUSGEZOGEN
 62
     7
370
    35
100
AcDbLine
 10
-153.20703125
 20
-495.177701717808
 30
0.0
 11
-121.130859375
 21
-573.705701595738
 31
0.0
  0
LINE
  5
3AA
330
348
100
AcDbEntity
  8
2
  6
AUSGEZOGEN
 62
     7
370
    35
100
AcDbLine
 10
-278.052734375
 20
-593.339198833897
 30
0.0
 11
-278.052734375
 21
-481.043340450718
 31
0.0
  0
LINE
  5
3AB
330
348
100
AcDbEntity
  8
2
  6
AUSGEZOGEN
 62
     7
370
    35
100
AcDbLine
 10
-121.130859375
 20
-591.338775402501
 30
0.0
 11
-124.130859375
 21
-593.33874869962
 31
0.0
  0
LINE
  5
3AC
330
348
100
AcDbEntity
  8
2
  6
AUSGEZOGEN
 62
     7
370
    35
100
AcDbLine
 10
-121.130859375
 20
-573.705701595738
 30
0.0
 11
-121.130859375
 21
-591.338775402501
 31
0.0
  0
CIRCLE
  5
3AD
330
348
100
AcDbEntity
  8
2
  6
AUSGEZOGEN
 62
     7
370
    35
100
AcDbCircle
 10
-214.482179372742
 20
-512.028665194187
 30
0.0
 40
10.25
  0
CIRCLE
  5
3AE
330
348
100
AcDbEntity
  8
2
  6
AUSGEZOGEN
 62
     7
370
    35
100
AcDbCircle
 10
-193.822129188618
 20
-562.556531673863
 30
0.0
 40
10.25
  0
LINE
  5
3AF
330
348
100
AcDbEntity
  8
2
  6
AUSGEZOGEN
 62
     7
370
    35
100
AcDbLine
 10
-277.552734375
 20
-753.328611141636
 30
0.0
 11
55.947265625
 21
-753.339872127965
 31
0.0
  0
LINE
  5
3B0
330
348
100
AcDbEntity
  8
2
  6
AUSGEZOGEN
 62
     7
370
    35
100
AcDbLine
 10
55.947265625
 20
-753.339872127965
 30
0.0
 11
-277.552734375
 21
-753.328611141636
 31
0.0
  0
LINE
  5
3B1
330
348
100
AcDbEntity
  8
2
  6
AUSGEZOGEN
 62
     7
370
    35
100
AcDbLine
 10
55.947265625
 20
-753.339872127965
 30
0.0
 11
55.947265625
 21
-726.791806942418
 31
0.0
  0
LINE
  5
3B2
330
348
100
AcDbEntity
  8
2
  6
AUSGEZOGEN
 62
     7
370
    35
100
AcDbLine
 10
55.947265625
 20
-726.791806942418
 30
0.0
 11
55.947265625
 21
-753.339872127965
 31
0.0
  0
LINE
  5
3B3
330
348
100
AcDbEntity
  8
2
  6
AUSGEZOGEN
 62
     7
370
    35
100
AcDbLine
 10
55.947265625
 20
-726.791806942418
 30
0.0
 11
222.96875
 21
-726.791806942418
 31
0.0
  0
LINE
  5
3B4
330
348
100
AcDbEntity
  8
2
  6
AUSGEZOGEN
 62
     7
370
    35
100
AcDbLine
 10
222.96875
 20
-726.791806942418
 30
0.0
 11
55.947265625
 21
-726.791806942418
 31
0.0
  0
LINE
  5
3B5
330
348
100
AcDbEntity
  8
2
  6
AUSGEZOGEN
 62
     7
370
    35
100
AcDbLine
 10
222.96875
 20
-726.791806942418
 30
0.0
 11
222.96875
 21
-593.33874869962
 31
0.0
  0
LINE
  5
3B6
330
348
100
AcDbEntity
  8
2
  6
AUSGEZOGEN
 62
     7
370
    35
100
AcDbLine
 10
222.96875
 20
-593.33874869962
 30
0.0
 11
222.96875
 21
-726.791806942418
 31
0.0
  0
LINE
  5
3B7
330
348
100
AcDbEntity
  8
2
  6
AUSGEZOGEN
 62
     7
370
    35
100
AcDbLine
 10
222.96875
 20
-593.33874869962
 30
0.0
 11
-90.126953125
 21
-593.33874869962
 31
0.0
  0
LINE
  5
3B8
330
348
100
AcDbEntity
  8
2
  6
AUSGEZOGEN
 62
     7
370
    35
100
AcDbLine
 10
-90.126953125
 20
-593.33874869962
 30
0.0
 11
222.96875
 21
-593.33874869962
 31
0.0
  0
LINE
  5
3B9
330
348
100
AcDbEntity
  8
2
  6
AUSGEZOGEN
 62
     7
370
    35
100
AcDbLine
 10
-90.126953125
 20
-593.33874869962
 30
0.0
 11
-98.005859375
 21
-595.32695937772
 31
0.0
  0
LINE
  5
3BA
330
348
100
AcDbEntity
  8
2
  6
AUSGEZOGEN
 62
     7
370
    35
100
AcDbLine
 10
-106.025390625
 20
-594.016658550694
 30
0.0
 11
-98.005859375
 21
-595.32695937772
 31
0.0
  0
LINE
  5
3BB
330
348
100
AcDbEntity
  8
2
  6
AUSGEZOGEN
 62
     7
370
    35
100
AcDbLine
 10
-112.861328125
 20
-589.62414146085
 30
0.0
 11
-106.025390625
 21
-594.016658550694
 31
0.0
  0
LINE
  5
3BC
330
348
100
AcDbEntity
  8
2
  6
AUSGEZOGEN
 62
     7
370
    35
100
AcDbLine
 10
-117.38671875
 20
-582.874505764439
 30
0.0
 11
-112.861328125
 21
-589.62414146085
 31
0.0
  0
LINE
  5
3BD
330
348
100
AcDbEntity
  8
2
  6
AUSGEZOGEN
 62
     7
370
    35
100
AcDbLine
 10
-117.38671875
 20
-582.874505764439
 30
0.0
 11
-121.130859375
 21
-573.705701595738
 31
0.0
  0
LINE
  5
3BE
330
348
100
AcDbEntity
  8
2
  6
AUSGEZOGEN
 62
     7
370
    35
100
AcDbLine
 10
-121.130859375
 20
-573.705701595738
 30
0.0
 11
-117.38671875
 21
-582.874505764439
 31
0.0
  0
LINE
  5
3BF
330
348
100
AcDbEntity
  8
2
  6
AUSGEZOGEN
 62
     7
370
    35
100
AcDbLine
 10
-121.130859375
 20
-573.705701595738
 30
0.0
 11
-121.130859375
 21
-591.338775402501
 31
0.0
  0
LINE
  5
3C0
330
348
100
AcDbEntity
  8
2
  6
AUSGEZOGEN
 62
     7
370
    35
100
AcDbLine
 10
-121.130859375
 20
-591.338775402501
 30
0.0
 11
-121.130859375
 21
-573.705701595738
 31
0.0
  0
LINE
  5
3C1
330
348
100
AcDbEntity
  8
2
  6
AUSGEZOGEN
 62
     7
370
    35
100
AcDbLine
 10
-121.130859375
 20
-591.338775402501
 30
0.0
 11
-124.130859375
 21
-593.33874869962
 31
0.0
  0
LINE
  5
3C2
330
348
100
AcDbEntity
  8
2
  6
AUSGEZOGEN
 62
     7
370
    35
100
AcDbLine
 10
-124.130859375
 20
-593.33874869962
 30
0.0
 11
-121.130859375
 21
-591.338775402501
 31
0.0
  0
LINE
  5
3C3
330
348
100
AcDbEntity
  8
2
  6
AUSGEZOGEN
 62
     7
370
    35
100
AcDbLine
 10
-124.130859375
 20
-593.33874869962
 30
0.0
 11
-278.052734375
 21
-593.339198833897
 31
0.0
  0
LINE
  5
3C4
330
348
100
AcDbEntity
  8
2
  6
AUSGEZOGEN
 62
     7
370
    35
100
AcDbLine
 10
-278.052734375
 20
-593.339198833897
 30
0.0
 11
-124.130859375
 21
-593.33874869962
 31
0.0
  0
LINE
  5
3C5
330
348
100
AcDbEntity
  8
2
  6
AUSGEZOGEN
 62
     7
370
    35
100
AcDbLine
 10
-278.052734375
 20
-593.339198833897
 30
0.0
 11
-278.052734375
 21
-722.022825008824
 31
0.0
  0
LINE
  5
3C6
330
348
100
AcDbEntity
  8
2
  6
AUSGEZOGEN
 62
     7
370
    35
100
AcDbLine
 10
-278.052734375
 20
-722.022825008824
 30
0.0
 11
-278.052734375
 21
-593.339198833897
 31
0.0
  0
LINE
  5
3C7
330
348
100
AcDbEntity
  8
2
  6
AUSGEZOGEN
 62
     7
370
    35
100
AcDbLine
 10
-278.052734375
 20
-722.022825008824
 30
0.0
 11
-277.552734375
 21
-722.022825008824
 31
0.0
  0
LINE
  5
3C8
330
348
100
AcDbEntity
  8
2
  6
AUSGEZOGEN
 62
     7
370
    35
100
AcDbLine
 10
-277.552734375
 20
-722.022825008824
 30
0.0
 11
-278.052734375
 21
-722.022825008824
 31
0.0
  0
LINE
  5
3C9
330
348
100
AcDbEntity
  8
2
  6
AUSGEZOGEN
 62
     7
370
    35
100
AcDbLine
 10
-277.552734375
 20
-722.022825008824
 30
0.0
 11
-277.552734375
 21
-753.328611141636
 31
0.0
  0
LINE
  5
3CA
330
348
100
AcDbEntity
  8
2
  6
AUSGEZOGEN
 62
     7
370
    35
100
AcDbLine
 10
-277.552734375
 20
-753.328611141636
 30
0.0
 11
-277.552734375
 21
-722.022825008824
 31
0.0
  0
ARC
  5
3CB
330
348
100
AcDbEntity
  8
2
  6
AUSGEZOGEN
 62
     7
370
    35
100
AcDbCircle
 10
-98.857443220782
 20
-575.345117221205
 30
0.0
 40
19.99999999999999
100
AcDbArc
 50
202.115159466047
 51
295.88376237693
  0
ARC
  5
3CC
330
348
100
AcDbEntity
  8
2
  6
AUSGEZOGEN
 62
     7
370
    35
100
AcDbCircle
 10
-98.857443220782
 20
-575.345117221205
 30
0.0
 40
19.99999999999999
100
AcDbArc
 50
202.115159466047
 51
295.88376237693
  0
ENDBLK
  5
34A
330
348
100
AcDbEntity
  8
0
100
AcDbBlockEnd
  0
BLOCK
  5
3D1
330
3D0
100
AcDbEntity
  8
0
100
AcDbBlockBegin
  2
AnonymMegaMac_nNn015
 70
     0
 10
0.0
 20
0.0
 30
0.0
  3
AnonymMegaMac_nNn015
  1

  0
INSERT
  5
452
330
3D0
100
AcDbEntity
  8
0
100
AcDbBlockReference
  2
AnonymMegaMac_nNn016
 10
0.0
 20
0.0
 30
0.0
  0
ENDBLK
  5
3D2
330
3D0
100
AcDbEntity
  8
0
100
AcDbBlockEnd
  0
BLOCK
  5
3D4
330
3D3
100
AcDbEntity
  8
0
100
AcDbBlockBegin
  2
AnonymMegaMac_nNn016
 70
     0
 10
0.0
 20
0.0
 30
0.0
  3
AnonymMegaMac_nNn016
  1

  0
INSERT
  5
451
330
3D3
100
AcDbEntity
  8
0
100
AcDbBlockReference
  2
AnonymMegaMac_nNn017
 10
0.0
 20
0.0
 30
0.0
  0
ENDBLK
  5
3D5
330
3D3
100
AcDbEntity
  8
0
100
AcDbBlockEnd
  0
BLOCK
  5
3D7
330
3D6
100
AcDbEntity
  8
0
100
AcDbBlockBegin
  2
AnonymMegaMac_nNn017
 70
     0
 10
0.0
 20
0.0
 30
0.0
  3
AnonymMegaMac_nNn017
  1

  0
LINE
  5
3D9
330
3D6
100
AcDbEntity
  8
2
  6
AUSGEZOGEN
 62
     7
370
    35
100
AcDbLine
 10
-41.03125
 20
-593.33874869962
 30
0.0
 11
-41.03125
 21
-609.638746029332
 31
0.0
  0
LINE
  5
3DA
330
3D6
100
AcDbEntity
  8
2
  6
AUSGEZOGEN
 62
     7
370
    35
100
AcDbLine
 10
-41.03125
 20
-609.638746029332
 30
0.0
 11
222.96875
 21
-609.638746029332
 31
0.0
  0
LINE
  5
3DB
330
3D6
100
AcDbEntity
  8
2
  6
AUSGEZOGEN
 62
     7
370
    35
100
AcDbLine
 10
222.96875
 20
-609.638746029332
 30
0.0
 11
222.96875
 21
-593.33874869962
 31
0.0
  0
LINE
  5
3DC
330
3D6
100
AcDbEntity
  8
2
  6
AUSGEZOGEN
 62
     7
370
    35
100
AcDbLine
 10
222.96875
 20
-593.33874869962
 30
0.0
 11
-41.03125
 21
-593.33874869962
 31
0.0
  0
LINE
  5
3DD
330
3D6
100
AcDbEntity
  8
2
  6
AUSGEZOGEN
 62
     7
370
    35
100
AcDbLine
 10
222.96875
 20
-609.638746029332
 30
0.0
 11
-41.03125
 21
-609.638746029332
 31
0.0
  0
LINE
  5
3DE
330
3D6
100
AcDbEntity
  8
2
  6
AUSGEZOGEN
 62
     7
370
    35
100
AcDbLine
 10
-41.03125
 20
-609.638746029332
 30
0.0
 11
222.96875
 21
-609.638746029332
 31
0.0
  0
LINE
  5
3DF
330
3D6
100
AcDbEntity
  8
2
  6
AUSGEZOGEN
 62
     7
370
    35
100
AcDbLine
 10
-41.031179372741
 20
-609.638747870199
 30
0.0
 11
-49.031179372741
 21
-609.638747870199
 31
0.0
  0
LINE
  5
3E0
330
3D6
100
AcDbEntity
  8
2
  6
AUSGEZOGEN
 62
     7
370
    35
100
AcDbLine
 10
-49.031179372741
 20
-609.638747870199
 30
0.0
 11
-41.031179372741
 21
-609.638747870199
 31
0.0
  0
LINE
  5
3E1
330
3D6
100
AcDbEntity
  8
2
  6
AUSGEZOGEN
 62
     7
370
    35
100
AcDbLine
 10
-41.03125
 20
-609.638746029332
 30
0.0
 11
-41.03125
 21
-593.33874869962
 31
0.0
  0
LINE
  5
3E2
330
3D6
100
AcDbEntity
  8
2
  6
AUSGEZOGEN
 62
     7
370
    35
100
AcDbLine
 10
-41.03125
 20
-593.33874869962
 30
0.0
 11
222.96875
 21
-593.33874869962
 31
0.0
  0
LINE
  5
3E3
330
3D6
100
AcDbEntity
  8
2
  6
AUSGEZOGEN
 62
     7
370
    35
100
AcDbLine
 10
222.96875
 20
-593.33874869962
 30
0.0
 11
222.96875
 21
-609.638746029332
 31
0.0
  0
LINE
  5
3E4
330
3D6
100
AcDbEntity
  8
2
  6
AUSGEZOGEN
 62
     7
370
    35
100
AcDbLine
 10
222.96875
 20
-609.638746029332
 30
0.0
 11
-41.03125
 21
-609.638746029332
 31
0.0
  0
LINE
  5
3E5
330
3D6
100
AcDbEntity
  8
2
  6
AUSGEZOGEN
 62
     7
370
    35
100
AcDbLine
 10
222.96875
 20
-593.33874869962
 30
0.0
 11
-41.03125
 21
-593.33874869962
 31
0.0
  0
LINE
  5
3E6
330
3D6
100
AcDbEntity
  8
2
  6
AUSGEZOGEN
 62
     7
370
    35
100
AcDbLine
 10
-90.126953125
 20
-593.33874869962
 30
0.0
 11
222.96875
 21
-593.33874869962
 31
0.0
  0
LINE
  5
3E7
330
3D6
100
AcDbEntity
  8
2
  6
AUSGEZOGEN
 62
     7
370
    35
100
AcDbLine
 10
222.96875
 20
-593.33874869962
 30
0.0
 11
-90.126953125
 21
-593.33874869962
 31
0.0
  0
LINE
  5
3E8
330
3D6
100
AcDbEntity
  8
2
  6
AUSGEZOGEN
 62
     7
370
    35
100
AcDbLine
 10
-41.03125
 20
-593.33874869962
 30
0.0
 11
222.96875
 21
-593.33874869962
 31
0.0
  0
LINE
  5
3E9
330
3D6
100
AcDbEntity
  8
2
  6
AUSGEZOGEN
 62
     7
370
    35
100
AcDbLine
 10
-49.031179372741
 20
-593.338747870199
 30
0.0
 11
-41.031179372741
 21
-593.338747870199
 31
0.0
  0
LINE
  5
3EA
330
3D6
100
AcDbEntity
  8
2
  6
AUSGEZOGEN
 62
     7
370
    35
100
AcDbLine
 10
-41.031179372741
 20
-593.338747870199
 30
0.0
 11
-49.031179372741
 21
-593.338747870199
 31
0.0
  0
LINE
  5
3EB
330
3D6
100
AcDbEntity
  8
2
  6
AUSGEZOGEN
 62
     7
370
    35
100
AcDbLine
 10
-49.03125
 20
-609.638746029332
 30
0.0
 11
-49.03125
 21
-593.33874869962
 31
0.0
  0
LINE
  5
3EC
330
3D6
100
AcDbEntity
  8
2
  6
AUSGEZOGEN
 62
     7
370
    35
100
AcDbLine
 10
-49.03125
 20
-593.33874869962
 30
0.0
 11
-49.03125
 21
-609.638746029332
 31
0.0
  0
LINE
  5
3ED
330
3D6
100
AcDbEntity
  8
2
  6
AUSGEZOGEN
 62
     7
370
    35
100
AcDbLine
 10
222.96875
 20
-609.638746029332
 30
0.0
 11
222.96875
 21
-593.33874869962
 31
0.0
  0
LINE
  5
3EE
330
3D6
100
AcDbEntity
  8
2
  6
AUSGEZOGEN
 62
     7
370
    35
100
AcDbLine
 10
222.96875
 20
-593.33874869962
 30
0.0
 11
222.96875
 21
-726.791806942418
 31
0.0
  0
LINE
  5
3EF
330
3D6
100
AcDbEntity
  8
2
  6
AUSGEZOGEN
 62
     7
370
    35
100
AcDbLine
 10
222.96875
 20
-726.791806942418
 30
0.0
 11
222.96875
 21
-593.33874869962
 31
0.0
  0
LINE
  5
3F0
330
3D6
100
AcDbEntity
  8
2
  6
AUSGEZOGEN
 62
     7
370
    35
100
AcDbLine
 10
222.96875
 20
-593.33874869962
 30
0.0
 11
222.96875
 21
-609.638746029332
 31
0.0
  0
LINE
  5
3F1
330
3D6
100
AcDbEntity
  8
2
  6
AUSGEZOGEN
 62
     7
370
    35
100
AcDbLine
 10
-278.052734375
 20
-479.043340450718
 30
0.0
 11
-156.67578125
 21
-478.99505401273
 31
0.0
  0
LINE
  5
3F2
330
3D6
100
AcDbEntity
  8
2
  6
AUSGEZOGEN
 62
     7
370
    35
100
AcDbLine
 10
-156.67578125
 20
-478.99505401273
 30
0.0
 11
-278.052734375
 21
-479.043340450718
 31
0.0
  0
LINE
  5
3F3
330
3D6
100
AcDbEntity
  8
2
  6
AUSGEZOGEN
 62
     7
370
    35
100
AcDbLine
 10
-278.052734375
 20
-479.043340450718
 30
0.0
 11
-278.052734375
 21
-432.690137630894
 31
0.0
  0
LINE
  5
3F4
330
3D6
100
AcDbEntity
  8
2
  6
AUSGEZOGEN
 62
     7
370
    35
100
AcDbLine
 10
-278.052734375
 20
-432.690137630894
 30
0.0
 11
-237.453125
 21
-404.737745052769
 31
0.0
  0
LINE
  5
3F5
330
3D6
100
AcDbEntity
  8
2
  6
AUSGEZOGEN
 62
     7
370
    35
100
AcDbLine
 10
-237.453125
 20
-404.737745052769
 30
0.0
 11
-211.169921875
 21
-404.737302547886
 31
0.0
  0
LINE
  5
3F6
330
3D6
100
AcDbEntity
  8
2
  6
AUSGEZOGEN
 62
     7
370
    35
100
AcDbLine
 10
-156.67578125
 20
-478.99505401273
 30
0.0
 11
-278.052734375
 21
-479.043340450718
 31
0.0
  0
LINE
  5
3F7
330
3D6
100
AcDbEntity
  8
2
  6
AUSGEZOGEN
 62
     7
370
    35
100
AcDbLine
 10
-176.654296875
 20
-429.137265926793
 30
0.0
 11
-156.67578125
 21
-478.99505401273
 31
0.0
  0
LINE
  5
3F8
330
3D6
100
AcDbEntity
  8
2
  6
AUSGEZOGEN
 62
     7
370
    35
100
AcDbLine
 10
-177.896484375
 20
-428.587247616246
 30
0.0
 11
-176.654296875
 21
-429.137265926793
 31
0.0
  0
ARC
  5
3F9
330
3D6
100
AcDbEntity
  8
2
  6
AUSGEZOGEN
 62
     7
370
    35
100
AcDbCircle
 10
-202.896083196803
 20
-428.328285194188
 30
0.0
 40
25.00000000000001
100
AcDbArc
 50
109.327965470816
 51
359.406479750557
  0
LINE
  5
3FA
330
3D6
100
AcDbEntity
  8
2
  6
AUSGEZOGEN
 62
     7
370
    35
100
AcDbLine
 10
-176.654296875
 20
-429.137265926793
 30
0.0
 11
-177.896484375
 21
-428.587247616246
 31
0.0
  0
LINE
  5
3FB
330
3D6
100
AcDbEntity
  8
2
  6
AUSGEZOGEN
 62
     7
370
    35
100
AcDbLine
 10
-177.896484375
 20
-428.587247616246
 30
0.0
 11
-176.654296875
 21
-429.137265926793
 31
0.0
  0
LINE
  5
3FC
330
3D6
100
AcDbEntity
  8
2
  6
AUSGEZOGEN
 62
     7
370
    35
100
AcDbLine
 10
-211.169921875
 20
-404.737302547886
 30
0.0
 11
-237.453125
 21
-404.737745052769
 31
0.0
  0
LINE
  5
3FD
330
3D6
100
AcDbEntity
  8
2
  6
AUSGEZOGEN
 62
     7
370
    35
100
AcDbLine
 10
-237.453125
 20
-404.737745052769
 30
0.0
 11
-211.169921875
 21
-404.737302547886
 31
0.0
  0
LINE
  5
3FE
330
3D6
100
AcDbEntity
  8
2
  6
AUSGEZOGEN
 62
     7
370
    35
100
AcDbLine
 10
-237.453125
 20
-404.737745052769
 30
0.0
 11
-278.052734375
 21
-432.690137630894
 31
0.0
  0
LINE
  5
3FF
330
3D6
100
AcDbEntity
  8
2
  6
AUSGEZOGEN
 62
     7
370
    35
100
AcDbLine
 10
-278.052734375
 20
-432.690137630894
 30
0.0
 11
-237.453125
 21
-404.737745052769
 31
0.0
  0
LINE
  5
400
330
3D6
100
AcDbEntity
  8
2
  6
AUSGEZOGEN
 62
     7
370
    35
100
AcDbLine
 10
-156.67578125
 20
-478.99505401273
 30
0.0
 11
-176.654296875
 21
-429.137265926793
 31
0.0
  0
LINE
  5
401
330
3D6
100
AcDbEntity
  8
2
  6
AUSGEZOGEN
 62
     7
370
    35
100
AcDbLine
 10
-176.654296875
 20
-429.137265926793
 30
0.0
 11
-177.896484375
 21
-428.587247616246
 31
0.0
  0
LINE
  5
402
330
3D6
100
AcDbEntity
  8
2
  6
AUSGEZOGEN
 62
     7
370
    35
100
AcDbLine
 10
-278.052734375
 20
-479.043340450718
 30
0.0
 11
-156.67578125
 21
-478.99505401273
 31
0.0
  0
LINE
  5
403
330
3D6
100
AcDbEntity
  8
2
  6
AUSGEZOGEN
 62
     7
370
    35
100
AcDbLine
 10
-278.052734375
 20
-432.690137630894
 30
0.0
 11
-278.052734375
 21
-479.043340450718
 31
0.0
  0
LINE
  5
404
330
3D6
100
AcDbEntity
  8
2
  6
AUSGEZOGEN
 62
     7
370
    35
100
AcDbLine
 10
-211.169921875
 20
-404.737302547886
 30
0.0
 11
-237.453125
 21
-404.737745052769
 31
0.0
  0
LINE
  5
405
330
3D6
100
AcDbEntity
  8
2
  6
AUSGEZOGEN
 62
     7
370
    35
100
AcDbLine
 10
-237.453125
 20
-404.737745052769
 30
0.0
 11
-278.052734375
 21
-432.690137630894
 31
0.0
  0
ARC
  5
406
330
3D6
100
AcDbEntity
  8
2
  6
AUSGEZOGEN
 62
     7
370
    35
100
AcDbCircle
 10
-202.896083196803
 20
-428.328285194188
 30
0.0
 40
25.00000000000001
100
AcDbArc
 50
109.327965470816
 51
359.406479750557
  0
LINE
  5
407
330
3D6
100
AcDbEntity
  8
2
  6
AUSGEZOGEN
 62
     7
370
    35
100
AcDbLine
 10
-124.1328125
 20
-593.339875942662
 30
0.0
 11
-278.052734375
 21
-593.339198833897
 31
0.0
  0
LINE
  5
408
330
3D6
100
AcDbEntity
  8
2
  6
AUSGEZOGEN
 62
     7
370
    35
100
AcDbLine
 10
-278.052734375
 20
-593.339198833897
 30
0.0
 11
-124.1328125
 21
-593.339875942662
 31
0.0
  0
LINE
  5
409
330
3D6
100
AcDbEntity
  8
2
  6
AUSGEZOGEN
 62
     7
370
    35
100
AcDbLine
 10
-121.130859375
 20
-591.338775402501
 30
0.0
 11
-124.1328125
 21
-593.339875942662
 31
0.0
  0
LINE
  5
40A
330
3D6
100
AcDbEntity
  8
2
  6
AUSGEZOGEN
 62
     7
370
    35
100
AcDbLine
 10
-124.1328125
 20
-593.339875942662
 30
0.0
 11
-121.130859375
 21
-591.338775402501
 31
0.0
  0
LINE
  5
40B
330
3D6
100
AcDbEntity
  8
2
  6
AUSGEZOGEN
 62
     7
370
    35
100
AcDbLine
 10
-121.130859375
 20
-573.705701595738
 30
0.0
 11
-121.130859375
 21
-591.338775402501
 31
0.0
  0
LINE
  5
40C
330
3D6
100
AcDbEntity
  8
2
  6
AUSGEZOGEN
 62
     7
370
    35
100
AcDbLine
 10
-121.130859375
 20
-591.338775402501
 30
0.0
 11
-121.130859375
 21
-573.705701595738
 31
0.0
  0
LINE
  5
40D
330
3D6
100
AcDbEntity
  8
2
  6
AUSGEZOGEN
 62
     7
370
    35
100
AcDbLine
 10
-153.20703125
 20
-495.177701717808
 30
0.0
 11
-150.61328125
 21
-494.122388607457
 31
0.0
  0
LINE
  5
40E
330
3D6
100
AcDbEntity
  8
2
  6
AUSGEZOGEN
 62
     7
370
    35
100
AcDbLine
 10
-150.61328125
 20
-494.122388607457
 30
0.0
 11
-153.20703125
 21
-495.177701717808
 31
0.0
  0
LINE
  5
40F
330
3D6
100
AcDbEntity
  8
2
  6
AUSGEZOGEN
 62
     7
370
    35
100
AcDbLine
 10
-150.61328125
 20
-494.122388607457
 30
0.0
 11
-155.875
 21
-480.99473357816
 31
0.0
  0
LINE
  5
410
330
3D6
100
AcDbEntity
  8
2
  6
AUSGEZOGEN
 62
     7
370
    35
100
AcDbLine
 10
-155.875
 20
-480.99473357816
 30
0.0
 11
-150.61328125
 21
-494.122388607457
 31
0.0
  0
LINE
  5
411
330
3D6
100
AcDbEntity
  8
2
  6
AUSGEZOGEN
 62
     7
370
    35
100
AcDbLine
 10
-156.67578125
 20
-478.99505401273
 30
0.0
 11
-176.654296875
 21
-429.137265926793
 31
0.0
  0
LINE
  5
412
330
3D6
100
AcDbEntity
  8
2
  6
AUSGEZOGEN
 62
     7
370
    35
100
AcDbLine
 10
-176.654296875
 20
-429.137265926793
 30
0.0
 11
-156.67578125
 21
-478.99505401273
 31
0.0
  0
LINE
  5
413
330
3D6
100
AcDbEntity
  8
2
  6
AUSGEZOGEN
 62
     7
370
    35
100
AcDbLine
 10
-156.67572536059
 20
-478.995054904466
 30
0.0
 11
-155.87439953789
 21
-480.994736262167
 31
0.0
  0
LINE
  5
414
330
3D6
100
AcDbEntity
  8
2
  6
AUSGEZOGEN
 62
     7
370
    35
100
AcDbLine
 10
-155.87439953789
 20
-480.994736262167
 30
0.0
 11
-156.67572536059
 21
-478.995054904466
 31
0.0
  0
LINE
  5
415
330
3D6
100
AcDbEntity
  8
2
  6
AUSGEZOGEN
 62
     7
370
    35
100
AcDbLine
 10
-278.052734375
 20
-481.043340450718
 30
0.0
 11
-155.875
 21
-480.99473357816
 31
0.0
  0
LINE
  5
416
330
3D6
100
AcDbEntity
  8
2
  6
AUSGEZOGEN
 62
     7
370
    35
100
AcDbLine
 10
-155.875
 20
-480.99473357816
 30
0.0
 11
-278.052734375
 21
-481.043340450718
 31
0.0
  0
LINE
  5
417
330
3D6
100
AcDbEntity
  8
2
  6
AUSGEZOGEN
 62
     7
370
    35
100
AcDbLine
 10
-121.130859375
 20
-573.705701595738
 30
0.0
 11
-121.130859375
 21
-591.338775402501
 31
0.0
  0
LINE
  5
418
330
3D6
100
AcDbEntity
  8
2
  6
AUSGEZOGEN
 62
     7
370
    35
100
AcDbLine
 10
-121.130859375
 20
-591.338775402501
 30
0.0
 11
-124.1328125
 21
-593.339875942662
 31
0.0
  0
LINE
  5
419
330
3D6
100
AcDbEntity
  8
2
  6
AUSGEZOGEN
 62
     7
370
    35
100
AcDbLine
 10
-124.1328125
 20
-593.339875942662
 30
0.0
 11
-278.052734375
 21
-593.339198833897
 31
0.0
  0
LINE
  5
41A
330
3D6
100
AcDbEntity
  8
2
  6
AUSGEZOGEN
 62
     7
370
    35
100
AcDbLine
 10
-150.61328125
 20
-494.122388607457
 30
0.0
 11
-153.20703125
 21
-495.177701717808
 31
0.0
  0
LINE
  5
41B
330
3D6
100
AcDbEntity
  8
2
  6
AUSGEZOGEN
 62
     7
370
    35
100
AcDbLine
 10
-155.875
 20
-480.99473357816
 30
0.0
 11
-150.61328125
 21
-494.122388607457
 31
0.0
  0
LINE
  5
41C
330
3D6
100
AcDbEntity
  8
2
  6
AUSGEZOGEN
 62
     7
370
    35
100
AcDbLine
 10
-278.052734375
 20
-593.339198833897
 30
0.0
 11
-278.052734375
 21
-481.043340450718
 31
0.0
  0
LINE
  5
41D
330
3D6
100
AcDbEntity
  8
2
  6
AUSGEZOGEN
 62
     7
370
    35
100
AcDbLine
 10
-278.052734375
 20
-481.043340450718
 30
0.0
 11
-155.875
 21
-480.99473357816
 31
0.0
  0
LINE
  5
41E
330
3D6
100
AcDbEntity
  8
2
  6
AUSGEZOGEN
 62
     7
370
    35
100
AcDbLine
 10
-153.20703125
 20
-495.177701717808
 30
0.0
 11
-121.130859375
 21
-573.705701595738
 31
0.0
  0
CIRCLE
  5
41F
330
3D6
100
AcDbEntity
  8
2
  6
AUSGEZOGEN
 62
     7
370
    35
100
AcDbCircle
 10
-193.822129188615
 20
-562.556531673863
 30
0.0
 40
10.25
  0
CIRCLE
  5
420
330
3D6
100
AcDbEntity
  8
2
  6
AUSGEZOGEN
 62
     7
370
    35
100
AcDbCircle
 10
-214.482179372742
 20
-512.028665194187
 30
0.0
 40
10.25
  0
LINE
  5
421
330
3D6
100
AcDbEntity
  8
2
  6
AUSGEZOGEN
 62
     7
370
    35
100
AcDbLine
 10
-278.052734375
 20
-593.339198833897
 30
0.0
 11
-278.052734375
 21
-722.022825008824
 31
0.0
  0
LINE
  5
422
330
3D6
100
AcDbEntity
  8
2
  6
AUSGEZOGEN
 62
     7
370
    35
100
AcDbLine
 10
-278.052734375
 20
-722.022825008824
 30
0.0
 11
-278.052734375
 21
-481.043340450718
 31
0.0
  0
LINE
  5
423
330
3D6
100
AcDbEntity
  8
2
  6
AUSGEZOGEN
 62
     7
370
    35
100
AcDbLine
 10
-278.052734375
 20
-432.690137630894
 30
0.0
 11
-278.052734375
 21
-479.043340450718
 31
0.0
  0
LINE
  5
424
330
3D6
100
AcDbEntity
  8
2
  6
AUSGEZOGEN
 62
     7
370
    35
100
AcDbLine
 10
-278.052734375
 20
-479.043340450718
 30
0.0
 11
-278.052734375
 21
-432.690137630894
 31
0.0
  0
LINE
  5
425
330
3D6
100
AcDbEntity
  8
2
  6
AUSGEZOGEN
 62
     7
370
    35
100
AcDbLine
 10
-278.052734375
 20
-481.043340450718
 30
0.0
 11
-278.052734375
 21
-593.339198833897
 31
0.0
  0
LINE
  5
426
330
3D6
100
AcDbEntity
  8
2
  6
AUSGEZOGEN
 62
     7
370
    35
100
AcDbLine
 10
-278.053179899776
 20
-481.043344038977
 30
0.0
 11
-278.053179899776
 21
-479.043343879296
 31
0.0
  0
LINE
  5
427
330
3D6
100
AcDbEntity
  8
2
  6
AUSGEZOGEN
 62
     7
370
    35
100
AcDbLine
 10
-278.053179899776
 20
-479.043343877893
 30
0.0
 11
-278.053179899776
 21
-481.043344037574
 31
0.0
  0
LINE
  5
428
330
3D6
100
AcDbEntity
  8
2
  6
AUSGEZOGEN
 62
     7
370
    35
100
AcDbLine
 10
-278.052734375
 20
-722.022825008824
 30
0.0
 11
-277.552734375
 21
-722.022825008824
 31
0.0
  0
LINE
  5
429
330
3D6
100
AcDbEntity
  8
2
  6
AUSGEZOGEN
 62
     7
370
    35
100
AcDbLine
 10
-277.552734375
 20
-722.022825008824
 30
0.0
 11
-278.052734375
 21
-722.022825008824
 31
0.0
  0
LINE
  5
42A
330
3D6
100
AcDbEntity
  8
2
  6
AUSGEZOGEN
 62
     7
370
    35
100
AcDbLine
 10
-277.552734375
 20
-722.022825008824
 30
0.0
 11
-277.552734375
 21
-753.328611141636
 31
0.0
  0
LINE
  5
42B
330
3D6
100
AcDbEntity
  8
2
  6
AUSGEZOGEN
 62
     7
370
    35
100
AcDbLine
 10
-277.552734375
 20
-753.328611141636
 30
0.0
 11
-277.552734375
 21
-722.022825008824
 31
0.0
  0
LINE
  5
42C
330
3D6
100
AcDbEntity
  8
2
  6
AUSGEZOGEN
 62
     7
370
    35
100
AcDbLine
 10
-277.552734375
 20
-753.328611141636
 30
0.0
 11
55.947265625
 21
-753.339872127965
 31
0.0
  0
LINE
  5
42D
330
3D6
100
AcDbEntity
  8
2
  6
AUSGEZOGEN
 62
     7
370
    35
100
AcDbLine
 10
55.947265625
 20
-753.339872127965
 30
0.0
 11
-277.552734375
 21
-753.328611141636
 31
0.0
  0
LINE
  5
42E
330
3D6
100
AcDbEntity
  8
2
  6
AUSGEZOGEN
 62
     7
370
    35
100
AcDbLine
 10
55.947265625
 20
-753.339872127965
 30
0.0
 11
55.947265625
 21
-726.791806942418
 31
0.0
  0
LINE
  5
42F
330
3D6
100
AcDbEntity
  8
2
  6
AUSGEZOGEN
 62
     7
370
    35
100
AcDbLine
 10
55.947265625
 20
-726.791806942418
 30
0.0
 11
55.947265625
 21
-753.339872127965
 31
0.0
  0
LINE
  5
430
330
3D6
100
AcDbEntity
  8
2
  6
AUSGEZOGEN
 62
     7
370
    35
100
AcDbLine
 10
55.947265625
 20
-726.791806942418
 30
0.0
 11
222.96875
 21
-726.791806942418
 31
0.0
  0
LINE
  5
431
330
3D6
100
AcDbEntity
  8
2
  6
AUSGEZOGEN
 62
     7
370
    35
100
AcDbLine
 10
222.96875
 20
-726.791806942418
 30
0.0
 11
55.947265625
 21
-726.791806942418
 31
0.0
  0
LINE
  5
432
330
3D6
100
AcDbEntity
  8
2
  6
AUSGEZOGEN
 62
     7
370
    35
100
AcDbLine
 10
-117.38671875
 20
-582.874505764439
 30
0.0
 11
-121.130859375
 21
-573.705701595738
 31
0.0
  0
LINE
  5
433
330
3D6
100
AcDbEntity
  8
2
  6
AUSGEZOGEN
 62
     7
370
    35
100
AcDbLine
 10
-121.130859375
 20
-573.705701595738
 30
0.0
 11
-153.20703125
 21
-495.177701717808
 31
0.0
  0
LINE
  5
434
330
3D6
100
AcDbEntity
  8
2
  6
AUSGEZOGEN
 62
     7
370
    35
100
AcDbLine
 10
-153.20703125
 20
-495.177701717808
 30
0.0
 11
-117.38671875
 21
-582.874505764439
 31
0.0
  0
LINE
  5
435
330
3D6
100
AcDbEntity
  8
2
  6
AUSGEZOGEN
 62
     7
370
    35
100
AcDbLine
 10
-278.052734375
 20
-593.339198833897
 30
0.0
 11
-124.1328125
 21
-593.339875942662
 31
0.0
  0
LINE
  5
436
330
3D6
100
AcDbEntity
  8
2
  6
AUSGEZOGEN
 62
     7
370
    35
100
AcDbLine
 10
-278.052734375
 20
-722.022825008824
 30
0.0
 11
-278.052734375
 21
-593.339198833897
 31
0.0
  0
LINE
  5
437
330
3D6
100
AcDbEntity
  8
2
  6
AUSGEZOGEN
 62
     7
370
    35
100
AcDbLine
 10
55.947265625
 20
-726.791806942418
 30
0.0
 11
55.947265625
 21
-753.339872127965
 31
0.0
  0
LINE
  5
438
330
3D6
100
AcDbEntity
  8
2
  6
AUSGEZOGEN
 62
     7
370
    35
100
AcDbLine
 10
55.947265625
 20
-753.339872127965
 30
0.0
 11
-277.552734375
 21
-753.328611141636
 31
0.0
  0
LINE
  5
439
330
3D6
100
AcDbEntity
  8
2
  6
AUSGEZOGEN
 62
     7
370
    35
100
AcDbLine
 10
-277.552734375
 20
-753.328611141636
 30
0.0
 11
-277.552734375
 21
-722.022825008824
 31
0.0
  0
LINE
  5
43A
330
3D6
100
AcDbEntity
  8
2
  6
AUSGEZOGEN
 62
     7
370
    35
100
AcDbLine
 10
-124.1328125
 20
-593.339875942662
 30
0.0
 11
-121.130859375
 21
-591.338775402501
 31
0.0
  0
LINE
  5
43B
330
3D6
100
AcDbEntity
  8
2
  6
AUSGEZOGEN
 62
     7
370
    35
100
AcDbLine
 10
-121.130859375
 20
-591.338775402501
 30
0.0
 11
-121.130859375
 21
-573.705701595738
 31
0.0
  0
LINE
  5
43C
330
3D6
100
AcDbEntity
  8
2
  6
AUSGEZOGEN
 62
     7
370
    35
100
AcDbLine
 10
-121.130859375
 20
-573.705701595738
 30
0.0
 11
-117.38671875
 21
-582.874505764439
 31
0.0
  0
LINE
  5
43D
330
3D6
100
AcDbEntity
  8
2
  6
AUSGEZOGEN
 62
     7
370
    35
100
AcDbLine
 10
-90.126953125
 20
-593.33874869962
 30
0.0
 11
222.96875
 21
-593.33874869962
 31
0.0
  0
LINE
  5
43E
330
3D6
100
AcDbEntity
  8
2
  6
AUSGEZOGEN
 62
     7
370
    35
100
AcDbLine
 10
222.96875
 20
-726.791806942418
 30
0.0
 11
55.947265625
 21
-726.791806942418
 31
0.0
  0
LINE
  5
43F
330
3D6
100
AcDbEntity
  8
2
  6
AUSGEZOGEN
 62
     7
370
    35
100
AcDbLine
 10
222.96875
 20
-593.33874869962
 30
0.0
 11
222.96875
 21
-726.791806942418
 31
0.0
  0
LINE
  5
440
330
3D6
100
AcDbEntity
  8
2
  6
AUSGEZOGEN
 62
     7
370
    35
100
AcDbLine
 10
-277.552734375
 20
-722.022825008824
 30
0.0
 11
-278.052734375
 21
-722.022825008824
 31
0.0
  0
ARC
  5
441
330
3D6
100
AcDbEntity
  8
2
  6
AUSGEZOGEN
 62
     7
370
    35
100
AcDbCircle
 10
-98.857443220779
 20
-575.345117221206
 30
0.0
 40
19.99999999999998
100
AcDbArc
 50
202.115159465642
 51
295.883762376933
  0
LINE
  5
442
330
3D6
100
AcDbEntity
  8
2
  6
AUSGEZOGEN
 62
     7
370
    35
100
AcDbLine
 10
-155.875
 20
-480.99473357816
 30
0.0
 11
-278.052734375
 21
-481.043340450718
 31
0.0
  0
LINE
  5
443
330
3D6
100
AcDbEntity
  8
2
  6
AUSGEZOGEN
 62
     7
370
    35
100
AcDbLine
 10
-150.61328125
 20
-494.122388607457
 30
0.0
 11
-155.875
 21
-480.99473357816
 31
0.0
  0
LINE
  5
444
330
3D6
100
AcDbEntity
  8
2
  6
AUSGEZOGEN
 62
     7
370
    35
100
AcDbLine
 10
-153.20703125
 20
-495.177701717808
 30
0.0
 11
-150.61328125
 21
-494.122388607457
 31
0.0
  0
LINE
  5
445
330
3D6
100
AcDbEntity
  8
2
  6
AUSGEZOGEN
 62
     7
370
    35
100
AcDbLine
 10
-117.38671875
 20
-582.874505764439
 30
0.0
 11
-153.20703125
 21
-495.177701717808
 31
0.0
  0
LINE
  5
446
330
3D6
100
AcDbEntity
  8
2
  6
AUSGEZOGEN
 62
     7
370
    35
100
AcDbLine
 10
-278.052734375
 20
-481.043340450718
 30
0.0
 11
-278.052734375
 21
-722.022825008824
 31
0.0
  0
LINE
  5
447
330
3D6
100
AcDbEntity
  8
2
  6
AUSGEZOGEN
 62
     7
370
    35
100
AcDbLine
 10
-278.052734375
 20
-722.022825008824
 30
0.0
 11
-277.552734375
 21
-722.022825008824
 31
0.0
  0
LINE
  5
448
330
3D6
100
AcDbEntity
  8
2
  6
AUSGEZOGEN
 62
     7
370
    35
100
AcDbLine
 10
-277.552734375
 20
-722.022825008824
 30
0.0
 11
-277.552734375
 21
-753.328611141636
 31
0.0
  0
LINE
  5
449
330
3D6
100
AcDbEntity
  8
2
  6
AUSGEZOGEN
 62
     7
370
    35
100
AcDbLine
 10
55.947265625
 20
-753.339872127965
 30
0.0
 11
55.947265625
 21
-726.791806942418
 31
0.0
  0
LINE
  5
44A
330
3D6
100
AcDbEntity
  8
2
  6
AUSGEZOGEN
 62
     7
370
    35
100
AcDbLine
 10
-277.552734375
 20
-753.328611141636
 30
0.0
 11
55.947265625
 21
-753.339872127965
 31
0.0
  0
LINE
  5
44B
330
3D6
100
AcDbEntity
  8
2
  6
AUSGEZOGEN
 62
     7
370
    35
100
AcDbLine
 10
222.96875
 20
-726.791806942418
 30
0.0
 11
222.96875
 21
-593.33874869962
 31
0.0
  0
LINE
  5
44C
330
3D6
100
AcDbEntity
  8
2
  6
AUSGEZOGEN
 62
     7
370
    35
100
AcDbLine
 10
55.947265625
 20
-726.791806942418
 30
0.0
 11
222.96875
 21
-726.791806942418
 31
0.0
  0
LINE
  5
44D
330
3D6
100
AcDbEntity
  8
2
  6
AUSGEZOGEN
 62
     7
370
    35
100
AcDbLine
 10
222.96875
 20
-593.33874869962
 30
0.0
 11
-90.126953125
 21
-593.33874869962
 31
0.0
  0
CIRCLE
  5
44E
330
3D6
100
AcDbEntity
  8
2
  6
AUSGEZOGEN
 62
     7
370
    35
100
AcDbCircle
 10
-214.482179372742
 20
-512.028665194187
 30
0.0
 40
10.25
  0
CIRCLE
  5
44F
330
3D6
100
AcDbEntity
  8
2
  6
AUSGEZOGEN
 62
     7
370
    35
100
AcDbCircle
 10
-193.822129188615
 20
-562.556531673863
 30
0.0
 40
10.25
  0
ARC
  5
450
330
3D6
100
AcDbEntity
  8
2
  6
AUSGEZOGEN
 62
     7
370
    35
100
AcDbCircle
 10
-98.857443220779
 20
-575.345117221206
 30
0.0
 40
19.99999999999998
100
AcDbArc
 50
202.115159465642
 51
295.883762376933
  0
ENDBLK
  5
3D8
330
3D6
100
AcDbEntity
  8
0
100
AcDbBlockEnd
  0
BLOCK
  5
455
330
454
100
AcDbEntity
  8
0
100
AcDbBlockBegin
  2
AnonymMegaMac_nNn018
 70
     0
 10
0.0
 20
0.0
 30
0.0
  3
AnonymMegaMac_nNn018
  1

  0
LINE
  5
457
330
454
100
AcDbEntity
  8
2
  6
AUSGEZOGEN
 62
     7
370
    35
100
AcDbLine
 10
-153.20703125
 20
-495.177701717808
 30
0.0
 11
-121.130859375
 21
-573.705701595738
 31
0.0
  0
LINE
  5
458
330
454
100
AcDbEntity
  8
2
  6
AUSGEZOGEN
 62
     7
370
    35
100
AcDbLine
 10
-278.052734375
 20
-481.043340450718
 30
0.0
 11
-155.875
 21
-480.99473357816
 31
0.0
  0
LINE
  5
459
330
454
100
AcDbEntity
  8
2
  6
AUSGEZOGEN
 62
     7
370
    35
100
AcDbLine
 10
-124.1328125
 20
-593.339875942662
 30
0.0
 11
-278.052734375
 21
-593.339198833897
 31
0.0
  0
LINE
  5
45A
330
454
100
AcDbEntity
  8
2
  6
AUSGEZOGEN
 62
     7
370
    35
100
AcDbLine
 10
-121.130859375
 20
-573.705701595738
 30
0.0
 11
-121.130859375
 21
-591.338775402501
 31
0.0
  0
LINE
  5
45B
330
454
100
AcDbEntity
  8
2
  6
AUSGEZOGEN
 62
     7
370
    35
100
AcDbLine
 10
-121.130859375
 20
-591.338775402501
 30
0.0
 11
-124.1328125
 21
-593.339875942662
 31
0.0
  0
LINE
  5
45C
330
454
100
AcDbEntity
  8
2
  6
AUSGEZOGEN
 62
     7
370
    35
100
AcDbLine
 10
-278.052734375
 20
-593.339198833897
 30
0.0
 11
-278.052734375
 21
-481.043340450718
 31
0.0
  0
LINE
  5
45D
330
454
100
AcDbEntity
  8
2
  6
AUSGEZOGEN
 62
     7
370
    35
100
AcDbLine
 10
-155.875
 20
-480.99473357816
 30
0.0
 11
-150.61328125
 21
-494.122388607457
 31
0.0
  0
LINE
  5
45E
330
454
100
AcDbEntity
  8
2
  6
AUSGEZOGEN
 62
     7
370
    35
100
AcDbLine
 10
-150.61328125
 20
-494.122388607457
 30
0.0
 11
-153.20703125
 21
-495.177701717808
 31
0.0
  0
CIRCLE
  5
45F
330
454
100
AcDbEntity
  8
2
  6
AUSGEZOGEN
 62
     7
370
    35
100
AcDbCircle
 10
-214.482179372742
 20
-512.028665194187
 30
0.0
 40
15.25
  0
CIRCLE
  5
460
330
454
100
AcDbEntity
  8
2
  6
AUSGEZOGEN
 62
     7
370
    35
100
AcDbCircle
 10
-193.822129188615
 20
-562.556531673863
 30
0.0
 40
15.25
  0
LINE
  5
461
330
454
100
AcDbEntity
  8
2
  6
AUSGEZOGEN
 62
     7
370
    35
100
AcDbLine
 10
-278.052734375
 20
-479.043340450718
 30
0.0
 11
-156.67578125
 21
-478.99505401273
 31
0.0
  0
LINE
  5
462
330
454
100
AcDbEntity
  8
2
  6
AUSGEZOGEN
 62
     7
370
    35
100
AcDbLine
 10
-156.67578125
 20
-478.99505401273
 30
0.0
 11
-278.052734375
 21
-479.043340450718
 31
0.0
  0
LINE
  5
463
330
454
100
AcDbEntity
  8
2
  6
AUSGEZOGEN
 62
     7
370
    35
100
AcDbLine
 10
-278.052734375
 20
-479.043340450718
 30
0.0
 11
-278.052734375
 21
-432.690137630894
 31
0.0
  0
LINE
  5
464
330
454
100
AcDbEntity
  8
2
  6
AUSGEZOGEN
 62
     7
370
    35
100
AcDbLine
 10
-278.052734375
 20
-432.690137630894
 30
0.0
 11
-237.453125
 21
-404.737745052769
 31
0.0
  0
LINE
  5
465
330
454
100
AcDbEntity
  8
2
  6
AUSGEZOGEN
 62
     7
370
    35
100
AcDbLine
 10
-237.453125
 20
-404.737745052769
 30
0.0
 11
-211.169921875
 21
-404.737302547886
 31
0.0
  0
LINE
  5
466
330
454
100
AcDbEntity
  8
2
  6
AUSGEZOGEN
 62
     7
370
    35
100
AcDbLine
 10
-156.67578125
 20
-478.99505401273
 30
0.0
 11
-278.052734375
 21
-479.043340450718
 31
0.0
  0
LINE
  5
467
330
454
100
AcDbEntity
  8
2
  6
AUSGEZOGEN
 62
     7
370
    35
100
AcDbLine
 10
-176.654296875
 20
-429.137265926793
 30
0.0
 11
-156.67578125
 21
-478.99505401273
 31
0.0
  0
LINE
  5
468
330
454
100
AcDbEntity
  8
2
  6
AUSGEZOGEN
 62
     7
370
    35
100
AcDbLine
 10
-177.896484375
 20
-428.587247616246
 30
0.0
 11
-176.654296875
 21
-429.137265926793
 31
0.0
  0
ARC
  5
469
330
454
100
AcDbEntity
  8
2
  6
AUSGEZOGEN
 62
     7
370
    35
100
AcDbCircle
 10
-202.896083196803
 20
-428.328285194188
 30
0.0
 40
25.00000000000001
100
AcDbArc
 50
109.327965470816
 51
359.406479750557
  0
LINE
  5
46A
330
454
100
AcDbEntity
  8
2
  6
AUSGEZOGEN
 62
     7
370
    35
100
AcDbLine
 10
-176.654296875
 20
-429.137265926793
 30
0.0
 11
-177.896484375
 21
-428.587247616246
 31
0.0
  0
LINE
  5
46B
330
454
100
AcDbEntity
  8
2
  6
AUSGEZOGEN
 62
     7
370
    35
100
AcDbLine
 10
-177.896484375
 20
-428.587247616246
 30
0.0
 11
-176.654296875
 21
-429.137265926793
 31
0.0
  0
LINE
  5
46C
330
454
100
AcDbEntity
  8
2
  6
AUSGEZOGEN
 62
     7
370
    35
100
AcDbLine
 10
-211.169921875
 20
-404.737302547886
 30
0.0
 11
-237.453125
 21
-404.737745052769
 31
0.0
  0
LINE
  5
46D
330
454
100
AcDbEntity
  8
2
  6
AUSGEZOGEN
 62
     7
370
    35
100
AcDbLine
 10
-237.453125
 20
-404.737745052769
 30
0.0
 11
-211.169921875
 21
-404.737302547886
 31
0.0
  0
LINE
  5
46E
330
454
100
AcDbEntity
  8
2
  6
AUSGEZOGEN
 62
     7
370
    35
100
AcDbLine
 10
-237.453125
 20
-404.737745052769
 30
0.0
 11
-278.052734375
 21
-432.690137630894
 31
0.0
  0
LINE
  5
46F
330
454
100
AcDbEntity
  8
2
  6
AUSGEZOGEN
 62
     7
370
    35
100
AcDbLine
 10
-278.052734375
 20
-432.690137630894
 30
0.0
 11
-237.453125
 21
-404.737745052769
 31
0.0
  0
LINE
  5
470
330
454
100
AcDbEntity
  8
2
  6
AUSGEZOGEN
 62
     7
370
    35
100
AcDbLine
 10
-156.67578125
 20
-478.99505401273
 30
0.0
 11
-176.654296875
 21
-429.137265926793
 31
0.0
  0
LINE
  5
471
330
454
100
AcDbEntity
  8
2
  6
AUSGEZOGEN
 62
     7
370
    35
100
AcDbLine
 10
-176.654296875
 20
-429.137265926793
 30
0.0
 11
-177.896484375
 21
-428.587247616246
 31
0.0
  0
LINE
  5
472
330
454
100
AcDbEntity
  8
2
  6
AUSGEZOGEN
 62
     7
370
    35
100
AcDbLine
 10
-278.052734375
 20
-479.043340450718
 30
0.0
 11
-156.67578125
 21
-478.99505401273
 31
0.0
  0
LINE
  5
473
330
454
100
AcDbEntity
  8
2
  6
AUSGEZOGEN
 62
     7
370
    35
100
AcDbLine
 10
-278.052734375
 20
-432.690137630894
 30
0.0
 11
-278.052734375
 21
-479.043340450718
 31
0.0
  0
LINE
  5
474
330
454
100
AcDbEntity
  8
2
  6
AUSGEZOGEN
 62
     7
370
    35
100
AcDbLine
 10
-211.169921875
 20
-404.737302547886
 30
0.0
 11
-237.453125
 21
-404.737745052769
 31
0.0
  0
LINE
  5
475
330
454
100
AcDbEntity
  8
2
  6
AUSGEZOGEN
 62
     7
370
    35
100
AcDbLine
 10
-237.453125
 20
-404.737745052769
 30
0.0
 11
-278.052734375
 21
-432.690137630894
 31
0.0
  0
ARC
  5
476
330
454
100
AcDbEntity
  8
2
  6
AUSGEZOGEN
 62
     7
370
    35
100
AcDbCircle
 10
-202.896083196803
 20
-428.328285194188
 30
0.0
 40
25.00000000000001
100
AcDbArc
 50
109.327965470816
 51
359.406479750557
  0
LINE
  5
477
330
454
100
AcDbEntity
  8
2
  6
AUSGEZOGEN
 62
     7
370
    35
100
AcDbLine
 10
-124.1328125
 20
-593.339875942662
 30
0.0
 11
-278.052734375
 21
-593.339198833897
 31
0.0
  0
LINE
  5
478
330
454
100
AcDbEntity
  8
2
  6
AUSGEZOGEN
 62
     7
370
    35
100
AcDbLine
 10
-278.052734375
 20
-593.339198833897
 30
0.0
 11
-124.1328125
 21
-593.339875942662
 31
0.0
  0
LINE
  5
479
330
454
100
AcDbEntity
  8
2
  6
AUSGEZOGEN
 62
     7
370
    35
100
AcDbLine
 10
-121.130859375
 20
-591.338775402501
 30
0.0
 11
-124.1328125
 21
-593.339875942662
 31
0.0
  0
LINE
  5
47A
330
454
100
AcDbEntity
  8
2
  6
AUSGEZOGEN
 62
     7
370
    35
100
AcDbLine
 10
-124.1328125
 20
-593.339875942662
 30
0.0
 11
-121.130859375
 21
-591.338775402501
 31
0.0
  0
LINE
  5
47B
330
454
100
AcDbEntity
  8
2
  6
AUSGEZOGEN
 62
     7
370
    35
100
AcDbLine
 10
-121.130859375
 20
-573.705701595738
 30
0.0
 11
-121.130859375
 21
-591.338775402501
 31
0.0
  0
LINE
  5
47C
330
454
100
AcDbEntity
  8
2
  6
AUSGEZOGEN
 62
     7
370
    35
100
AcDbLine
 10
-121.130859375
 20
-591.338775402501
 30
0.0
 11
-121.130859375
 21
-573.705701595738
 31
0.0
  0
LINE
  5
47D
330
454
100
AcDbEntity
  8
2
  6
AUSGEZOGEN
 62
     7
370
    35
100
AcDbLine
 10
-153.20703125
 20
-495.177701717808
 30
0.0
 11
-150.61328125
 21
-494.122388607457
 31
0.0
  0
LINE
  5
47E
330
454
100
AcDbEntity
  8
2
  6
AUSGEZOGEN
 62
     7
370
    35
100
AcDbLine
 10
-150.61328125
 20
-494.122388607457
 30
0.0
 11
-153.20703125
 21
-495.177701717808
 31
0.0
  0
LINE
  5
47F
330
454
100
AcDbEntity
  8
2
  6
AUSGEZOGEN
 62
     7
370
    35
100
AcDbLine
 10
-150.61328125
 20
-494.122388607457
 30
0.0
 11
-155.875
 21
-480.99473357816
 31
0.0
  0
LINE
  5
480
330
454
100
AcDbEntity
  8
2
  6
AUSGEZOGEN
 62
     7
370
    35
100
AcDbLine
 10
-155.875
 20
-480.99473357816
 30
0.0
 11
-150.61328125
 21
-494.122388607457
 31
0.0
  0
LINE
  5
481
330
454
100
AcDbEntity
  8
2
  6
AUSGEZOGEN
 62
     7
370
    35
100
AcDbLine
 10
-156.67578125
 20
-478.99505401273
 30
0.0
 11
-176.654296875
 21
-429.137265926793
 31
0.0
  0
LINE
  5
482
330
454
100
AcDbEntity
  8
2
  6
AUSGEZOGEN
 62
     7
370
    35
100
AcDbLine
 10
-176.654296875
 20
-429.137265926793
 30
0.0
 11
-156.67578125
 21
-478.99505401273
 31
0.0
  0
LINE
  5
483
330
454
100
AcDbEntity
  8
2
  6
AUSGEZOGEN
 62
     7
370
    35
100
AcDbLine
 10
-156.67572536059
 20
-478.995054904466
 30
0.0
 11
-155.87439953789
 21
-480.994736262167
 31
0.0
  0
LINE
  5
484
330
454
100
AcDbEntity
  8
2
  6
AUSGEZOGEN
 62
     7
370
    35
100
AcDbLine
 10
-155.87439953789
 20
-480.994736262167
 30
0.0
 11
-156.67572536059
 21
-478.995054904466
 31
0.0
  0
LINE
  5
485
330
454
100
AcDbEntity
  8
2
  6
AUSGEZOGEN
 62
     7
370
    35
100
AcDbLine
 10
-278.052734375
 20
-481.043340450718
 30
0.0
 11
-155.875
 21
-480.99473357816
 31
0.0
  0
LINE
  5
486
330
454
100
AcDbEntity
  8
2
  6
AUSGEZOGEN
 62
     7
370
    35
100
AcDbLine
 10
-155.875
 20
-480.99473357816
 30
0.0
 11
-278.052734375
 21
-481.043340450718
 31
0.0
  0
LINE
  5
487
330
454
100
AcDbEntity
  8
2
  6
AUSGEZOGEN
 62
     7
370
    35
100
AcDbLine
 10
-278.052734375
 20
-593.339198833897
 30
0.0
 11
-278.052734375
 21
-722.022825008824
 31
0.0
  0
LINE
  5
488
330
454
100
AcDbEntity
  8
2
  6
AUSGEZOGEN
 62
     7
370
    35
100
AcDbLine
 10
-278.052734375
 20
-722.022825008824
 30
0.0
 11
-278.052734375
 21
-481.043340450718
 31
0.0
  0
LINE
  5
489
330
454
100
AcDbEntity
  8
2
  6
AUSGEZOGEN
 62
     7
370
    35
100
AcDbLine
 10
-278.052734375
 20
-432.690137630894
 30
0.0
 11
-278.052734375
 21
-479.043340450718
 31
0.0
  0
LINE
  5
48A
330
454
100
AcDbEntity
  8
2
  6
AUSGEZOGEN
 62
     7
370
    35
100
AcDbLine
 10
-278.052734375
 20
-479.043340450718
 30
0.0
 11
-278.052734375
 21
-432.690137630894
 31
0.0
  0
LINE
  5
48B
330
454
100
AcDbEntity
  8
2
  6
AUSGEZOGEN
 62
     7
370
    35
100
AcDbLine
 10
-278.052734375
 20
-481.043340450718
 30
0.0
 11
-278.052734375
 21
-593.339198833897
 31
0.0
  0
LINE
  5
48C
330
454
100
AcDbEntity
  8
2
  6
AUSGEZOGEN
 62
     7
370
    35
100
AcDbLine
 10
-278.053179899776
 20
-481.043344038977
 30
0.0
 11
-278.053179899776
 21
-479.043343879296
 31
0.0
  0
LINE
  5
48D
330
454
100
AcDbEntity
  8
2
  6
AUSGEZOGEN
 62
     7
370
    35
100
AcDbLine
 10
-278.053179899776
 20
-479.043343877893
 30
0.0
 11
-278.053179899776
 21
-481.043344037574
 31
0.0
  0
LINE
  5
48E
330
454
100
AcDbEntity
  8
2
  6
AUSGEZOGEN
 62
     7
370
    35
100
AcDbLine
 10
-278.052734375
 20
-722.022825008824
 30
0.0
 11
-277.552734375
 21
-722.022825008824
 31
0.0
  0
LINE
  5
48F
330
454
100
AcDbEntity
  8
2
  6
AUSGEZOGEN
 62
     7
370
    35
100
AcDbLine
 10
-277.552734375
 20
-722.022825008824
 30
0.0
 11
-278.052734375
 21
-722.022825008824
 31
0.0
  0
LINE
  5
490
330
454
100
AcDbEntity
  8
2
  6
AUSGEZOGEN
 62
     7
370
    35
100
AcDbLine
 10
-277.552734375
 20
-722.022825008824
 30
0.0
 11
-277.552734375
 21
-753.328611141636
 31
0.0
  0
LINE
  5
491
330
454
100
AcDbEntity
  8
2
  6
AUSGEZOGEN
 62
     7
370
    35
100
AcDbLine
 10
-277.552734375
 20
-753.328611141636
 30
0.0
 11
-277.552734375
 21
-722.022825008824
 31
0.0
  0
LINE
  5
492
330
454
100
AcDbEntity
  8
2
  6
AUSGEZOGEN
 62
     7
370
    35
100
AcDbLine
 10
-277.552734375
 20
-753.328611141636
 30
0.0
 11
55.947265625
 21
-753.339872127965
 31
0.0
  0
LINE
  5
493
330
454
100
AcDbEntity
  8
2
  6
AUSGEZOGEN
 62
     7
370
    35
100
AcDbLine
 10
55.947265625
 20
-753.339872127965
 30
0.0
 11
-277.552734375
 21
-753.328611141636
 31
0.0
  0
LINE
  5
494
330
454
100
AcDbEntity
  8
2
  6
AUSGEZOGEN
 62
     7
370
    35
100
AcDbLine
 10
55.947265625
 20
-753.339872127965
 30
0.0
 11
55.947265625
 21
-726.791806942418
 31
0.0
  0
LINE
  5
495
330
454
100
AcDbEntity
  8
2
  6
AUSGEZOGEN
 62
     7
370
    35
100
AcDbLine
 10
55.947265625
 20
-726.791806942418
 30
0.0
 11
55.947265625
 21
-753.339872127965
 31
0.0
  0
LINE
  5
496
330
454
100
AcDbEntity
  8
2
  6
AUSGEZOGEN
 62
     7
370
    35
100
AcDbLine
 10
55.947265625
 20
-726.791806942418
 30
0.0
 11
222.96875
 21
-726.791806942418
 31
0.0
  0
LINE
  5
497
330
454
100
AcDbEntity
  8
2
  6
AUSGEZOGEN
 62
     7
370
    35
100
AcDbLine
 10
222.96875
 20
-726.791806942418
 30
0.0
 11
55.947265625
 21
-726.791806942418
 31
0.0
  0
LINE
  5
498
330
454
100
AcDbEntity
  8
2
  6
AUSGEZOGEN
 62
     7
370
    35
100
AcDbLine
 10
222.96875
 20
-726.791806942418
 30
0.0
 11
222.96875
 21
-593.33874869962
 31
0.0
  0
LINE
  5
499
330
454
100
AcDbEntity
  8
2
  6
AUSGEZOGEN
 62
     7
370
    35
100
AcDbLine
 10
222.96875
 20
-593.33874869962
 30
0.0
 11
222.96875
 21
-726.791806942418
 31
0.0
  0
LINE
  5
49A
330
454
100
AcDbEntity
  8
2
  6
AUSGEZOGEN
 62
     7
370
    35
100
AcDbLine
 10
222.96875
 20
-593.33874869962
 30
0.0
 11
-90.126953125
 21
-593.33874869962
 31
0.0
  0
LINE
  5
49B
330
454
100
AcDbEntity
  8
2
  6
AUSGEZOGEN
 62
     7
370
    35
100
AcDbLine
 10
-90.126953125
 20
-593.33874869962
 30
0.0
 11
222.96875
 21
-593.33874869962
 31
0.0
  0
LINE
  5
49C
330
454
100
AcDbEntity
  8
2
  6
AUSGEZOGEN
 62
     7
370
    35
100
AcDbLine
 10
-117.38671875
 20
-582.874505764439
 30
0.0
 11
-121.130859375
 21
-573.705701595738
 31
0.0
  0
LINE
  5
49D
330
454
100
AcDbEntity
  8
2
  6
AUSGEZOGEN
 62
     7
370
    35
100
AcDbLine
 10
-121.130859375
 20
-573.705701595738
 30
0.0
 11
-153.20703125
 21
-495.177701717808
 31
0.0
  0
LINE
  5
49E
330
454
100
AcDbEntity
  8
2
  6
AUSGEZOGEN
 62
     7
370
    35
100
AcDbLine
 10
-153.20703125
 20
-495.177701717808
 30
0.0
 11
-117.38671875
 21
-582.874505764439
 31
0.0
  0
LINE
  5
49F
330
454
100
AcDbEntity
  8
2
  6
AUSGEZOGEN
 62
     7
370
    35
100
AcDbLine
 10
-278.052734375
 20
-593.339198833897
 30
0.0
 11
-124.1328125
 21
-593.339875942662
 31
0.0
  0
LINE
  5
4A0
330
454
100
AcDbEntity
  8
2
  6
AUSGEZOGEN
 62
     7
370
    35
100
AcDbLine
 10
-278.052734375
 20
-722.022825008824
 30
0.0
 11
-278.052734375
 21
-593.339198833897
 31
0.0
  0
LINE
  5
4A1
330
454
100
AcDbEntity
  8
2
  6
AUSGEZOGEN
 62
     7
370
    35
100
AcDbLine
 10
55.947265625
 20
-726.791806942418
 30
0.0
 11
55.947265625
 21
-753.339872127965
 31
0.0
  0
LINE
  5
4A2
330
454
100
AcDbEntity
  8
2
  6
AUSGEZOGEN
 62
     7
370
    35
100
AcDbLine
 10
55.947265625
 20
-753.339872127965
 30
0.0
 11
-277.552734375
 21
-753.328611141636
 31
0.0
  0
LINE
  5
4A3
330
454
100
AcDbEntity
  8
2
  6
AUSGEZOGEN
 62
     7
370
    35
100
AcDbLine
 10
-277.552734375
 20
-753.328611141636
 30
0.0
 11
-277.552734375
 21
-722.022825008824
 31
0.0
  0
LINE
  5
4A4
330
454
100
AcDbEntity
  8
2
  6
AUSGEZOGEN
 62
     7
370
    35
100
AcDbLine
 10
-124.1328125
 20
-593.339875942662
 30
0.0
 11
-121.130859375
 21
-591.338775402501
 31
0.0
  0
LINE
  5
4A5
330
454
100
AcDbEntity
  8
2
  6
AUSGEZOGEN
 62
     7
370
    35
100
AcDbLine
 10
-121.130859375
 20
-591.338775402501
 30
0.0
 11
-121.130859375
 21
-573.705701595738
 31
0.0
  0
LINE
  5
4A6
330
454
100
AcDbEntity
  8
2
  6
AUSGEZOGEN
 62
     7
370
    35
100
AcDbLine
 10
-121.130859375
 20
-573.705701595738
 30
0.0
 11
-117.38671875
 21
-582.874505764439
 31
0.0
  0
LINE
  5
4A7
330
454
100
AcDbEntity
  8
2
  6
AUSGEZOGEN
 62
     7
370
    35
100
AcDbLine
 10
-90.126953125
 20
-593.33874869962
 30
0.0
 11
222.96875
 21
-593.33874869962
 31
0.0
  0
LINE
  5
4A8
330
454
100
AcDbEntity
  8
2
  6
AUSGEZOGEN
 62
     7
370
    35
100
AcDbLine
 10
222.96875
 20
-726.791806942418
 30
0.0
 11
55.947265625
 21
-726.791806942418
 31
0.0
  0
LINE
  5
4A9
330
454
100
AcDbEntity
  8
2
  6
AUSGEZOGEN
 62
     7
370
    35
100
AcDbLine
 10
222.96875
 20
-593.33874869962
 30
0.0
 11
222.96875
 21
-726.791806942418
 31
0.0
  0
LINE
  5
4AA
330
454
100
AcDbEntity
  8
2
  6
AUSGEZOGEN
 62
     7
370
    35
100
AcDbLine
 10
-277.552734375
 20
-722.022825008824
 30
0.0
 11
-278.052734375
 21
-722.022825008824
 31
0.0
  0
ARC
  5
4AB
330
454
100
AcDbEntity
  8
2
  6
AUSGEZOGEN
 62
     7
370
    35
100
AcDbCircle
 10
-98.857443220779
 20
-575.345117221206
 30
0.0
 40
19.99999999999998
100
AcDbArc
 50
202.115159465642
 51
295.883762376933
  0
LINE
  5
4AC
330
454
100
AcDbEntity
  8
2
  6
AUSGEZOGEN
 62
     7
370
    35
100
AcDbLine
 10
-155.875
 20
-480.99473357816
 30
0.0
 11
-278.052734375
 21
-481.043340450718
 31
0.0
  0
LINE
  5
4AD
330
454
100
AcDbEntity
  8
2
  6
AUSGEZOGEN
 62
     7
370
    35
100
AcDbLine
 10
-150.61328125
 20
-494.122388607457
 30
0.0
 11
-155.875
 21
-480.99473357816
 31
0.0
  0
LINE
  5
4AE
330
454
100
AcDbEntity
  8
2
  6
AUSGEZOGEN
 62
     7
370
    35
100
AcDbLine
 10
-153.20703125
 20
-495.177701717808
 30
0.0
 11
-150.61328125
 21
-494.122388607457
 31
0.0
  0
LINE
  5
4AF
330
454
100
AcDbEntity
  8
2
  6
AUSGEZOGEN
 62
     7
370
    35
100
AcDbLine
 10
-117.38671875
 20
-582.874505764439
 30
0.0
 11
-153.20703125
 21
-495.177701717808
 31
0.0
  0
LINE
  5
4B0
330
454
100
AcDbEntity
  8
2
  6
AUSGEZOGEN
 62
     7
370
    35
100
AcDbLine
 10
-278.052734375
 20
-481.043340450718
 30
0.0
 11
-278.052734375
 21
-722.022825008824
 31
0.0
  0
LINE
  5
4B1
330
454
100
AcDbEntity
  8
2
  6
AUSGEZOGEN
 62
     7
370
    35
100
AcDbLine
 10
-278.052734375
 20
-722.022825008824
 30
0.0
 11
-277.552734375
 21
-722.022825008824
 31
0.0
  0
LINE
  5
4B2
330
454
100
AcDbEntity
  8
2
  6
AUSGEZOGEN
 62
     7
370
    35
100
AcDbLine
 10
-277.552734375
 20
-722.022825008824
 30
0.0
 11
-277.552734375
 21
-753.328611141636
 31
0.0
  0
LINE
  5
4B3
330
454
100
AcDbEntity
  8
2
  6
AUSGEZOGEN
 62
     7
370
    35
100
AcDbLine
 10
55.947265625
 20
-753.339872127965
 30
0.0
 11
55.947265625
 21
-726.791806942418
 31
0.0
  0
LINE
  5
4B4
330
454
100
AcDbEntity
  8
2
  6
AUSGEZOGEN
 62
     7
370
    35
100
AcDbLine
 10
-277.552734375
 20
-753.328611141636
 30
0.0
 11
55.947265625
 21
-753.339872127965
 31
0.0
  0
LINE
  5
4B5
330
454
100
AcDbEntity
  8
2
  6
AUSGEZOGEN
 62
     7
370
    35
100
AcDbLine
 10
222.96875
 20
-726.791806942418
 30
0.0
 11
222.96875
 21
-593.33874869962
 31
0.0
  0
LINE
  5
4B6
330
454
100
AcDbEntity
  8
2
  6
AUSGEZOGEN
 62
     7
370
    35
100
AcDbLine
 10
55.947265625
 20
-726.791806942418
 30
0.0
 11
222.96875
 21
-726.791806942418
 31
0.0
  0
LINE
  5
4B7
330
454
100
AcDbEntity
  8
2
  6
AUSGEZOGEN
 62
     7
370
    35
100
AcDbLine
 10
222.96875
 20
-593.33874869962
 30
0.0
 11
-90.126953125
 21
-593.33874869962
 31
0.0
  0
CIRCLE
  5
4B8
330
454
100
AcDbEntity
  8
2
  6
AUSGEZOGEN
 62
     7
370
    35
100
AcDbCircle
 10
-214.482179372742
 20
-512.028665194187
 30
0.0
 40
10.25
  0
CIRCLE
  5
4B9
330
454
100
AcDbEntity
  8
2
  6
AUSGEZOGEN
 62
     7
370
    35
100
AcDbCircle
 10
-193.822129188615
 20
-562.556531673863
 30
0.0
 40
10.25
  0
ARC
  5
4BA
330
454
100
AcDbEntity
  8
2
  6
AUSGEZOGEN
 62
     7
370
    35
100
AcDbCircle
 10
-98.857443220779
 20
-575.345117221206
 30
0.0
 40
19.99999999999998
100
AcDbArc
 50
202.115159465642
 51
295.883762376933
  0
ENDBLK
  5
456
330
454
100
AcDbEntity
  8
0
100
AcDbBlockEnd
  0
BLOCK
  5
4BD
330
4BC
100
AcDbEntity
  8
0
100
AcDbBlockBegin
  2
AnonymMegaMac_nNn019
 70
     0
 10
0.0
 20
0.0
 30
0.0
  3
AnonymMegaMac_nNn019
  1

  0
LINE
  5
4BF
330
4BC
100
AcDbEntity
  8
2
  6
AUSGEZOGEN
 62
     7
370
    35
100
AcDbLine
 10
-278.052734375
 20
-479.043340450718
 30
0.0
 11
-156.67578125
 21
-478.99505401273
 31
0.0
  0
LINE
  5
4C0
330
4BC
100
AcDbEntity
  8
2
  6
AUSGEZOGEN
 62
     7
370
    35
100
AcDbLine
 10
-156.67578125
 20
-478.99505401273
 30
0.0
 11
-278.052734375
 21
-479.043340450718
 31
0.0
  0
LINE
  5
4C1
330
4BC
100
AcDbEntity
  8
2
  6
AUSGEZOGEN
 62
     7
370
    35
100
AcDbLine
 10
-278.052734375
 20
-479.043340450718
 30
0.0
 11
-278.052734375
 21
-432.690137630894
 31
0.0
  0
LINE
  5
4C2
330
4BC
100
AcDbEntity
  8
2
  6
AUSGEZOGEN
 62
     7
370
    35
100
AcDbLine
 10
-278.052734375
 20
-432.690137630894
 30
0.0
 11
-237.453125
 21
-404.737745052769
 31
0.0
  0
LINE
  5
4C3
330
4BC
100
AcDbEntity
  8
2
  6
AUSGEZOGEN
 62
     7
370
    35
100
AcDbLine
 10
-237.453125
 20
-404.737745052769
 30
0.0
 11
-211.169921875
 21
-404.737302547886
 31
0.0
  0
LINE
  5
4C4
330
4BC
100
AcDbEntity
  8
2
  6
AUSGEZOGEN
 62
     7
370
    35
100
AcDbLine
 10
-156.67578125
 20
-478.99505401273
 30
0.0
 11
-278.052734375
 21
-479.043340450718
 31
0.0
  0
LINE
  5
4C5
330
4BC
100
AcDbEntity
  8
2
  6
AUSGEZOGEN
 62
     7
370
    35
100
AcDbLine
 10
-176.654296875
 20
-429.137265926793
 30
0.0
 11
-156.67578125
 21
-478.99505401273
 31
0.0
  0
LINE
  5
4C6
330
4BC
100
AcDbEntity
  8
2
  6
AUSGEZOGEN
 62
     7
370
    35
100
AcDbLine
 10
-177.896484375
 20
-428.587247616246
 30
0.0
 11
-176.654296875
 21
-429.137265926793
 31
0.0
  0
ARC
  5
4C7
330
4BC
100
AcDbEntity
  8
2
  6
AUSGEZOGEN
 62
     7
370
    35
100
AcDbCircle
 10
-202.896083196803
 20
-428.328285194188
 30
0.0
 40
25.00000000000001
100
AcDbArc
 50
109.327965470816
 51
359.406479750557
  0
LINE
  5
4C8
330
4BC
100
AcDbEntity
  8
2
  6
AUSGEZOGEN
 62
     7
370
    35
100
AcDbLine
 10
-176.654296875
 20
-429.137265926793
 30
0.0
 11
-177.896484375
 21
-428.587247616246
 31
0.0
  0
LINE
  5
4C9
330
4BC
100
AcDbEntity
  8
2
  6
AUSGEZOGEN
 62
     7
370
    35
100
AcDbLine
 10
-177.896484375
 20
-428.587247616246
 30
0.0
 11
-176.654296875
 21
-429.137265926793
 31
0.0
  0
LINE
  5
4CA
330
4BC
100
AcDbEntity
  8
2
  6
AUSGEZOGEN
 62
     7
370
    35
100
AcDbLine
 10
-211.169921875
 20
-404.737302547886
 30
0.0
 11
-237.453125
 21
-404.737745052769
 31
0.0
  0
LINE
  5
4CB
330
4BC
100
AcDbEntity
  8
2
  6
AUSGEZOGEN
 62
     7
370
    35
100
AcDbLine
 10
-237.453125
 20
-404.737745052769
 30
0.0
 11
-211.169921875
 21
-404.737302547886
 31
0.0
  0
LINE
  5
4CC
330
4BC
100
AcDbEntity
  8
2
  6
AUSGEZOGEN
 62
     7
370
    35
100
AcDbLine
 10
-237.453125
 20
-404.737745052769
 30
0.0
 11
-278.052734375
 21
-432.690137630894
 31
0.0
  0
LINE
  5
4CD
330
4BC
100
AcDbEntity
  8
2
  6
AUSGEZOGEN
 62
     7
370
    35
100
AcDbLine
 10
-278.052734375
 20
-432.690137630894
 30
0.0
 11
-237.453125
 21
-404.737745052769
 31
0.0
  0
LINE
  5
4CE
330
4BC
100
AcDbEntity
  8
2
  6
AUSGEZOGEN
 62
     7
370
    35
100
AcDbLine
 10
-156.67578125
 20
-478.99505401273
 30
0.0
 11
-176.654296875
 21
-429.137265926793
 31
0.0
  0
LINE
  5
4CF
330
4BC
100
AcDbEntity
  8
2
  6
AUSGEZOGEN
 62
     7
370
    35
100
AcDbLine
 10
-176.654296875
 20
-429.137265926793
 30
0.0
 11
-177.896484375
 21
-428.587247616246
 31
0.0
  0
LINE
  5
4D0
330
4BC
100
AcDbEntity
  8
2
  6
AUSGEZOGEN
 62
     7
370
    35
100
AcDbLine
 10
-278.052734375
 20
-479.043340450718
 30
0.0
 11
-156.67578125
 21
-478.99505401273
 31
0.0
  0
LINE
  5
4D1
330
4BC
100
AcDbEntity
  8
2
  6
AUSGEZOGEN
 62
     7
370
    35
100
AcDbLine
 10
-278.052734375
 20
-432.690137630894
 30
0.0
 11
-278.052734375
 21
-479.043340450718
 31
0.0
  0
LINE
  5
4D2
330
4BC
100
AcDbEntity
  8
2
  6
AUSGEZOGEN
 62
     7
370
    35
100
AcDbLine
 10
-211.169921875
 20
-404.737302547886
 30
0.0
 11
-237.453125
 21
-404.737745052769
 31
0.0
  0
LINE
  5
4D3
330
4BC
100
AcDbEntity
  8
2
  6
AUSGEZOGEN
 62
     7
370
    35
100
AcDbLine
 10
-237.453125
 20
-404.737745052769
 30
0.0
 11
-278.052734375
 21
-432.690137630894
 31
0.0
  0
ARC
  5
4D4
330
4BC
100
AcDbEntity
  8
2
  6
AUSGEZOGEN
 62
     7
370
    35
100
AcDbCircle
 10
-202.896083196803
 20
-428.328285194188
 30
0.0
 40
25.00000000000001
100
AcDbArc
 50
109.327965470816
 51
359.406479750557
  0
LINE
  5
4D5
330
4BC
100
AcDbEntity
  8
2
  6
AUSGEZOGEN
 62
     7
370
    35
100
AcDbLine
 10
-124.1328125
 20
-593.339875942662
 30
0.0
 11
-278.052734375
 21
-593.339198833897
 31
0.0
  0
LINE
  5
4D6
330
4BC
100
AcDbEntity
  8
2
  6
AUSGEZOGEN
 62
     7
370
    35
100
AcDbLine
 10
-278.052734375
 20
-593.339198833897
 30
0.0
 11
-124.1328125
 21
-593.339875942662
 31
0.0
  0
LINE
  5
4D7
330
4BC
100
AcDbEntity
  8
2
  6
AUSGEZOGEN
 62
     7
370
    35
100
AcDbLine
 10
-121.130859375
 20
-591.338775402501
 30
0.0
 11
-124.1328125
 21
-593.339875942662
 31
0.0
  0
LINE
  5
4D8
330
4BC
100
AcDbEntity
  8
2
  6
AUSGEZOGEN
 62
     7
370
    35
100
AcDbLine
 10
-124.1328125
 20
-593.339875942662
 30
0.0
 11
-121.130859375
 21
-591.338775402501
 31
0.0
  0
LINE
  5
4D9
330
4BC
100
AcDbEntity
  8
2
  6
AUSGEZOGEN
 62
     7
370
    35
100
AcDbLine
 10
-121.130859375
 20
-573.705701595738
 30
0.0
 11
-121.130859375
 21
-591.338775402501
 31
0.0
  0
LINE
  5
4DA
330
4BC
100
AcDbEntity
  8
2
  6
AUSGEZOGEN
 62
     7
370
    35
100
AcDbLine
 10
-121.130859375
 20
-591.338775402501
 30
0.0
 11
-121.130859375
 21
-573.705701595738
 31
0.0
  0
LINE
  5
4DB
330
4BC
100
AcDbEntity
  8
2
  6
AUSGEZOGEN
 62
     7
370
    35
100
AcDbLine
 10
-153.20703125
 20
-495.177701717808
 30
0.0
 11
-150.61328125
 21
-494.122388607457
 31
0.0
  0
LINE
  5
4DC
330
4BC
100
AcDbEntity
  8
2
  6
AUSGEZOGEN
 62
     7
370
    35
100
AcDbLine
 10
-150.61328125
 20
-494.122388607457
 30
0.0
 11
-153.20703125
 21
-495.177701717808
 31
0.0
  0
LINE
  5
4DD
330
4BC
100
AcDbEntity
  8
2
  6
AUSGEZOGEN
 62
     7
370
    35
100
AcDbLine
 10
-150.61328125
 20
-494.122388607457
 30
0.0
 11
-155.875
 21
-480.99473357816
 31
0.0
  0
LINE
  5
4DE
330
4BC
100
AcDbEntity
  8
2
  6
AUSGEZOGEN
 62
     7
370
    35
100
AcDbLine
 10
-155.875
 20
-480.99473357816
 30
0.0
 11
-150.61328125
 21
-494.122388607457
 31
0.0
  0
LINE
  5
4DF
330
4BC
100
AcDbEntity
  8
2
  6
AUSGEZOGEN
 62
     7
370
    35
100
AcDbLine
 10
-156.67578125
 20
-478.99505401273
 30
0.0
 11
-176.654296875
 21
-429.137265926793
 31
0.0
  0
LINE
  5
4E0
330
4BC
100
AcDbEntity
  8
2
  6
AUSGEZOGEN
 62
     7
370
    35
100
AcDbLine
 10
-176.654296875
 20
-429.137265926793
 30
0.0
 11
-156.67578125
 21
-478.99505401273
 31
0.0
  0
LINE
  5
4E1
330
4BC
100
AcDbEntity
  8
2
  6
AUSGEZOGEN
 62
     7
370
    35
100
AcDbLine
 10
-156.67572536059
 20
-478.995054904466
 30
0.0
 11
-155.87439953789
 21
-480.994736262167
 31
0.0
  0
LINE
  5
4E2
330
4BC
100
AcDbEntity
  8
2
  6
AUSGEZOGEN
 62
     7
370
    35
100
AcDbLine
 10
-155.87439953789
 20
-480.994736262167
 30
0.0
 11
-156.67572536059
 21
-478.995054904466
 31
0.0
  0
LINE
  5
4E3
330
4BC
100
AcDbEntity
  8
2
  6
AUSGEZOGEN
 62
     7
370
    35
100
AcDbLine
 10
-278.052734375
 20
-481.043340450718
 30
0.0
 11
-155.875
 21
-480.99473357816
 31
0.0
  0
LINE
  5
4E4
330
4BC
100
AcDbEntity
  8
2
  6
AUSGEZOGEN
 62
     7
370
    35
100
AcDbLine
 10
-155.875
 20
-480.99473357816
 30
0.0
 11
-278.052734375
 21
-481.043340450718
 31
0.0
  0
LINE
  5
4E5
330
4BC
100
AcDbEntity
  8
2
  6
AUSGEZOGEN
 62
     7
370
    35
100
AcDbLine
 10
-121.130859375
 20
-573.705701595738
 30
0.0
 11
-121.130859375
 21
-591.338775402501
 31
0.0
  0
LINE
  5
4E6
330
4BC
100
AcDbEntity
  8
2
  6
AUSGEZOGEN
 62
     7
370
    35
100
AcDbLine
 10
-121.130859375
 20
-591.338775402501
 30
0.0
 11
-124.1328125
 21
-593.339875942662
 31
0.0
  0
LINE
  5
4E7
330
4BC
100
AcDbEntity
  8
2
  6
AUSGEZOGEN
 62
     7
370
    35
100
AcDbLine
 10
-124.1328125
 20
-593.339875942662
 30
0.0
 11
-278.052734375
 21
-593.339198833897
 31
0.0
  0
LINE
  5
4E8
330
4BC
100
AcDbEntity
  8
2
  6
AUSGEZOGEN
 62
     7
370
    35
100
AcDbLine
 10
-150.61328125
 20
-494.122388607457
 30
0.0
 11
-153.20703125
 21
-495.177701717808
 31
0.0
  0
LINE
  5
4E9
330
4BC
100
AcDbEntity
  8
2
  6
AUSGEZOGEN
 62
     7
370
    35
100
AcDbLine
 10
-155.875
 20
-480.99473357816
 30
0.0
 11
-150.61328125
 21
-494.122388607457
 31
0.0
  0
LINE
  5
4EA
330
4BC
100
AcDbEntity
  8
2
  6
AUSGEZOGEN
 62
     7
370
    35
100
AcDbLine
 10
-278.052734375
 20
-593.339198833897
 30
0.0
 11
-278.052734375
 21
-481.043340450718
 31
0.0
  0
LINE
  5
4EB
330
4BC
100
AcDbEntity
  8
2
  6
AUSGEZOGEN
 62
     7
370
    35
100
AcDbLine
 10
-278.052734375
 20
-481.043340450718
 30
0.0
 11
-155.875
 21
-480.99473357816
 31
0.0
  0
LINE
  5
4EC
330
4BC
100
AcDbEntity
  8
2
  6
AUSGEZOGEN
 62
     7
370
    35
100
AcDbLine
 10
-153.20703125
 20
-495.177701717808
 30
0.0
 11
-121.130859375
 21
-573.705701595738
 31
0.0
  0
CIRCLE
  5
4ED
330
4BC
100
AcDbEntity
  8
2
  6
AUSGEZOGEN
 62
     7
370
    35
100
AcDbCircle
 10
-193.822129188615
 20
-562.556531673863
 30
0.0
 40
10.25
  0
CIRCLE
  5
4EE
330
4BC
100
AcDbEntity
  8
2
  6
AUSGEZOGEN
 62
     7
370
    35
100
AcDbCircle
 10
-214.482179372742
 20
-512.028665194187
 30
0.0
 40
10.25
  0
LINE
  5
4EF
330
4BC
100
AcDbEntity
  8
2
  6
AUSGEZOGEN
 62
     7
370
    35
100
AcDbLine
 10
-278.052734375
 20
-593.339198833897
 30
0.0
 11
-278.052734375
 21
-722.022825008824
 31
0.0
  0
LINE
  5
4F0
330
4BC
100
AcDbEntity
  8
2
  6
AUSGEZOGEN
 62
     7
370
    35
100
AcDbLine
 10
-278.052734375
 20
-722.022825008824
 30
0.0
 11
-278.052734375
 21
-481.043340450718
 31
0.0
  0
LINE
  5
4F1
330
4BC
100
AcDbEntity
  8
2
  6
AUSGEZOGEN
 62
     7
370
    35
100
AcDbLine
 10
-278.052734375
 20
-432.690137630894
 30
0.0
 11
-278.052734375
 21
-479.043340450718
 31
0.0
  0
LINE
  5
4F2
330
4BC
100
AcDbEntity
  8
2
  6
AUSGEZOGEN
 62
     7
370
    35
100
AcDbLine
 10
-278.052734375
 20
-479.043340450718
 30
0.0
 11
-278.052734375
 21
-432.690137630894
 31
0.0
  0
LINE
  5
4F3
330
4BC
100
AcDbEntity
  8
2
  6
AUSGEZOGEN
 62
     7
370
    35
100
AcDbLine
 10
-278.052734375
 20
-481.043340450718
 30
0.0
 11
-278.052734375
 21
-593.339198833897
 31
0.0
  0
LINE
  5
4F4
330
4BC
100
AcDbEntity
  8
2
  6
AUSGEZOGEN
 62
     7
370
    35
100
AcDbLine
 10
-278.053179899776
 20
-481.043344038977
 30
0.0
 11
-278.053179899776
 21
-479.043343879296
 31
0.0
  0
LINE
  5
4F5
330
4BC
100
AcDbEntity
  8
2
  6
AUSGEZOGEN
 62
     7
370
    35
100
AcDbLine
 10
-278.053179899776
 20
-479.043343877893
 30
0.0
 11
-278.053179899776
 21
-481.043344037574
 31
0.0
  0
LINE
  5
4F6
330
4BC
100
AcDbEntity
  8
2
  6
AUSGEZOGEN
 62
     7
370
    35
100
AcDbLine
 10
-278.052734375
 20
-722.022825008824
 30
0.0
 11
-277.552734375
 21
-722.022825008824
 31
0.0
  0
LINE
  5
4F7
330
4BC
100
AcDbEntity
  8
2
  6
AUSGEZOGEN
 62
     7
370
    35
100
AcDbLine
 10
-277.552734375
 20
-722.022825008824
 30
0.0
 11
-278.052734375
 21
-722.022825008824
 31
0.0
  0
LINE
  5
4F8
330
4BC
100
AcDbEntity
  8
2
  6
AUSGEZOGEN
 62
     7
370
    35
100
AcDbLine
 10
-277.552734375
 20
-722.022825008824
 30
0.0
 11
-277.552734375
 21
-753.328611141636
 31
0.0
  0
LINE
  5
4F9
330
4BC
100
AcDbEntity
  8
2
  6
AUSGEZOGEN
 62
     7
370
    35
100
AcDbLine
 10
-277.552734375
 20
-753.328611141636
 30
0.0
 11
-277.552734375
 21
-722.022825008824
 31
0.0
  0
LINE
  5
4FA
330
4BC
100
AcDbEntity
  8
2
  6
AUSGEZOGEN
 62
     7
370
    35
100
AcDbLine
 10
-277.552734375
 20
-753.328611141636
 30
0.0
 11
55.947265625
 21
-753.339872127965
 31
0.0
  0
LINE
  5
4FB
330
4BC
100
AcDbEntity
  8
2
  6
AUSGEZOGEN
 62
     7
370
    35
100
AcDbLine
 10
55.947265625
 20
-753.339872127965
 30
0.0
 11
-277.552734375
 21
-753.328611141636
 31
0.0
  0
LINE
  5
4FC
330
4BC
100
AcDbEntity
  8
2
  6
AUSGEZOGEN
 62
     7
370
    35
100
AcDbLine
 10
55.947265625
 20
-753.339872127965
 30
0.0
 11
55.947265625
 21
-726.791806942418
 31
0.0
  0
LINE
  5
4FD
330
4BC
100
AcDbEntity
  8
2
  6
AUSGEZOGEN
 62
     7
370
    35
100
AcDbLine
 10
55.947265625
 20
-726.791806942418
 30
0.0
 11
55.947265625
 21
-753.339872127965
 31
0.0
  0
LINE
  5
4FE
330
4BC
100
AcDbEntity
  8
2
  6
AUSGEZOGEN
 62
     7
370
    35
100
AcDbLine
 10
55.947265625
 20
-726.791806942418
 30
0.0
 11
222.96875
 21
-726.791806942418
 31
0.0
  0
LINE
  5
4FF
330
4BC
100
AcDbEntity
  8
2
  6
AUSGEZOGEN
 62
     7
370
    35
100
AcDbLine
 10
222.96875
 20
-726.791806942418
 30
0.0
 11
55.947265625
 21
-726.791806942418
 31
0.0
  0
LINE
  5
500
330
4BC
100
AcDbEntity
  8
2
  6
AUSGEZOGEN
 62
     7
370
    35
100
AcDbLine
 10
222.96875
 20
-726.791806942418
 30
0.0
 11
222.96875
 21
-593.33874869962
 31
0.0
  0
LINE
  5
501
330
4BC
100
AcDbEntity
  8
2
  6
AUSGEZOGEN
 62
     7
370
    35
100
AcDbLine
 10
222.96875
 20
-593.33874869962
 30
0.0
 11
222.96875
 21
-726.791806942418
 31
0.0
  0
LINE
  5
502
330
4BC
100
AcDbEntity
  8
2
  6
AUSGEZOGEN
 62
     7
370
    35
100
AcDbLine
 10
222.96875
 20
-593.33874869962
 30
0.0
 11
-90.126953125
 21
-593.33874869962
 31
0.0
  0
LINE
  5
503
330
4BC
100
AcDbEntity
  8
2
  6
AUSGEZOGEN
 62
     7
370
    35
100
AcDbLine
 10
-90.126953125
 20
-593.33874869962
 30
0.0
 11
222.96875
 21
-593.33874869962
 31
0.0
  0
LINE
  5
504
330
4BC
100
AcDbEntity
  8
2
  6
AUSGEZOGEN
 62
     7
370
    35
100
AcDbLine
 10
-117.38671875
 20
-582.874505764439
 30
0.0
 11
-121.130859375
 21
-573.705701595738
 31
0.0
  0
LINE
  5
505
330
4BC
100
AcDbEntity
  8
2
  6
AUSGEZOGEN
 62
     7
370
    35
100
AcDbLine
 10
-121.130859375
 20
-573.705701595738
 30
0.0
 11
-153.20703125
 21
-495.177701717808
 31
0.0
  0
LINE
  5
506
330
4BC
100
AcDbEntity
  8
2
  6
AUSGEZOGEN
 62
     7
370
    35
100
AcDbLine
 10
-153.20703125
 20
-495.177701717808
 30
0.0
 11
-117.38671875
 21
-582.874505764439
 31
0.0
  0
LINE
  5
507
330
4BC
100
AcDbEntity
  8
2
  6
AUSGEZOGEN
 62
     7
370
    35
100
AcDbLine
 10
-278.052734375
 20
-593.339198833897
 30
0.0
 11
-124.1328125
 21
-593.339875942662
 31
0.0
  0
LINE
  5
508
330
4BC
100
AcDbEntity
  8
2
  6
AUSGEZOGEN
 62
     7
370
    35
100
AcDbLine
 10
-278.052734375
 20
-722.022825008824
 30
0.0
 11
-278.052734375
 21
-593.339198833897
 31
0.0
  0
LINE
  5
509
330
4BC
100
AcDbEntity
  8
2
  6
AUSGEZOGEN
 62
     7
370
    35
100
AcDbLine
 10
55.947265625
 20
-726.791806942418
 30
0.0
 11
55.947265625
 21
-753.339872127965
 31
0.0
  0
LINE
  5
50A
330
4BC
100
AcDbEntity
  8
2
  6
AUSGEZOGEN
 62
     7
370
    35
100
AcDbLine
 10
55.947265625
 20
-753.339872127965
 30
0.0
 11
-277.552734375
 21
-753.328611141636
 31
0.0
  0
LINE
  5
50B
330
4BC
100
AcDbEntity
  8
2
  6
AUSGEZOGEN
 62
     7
370
    35
100
AcDbLine
 10
-277.552734375
 20
-753.328611141636
 30
0.0
 11
-277.552734375
 21
-722.022825008824
 31
0.0
  0
LINE
  5
50C
330
4BC
100
AcDbEntity
  8
2
  6
AUSGEZOGEN
 62
     7
370
    35
100
AcDbLine
 10
-124.1328125
 20
-593.339875942662
 30
0.0
 11
-121.130859375
 21
-591.338775402501
 31
0.0
  0
LINE
  5
50D
330
4BC
100
AcDbEntity
  8
2
  6
AUSGEZOGEN
 62
     7
370
    35
100
AcDbLine
 10
-121.130859375
 20
-591.338775402501
 30
0.0
 11
-121.130859375
 21
-573.705701595738
 31
0.0
  0
LINE
  5
50E
330
4BC
100
AcDbEntity
  8
2
  6
AUSGEZOGEN
 62
     7
370
    35
100
AcDbLine
 10
-121.130859375
 20
-573.705701595738
 30
0.0
 11
-117.38671875
 21
-582.874505764439
 31
0.0
  0
LINE
  5
50F
330
4BC
100
AcDbEntity
  8
2
  6
AUSGEZOGEN
 62
     7
370
    35
100
AcDbLine
 10
-90.126953125
 20
-593.33874869962
 30
0.0
 11
222.96875
 21
-593.33874869962
 31
0.0
  0
LINE
  5
510
330
4BC
100
AcDbEntity
  8
2
  6
AUSGEZOGEN
 62
     7
370
    35
100
AcDbLine
 10
222.96875
 20
-726.791806942418
 30
0.0
 11
55.947265625
 21
-726.791806942418
 31
0.0
  0
LINE
  5
511
330
4BC
100
AcDbEntity
  8
2
  6
AUSGEZOGEN
 62
     7
370
    35
100
AcDbLine
 10
222.96875
 20
-593.33874869962
 30
0.0
 11
222.96875
 21
-726.791806942418
 31
0.0
  0
LINE
  5
512
330
4BC
100
AcDbEntity
  8
2
  6
AUSGEZOGEN
 62
     7
370
    35
100
AcDbLine
 10
-277.552734375
 20
-722.022825008824
 30
0.0
 11
-278.052734375
 21
-722.022825008824
 31
0.0
  0
ARC
  5
513
330
4BC
100
AcDbEntity
  8
2
  6
AUSGEZOGEN
 62
     7
370
    35
100
AcDbCircle
 10
-98.857443220779
 20
-575.345117221206
 30
0.0
 40
19.99999999999998
100
AcDbArc
 50
202.115159465642
 51
295.883762376933
  0
LINE
  5
514
330
4BC
100
AcDbEntity
  8
2
  6
AUSGEZOGEN
 62
     7
370
    35
100
AcDbLine
 10
-155.875
 20
-480.99473357816
 30
0.0
 11
-278.052734375
 21
-481.043340450718
 31
0.0
  0
LINE
  5
515
330
4BC
100
AcDbEntity
  8
2
  6
AUSGEZOGEN
 62
     7
370
    35
100
AcDbLine
 10
-150.61328125
 20
-494.122388607457
 30
0.0
 11
-155.875
 21
-480.99473357816
 31
0.0
  0
LINE
  5
516
330
4BC
100
AcDbEntity
  8
2
  6
AUSGEZOGEN
 62
     7
370
    35
100
AcDbLine
 10
-153.20703125
 20
-495.177701717808
 30
0.0
 11
-150.61328125
 21
-494.122388607457
 31
0.0
  0
LINE
  5
517
330
4BC
100
AcDbEntity
  8
2
  6
AUSGEZOGEN
 62
     7
370
    35
100
AcDbLine
 10
-117.38671875
 20
-582.874505764439
 30
0.0
 11
-153.20703125
 21
-495.177701717808
 31
0.0
  0
LINE
  5
518
330
4BC
100
AcDbEntity
  8
2
  6
AUSGEZOGEN
 62
     7
370
    35
100
AcDbLine
 10
-278.052734375
 20
-481.043340450718
 30
0.0
 11
-278.052734375
 21
-722.022825008824
 31
0.0
  0
LINE
  5
519
330
4BC
100
AcDbEntity
  8
2
  6
AUSGEZOGEN
 62
     7
370
    35
100
AcDbLine
 10
-278.052734375
 20
-722.022825008824
 30
0.0
 11
-277.552734375
 21
-722.022825008824
 31
0.0
  0
LINE
  5
51A
330
4BC
100
AcDbEntity
  8
2
  6
AUSGEZOGEN
 62
     7
370
    35
100
AcDbLine
 10
-277.552734375
 20
-722.022825008824
 30
0.0
 11
-277.552734375
 21
-753.328611141636
 31
0.0
  0
LINE
  5
51B
330
4BC
100
AcDbEntity
  8
2
  6
AUSGEZOGEN
 62
     7
370
    35
100
AcDbLine
 10
55.947265625
 20
-753.339872127965
 30
0.0
 11
55.947265625
 21
-726.791806942418
 31
0.0
  0
LINE
  5
51C
330
4BC
100
AcDbEntity
  8
2
  6
AUSGEZOGEN
 62
     7
370
    35
100
AcDbLine
 10
-277.552734375
 20
-753.328611141636
 30
0.0
 11
55.947265625
 21
-753.339872127965
 31
0.0
  0
LINE
  5
51D
330
4BC
100
AcDbEntity
  8
2
  6
AUSGEZOGEN
 62
     7
370
    35
100
AcDbLine
 10
222.96875
 20
-726.791806942418
 30
0.0
 11
222.96875
 21
-593.33874869962
 31
0.0
  0
LINE
  5
51E
330
4BC
100
AcDbEntity
  8
2
  6
AUSGEZOGEN
 62
     7
370
    35
100
AcDbLine
 10
55.947265625
 20
-726.791806942418
 30
0.0
 11
222.96875
 21
-726.791806942418
 31
0.0
  0
LINE
  5
51F
330
4BC
100
AcDbEntity
  8
2
  6
AUSGEZOGEN
 62
     7
370
    35
100
AcDbLine
 10
222.96875
 20
-593.33874869962
 30
0.0
 11
-90.126953125
 21
-593.33874869962
 31
0.0
  0
CIRCLE
  5
520
330
4BC
100
AcDbEntity
  8
2
  6
AUSGEZOGEN
 62
     7
370
    35
100
AcDbCircle
 10
-214.482179372742
 20
-512.028665194187
 30
0.0
 40
10.25
  0
CIRCLE
  5
521
330
4BC
100
AcDbEntity
  8
2
  6
AUSGEZOGEN
 62
     7
370
    35
100
AcDbCircle
 10
-193.822129188615
 20
-562.556531673863
 30
0.0
 40
10.25
  0
ARC
  5
522
330
4BC
100
AcDbEntity
  8
2
  6
AUSGEZOGEN
 62
     7
370
    35
100
AcDbCircle
 10
-98.857443220779
 20
-575.345117221206
 30
0.0
 40
19.99999999999998
100
AcDbArc
 50
202.115159465642
 51
295.883762376933
  0
ENDBLK
  5
4BE
330
4BC
100
AcDbEntity
  8
0
100
AcDbBlockEnd
  0
BLOCK
  5
525
330
524
100
AcDbEntity
  8
0
100
AcDbBlockBegin
  2
AnonymMegaMac_nNn020
 70
     0
 10
0.0
 20
0.0
 30
0.0
  3
AnonymMegaMac_nNn020
  1

  0
LINE
  5
527
330
524
100
AcDbEntity
  8
2
  6
AUSGEZOGEN
 62
     7
370
    35
100
AcDbLine
 10
-278.052734375
 20
-479.043340450718
 30
0.0
 11
-156.67578125
 21
-478.99505401273
 31
0.0
  0
LINE
  5
528
330
524
100
AcDbEntity
  8
2
  6
AUSGEZOGEN
 62
     7
370
    35
100
AcDbLine
 10
-156.67578125
 20
-478.99505401273
 30
0.0
 11
-278.052734375
 21
-479.043340450718
 31
0.0
  0
LINE
  5
529
330
524
100
AcDbEntity
  8
2
  6
AUSGEZOGEN
 62
     7
370
    35
100
AcDbLine
 10
-278.052734375
 20
-479.043340450718
 30
0.0
 11
-278.052734375
 21
-432.690137630894
 31
0.0
  0
LINE
  5
52A
330
524
100
AcDbEntity
  8
2
  6
AUSGEZOGEN
 62
     7
370
    35
100
AcDbLine
 10
-278.052734375
 20
-432.690137630894
 30
0.0
 11
-237.453125
 21
-404.737745052769
 31
0.0
  0
LINE
  5
52B
330
524
100
AcDbEntity
  8
2
  6
AUSGEZOGEN
 62
     7
370
    35
100
AcDbLine
 10
-237.453125
 20
-404.737745052769
 30
0.0
 11
-211.169921875
 21
-404.737302547886
 31
0.0
  0
LINE
  5
52C
330
524
100
AcDbEntity
  8
2
  6
AUSGEZOGEN
 62
     7
370
    35
100
AcDbLine
 10
-156.67578125
 20
-478.99505401273
 30
0.0
 11
-278.052734375
 21
-479.043340450718
 31
0.0
  0
LINE
  5
52D
330
524
100
AcDbEntity
  8
2
  6
AUSGEZOGEN
 62
     7
370
    35
100
AcDbLine
 10
-176.654296875
 20
-429.137265926793
 30
0.0
 11
-156.67578125
 21
-478.99505401273
 31
0.0
  0
LINE
  5
52E
330
524
100
AcDbEntity
  8
2
  6
AUSGEZOGEN
 62
     7
370
    35
100
AcDbLine
 10
-177.896484375
 20
-428.587247616246
 30
0.0
 11
-176.654296875
 21
-429.137265926793
 31
0.0
  0
ARC
  5
52F
330
524
100
AcDbEntity
  8
2
  6
AUSGEZOGEN
 62
     7
370
    35
100
AcDbCircle
 10
-202.896083196803
 20
-428.328285194188
 30
0.0
 40
25.00000000000001
100
AcDbArc
 50
109.327965470816
 51
359.406479750557
  0
LINE
  5
530
330
524
100
AcDbEntity
  8
2
  6
AUSGEZOGEN
 62
     7
370
    35
100
AcDbLine
 10
-176.654296875
 20
-429.137265926793
 30
0.0
 11
-177.896484375
 21
-428.587247616246
 31
0.0
  0
LINE
  5
531
330
524
100
AcDbEntity
  8
2
  6
AUSGEZOGEN
 62
     7
370
    35
100
AcDbLine
 10
-177.896484375
 20
-428.587247616246
 30
0.0
 11
-176.654296875
 21
-429.137265926793
 31
0.0
  0
LINE
  5
532
330
524
100
AcDbEntity
  8
2
  6
AUSGEZOGEN
 62
     7
370
    35
100
AcDbLine
 10
-211.169921875
 20
-404.737302547886
 30
0.0
 11
-237.453125
 21
-404.737745052769
 31
0.0
  0
LINE
  5
533
330
524
100
AcDbEntity
  8
2
  6
AUSGEZOGEN
 62
     7
370
    35
100
AcDbLine
 10
-237.453125
 20
-404.737745052769
 30
0.0
 11
-211.169921875
 21
-404.737302547886
 31
0.0
  0
LINE
  5
534
330
524
100
AcDbEntity
  8
2
  6
AUSGEZOGEN
 62
     7
370
    35
100
AcDbLine
 10
-237.453125
 20
-404.737745052769
 30
0.0
 11
-278.052734375
 21
-432.690137630894
 31
0.0
  0
LINE
  5
535
330
524
100
AcDbEntity
  8
2
  6
AUSGEZOGEN
 62
     7
370
    35
100
AcDbLine
 10
-278.052734375
 20
-432.690137630894
 30
0.0
 11
-237.453125
 21
-404.737745052769
 31
0.0
  0
LINE
  5
536
330
524
100
AcDbEntity
  8
2
  6
AUSGEZOGEN
 62
     7
370
    35
100
AcDbLine
 10
-156.67578125
 20
-478.99505401273
 30
0.0
 11
-176.654296875
 21
-429.137265926793
 31
0.0
  0
LINE
  5
537
330
524
100
AcDbEntity
  8
2
  6
AUSGEZOGEN
 62
     7
370
    35
100
AcDbLine
 10
-176.654296875
 20
-429.137265926793
 30
0.0
 11
-177.896484375
 21
-428.587247616246
 31
0.0
  0
LINE
  5
538
330
524
100
AcDbEntity
  8
2
  6
AUSGEZOGEN
 62
     7
370
    35
100
AcDbLine
 10
-278.052734375
 20
-479.043340450718
 30
0.0
 11
-156.67578125
 21
-478.99505401273
 31
0.0
  0
LINE
  5
539
330
524
100
AcDbEntity
  8
2
  6
AUSGEZOGEN
 62
     7
370
    35
100
AcDbLine
 10
-278.052734375
 20
-432.690137630894
 30
0.0
 11
-278.052734375
 21
-479.043340450718
 31
0.0
  0
LINE
  5
53A
330
524
100
AcDbEntity
  8
2
  6
AUSGEZOGEN
 62
     7
370
    35
100
AcDbLine
 10
-211.169921875
 20
-404.737302547886
 30
0.0
 11
-237.453125
 21
-404.737745052769
 31
0.0
  0
LINE
  5
53B
330
524
100
AcDbEntity
  8
2
  6
AUSGEZOGEN
 62
     7
370
    35
100
AcDbLine
 10
-237.453125
 20
-404.737745052769
 30
0.0
 11
-278.052734375
 21
-432.690137630894
 31
0.0
  0
ARC
  5
53C
330
524
100
AcDbEntity
  8
2
  6
AUSGEZOGEN
 62
     7
370
    35
100
AcDbCircle
 10
-202.896083196803
 20
-428.328285194188
 30
0.0
 40
25.00000000000001
100
AcDbArc
 50
109.327965470816
 51
359.406479750557
  0
LINE
  5
53D
330
524
100
AcDbEntity
  8
2
  6
AUSGEZOGEN
 62
     7
370
    35
100
AcDbLine
 10
-124.1328125
 20
-593.339875942662
 30
0.0
 11
-278.052734375
 21
-593.339198833897
 31
0.0
  0
LINE
  5
53E
330
524
100
AcDbEntity
  8
2
  6
AUSGEZOGEN
 62
     7
370
    35
100
AcDbLine
 10
-278.052734375
 20
-593.339198833897
 30
0.0
 11
-124.1328125
 21
-593.339875942662
 31
0.0
  0
LINE
  5
53F
330
524
100
AcDbEntity
  8
2
  6
AUSGEZOGEN
 62
     7
370
    35
100
AcDbLine
 10
-121.130859375
 20
-591.338775402501
 30
0.0
 11
-124.1328125
 21
-593.339875942662
 31
0.0
  0
LINE
  5
540
330
524
100
AcDbEntity
  8
2
  6
AUSGEZOGEN
 62
     7
370
    35
100
AcDbLine
 10
-124.1328125
 20
-593.339875942662
 30
0.0
 11
-121.130859375
 21
-591.338775402501
 31
0.0
  0
LINE
  5
541
330
524
100
AcDbEntity
  8
2
  6
AUSGEZOGEN
 62
     7
370
    35
100
AcDbLine
 10
-121.130859375
 20
-573.705701595738
 30
0.0
 11
-121.130859375
 21
-591.338775402501
 31
0.0
  0
LINE
  5
542
330
524
100
AcDbEntity
  8
2
  6
AUSGEZOGEN
 62
     7
370
    35
100
AcDbLine
 10
-121.130859375
 20
-591.338775402501
 30
0.0
 11
-121.130859375
 21
-573.705701595738
 31
0.0
  0
LINE
  5
543
330
524
100
AcDbEntity
  8
2
  6
AUSGEZOGEN
 62
     7
370
    35
100
AcDbLine
 10
-153.20703125
 20
-495.177701717808
 30
0.0
 11
-150.61328125
 21
-494.122388607457
 31
0.0
  0
LINE
  5
544
330
524
100
AcDbEntity
  8
2
  6
AUSGEZOGEN
 62
     7
370
    35
100
AcDbLine
 10
-150.61328125
 20
-494.122388607457
 30
0.0
 11
-153.20703125
 21
-495.177701717808
 31
0.0
  0
LINE
  5
545
330
524
100
AcDbEntity
  8
2
  6
AUSGEZOGEN
 62
     7
370
    35
100
AcDbLine
 10
-150.61328125
 20
-494.122388607457
 30
0.0
 11
-155.875
 21
-480.99473357816
 31
0.0
  0
LINE
  5
546
330
524
100
AcDbEntity
  8
2
  6
AUSGEZOGEN
 62
     7
370
    35
100
AcDbLine
 10
-155.875
 20
-480.99473357816
 30
0.0
 11
-150.61328125
 21
-494.122388607457
 31
0.0
  0
LINE
  5
547
330
524
100
AcDbEntity
  8
2
  6
AUSGEZOGEN
 62
     7
370
    35
100
AcDbLine
 10
-156.67578125
 20
-478.99505401273
 30
0.0
 11
-176.654296875
 21
-429.137265926793
 31
0.0
  0
LINE
  5
548
330
524
100
AcDbEntity
  8
2
  6
AUSGEZOGEN
 62
     7
370
    35
100
AcDbLine
 10
-176.654296875
 20
-429.137265926793
 30
0.0
 11
-156.67578125
 21
-478.99505401273
 31
0.0
  0
LINE
  5
549
330
524
100
AcDbEntity
  8
2
  6
AUSGEZOGEN
 62
     7
370
    35
100
AcDbLine
 10
-156.67572536059
 20
-478.995054904466
 30
0.0
 11
-155.87439953789
 21
-480.994736262167
 31
0.0
  0
LINE
  5
54A
330
524
100
AcDbEntity
  8
2
  6
AUSGEZOGEN
 62
     7
370
    35
100
AcDbLine
 10
-155.87439953789
 20
-480.994736262167
 30
0.0
 11
-156.67572536059
 21
-478.995054904466
 31
0.0
  0
LINE
  5
54B
330
524
100
AcDbEntity
  8
2
  6
AUSGEZOGEN
 62
     7
370
    35
100
AcDbLine
 10
-278.052734375
 20
-481.043340450718
 30
0.0
 11
-155.875
 21
-480.99473357816
 31
0.0
  0
LINE
  5
54C
330
524
100
AcDbEntity
  8
2
  6
AUSGEZOGEN
 62
     7
370
    35
100
AcDbLine
 10
-155.875
 20
-480.99473357816
 30
0.0
 11
-278.052734375
 21
-481.043340450718
 31
0.0
  0
LINE
  5
54D
330
524
100
AcDbEntity
  8
2
  6
AUSGEZOGEN
 62
     7
370
    35
100
AcDbLine
 10
-121.130859375
 20
-573.705701595738
 30
0.0
 11
-121.130859375
 21
-591.338775402501
 31
0.0
  0
LINE
  5
54E
330
524
100
AcDbEntity
  8
2
  6
AUSGEZOGEN
 62
     7
370
    35
100
AcDbLine
 10
-121.130859375
 20
-591.338775402501
 30
0.0
 11
-124.1328125
 21
-593.339875942662
 31
0.0
  0
LINE
  5
54F
330
524
100
AcDbEntity
  8
2
  6
AUSGEZOGEN
 62
     7
370
    35
100
AcDbLine
 10
-124.1328125
 20
-593.339875942662
 30
0.0
 11
-278.052734375
 21
-593.339198833897
 31
0.0
  0
LINE
  5
550
330
524
100
AcDbEntity
  8
2
  6
AUSGEZOGEN
 62
     7
370
    35
100
AcDbLine
 10
-150.61328125
 20
-494.122388607457
 30
0.0
 11
-153.20703125
 21
-495.177701717808
 31
0.0
  0
LINE
  5
551
330
524
100
AcDbEntity
  8
2
  6
AUSGEZOGEN
 62
     7
370
    35
100
AcDbLine
 10
-155.875
 20
-480.99473357816
 30
0.0
 11
-150.61328125
 21
-494.122388607457
 31
0.0
  0
LINE
  5
552
330
524
100
AcDbEntity
  8
2
  6
AUSGEZOGEN
 62
     7
370
    35
100
AcDbLine
 10
-278.052734375
 20
-593.339198833897
 30
0.0
 11
-278.052734375
 21
-481.043340450718
 31
0.0
  0
LINE
  5
553
330
524
100
AcDbEntity
  8
2
  6
AUSGEZOGEN
 62
     7
370
    35
100
AcDbLine
 10
-278.052734375
 20
-481.043340450718
 30
0.0
 11
-155.875
 21
-480.99473357816
 31
0.0
  0
LINE
  5
554
330
524
100
AcDbEntity
  8
2
  6
AUSGEZOGEN
 62
     7
370
    35
100
AcDbLine
 10
-153.20703125
 20
-495.177701717808
 30
0.0
 11
-121.130859375
 21
-573.705701595738
 31
0.0
  0
CIRCLE
  5
555
330
524
100
AcDbEntity
  8
2
  6
AUSGEZOGEN
 62
     7
370
    35
100
AcDbCircle
 10
-193.822129188615
 20
-562.556531673863
 30
0.0
 40
10.25
  0
CIRCLE
  5
556
330
524
100
AcDbEntity
  8
2
  6
AUSGEZOGEN
 62
     7
370
    35
100
AcDbCircle
 10
-214.482179372742
 20
-512.028665194187
 30
0.0
 40
10.25
  0
LINE
  5
557
330
524
100
AcDbEntity
  8
2
  6
AUSGEZOGEN
 62
     7
370
    35
100
AcDbLine
 10
-278.052734375
 20
-593.339198833897
 30
0.0
 11
-278.052734375
 21
-722.022825008824
 31
0.0
  0
LINE
  5
558
330
524
100
AcDbEntity
  8
2
  6
AUSGEZOGEN
 62
     7
370
    35
100
AcDbLine
 10
-278.052734375
 20
-722.022825008824
 30
0.0
 11
-278.052734375
 21
-481.043340450718
 31
0.0
  0
LINE
  5
559
330
524
100
AcDbEntity
  8
2
  6
AUSGEZOGEN
 62
     7
370
    35
100
AcDbLine
 10
-278.052734375
 20
-432.690137630894
 30
0.0
 11
-278.052734375
 21
-479.043340450718
 31
0.0
  0
LINE
  5
55A
330
524
100
AcDbEntity
  8
2
  6
AUSGEZOGEN
 62
     7
370
    35
100
AcDbLine
 10
-278.052734375
 20
-479.043340450718
 30
0.0
 11
-278.052734375
 21
-432.690137630894
 31
0.0
  0
LINE
  5
55B
330
524
100
AcDbEntity
  8
2
  6
AUSGEZOGEN
 62
     7
370
    35
100
AcDbLine
 10
-278.052734375
 20
-481.043340450718
 30
0.0
 11
-278.052734375
 21
-593.339198833897
 31
0.0
  0
LINE
  5
55C
330
524
100
AcDbEntity
  8
2
  6
AUSGEZOGEN
 62
     7
370
    35
100
AcDbLine
 10
-278.053179899776
 20
-481.043344038977
 30
0.0
 11
-278.053179899776
 21
-479.043343879296
 31
0.0
  0
LINE
  5
55D
330
524
100
AcDbEntity
  8
2
  6
AUSGEZOGEN
 62
     7
370
    35
100
AcDbLine
 10
-278.053179899776
 20
-479.043343877893
 30
0.0
 11
-278.053179899776
 21
-481.043344037574
 31
0.0
  0
LINE
  5
55E
330
524
100
AcDbEntity
  8
2
  6
AUSGEZOGEN
 62
     7
370
    35
100
AcDbLine
 10
-278.052734375
 20
-722.022825008824
 30
0.0
 11
-277.552734375
 21
-722.022825008824
 31
0.0
  0
LINE
  5
55F
330
524
100
AcDbEntity
  8
2
  6
AUSGEZOGEN
 62
     7
370
    35
100
AcDbLine
 10
-277.552734375
 20
-722.022825008824
 30
0.0
 11
-278.052734375
 21
-722.022825008824
 31
0.0
  0
LINE
  5
560
330
524
100
AcDbEntity
  8
2
  6
AUSGEZOGEN
 62
     7
370
    35
100
AcDbLine
 10
-277.552734375
 20
-722.022825008824
 30
0.0
 11
-277.552734375
 21
-753.328611141636
 31
0.0
  0
LINE
  5
561
330
524
100
AcDbEntity
  8
2
  6
AUSGEZOGEN
 62
     7
370
    35
100
AcDbLine
 10
-277.552734375
 20
-753.328611141636
 30
0.0
 11
-277.552734375
 21
-722.022825008824
 31
0.0
  0
LINE
  5
562
330
524
100
AcDbEntity
  8
2
  6
AUSGEZOGEN
 62
     7
370
    35
100
AcDbLine
 10
-277.552734375
 20
-753.328611141636
 30
0.0
 11
55.947265625
 21
-753.339872127965
 31
0.0
  0
LINE
  5
563
330
524
100
AcDbEntity
  8
2
  6
AUSGEZOGEN
 62
     7
370
    35
100
AcDbLine
 10
55.947265625
 20
-753.339872127965
 30
0.0
 11
-277.552734375
 21
-753.328611141636
 31
0.0
  0
LINE
  5
564
330
524
100
AcDbEntity
  8
2
  6
AUSGEZOGEN
 62
     7
370
    35
100
AcDbLine
 10
55.947265625
 20
-753.339872127965
 30
0.0
 11
55.947265625
 21
-726.791806942418
 31
0.0
  0
LINE
  5
565
330
524
100
AcDbEntity
  8
2
  6
AUSGEZOGEN
 62
     7
370
    35
100
AcDbLine
 10
55.947265625
 20
-726.791806942418
 30
0.0
 11
55.947265625
 21
-753.339872127965
 31
0.0
  0
LINE
  5
566
330
524
100
AcDbEntity
  8
2
  6
AUSGEZOGEN
 62
     7
370
    35
100
AcDbLine
 10
55.947265625
 20
-726.791806942418
 30
0.0
 11
222.96875
 21
-726.791806942418
 31
0.0
  0
LINE
  5
567
330
524
100
AcDbEntity
  8
2
  6
AUSGEZOGEN
 62
     7
370
    35
100
AcDbLine
 10
222.96875
 20
-726.791806942418
 30
0.0
 11
55.947265625
 21
-726.791806942418
 31
0.0
  0
LINE
  5
568
330
524
100
AcDbEntity
  8
2
  6
AUSGEZOGEN
 62
     7
370
    35
100
AcDbLine
 10
222.96875
 20
-726.791806942418
 30
0.0
 11
222.96875
 21
-593.33874869962
 31
0.0
  0
LINE
  5
569
330
524
100
AcDbEntity
  8
2
  6
AUSGEZOGEN
 62
     7
370
    35
100
AcDbLine
 10
222.96875
 20
-593.33874869962
 30
0.0
 11
222.96875
 21
-726.791806942418
 31
0.0
  0
LINE
  5
56A
330
524
100
AcDbEntity
  8
2
  6
AUSGEZOGEN
 62
     7
370
    35
100
AcDbLine
 10
222.96875
 20
-593.33874869962
 30
0.0
 11
-90.126953125
 21
-593.33874869962
 31
0.0
  0
LINE
  5
56B
330
524
100
AcDbEntity
  8
2
  6
AUSGEZOGEN
 62
     7
370
    35
100
AcDbLine
 10
-90.126953125
 20
-593.33874869962
 30
0.0
 11
222.96875
 21
-593.33874869962
 31
0.0
  0
LINE
  5
56C
330
524
100
AcDbEntity
  8
2
  6
AUSGEZOGEN
 62
     7
370
    35
100
AcDbLine
 10
-117.38671875
 20
-582.874505764439
 30
0.0
 11
-121.130859375
 21
-573.705701595738
 31
0.0
  0
LINE
  5
56D
330
524
100
AcDbEntity
  8
2
  6
AUSGEZOGEN
 62
     7
370
    35
100
AcDbLine
 10
-121.130859375
 20
-573.705701595738
 30
0.0
 11
-153.20703125
 21
-495.177701717808
 31
0.0
  0
LINE
  5
56E
330
524
100
AcDbEntity
  8
2
  6
AUSGEZOGEN
 62
     7
370
    35
100
AcDbLine
 10
-153.20703125
 20
-495.177701717808
 30
0.0
 11
-117.38671875
 21
-582.874505764439
 31
0.0
  0
LINE
  5
56F
330
524
100
AcDbEntity
  8
2
  6
AUSGEZOGEN
 62
     7
370
    35
100
AcDbLine
 10
-278.052734375
 20
-593.339198833897
 30
0.0
 11
-124.1328125
 21
-593.339875942662
 31
0.0
  0
LINE
  5
570
330
524
100
AcDbEntity
  8
2
  6
AUSGEZOGEN
 62
     7
370
    35
100
AcDbLine
 10
-278.052734375
 20
-722.022825008824
 30
0.0
 11
-278.052734375
 21
-593.339198833897
 31
0.0
  0
LINE
  5
571
330
524
100
AcDbEntity
  8
2
  6
AUSGEZOGEN
 62
     7
370
    35
100
AcDbLine
 10
55.947265625
 20
-726.791806942418
 30
0.0
 11
55.947265625
 21
-753.339872127965
 31
0.0
  0
LINE
  5
572
330
524
100
AcDbEntity
  8
2
  6
AUSGEZOGEN
 62
     7
370
    35
100
AcDbLine
 10
55.947265625
 20
-753.339872127965
 30
0.0
 11
-277.552734375
 21
-753.328611141636
 31
0.0
  0
LINE
  5
573
330
524
100
AcDbEntity
  8
2
  6
AUSGEZOGEN
 62
     7
370
    35
100
AcDbLine
 10
-277.552734375
 20
-753.328611141636
 30
0.0
 11
-277.552734375
 21
-722.022825008824
 31
0.0
  0
LINE
  5
574
330
524
100
AcDbEntity
  8
2
  6
AUSGEZOGEN
 62
     7
370
    35
100
AcDbLine
 10
-124.1328125
 20
-593.339875942662
 30
0.0
 11
-121.130859375
 21
-591.338775402501
 31
0.0
  0
LINE
  5
575
330
524
100
AcDbEntity
  8
2
  6
AUSGEZOGEN
 62
     7
370
    35
100
AcDbLine
 10
-121.130859375
 20
-591.338775402501
 30
0.0
 11
-121.130859375
 21
-573.705701595738
 31
0.0
  0
LINE
  5
576
330
524
100
AcDbEntity
  8
2
  6
AUSGEZOGEN
 62
     7
370
    35
100
AcDbLine
 10
-121.130859375
 20
-573.705701595738
 30
0.0
 11
-117.38671875
 21
-582.874505764439
 31
0.0
  0
LINE
  5
577
330
524
100
AcDbEntity
  8
2
  6
AUSGEZOGEN
 62
     7
370
    35
100
AcDbLine
 10
-90.126953125
 20
-593.33874869962
 30
0.0
 11
222.96875
 21
-593.33874869962
 31
0.0
  0
LINE
  5
578
330
524
100
AcDbEntity
  8
2
  6
AUSGEZOGEN
 62
     7
370
    35
100
AcDbLine
 10
222.96875
 20
-726.791806942418
 30
0.0
 11
55.947265625
 21
-726.791806942418
 31
0.0
  0
LINE
  5
579
330
524
100
AcDbEntity
  8
2
  6
AUSGEZOGEN
 62
     7
370
    35
100
AcDbLine
 10
222.96875
 20
-593.33874869962
 30
0.0
 11
222.96875
 21
-726.791806942418
 31
0.0
  0
LINE
  5
57A
330
524
100
AcDbEntity
  8
2
  6
AUSGEZOGEN
 62
     7
370
    35
100
AcDbLine
 10
-277.552734375
 20
-722.022825008824
 30
0.0
 11
-278.052734375
 21
-722.022825008824
 31
0.0
  0
ARC
  5
57B
330
524
100
AcDbEntity
  8
2
  6
AUSGEZOGEN
 62
     7
370
    35
100
AcDbCircle
 10
-98.857443220779
 20
-575.345117221206
 30
0.0
 40
19.99999999999998
100
AcDbArc
 50
202.115159465642
 51
295.883762376933
  0
LINE
  5
57C
330
524
100
AcDbEntity
  8
2
  6
AUSGEZOGEN
 62
     7
370
    35
100
AcDbLine
 10
-155.875
 20
-480.99473357816
 30
0.0
 11
-278.052734375
 21
-481.043340450718
 31
0.0
  0
LINE
  5
57D
330
524
100
AcDbEntity
  8
2
  6
AUSGEZOGEN
 62
     7
370
    35
100
AcDbLine
 10
-150.61328125
 20
-494.122388607457
 30
0.0
 11
-155.875
 21
-480.99473357816
 31
0.0
  0
LINE
  5
57E
330
524
100
AcDbEntity
  8
2
  6
AUSGEZOGEN
 62
     7
370
    35
100
AcDbLine
 10
-153.20703125
 20
-495.177701717808
 30
0.0
 11
-150.61328125
 21
-494.122388607457
 31
0.0
  0
LINE
  5
57F
330
524
100
AcDbEntity
  8
2
  6
AUSGEZOGEN
 62
     7
370
    35
100
AcDbLine
 10
-117.38671875
 20
-582.874505764439
 30
0.0
 11
-153.20703125
 21
-495.177701717808
 31
0.0
  0
LINE
  5
580
330
524
100
AcDbEntity
  8
2
  6
AUSGEZOGEN
 62
     7
370
    35
100
AcDbLine
 10
-278.052734375
 20
-481.043340450718
 30
0.0
 11
-278.052734375
 21
-722.022825008824
 31
0.0
  0
LINE
  5
581
330
524
100
AcDbEntity
  8
2
  6
AUSGEZOGEN
 62
     7
370
    35
100
AcDbLine
 10
-278.052734375
 20
-722.022825008824
 30
0.0
 11
-277.552734375
 21
-722.022825008824
 31
0.0
  0
LINE
  5
582
330
524
100
AcDbEntity
  8
2
  6
AUSGEZOGEN
 62
     7
370
    35
100
AcDbLine
 10
-277.552734375
 20
-722.022825008824
 30
0.0
 11
-277.552734375
 21
-753.328611141636
 31
0.0
  0
LINE
  5
583
330
524
100
AcDbEntity
  8
2
  6
AUSGEZOGEN
 62
     7
370
    35
100
AcDbLine
 10
55.947265625
 20
-753.339872127965
 30
0.0
 11
55.947265625
 21
-726.791806942418
 31
0.0
  0
LINE
  5
584
330
524
100
AcDbEntity
  8
2
  6
AUSGEZOGEN
 62
     7
370
    35
100
AcDbLine
 10
-277.552734375
 20
-753.328611141636
 30
0.0
 11
55.947265625
 21
-753.339872127965
 31
0.0
  0
LINE
  5
585
330
524
100
AcDbEntity
  8
2
  6
AUSGEZOGEN
 62
     7
370
    35
100
AcDbLine
 10
222.96875
 20
-726.791806942418
 30
0.0
 11
222.96875
 21
-593.33874869962
 31
0.0
  0
LINE
  5
586
330
524
100
AcDbEntity
  8
2
  6
AUSGEZOGEN
 62
     7
370
    35
100
AcDbLine
 10
55.947265625
 20
-726.791806942418
 30
0.0
 11
222.96875
 21
-726.791806942418
 31
0.0
  0
LINE
  5
587
330
524
100
AcDbEntity
  8
2
  6
AUSGEZOGEN
 62
     7
370
    35
100
AcDbLine
 10
222.96875
 20
-593.33874869962
 30
0.0
 11
-90.126953125
 21
-593.33874869962
 31
0.0
  0
CIRCLE
  5
588
330
524
100
AcDbEntity
  8
2
  6
AUSGEZOGEN
 62
     7
370
    35
100
AcDbCircle
 10
-214.482179372742
 20
-512.028665194187
 30
0.0
 40
10.25
  0
CIRCLE
  5
589
330
524
100
AcDbEntity
  8
2
  6
AUSGEZOGEN
 62
     7
370
    35
100
AcDbCircle
 10
-193.822129188615
 20
-562.556531673863
 30
0.0
 40
10.25
  0
ARC
  5
58A
330
524
100
AcDbEntity
  8
2
  6
AUSGEZOGEN
 62
     7
370
    35
100
AcDbCircle
 10
-98.857443220779
 20
-575.345117221206
 30
0.0
 40
19.99999999999998
100
AcDbArc
 50
202.115159465642
 51
295.883762376933
  0
ENDBLK
  5
526
330
524
100
AcDbEntity
  8
0
100
AcDbBlockEnd
  0
BLOCK
  5
58D
330
58C
100
AcDbEntity
  8
0
100
AcDbBlockBegin
  2
AnonymMegaMac_nNn021
 70
     0
 10
0.0
 20
0.0
 30
0.0
  3
AnonymMegaMac_nNn021
  1

  0
INSERT
  5
60A
330
58C
100
AcDbEntity
  8
0
100
AcDbBlockReference
  2
AnonymMegaMac_nNn022
 10
0.0
 20
0.0
 30
0.0
  0
ENDBLK
  5
58E
330
58C
100
AcDbEntity
  8
0
100
AcDbBlockEnd
  0
BLOCK
  5
590
330
58F
100
AcDbEntity
  8
0
100
AcDbBlockBegin
  2
AnonymMegaMac_nNn022
 70
     0
 10
0.0
 20
0.0
 30
0.0
  3
AnonymMegaMac_nNn022
  1

  0
LINE
  5
592
330
58F
100
AcDbEntity
  8
2
  6
AUSGEZOGEN
 62
     7
370
    35
100
AcDbLine
 10
-41.03125
 20
-593.33874869962
 30
0.0
 11
-41.03125
 21
-609.638746029332
 31
0.0
  0
LINE
  5
593
330
58F
100
AcDbEntity
  8
2
  6
AUSGEZOGEN
 62
     7
370
    35
100
AcDbLine
 10
-41.03125
 20
-609.638746029332
 30
0.0
 11
222.96875
 21
-609.638746029332
 31
0.0
  0
LINE
  5
594
330
58F
100
AcDbEntity
  8
2
  6
AUSGEZOGEN
 62
     7
370
    35
100
AcDbLine
 10
222.96875
 20
-609.638746029332
 30
0.0
 11
222.96875
 21
-593.33874869962
 31
0.0
  0
LINE
  5
595
330
58F
100
AcDbEntity
  8
2
  6
AUSGEZOGEN
 62
     7
370
    35
100
AcDbLine
 10
222.96875
 20
-593.33874869962
 30
0.0
 11
-41.03125
 21
-593.33874869962
 31
0.0
  0
LINE
  5
596
330
58F
100
AcDbEntity
  8
2
  6
AUSGEZOGEN
 62
     7
370
    35
100
AcDbLine
 10
222.96875
 20
-609.638746029332
 30
0.0
 11
-41.03125
 21
-609.638746029332
 31
0.0
  0
LINE
  5
597
330
58F
100
AcDbEntity
  8
2
  6
AUSGEZOGEN
 62
     7
370
    35
100
AcDbLine
 10
-41.03125
 20
-609.638746029332
 30
0.0
 11
222.96875
 21
-609.638746029332
 31
0.0
  0
LINE
  5
598
330
58F
100
AcDbEntity
  8
2
  6
AUSGEZOGEN
 62
     7
370
    35
100
AcDbLine
 10
-41.031179372741
 20
-609.638747870199
 30
0.0
 11
-49.031179372741
 21
-609.638747870199
 31
0.0
  0
LINE
  5
599
330
58F
100
AcDbEntity
  8
2
  6
AUSGEZOGEN
 62
     7
370
    35
100
AcDbLine
 10
-49.031179372741
 20
-609.638747870199
 30
0.0
 11
-41.031179372741
 21
-609.638747870199
 31
0.0
  0
LINE
  5
59A
330
58F
100
AcDbEntity
  8
2
  6
AUSGEZOGEN
 62
     7
370
    35
100
AcDbLine
 10
-41.03125
 20
-609.638746029332
 30
0.0
 11
-41.03125
 21
-593.33874869962
 31
0.0
  0
LINE
  5
59B
330
58F
100
AcDbEntity
  8
2
  6
AUSGEZOGEN
 62
     7
370
    35
100
AcDbLine
 10
-41.03125
 20
-593.33874869962
 30
0.0
 11
222.96875
 21
-593.33874869962
 31
0.0
  0
LINE
  5
59C
330
58F
100
AcDbEntity
  8
2
  6
AUSGEZOGEN
 62
     7
370
    35
100
AcDbLine
 10
222.96875
 20
-593.33874869962
 30
0.0
 11
222.96875
 21
-609.638746029332
 31
0.0
  0
LINE
  5
59D
330
58F
100
AcDbEntity
  8
2
  6
AUSGEZOGEN
 62
     7
370
    35
100
AcDbLine
 10
222.96875
 20
-609.638746029332
 30
0.0
 11
-41.03125
 21
-609.638746029332
 31
0.0
  0
LINE
  5
59E
330
58F
100
AcDbEntity
  8
2
  6
AUSGEZOGEN
 62
     7
370
    35
100
AcDbLine
 10
222.96875
 20
-593.33874869962
 30
0.0
 11
-41.03125
 21
-593.33874869962
 31
0.0
  0
LINE
  5
59F
330
58F
100
AcDbEntity
  8
2
  6
AUSGEZOGEN
 62
     7
370
    35
100
AcDbLine
 10
-90.126953125
 20
-593.33874869962
 30
0.0
 11
222.96875
 21
-593.33874869962
 31
0.0
  0
LINE
  5
5A0
330
58F
100
AcDbEntity
  8
2
  6
AUSGEZOGEN
 62
     7
370
    35
100
AcDbLine
 10
222.96875
 20
-593.33874869962
 30
0.0
 11
-90.126953125
 21
-593.33874869962
 31
0.0
  0
LINE
  5
5A1
330
58F
100
AcDbEntity
  8
2
  6
AUSGEZOGEN
 62
     7
370
    35
100
AcDbLine
 10
-41.03125
 20
-593.33874869962
 30
0.0
 11
222.96875
 21
-593.33874869962
 31
0.0
  0
LINE
  5
5A2
330
58F
100
AcDbEntity
  8
2
  6
AUSGEZOGEN
 62
     7
370
    35
100
AcDbLine
 10
-49.031179372741
 20
-593.338747870199
 30
0.0
 11
-41.031179372741
 21
-593.338747870199
 31
0.0
  0
LINE
  5
5A3
330
58F
100
AcDbEntity
  8
2
  6
AUSGEZOGEN
 62
     7
370
    35
100
AcDbLine
 10
-41.031179372741
 20
-593.338747870199
 30
0.0
 11
-49.031179372741
 21
-593.338747870199
 31
0.0
  0
LINE
  5
5A4
330
58F
100
AcDbEntity
  8
2
  6
AUSGEZOGEN
 62
     7
370
    35
100
AcDbLine
 10
-49.03125
 20
-609.638746029332
 30
0.0
 11
-49.03125
 21
-593.33874869962
 31
0.0
  0
LINE
  5
5A5
330
58F
100
AcDbEntity
  8
2
  6
AUSGEZOGEN
 62
     7
370
    35
100
AcDbLine
 10
-49.03125
 20
-593.33874869962
 30
0.0
 11
-49.03125
 21
-609.638746029332
 31
0.0
  0
LINE
  5
5A6
330
58F
100
AcDbEntity
  8
2
  6
AUSGEZOGEN
 62
     7
370
    35
100
AcDbLine
 10
222.96875
 20
-609.638746029332
 30
0.0
 11
222.96875
 21
-593.33874869962
 31
0.0
  0
LINE
  5
5A7
330
58F
100
AcDbEntity
  8
2
  6
AUSGEZOGEN
 62
     7
370
    35
100
AcDbLine
 10
222.96875
 20
-593.33874869962
 30
0.0
 11
222.96875
 21
-726.791806942418
 31
0.0
  0
LINE
  5
5A8
330
58F
100
AcDbEntity
  8
2
  6
AUSGEZOGEN
 62
     7
370
    35
100
AcDbLine
 10
222.96875
 20
-726.791806942418
 30
0.0
 11
222.96875
 21
-593.33874869962
 31
0.0
  0
LINE
  5
5A9
330
58F
100
AcDbEntity
  8
2
  6
AUSGEZOGEN
 62
     7
370
    35
100
AcDbLine
 10
222.96875
 20
-593.33874869962
 30
0.0
 11
222.96875
 21
-609.638746029332
 31
0.0
  0
LINE
  5
5AA
330
58F
100
AcDbEntity
  8
2
  6
AUSGEZOGEN
 62
     7
370
    35
100
AcDbLine
 10
-278.052734375
 20
-479.043340450718
 30
0.0
 11
-156.67578125
 21
-478.99505401273
 31
0.0
  0
LINE
  5
5AB
330
58F
100
AcDbEntity
  8
2
  6
AUSGEZOGEN
 62
     7
370
    35
100
AcDbLine
 10
-156.67578125
 20
-478.99505401273
 30
0.0
 11
-278.052734375
 21
-479.043340450718
 31
0.0
  0
LINE
  5
5AC
330
58F
100
AcDbEntity
  8
2
  6
AUSGEZOGEN
 62
     7
370
    35
100
AcDbLine
 10
-278.052734375
 20
-479.043340450718
 30
0.0
 11
-278.052734375
 21
-432.690137630894
 31
0.0
  0
LINE
  5
5AD
330
58F
100
AcDbEntity
  8
2
  6
AUSGEZOGEN
 62
     7
370
    35
100
AcDbLine
 10
-278.052734375
 20
-432.690137630894
 30
0.0
 11
-237.453125
 21
-404.737745052769
 31
0.0
  0
LINE
  5
5AE
330
58F
100
AcDbEntity
  8
2
  6
AUSGEZOGEN
 62
     7
370
    35
100
AcDbLine
 10
-237.453125
 20
-404.737745052769
 30
0.0
 11
-211.169921875
 21
-404.737302547886
 31
0.0
  0
LINE
  5
5AF
330
58F
100
AcDbEntity
  8
2
  6
AUSGEZOGEN
 62
     7
370
    35
100
AcDbLine
 10
-156.67578125
 20
-478.99505401273
 30
0.0
 11
-278.052734375
 21
-479.043340450718
 31
0.0
  0
LINE
  5
5B0
330
58F
100
AcDbEntity
  8
2
  6
AUSGEZOGEN
 62
     7
370
    35
100
AcDbLine
 10
-176.654296875
 20
-429.137265926793
 30
0.0
 11
-156.67578125
 21
-478.99505401273
 31
0.0
  0
LINE
  5
5B1
330
58F
100
AcDbEntity
  8
2
  6
AUSGEZOGEN
 62
     7
370
    35
100
AcDbLine
 10
-177.896484375
 20
-428.587247616246
 30
0.0
 11
-176.654296875
 21
-429.137265926793
 31
0.0
  0
ARC
  5
5B2
330
58F
100
AcDbEntity
  8
2
  6
AUSGEZOGEN
 62
     7
370
    35
100
AcDbCircle
 10
-202.896083196803
 20
-428.328285194188
 30
0.0
 40
25.00000000000001
100
AcDbArc
 50
109.327965470816
 51
359.406479750557
  0
LINE
  5
5B3
330
58F
100
AcDbEntity
  8
2
  6
AUSGEZOGEN
 62
     7
370
    35
100
AcDbLine
 10
-176.654296875
 20
-429.137265926793
 30
0.0
 11
-177.896484375
 21
-428.587247616246
 31
0.0
  0
LINE
  5
5B4
330
58F
100
AcDbEntity
  8
2
  6
AUSGEZOGEN
 62
     7
370
    35
100
AcDbLine
 10
-177.896484375
 20
-428.587247616246
 30
0.0
 11
-176.654296875
 21
-429.137265926793
 31
0.0
  0
LINE
  5
5B5
330
58F
100
AcDbEntity
  8
2
  6
AUSGEZOGEN
 62
     7
370
    35
100
AcDbLine
 10
-211.169921875
 20
-404.737302547886
 30
0.0
 11
-237.453125
 21
-404.737745052769
 31
0.0
  0
LINE
  5
5B6
330
58F
100
AcDbEntity
  8
2
  6
AUSGEZOGEN
 62
     7
370
    35
100
AcDbLine
 10
-237.453125
 20
-404.737745052769
 30
0.0
 11
-211.169921875
 21
-404.737302547886
 31
0.0
  0
LINE
  5
5B7
330
58F
100
AcDbEntity
  8
2
  6
AUSGEZOGEN
 62
     7
370
    35
100
AcDbLine
 10
-237.453125
 20
-404.737745052769
 30
0.0
 11
-278.052734375
 21
-432.690137630894
 31
0.0
  0
LINE
  5
5B8
330
58F
100
AcDbEntity
  8
2
  6
AUSGEZOGEN
 62
     7
370
    35
100
AcDbLine
 10
-278.052734375
 20
-432.690137630894
 30
0.0
 11
-237.453125
 21
-404.737745052769
 31
0.0
  0
LINE
  5
5B9
330
58F
100
AcDbEntity
  8
2
  6
AUSGEZOGEN
 62
     7
370
    35
100
AcDbLine
 10
-156.67578125
 20
-478.99505401273
 30
0.0
 11
-176.654296875
 21
-429.137265926793
 31
0.0
  0
LINE
  5
5BA
330
58F
100
AcDbEntity
  8
2
  6
AUSGEZOGEN
 62
     7
370
    35
100
AcDbLine
 10
-176.654296875
 20
-429.137265926793
 30
0.0
 11
-177.896484375
 21
-428.587247616246
 31
0.0
  0
LINE
  5
5BB
330
58F
100
AcDbEntity
  8
2
  6
AUSGEZOGEN
 62
     7
370
    35
100
AcDbLine
 10
-278.052734375
 20
-479.043340450718
 30
0.0
 11
-156.67578125
 21
-478.99505401273
 31
0.0
  0
LINE
  5
5BC
330
58F
100
AcDbEntity
  8
2
  6
AUSGEZOGEN
 62
     7
370
    35
100
AcDbLine
 10
-278.052734375
 20
-432.690137630894
 30
0.0
 11
-278.052734375
 21
-479.043340450718
 31
0.0
  0
LINE
  5
5BD
330
58F
100
AcDbEntity
  8
2
  6
AUSGEZOGEN
 62
     7
370
    35
100
AcDbLine
 10
-211.169921875
 20
-404.737302547886
 30
0.0
 11
-237.453125
 21
-404.737745052769
 31
0.0
  0
LINE
  5
5BE
330
58F
100
AcDbEntity
  8
2
  6
AUSGEZOGEN
 62
     7
370
    35
100
AcDbLine
 10
-237.453125
 20
-404.737745052769
 30
0.0
 11
-278.052734375
 21
-432.690137630894
 31
0.0
  0
ARC
  5
5BF
330
58F
100
AcDbEntity
  8
2
  6
AUSGEZOGEN
 62
     7
370
    35
100
AcDbCircle
 10
-202.896083196803
 20
-428.328285194188
 30
0.0
 40
25.00000000000001
100
AcDbArc
 50
109.327965470816
 51
359.406479750557
  0
LINE
  5
5C0
330
58F
100
AcDbEntity
  8
2
  6
AUSGEZOGEN
 62
     7
370
    35
100
AcDbLine
 10
-124.1328125
 20
-593.339875942662
 30
0.0
 11
-278.052734375
 21
-593.339198833897
 31
0.0
  0
LINE
  5
5C1
330
58F
100
AcDbEntity
  8
2
  6
AUSGEZOGEN
 62
     7
370
    35
100
AcDbLine
 10
-278.052734375
 20
-593.339198833897
 30
0.0
 11
-124.1328125
 21
-593.339875942662
 31
0.0
  0
LINE
  5
5C2
330
58F
100
AcDbEntity
  8
2
  6
AUSGEZOGEN
 62
     7
370
    35
100
AcDbLine
 10
-121.130859375
 20
-591.338775402501
 30
0.0
 11
-124.1328125
 21
-593.339875942662
 31
0.0
  0
LINE
  5
5C3
330
58F
100
AcDbEntity
  8
2
  6
AUSGEZOGEN
 62
     7
370
    35
100
AcDbLine
 10
-124.1328125
 20
-593.339875942662
 30
0.0
 11
-121.130859375
 21
-591.338775402501
 31
0.0
  0
LINE
  5
5C4
330
58F
100
AcDbEntity
  8
2
  6
AUSGEZOGEN
 62
     7
370
    35
100
AcDbLine
 10
-121.130859375
 20
-573.705701595738
 30
0.0
 11
-121.130859375
 21
-591.338775402501
 31
0.0
  0
LINE
  5
5C5
330
58F
100
AcDbEntity
  8
2
  6
AUSGEZOGEN
 62
     7
370
    35
100
AcDbLine
 10
-121.130859375
 20
-591.338775402501
 30
0.0
 11
-121.130859375
 21
-573.705701595738
 31
0.0
  0
LINE
  5
5C6
330
58F
100
AcDbEntity
  8
2
  6
AUSGEZOGEN
 62
     7
370
    35
100
AcDbLine
 10
-153.20703125
 20
-495.177701717808
 30
0.0
 11
-150.61328125
 21
-494.122388607457
 31
0.0
  0
LINE
  5
5C7
330
58F
100
AcDbEntity
  8
2
  6
AUSGEZOGEN
 62
     7
370
    35
100
AcDbLine
 10
-150.61328125
 20
-494.122388607457
 30
0.0
 11
-153.20703125
 21
-495.177701717808
 31
0.0
  0
LINE
  5
5C8
330
58F
100
AcDbEntity
  8
2
  6
AUSGEZOGEN
 62
     7
370
    35
100
AcDbLine
 10
-150.61328125
 20
-494.122388607457
 30
0.0
 11
-155.875
 21
-480.99473357816
 31
0.0
  0
LINE
  5
5C9
330
58F
100
AcDbEntity
  8
2
  6
AUSGEZOGEN
 62
     7
370
    35
100
AcDbLine
 10
-155.875
 20
-480.99473357816
 30
0.0
 11
-150.61328125
 21
-494.122388607457
 31
0.0
  0
LINE
  5
5CA
330
58F
100
AcDbEntity
  8
2
  6
AUSGEZOGEN
 62
     7
370
    35
100
AcDbLine
 10
-156.67578125
 20
-478.99505401273
 30
0.0
 11
-176.654296875
 21
-429.137265926793
 31
0.0
  0
LINE
  5
5CB
330
58F
100
AcDbEntity
  8
2
  6
AUSGEZOGEN
 62
     7
370
    35
100
AcDbLine
 10
-176.654296875
 20
-429.137265926793
 30
0.0
 11
-156.67578125
 21
-478.99505401273
 31
0.0
  0
LINE
  5
5CC
330
58F
100
AcDbEntity
  8
2
  6
AUSGEZOGEN
 62
     7
370
    35
100
AcDbLine
 10
-156.67572536059
 20
-478.995054904466
 30
0.0
 11
-155.87439953789
 21
-480.994736262167
 31
0.0
  0
LINE
  5
5CD
330
58F
100
AcDbEntity
  8
2
  6
AUSGEZOGEN
 62
     7
370
    35
100
AcDbLine
 10
-155.87439953789
 20
-480.994736262167
 30
0.0
 11
-156.67572536059
 21
-478.995054904466
 31
0.0
  0
LINE
  5
5CE
330
58F
100
AcDbEntity
  8
2
  6
AUSGEZOGEN
 62
     7
370
    35
100
AcDbLine
 10
-278.052734375
 20
-481.043340450718
 30
0.0
 11
-155.875
 21
-480.99473357816
 31
0.0
  0
LINE
  5
5CF
330
58F
100
AcDbEntity
  8
2
  6
AUSGEZOGEN
 62
     7
370
    35
100
AcDbLine
 10
-155.875
 20
-480.99473357816
 30
0.0
 11
-278.052734375
 21
-481.043340450718
 31
0.0
  0
LINE
  5
5D0
330
58F
100
AcDbEntity
  8
2
  6
AUSGEZOGEN
 62
     7
370
    35
100
AcDbLine
 10
-121.130859375
 20
-573.705701595738
 30
0.0
 11
-121.130859375
 21
-591.338775402501
 31
0.0
  0
LINE
  5
5D1
330
58F
100
AcDbEntity
  8
2
  6
AUSGEZOGEN
 62
     7
370
    35
100
AcDbLine
 10
-121.130859375
 20
-591.338775402501
 30
0.0
 11
-124.1328125
 21
-593.339875942662
 31
0.0
  0
LINE
  5
5D2
330
58F
100
AcDbEntity
  8
2
  6
AUSGEZOGEN
 62
     7
370
    35
100
AcDbLine
 10
-124.1328125
 20
-593.339875942662
 30
0.0
 11
-278.052734375
 21
-593.339198833897
 31
0.0
  0
LINE
  5
5D3
330
58F
100
AcDbEntity
  8
2
  6
AUSGEZOGEN
 62
     7
370
    35
100
AcDbLine
 10
-150.61328125
 20
-494.122388607457
 30
0.0
 11
-153.20703125
 21
-495.177701717808
 31
0.0
  0
LINE
  5
5D4
330
58F
100
AcDbEntity
  8
2
  6
AUSGEZOGEN
 62
     7
370
    35
100
AcDbLine
 10
-155.875
 20
-480.99473357816
 30
0.0
 11
-150.61328125
 21
-494.122388607457
 31
0.0
  0
LINE
  5
5D5
330
58F
100
AcDbEntity
  8
2
  6
AUSGEZOGEN
 62
     7
370
    35
100
AcDbLine
 10
-278.052734375
 20
-593.339198833897
 30
0.0
 11
-278.052734375
 21
-481.043340450718
 31
0.0
  0
LINE
  5
5D6
330
58F
100
AcDbEntity
  8
2
  6
AUSGEZOGEN
 62
     7
370
    35
100
AcDbLine
 10
-278.052734375
 20
-481.043340450718
 30
0.0
 11
-155.875
 21
-480.99473357816
 31
0.0
  0
LINE
  5
5D7
330
58F
100
AcDbEntity
  8
2
  6
AUSGEZOGEN
 62
     7
370
    35
100
AcDbLine
 10
-153.20703125
 20
-495.177701717808
 30
0.0
 11
-121.130859375
 21
-573.705701595738
 31
0.0
  0
CIRCLE
  5
5D8
330
58F
100
AcDbEntity
  8
2
  6
AUSGEZOGEN
 62
     7
370
    35
100
AcDbCircle
 10
-193.822129188615
 20
-562.556531673863
 30
0.0
 40
10.25
  0
CIRCLE
  5
5D9
330
58F
100
AcDbEntity
  8
2
  6
AUSGEZOGEN
 62
     7
370
    35
100
AcDbCircle
 10
-214.482179372742
 20
-512.028665194187
 30
0.0
 40
10.25
  0
LINE
  5
5DA
330
58F
100
AcDbEntity
  8
2
  6
AUSGEZOGEN
 62
     7
370
    35
100
AcDbLine
 10
-278.052734375
 20
-593.339198833897
 30
0.0
 11
-278.052734375
 21
-722.022825008824
 31
0.0
  0
LINE
  5
5DB
330
58F
100
AcDbEntity
  8
2
  6
AUSGEZOGEN
 62
     7
370
    35
100
AcDbLine
 10
-278.052734375
 20
-722.022825008824
 30
0.0
 11
-278.052734375
 21
-481.043340450718
 31
0.0
  0
LINE
  5
5DC
330
58F
100
AcDbEntity
  8
2
  6
AUSGEZOGEN
 62
     7
370
    35
100
AcDbLine
 10
-278.052734375
 20
-432.690137630894
 30
0.0
 11
-278.052734375
 21
-479.043340450718
 31
0.0
  0
LINE
  5
5DD
330
58F
100
AcDbEntity
  8
2
  6
AUSGEZOGEN
 62
     7
370
    35
100
AcDbLine
 10
-278.052734375
 20
-479.043340450718
 30
0.0
 11
-278.052734375
 21
-432.690137630894
 31
0.0
  0
LINE
  5
5DE
330
58F
100
AcDbEntity
  8
2
  6
AUSGEZOGEN
 62
     7
370
    35
100
AcDbLine
 10
-278.052734375
 20
-481.043340450718
 30
0.0
 11
-278.052734375
 21
-593.339198833897
 31
0.0
  0
LINE
  5
5DF
330
58F
100
AcDbEntity
  8
2
  6
AUSGEZOGEN
 62
     7
370
    35
100
AcDbLine
 10
-278.053179899776
 20
-481.043344038977
 30
0.0
 11
-278.053179899776
 21
-479.043343879296
 31
0.0
  0
LINE
  5
5E0
330
58F
100
AcDbEntity
  8
2
  6
AUSGEZOGEN
 62
     7
370
    35
100
AcDbLine
 10
-278.053179899776
 20
-479.043343877893
 30
0.0
 11
-278.053179899776
 21
-481.043344037574
 31
0.0
  0
LINE
  5
5E1
330
58F
100
AcDbEntity
  8
2
  6
AUSGEZOGEN
 62
     7
370
    35
100
AcDbLine
 10
-278.052734375
 20
-722.022825008824
 30
0.0
 11
-277.552734375
 21
-722.022825008824
 31
0.0
  0
LINE
  5
5E2
330
58F
100
AcDbEntity
  8
2
  6
AUSGEZOGEN
 62
     7
370
    35
100
AcDbLine
 10
-277.552734375
 20
-722.022825008824
 30
0.0
 11
-278.052734375
 21
-722.022825008824
 31
0.0
  0
LINE
  5
5E3
330
58F
100
AcDbEntity
  8
2
  6
AUSGEZOGEN
 62
     7
370
    35
100
AcDbLine
 10
-277.552734375
 20
-722.022825008824
 30
0.0
 11
-277.552734375
 21
-753.328611141636
 31
0.0
  0
LINE
  5
5E4
330
58F
100
AcDbEntity
  8
2
  6
AUSGEZOGEN
 62
     7
370
    35
100
AcDbLine
 10
-277.552734375
 20
-753.328611141636
 30
0.0
 11
-277.552734375
 21
-722.022825008824
 31
0.0
  0
LINE
  5
5E5
330
58F
100
AcDbEntity
  8
2
  6
AUSGEZOGEN
 62
     7
370
    35
100
AcDbLine
 10
-277.552734375
 20
-753.328611141636
 30
0.0
 11
55.947265625
 21
-753.339872127965
 31
0.0
  0
LINE
  5
5E6
330
58F
100
AcDbEntity
  8
2
  6
AUSGEZOGEN
 62
     7
370
    35
100
AcDbLine
 10
55.947265625
 20
-753.339872127965
 30
0.0
 11
-277.552734375
 21
-753.328611141636
 31
0.0
  0
LINE
  5
5E7
330
58F
100
AcDbEntity
  8
2
  6
AUSGEZOGEN
 62
     7
370
    35
100
AcDbLine
 10
55.947265625
 20
-753.339872127965
 30
0.0
 11
55.947265625
 21
-726.791806942418
 31
0.0
  0
LINE
  5
5E8
330
58F
100
AcDbEntity
  8
2
  6
AUSGEZOGEN
 62
     7
370
    35
100
AcDbLine
 10
55.947265625
 20
-726.791806942418
 30
0.0
 11
55.947265625
 21
-753.339872127965
 31
0.0
  0
LINE
  5
5E9
330
58F
100
AcDbEntity
  8
2
  6
AUSGEZOGEN
 62
     7
370
    35
100
AcDbLine
 10
55.947265625
 20
-726.791806942418
 30
0.0
 11
222.96875
 21
-726.791806942418
 31
0.0
  0
LINE
  5
5EA
330
58F
100
AcDbEntity
  8
2
  6
AUSGEZOGEN
 62
     7
370
    35
100
AcDbLine
 10
222.96875
 20
-726.791806942418
 30
0.0
 11
55.947265625
 21
-726.791806942418
 31
0.0
  0
LINE
  5
5EB
330
58F
100
AcDbEntity
  8
2
  6
AUSGEZOGEN
 62
     7
370
    35
100
AcDbLine
 10
-117.38671875
 20
-582.874505764439
 30
0.0
 11
-121.130859375
 21
-573.705701595738
 31
0.0
  0
LINE
  5
5EC
330
58F
100
AcDbEntity
  8
2
  6
AUSGEZOGEN
 62
     7
370
    35
100
AcDbLine
 10
-121.130859375
 20
-573.705701595738
 30
0.0
 11
-153.20703125
 21
-495.177701717808
 31
0.0
  0
LINE
  5
5ED
330
58F
100
AcDbEntity
  8
2
  6
AUSGEZOGEN
 62
     7
370
    35
100
AcDbLine
 10
-153.20703125
 20
-495.177701717808
 30
0.0
 11
-117.38671875
 21
-582.874505764439
 31
0.0
  0
LINE
  5
5EE
330
58F
100
AcDbEntity
  8
2
  6
AUSGEZOGEN
 62
     7
370
    35
100
AcDbLine
 10
-278.052734375
 20
-593.339198833897
 30
0.0
 11
-124.1328125
 21
-593.339875942662
 31
0.0
  0
LINE
  5
5EF
330
58F
100
AcDbEntity
  8
2
  6
AUSGEZOGEN
 62
     7
370
    35
100
AcDbLine
 10
-278.052734375
 20
-722.022825008824
 30
0.0
 11
-278.052734375
 21
-593.339198833897
 31
0.0
  0
LINE
  5
5F0
330
58F
100
AcDbEntity
  8
2
  6
AUSGEZOGEN
 62
     7
370
    35
100
AcDbLine
 10
55.947265625
 20
-726.791806942418
 30
0.0
 11
55.947265625
 21
-753.339872127965
 31
0.0
  0
LINE
  5
5F1
330
58F
100
AcDbEntity
  8
2
  6
AUSGEZOGEN
 62
     7
370
    35
100
AcDbLine
 10
55.947265625
 20
-753.339872127965
 30
0.0
 11
-277.552734375
 21
-753.328611141636
 31
0.0
  0
LINE
  5
5F2
330
58F
100
AcDbEntity
  8
2
  6
AUSGEZOGEN
 62
     7
370
    35
100
AcDbLine
 10
-277.552734375
 20
-753.328611141636
 30
0.0
 11
-277.552734375
 21
-722.022825008824
 31
0.0
  0
LINE
  5
5F3
330
58F
100
AcDbEntity
  8
2
  6
AUSGEZOGEN
 62
     7
370
    35
100
AcDbLine
 10
-124.1328125
 20
-593.339875942662
 30
0.0
 11
-121.130859375
 21
-591.338775402501
 31
0.0
  0
LINE
  5
5F4
330
58F
100
AcDbEntity
  8
2
  6
AUSGEZOGEN
 62
     7
370
    35
100
AcDbLine
 10
-121.130859375
 20
-591.338775402501
 30
0.0
 11
-121.130859375
 21
-573.705701595738
 31
0.0
  0
LINE
  5
5F5
330
58F
100
AcDbEntity
  8
2
  6
AUSGEZOGEN
 62
     7
370
    35
100
AcDbLine
 10
-121.130859375
 20
-573.705701595738
 30
0.0
 11
-117.38671875
 21
-582.874505764439
 31
0.0
  0
LINE
  5
5F6
330
58F
100
AcDbEntity
  8
2
  6
AUSGEZOGEN
 62
     7
370
    35
100
AcDbLine
 10
-90.126953125
 20
-593.33874869962
 30
0.0
 11
222.96875
 21
-593.33874869962
 31
0.0
  0
LINE
  5
5F7
330
58F
100
AcDbEntity
  8
2
  6
AUSGEZOGEN
 62
     7
370
    35
100
AcDbLine
 10
222.96875
 20
-726.791806942418
 30
0.0
 11
55.947265625
 21
-726.791806942418
 31
0.0
  0
LINE
  5
5F8
330
58F
100
AcDbEntity
  8
2
  6
AUSGEZOGEN
 62
     7
370
    35
100
AcDbLine
 10
222.96875
 20
-593.33874869962
 30
0.0
 11
222.96875
 21
-726.791806942418
 31
0.0
  0
LINE
  5
5F9
330
58F
100
AcDbEntity
  8
2
  6
AUSGEZOGEN
 62
     7
370
    35
100
AcDbLine
 10
-277.552734375
 20
-722.022825008824
 30
0.0
 11
-278.052734375
 21
-722.022825008824
 31
0.0
  0
ARC
  5
5FA
330
58F
100
AcDbEntity
  8
2
  6
AUSGEZOGEN
 62
     7
370
    35
100
AcDbCircle
 10
-98.857443220779
 20
-575.345117221206
 30
0.0
 40
19.99999999999998
100
AcDbArc
 50
202.115159465642
 51
295.883762376933
  0
LINE
  5
5FB
330
58F
100
AcDbEntity
  8
2
  6
AUSGEZOGEN
 62
     7
370
    35
100
AcDbLine
 10
-155.875
 20
-480.99473357816
 30
0.0
 11
-278.052734375
 21
-481.043340450718
 31
0.0
  0
LINE
  5
5FC
330
58F
100
AcDbEntity
  8
2
  6
AUSGEZOGEN
 62
     7
370
    35
100
AcDbLine
 10
-150.61328125
 20
-494.122388607457
 30
0.0
 11
-155.875
 21
-480.99473357816
 31
0.0
  0
LINE
  5
5FD
330
58F
100
AcDbEntity
  8
2
  6
AUSGEZOGEN
 62
     7
370
    35
100
AcDbLine
 10
-153.20703125
 20
-495.177701717808
 30
0.0
 11
-150.61328125
 21
-494.122388607457
 31
0.0
  0
LINE
  5
5FE
330
58F
100
AcDbEntity
  8
2
  6
AUSGEZOGEN
 62
     7
370
    35
100
AcDbLine
 10
-117.38671875
 20
-582.874505764439
 30
0.0
 11
-153.20703125
 21
-495.177701717808
 31
0.0
  0
LINE
  5
5FF
330
58F
100
AcDbEntity
  8
2
  6
AUSGEZOGEN
 62
     7
370
    35
100
AcDbLine
 10
-278.052734375
 20
-481.043340450718
 30
0.0
 11
-278.052734375
 21
-722.022825008824
 31
0.0
  0
LINE
  5
600
330
58F
100
AcDbEntity
  8
2
  6
AUSGEZOGEN
 62
     7
370
    35
100
AcDbLine
 10
-278.052734375
 20
-722.022825008824
 30
0.0
 11
-277.552734375
 21
-722.022825008824
 31
0.0
  0
LINE
  5
601
330
58F
100
AcDbEntity
  8
2
  6
AUSGEZOGEN
 62
     7
370
    35
100
AcDbLine
 10
-277.552734375
 20
-722.022825008824
 30
0.0
 11
-277.552734375
 21
-753.328611141636
 31
0.0
  0
LINE
  5
602
330
58F
100
AcDbEntity
  8
2
  6
AUSGEZOGEN
 62
     7
370
    35
100
AcDbLine
 10
55.947265625
 20
-753.339872127965
 30
0.0
 11
55.947265625
 21
-726.791806942418
 31
0.0
  0
LINE
  5
603
330
58F
100
AcDbEntity
  8
2
  6
AUSGEZOGEN
 62
     7
370
    35
100
AcDbLine
 10
-277.552734375
 20
-753.328611141636
 30
0.0
 11
55.947265625
 21
-753.339872127965
 31
0.0
  0
LINE
  5
604
330
58F
100
AcDbEntity
  8
2
  6
AUSGEZOGEN
 62
     7
370
    35
100
AcDbLine
 10
222.96875
 20
-726.791806942418
 30
0.0
 11
222.96875
 21
-593.33874869962
 31
0.0
  0
LINE
  5
605
330
58F
100
AcDbEntity
  8
2
  6
AUSGEZOGEN
 62
     7
370
    35
100
AcDbLine
 10
55.947265625
 20
-726.791806942418
 30
0.0
 11
222.96875
 21
-726.791806942418
 31
0.0
  0
LINE
  5
606
330
58F
100
AcDbEntity
  8
2
  6
AUSGEZOGEN
 62
     7
370
    35
100
AcDbLine
 10
222.96875
 20
-593.33874869962
 30
0.0
 11
-90.126953125
 21
-593.33874869962
 31
0.0
  0
CIRCLE
  5
607
330
58F
100
AcDbEntity
  8
2
  6
AUSGEZOGEN
 62
     7
370
    35
100
AcDbCircle
 10
-214.482179372742
 20
-512.028665194187
 30
0.0
 40
10.25
  0
CIRCLE
  5
608
330
58F
100
AcDbEntity
  8
2
  6
AUSGEZOGEN
 62
     7
370
    35
100
AcDbCircle
 10
-193.822129188615
 20
-562.556531673863
 30
0.0
 40
10.25
  0
ARC
  5
609
330
58F
100
AcDbEntity
  8
2
  6
AUSGEZOGEN
 62
     7
370
    35
100
AcDbCircle
 10
-98.857443220779
 20
-575.345117221206
 30
0.0
 40
19.99999999999998
100
AcDbArc
 50
202.115159465642
 51
295.883762376933
  0
ENDBLK
  5
591
330
58F
100
AcDbEntity
  8
0
100
AcDbBlockEnd
  0
BLOCK
  5
628
330
627
100
AcDbEntity
  8
0
100
AcDbBlockBegin
  2
AnonymMegaMac_nNn023
 70
     0
 10
0.0
 20
0.0
 30
0.0
  3
AnonymMegaMac_nNn023
  1

  0
INSERT
  5
6A5
330
627
100
AcDbEntity
  8
0
100
AcDbBlockReference
  2
AnonymMegaMac_nNn024
 10
0.0
 20
0.0
 30
0.0
  0
INSERT
  5
701
330
627
100
AcDbEntity
  8
0
100
AcDbBlockReference
  2
AnonymMegaMac_nNn027
 10
0.0
 20
0.0
 30
0.0
  0
LINE
  5
702
330
627
100
AcDbEntity
  8
2
  6
AUSGEZOGEN
 62
     7
370
    35
100
AcDbLine
 10
220.39453125
 20
-449.978917843297
 30
0.0
 11
232.89453125
 21
-453.328283077672
 31
0.0
  0
LINE
  5
703
330
627
100
AcDbEntity
  8
2
  6
AUSGEZOGEN
 62
     7
370
    35
100
AcDbLine
 10
220.39453125
 20
-449.978917843297
 30
0.0
 11
211.244140625
 21
-440.828283077672
 31
0.0
  0
LINE
  5
704
330
627
100
AcDbEntity
  8
2
  6
AUSGEZOGEN
 62
     7
370
    35
100
AcDbLine
 10
211.244140625
 20
-440.828283077672
 30
0.0
 11
207.89453125
 21
-428.328290707066
 31
0.0
  0
LINE
  5
705
330
627
100
AcDbEntity
  8
2
  6
AUSGEZOGEN
 62
     7
370
    35
100
AcDbLine
 10
211.244140625
 20
-415.828290707066
 30
0.0
 11
207.89453125
 21
-428.328290707066
 31
0.0
  0
LINE
  5
706
330
627
100
AcDbEntity
  8
2
  6
AUSGEZOGEN
 62
     7
370
    35
100
AcDbLine
 10
220.39453125
 20
-406.677655941441
 30
0.0
 11
211.244140625
 21
-415.828290707066
 31
0.0
  0
LINE
  5
707
330
627
100
AcDbEntity
  8
2
  6
AUSGEZOGEN
 62
     7
370
    35
100
AcDbLine
 10
232.89453125
 20
-403.328290707066
 30
0.0
 11
220.39453125
 21
-406.677655941441
 31
0.0
  0
LINE
  5
708
330
627
100
AcDbEntity
  8
2
  6
AUSGEZOGEN
 62
     7
370
    35
100
AcDbLine
 10
245.39453125
 20
-406.677655941441
 30
0.0
 11
232.89453125
 21
-403.328290707066
 31
0.0
  0
LINE
  5
709
330
627
100
AcDbEntity
  8
2
  6
AUSGEZOGEN
 62
     7
370
    35
100
AcDbLine
 10
254.544921875
 20
-415.828290707066
 30
0.0
 11
245.39453125
 21
-406.677655941441
 31
0.0
  0
LINE
  5
70A
330
627
100
AcDbEntity
  8
2
  6
AUSGEZOGEN
 62
     7
370
    35
100
AcDbLine
 10
257.89453125
 20
-428.328290707066
 30
0.0
 11
254.544921875
 21
-415.828290707066
 31
0.0
  0
LINE
  5
70B
330
627
100
AcDbEntity
  8
2
  6
AUSGEZOGEN
 62
     7
370
    35
100
AcDbLine
 10
254.544921875
 20
-440.828283077672
 30
0.0
 11
257.89453125
 21
-428.328290707066
 31
0.0
  0
LINE
  5
70C
330
627
100
AcDbEntity
  8
2
  6
AUSGEZOGEN
 62
     7
370
    35
100
AcDbLine
 10
245.39453125
 20
-449.978917843297
 30
0.0
 11
254.544921875
 21
-440.828283077672
 31
0.0
  0
LINE
  5
70D
330
627
100
AcDbEntity
  8
2
  6
AUSGEZOGEN
 62
     7
370
    35
100
AcDbLine
 10
232.89453125
 20
-453.328283077672
 30
0.0
 11
245.39453125
 21
-449.978917843297
 31
0.0
  0
CIRCLE
  5
70E
330
627
100
AcDbEntity
  8
2
  6
AUSGEZOGEN
 62
     7
370
    35
100
AcDbCircle
 10
232.895034576261
 20
-428.328285194188
 30
0.0
 40
25.0
  0
CIRCLE
  5
70F
330
627
100
AcDbEntity
  8
2
  6
AUSGEZOGEN
 62
     7
370
    35
100
AcDbCircle
 10
232.895034576261
 20
-428.328285194188
 30
0.0
 40
25.0
  0
LINE
  5
710
330
627
100
AcDbEntity
  8
2
  6
AUSGEZOGEN
 62
     7
370
    35
100
AcDbLine
 10
220.39453125
 20
-449.978917843297
 30
0.0
 11
232.89453125
 21
-453.328283077672
 31
0.0
  0
LINE
  5
711
330
627
100
AcDbEntity
  8
2
  6
AUSGEZOGEN
 62
     7
370
    35
100
AcDbLine
 10
220.39453125
 20
-449.978917843297
 30
0.0
 11
211.244140625
 21
-440.828283077672
 31
0.0
  0
LINE
  5
712
330
627
100
AcDbEntity
  8
2
  6
AUSGEZOGEN
 62
     7
370
    35
100
AcDbLine
 10
211.244140625
 20
-440.828283077672
 30
0.0
 11
207.89453125
 21
-428.328290707066
 31
0.0
  0
LINE
  5
713
330
627
100
AcDbEntity
  8
2
  6
AUSGEZOGEN
 62
     7
370
    35
100
AcDbLine
 10
211.244140625
 20
-415.828290707066
 30
0.0
 11
207.89453125
 21
-428.328290707066
 31
0.0
  0
LINE
  5
714
330
627
100
AcDbEntity
  8
2
  6
AUSGEZOGEN
 62
     7
370
    35
100
AcDbLine
 10
220.39453125
 20
-406.677655941441
 30
0.0
 11
211.244140625
 21
-415.828290707066
 31
0.0
  0
LINE
  5
715
330
627
100
AcDbEntity
  8
2
  6
AUSGEZOGEN
 62
     7
370
    35
100
AcDbLine
 10
232.89453125
 20
-403.328290707066
 30
0.0
 11
220.39453125
 21
-406.677655941441
 31
0.0
  0
LINE
  5
716
330
627
100
AcDbEntity
  8
2
  6
AUSGEZOGEN
 62
     7
370
    35
100
AcDbLine
 10
245.39453125
 20
-406.677655941441
 30
0.0
 11
232.89453125
 21
-403.328290707066
 31
0.0
  0
LINE
  5
717
330
627
100
AcDbEntity
  8
2
  6
AUSGEZOGEN
 62
     7
370
    35
100
AcDbLine
 10
254.544921875
 20
-415.828290707066
 30
0.0
 11
245.39453125
 21
-406.677655941441
 31
0.0
  0
LINE
  5
718
330
627
100
AcDbEntity
  8
2
  6
AUSGEZOGEN
 62
     7
370
    35
100
AcDbLine
 10
257.89453125
 20
-428.328290707066
 30
0.0
 11
254.544921875
 21
-415.828290707066
 31
0.0
  0
LINE
  5
719
330
627
100
AcDbEntity
  8
2
  6
AUSGEZOGEN
 62
     7
370
    35
100
AcDbLine
 10
254.544921875
 20
-440.828283077672
 30
0.0
 11
257.89453125
 21
-428.328290707066
 31
0.0
  0
LINE
  5
71A
330
627
100
AcDbEntity
  8
2
  6
AUSGEZOGEN
 62
     7
370
    35
100
AcDbLine
 10
245.39453125
 20
-449.978917843297
 30
0.0
 11
254.544921875
 21
-440.828283077672
 31
0.0
  0
LINE
  5
71B
330
627
100
AcDbEntity
  8
2
  6
AUSGEZOGEN
 62
     7
370
    35
100
AcDbLine
 10
232.89453125
 20
-453.328283077672
 30
0.0
 11
245.39453125
 21
-449.978917843297
 31
0.0
  0
CIRCLE
  5
71C
330
627
100
AcDbEntity
  8
2
  6
AUSGEZOGEN
 62
     7
370
    35
100
AcDbCircle
 10
232.895034576261
 20
-428.328285194188
 30
0.0
 40
25.0
  0
CIRCLE
  5
71D
330
627
100
AcDbEntity
  8
2
  6
AUSGEZOGEN
 62
     7
370
    35
100
AcDbCircle
 10
232.895034576261
 20
-428.328285194188
 30
0.0
 40
25.0
  0
INSERT
  5
779
330
627
100
AcDbEntity
  8
0
100
AcDbBlockReference
  2
AnonymMegaMac_nNn028
 10
0.0
 20
0.0
 30
0.0
  0
INSERT
  5
7E5
330
627
100
AcDbEntity
  8
0
100
AcDbBlockReference
  2
AnonymMegaMac_nNn029
 10
0.0
 20
0.0
 30
0.0
  0
INSERT
  5
851
330
627
100
AcDbEntity
  8
0
100
AcDbBlockReference
  2
AnonymMegaMac_nNn030
 10
0.0
 20
0.0
 30
0.0
  0
INSERT
  5
8AD
330
627
100
AcDbEntity
  8
0
100
AcDbBlockReference
  2
AnonymMegaMac_nNn031
 10
0.0
 20
0.0
 30
0.0
  0
INSERT
  5
929
330
627
100
AcDbEntity
  8
0
100
AcDbBlockReference
  2
AnonymMegaMac_nNn032
 10
0.0
 20
0.0
 30
0.0
  0
INSERT
  5
985
330
627
100
AcDbEntity
  8
0
100
AcDbBlockReference
  2
AnonymMegaMac_nNn035
 10
0.0
 20
0.0
 30
0.0
  0
INSERT
  5
9E1
330
627
100
AcDbEntity
  8
0
100
AcDbBlockReference
  2
AnonymMegaMac_nNn036
 10
0.0
 20
0.0
 30
0.0
  0
INSERT
  5
A4D
330
627
100
AcDbEntity
  8
0
100
AcDbBlockReference
  2
AnonymMegaMac_nNn037
 10
0.0
 20
0.0
 30
0.0
  0
INSERT
  5
AB9
330
627
100
AcDbEntity
  8
0
100
AcDbBlockReference
  2
AnonymMegaMac_nNn038
 10
0.0
 20
0.0
 30
0.0
  0
INSERT
  5
B15
330
627
100
AcDbEntity
  8
0
100
AcDbBlockReference
  2
AnonymMegaMac_nNn039
 10
0.0
 20
0.0
 30
0.0
  0
ENDBLK
  5
629
330
627
100
AcDbEntity
  8
0
100
AcDbBlockEnd
  0
BLOCK
  5
62B
330
62A
100
AcDbEntity
  8
0
100
AcDbBlockBegin
  2
AnonymMegaMac_nNn024
 70
     0
 10
0.0
 20
0.0
 30
0.0
  3
AnonymMegaMac_nNn024
  1

  0
INSERT
  5
6A4
330
62A
100
AcDbEntity
  8
0
100
AcDbBlockReference
  2
AnonymMegaMac_nNn025
 10
0.0
 20
0.0
 30
0.0
  0
ENDBLK
  5
62C
330
62A
100
AcDbEntity
  8
0
100
AcDbBlockEnd
  0
BLOCK
  5
62E
330
62D
100
AcDbEntity
  8
0
100
AcDbBlockBegin
  2
AnonymMegaMac_nNn025
 70
     0
 10
0.0
 20
0.0
 30
0.0
  3
AnonymMegaMac_nNn025
  1

  0
INSERT
  5
6A3
330
62D
100
AcDbEntity
  8
0
100
AcDbBlockReference
  2
AnonymMegaMac_nNn026
 10
0.0
 20
0.0
 30
0.0
  0
ENDBLK
  5
62F
330
62D
100
AcDbEntity
  8
0
100
AcDbBlockEnd
  0
BLOCK
  5
631
330
630
100
AcDbEntity
  8
0
100
AcDbBlockBegin
  2
AnonymMegaMac_nNn026
 70
     0
 10
0.0
 20
0.0
 30
0.0
  3
AnonymMegaMac_nNn026
  1

  0
LINE
  5
633
330
630
100
AcDbEntity
  8
2
  6
AUSGEZOGEN
 62
     7
370
    35
100
AcDbLine
 10
308.052734375
 20
-483.043340450718
 30
0.0
 11
308.052734375
 21
-722.022825008824
 31
0.0
  0
LINE
  5
634
330
630
100
AcDbEntity
  8
2
  6
AUSGEZOGEN
 62
     7
370
    35
100
AcDbLine
 10
185.072265625
 20
-482.994420772984
 30
0.0
 11
308.052734375
 21
-483.043340450718
 31
0.0
  0
LINE
  5
635
330
630
100
AcDbEntity
  8
2
  6
AUSGEZOGEN
 62
     7
370
    35
100
AcDbLine
 10
147.384765625
 20
-582.874505764439
 30
0.0
 11
183.20703125
 21
-495.177701717808
 31
0.0
  0
LINE
  5
636
330
630
100
AcDbEntity
  8
2
  6
AUSGEZOGEN
 62
     7
370
    35
100
AcDbLine
 10
308.052734375
 20
-722.022825008824
 30
0.0
 11
307.552734375
 21
-722.022825008824
 31
0.0
  0
LINE
  5
637
330
630
100
AcDbEntity
  8
2
  6
AUSGEZOGEN
 62
     7
370
    35
100
AcDbLine
 10
307.552734375
 20
-722.022825008824
 30
0.0
 11
307.552734375
 21
-753.328611141636
 31
0.0
  0
LINE
  5
638
330
630
100
AcDbEntity
  8
2
  6
AUSGEZOGEN
 62
     7
370
    35
100
AcDbLine
 10
307.552734375
 20
-753.328611141636
 30
0.0
 11
-25.947265625
 21
-753.339872127965
 31
0.0
  0
LINE
  5
639
330
630
100
AcDbEntity
  8
2
  6
AUSGEZOGEN
 62
     7
370
    35
100
AcDbLine
 10
-192.970703125
 20
-593.33874869962
 30
0.0
 11
120.125
 21
-593.33874869962
 31
0.0
  0
LINE
  5
63A
330
630
100
AcDbEntity
  8
2
  6
AUSGEZOGEN
 62
     7
370
    35
100
AcDbLine
 10
180.61328125
 20
-494.122388607457
 30
0.0
 11
185.072265625
 21
-482.994420772984
 31
0.0
  0
LINE
  5
63B
330
630
100
AcDbEntity
  8
2
  6
AUSGEZOGEN
 62
     7
370
    35
100
AcDbLine
 10
183.20703125
 20
-495.177701717808
 30
0.0
 11
180.61328125
 21
-494.122388607457
 31
0.0
  0
CIRCLE
  5
63C
330
630
100
AcDbEntity
  8
2
  6
AUSGEZOGEN
 62
     7
370
    35
100
AcDbCircle
 10
223.821080568076
 20
-562.556531673863
 30
0.0
 40
15.25
  0
CIRCLE
  5
63D
330
630
100
AcDbEntity
  8
2
  6
AUSGEZOGEN
 62
     7
370
    35
100
AcDbCircle
 10
244.4811307522
 20
-512.028665194187
 30
0.0
 40
15.25
  0
ARC
  5
63E
330
630
100
AcDbEntity
  8
2
  6
AUSGEZOGEN
 62
     7
370
    35
100
AcDbCircle
 10
128.85639460024
 20
-575.345117221206
 30
0.0
 40
19.99999999999993
100
AcDbArc
 50
244.116237623067
 51
337.884840534637
  0
LINE
  5
63F
330
630
100
AcDbEntity
  8
2
  6
AUSGEZOGEN
 62
     7
370
    35
100
AcDbLine
 10
308.052734375
 20
-479.043340450718
 30
0.0
 11
308.052734375
 21
-432.690137630894
 31
0.0
  0
LINE
  5
640
330
630
100
AcDbEntity
  8
2
  6
AUSGEZOGEN
 62
     7
370
    35
100
AcDbLine
 10
308.052734375
 20
-432.690137630894
 30
0.0
 11
267.451171875
 21
-404.737745052769
 31
0.0
  0
LINE
  5
641
330
630
100
AcDbEntity
  8
2
  6
AUSGEZOGEN
 62
     7
370
    35
100
AcDbLine
 10
267.451171875
 20
-404.737745052769
 30
0.0
 11
241.169921875
 21
-404.737302547886
 31
0.0
  0
LINE
  5
642
330
630
100
AcDbEntity
  8
2
  6
AUSGEZOGEN
 62
     7
370
    35
100
AcDbLine
 10
186.673828125
 20
-478.99505401273
 30
0.0
 11
308.052734375
 21
-479.043340450718
 31
0.0
  0
LINE
  5
643
330
630
100
AcDbEntity
  8
2
  6
AUSGEZOGEN
 62
     7
370
    35
100
AcDbLine
 10
206.654296875
 20
-429.137265926793
 30
0.0
 11
186.673828125
 21
-478.99505401273
 31
0.0
  0
LINE
  5
644
330
630
100
AcDbEntity
  8
2
  6
AUSGEZOGEN
 62
     7
370
    35
100
AcDbLine
 10
207.896484375
 20
-428.587247616246
 30
0.0
 11
206.654296875
 21
-429.137265926793
 31
0.0
  0
ARC
  5
645
330
630
100
AcDbEntity
  8
2
  6
AUSGEZOGEN
 62
     7
370
    35
100
AcDbCircle
 10
232.895034576261
 20
-428.328285194187
 30
0.0
 40
25.00000000000007
100
AcDbArc
 50
180.593520249443
 51
70.672034529183
  0
LINE
  5
646
330
630
100
AcDbEntity
  8
2
  6
AUSGEZOGEN
 62
     7
370
    35
100
AcDbLine
 10
307.552734375
 20
-753.328611141636
 30
0.0
 11
-25.947265625
 21
-753.339872127965
 31
0.0
  0
LINE
  5
647
330
630
100
AcDbEntity
  8
2
  6
AUSGEZOGEN
 62
     7
370
    35
100
AcDbLine
 10
-25.947265625
 20
-753.339872127965
 30
0.0
 11
307.552734375
 21
-753.328611141636
 31
0.0
  0
LINE
  5
648
330
630
100
AcDbEntity
  8
2
  6
AUSGEZOGEN
 62
     7
370
    35
100
AcDbLine
 10
-192.970703125
 20
-593.33874869962
 30
0.0
 11
120.125
 21
-593.33874869962
 31
0.0
  0
LINE
  5
649
330
630
100
AcDbEntity
  8
2
  6
AUSGEZOGEN
 62
     7
370
    35
100
AcDbLine
 10
120.125
 20
-593.33874869962
 30
0.0
 11
-192.970703125
 21
-593.33874869962
 31
0.0
  0
LINE
  5
64A
330
630
100
AcDbEntity
  8
2
  6
AUSGEZOGEN
 62
     7
370
    35
100
AcDbLine
 10
308.052734375
 20
-722.022825008824
 30
0.0
 11
307.552734375
 21
-722.022825008824
 31
0.0
  0
LINE
  5
64B
330
630
100
AcDbEntity
  8
2
  6
AUSGEZOGEN
 62
     7
370
    35
100
AcDbLine
 10
307.552734375
 20
-722.022825008824
 30
0.0
 11
308.052734375
 21
-722.022825008824
 31
0.0
  0
LINE
  5
64C
330
630
100
AcDbEntity
  8
2
  6
AUSGEZOGEN
 62
     7
370
    35
100
AcDbLine
 10
307.552734375
 20
-722.022825008824
 30
0.0
 11
307.552734375
 21
-753.328611141636
 31
0.0
  0
LINE
  5
64D
330
630
100
AcDbEntity
  8
2
  6
AUSGEZOGEN
 62
     7
370
    35
100
AcDbLine
 10
307.552734375
 20
-753.328611141636
 30
0.0
 11
307.552734375
 21
-722.022825008824
 31
0.0
  0
LINE
  5
64E
330
630
100
AcDbEntity
  8
2
  6
AUSGEZOGEN
 62
     7
370
    35
100
AcDbLine
 10
-25.947265625
 20
-753.339872127965
 30
0.0
 11
307.552734375
 21
-753.328611141636
 31
0.0
  0
LINE
  5
64F
330
630
100
AcDbEntity
  8
2
  6
AUSGEZOGEN
 62
     7
370
    35
100
AcDbLine
 10
307.552734375
 20
-753.328611141636
 30
0.0
 11
307.552734375
 21
-722.022825008824
 31
0.0
  0
LINE
  5
650
330
630
100
AcDbEntity
  8
2
  6
AUSGEZOGEN
 62
     7
370
    35
100
AcDbLine
 10
307.552734375
 20
-722.022825008824
 30
0.0
 11
308.052734375
 21
-722.022825008824
 31
0.0
  0
LINE
  5
651
330
630
100
AcDbEntity
  8
2
  6
AUSGEZOGEN
 62
     7
370
    35
100
AcDbLine
 10
308.052734375
 20
-722.022825008824
 30
0.0
 11
308.052734375
 21
-593.339198833897
 31
0.0
  0
LINE
  5
652
330
630
100
AcDbEntity
  8
2
  6
AUSGEZOGEN
 62
     7
370
    35
100
AcDbLine
 10
308.052734375
 20
-593.339198833897
 30
0.0
 11
154.130859375
 21
-593.33874869962
 31
0.0
  0
LINE
  5
653
330
630
100
AcDbEntity
  8
2
  6
AUSGEZOGEN
 62
     7
370
    35
100
AcDbLine
 10
154.130859375
 20
-593.33874869962
 30
0.0
 11
151.130859375
 21
-591.338775402501
 31
0.0
  0
LINE
  5
654
330
630
100
AcDbEntity
  8
2
  6
AUSGEZOGEN
 62
     7
370
    35
100
AcDbLine
 10
151.130859375
 20
-591.338775402501
 30
0.0
 11
151.130859375
 21
-573.705701595738
 31
0.0
  0
LINE
  5
655
330
630
100
AcDbEntity
  8
2
  6
AUSGEZOGEN
 62
     7
370
    35
100
AcDbLine
 10
151.130859375
 20
-573.705701595738
 30
0.0
 11
147.384765625
 21
-582.874505764439
 31
0.0
  0
LINE
  5
656
330
630
100
AcDbEntity
  8
2
  6
AUSGEZOGEN
 62
     7
370
    35
100
AcDbLine
 10
120.125
 20
-593.33874869962
 30
0.0
 11
-192.970703125
 21
-593.33874869962
 31
0.0
  0
ARC
  5
657
330
630
100
AcDbEntity
  8
2
  6
AUSGEZOGEN
 62
     7
370
    35
100
AcDbCircle
 10
128.85639460024
 20
-575.345117221206
 30
0.0
 40
19.99999999999993
100
AcDbArc
 50
244.116237623067
 51
337.884840534637
  0
LINE
  5
658
330
630
100
AcDbEntity
  8
2
  6
AUSGEZOGEN
 62
     7
370
    35
100
AcDbLine
 10
308.052734375
 20
-481.043340450718
 30
0.0
 11
185.873046875
 21
-480.99473357816
 31
0.0
  0
LINE
  5
659
330
630
100
AcDbEntity
  8
2
  6
AUSGEZOGEN
 62
     7
370
    35
100
AcDbLine
 10
185.873046875
 20
-480.99473357816
 30
0.0
 11
308.052734375
 21
-481.043340450718
 31
0.0
  0
LINE
  5
65A
330
630
100
AcDbEntity
  8
2
  6
AUSGEZOGEN
 62
     7
370
    35
100
AcDbLine
 10
206.654296875
 20
-429.137265926793
 30
0.0
 11
207.896484375
 21
-428.587247616246
 31
0.0
  0
LINE
  5
65B
330
630
100
AcDbEntity
  8
2
  6
AUSGEZOGEN
 62
     7
370
    35
100
AcDbLine
 10
207.896484375
 20
-428.587247616246
 30
0.0
 11
206.654296875
 21
-429.137265926793
 31
0.0
  0
LINE
  5
65C
330
630
100
AcDbEntity
  8
2
  6
AUSGEZOGEN
 62
     7
370
    35
100
AcDbLine
 10
241.169921875
 20
-404.737302547886
 30
0.0
 11
267.451171875
 21
-404.737745052769
 31
0.0
  0
LINE
  5
65D
330
630
100
AcDbEntity
  8
2
  6
AUSGEZOGEN
 62
     7
370
    35
100
AcDbLine
 10
267.451171875
 20
-404.737745052769
 30
0.0
 11
241.169921875
 21
-404.737302547886
 31
0.0
  0
LINE
  5
65E
330
630
100
AcDbEntity
  8
2
  6
AUSGEZOGEN
 62
     7
370
    35
100
AcDbLine
 10
267.451171875
 20
-404.737745052769
 30
0.0
 11
308.052734375
 21
-432.690137630894
 31
0.0
  0
LINE
  5
65F
330
630
100
AcDbEntity
  8
2
  6
AUSGEZOGEN
 62
     7
370
    35
100
AcDbLine
 10
308.052734375
 20
-432.690137630894
 30
0.0
 11
267.451171875
 21
-404.737745052769
 31
0.0
  0
LINE
  5
660
330
630
100
AcDbEntity
  8
2
  6
AUSGEZOGEN
 62
     7
370
    35
100
AcDbLine
 10
308.052734375
 20
-432.690137630894
 30
0.0
 11
308.052734375
 21
-481.043340450718
 31
0.0
  0
LINE
  5
661
330
630
100
AcDbEntity
  8
2
  6
AUSGEZOGEN
 62
     7
370
    35
100
AcDbLine
 10
308.052734375
 20
-481.043340450718
 30
0.0
 11
185.873046875
 21
-480.99473357816
 31
0.0
  0
LINE
  5
662
330
630
100
AcDbEntity
  8
2
  6
AUSGEZOGEN
 62
     7
370
    35
100
AcDbLine
 10
185.873046875
 20
-480.99473357816
 30
0.0
 11
206.654296875
 21
-429.137265926793
 31
0.0
  0
LINE
  5
663
330
630
100
AcDbEntity
  8
2
  6
AUSGEZOGEN
 62
     7
370
    35
100
AcDbLine
 10
206.654296875
 20
-429.137265926793
 30
0.0
 11
207.896484375
 21
-428.587247616246
 31
0.0
  0
LINE
  5
664
330
630
100
AcDbEntity
  8
2
  6
AUSGEZOGEN
 62
     7
370
    35
100
AcDbLine
 10
267.451171875
 20
-404.737745052769
 30
0.0
 11
308.052734375
 21
-432.690137630894
 31
0.0
  0
LINE
  5
665
330
630
100
AcDbEntity
  8
2
  6
AUSGEZOGEN
 62
     7
370
    35
100
AcDbLine
 10
241.169921875
 20
-404.737302547886
 30
0.0
 11
267.451171875
 21
-404.737745052769
 31
0.0
  0
ARC
  5
666
330
630
100
AcDbEntity
  8
2
  6
AUSGEZOGEN
 62
     7
370
    35
100
AcDbCircle
 10
232.895034576261
 20
-428.328285194187
 30
0.0
 40
25.00000000000007
100
AcDbArc
 50
180.593520249443
 51
70.672034529183
  0
LINE
  5
667
330
630
100
AcDbEntity
  8
2
  6
AUSGEZOGEN
 62
     7
370
    35
100
AcDbLine
 10
154.130859375
 20
-593.33874869962
 30
0.0
 11
308.052734375
 21
-593.339198833897
 31
0.0
  0
LINE
  5
668
330
630
100
AcDbEntity
  8
2
  6
AUSGEZOGEN
 62
     7
370
    35
100
AcDbLine
 10
308.052734375
 20
-593.339198833897
 30
0.0
 11
154.130859375
 21
-593.33874869962
 31
0.0
  0
LINE
  5
669
330
630
100
AcDbEntity
  8
2
  6
AUSGEZOGEN
 62
     7
370
    35
100
AcDbLine
 10
151.130859375
 20
-591.338775402501
 30
0.0
 11
154.130859375
 21
-593.33874869962
 31
0.0
  0
LINE
  5
66A
330
630
100
AcDbEntity
  8
2
  6
AUSGEZOGEN
 62
     7
370
    35
100
AcDbLine
 10
154.130859375
 20
-593.33874869962
 30
0.0
 11
151.130859375
 21
-591.338775402501
 31
0.0
  0
LINE
  5
66B
330
630
100
AcDbEntity
  8
2
  6
AUSGEZOGEN
 62
     7
370
    35
100
AcDbLine
 10
151.130859375
 20
-573.705701595738
 30
0.0
 11
151.130859375
 21
-591.338775402501
 31
0.0
  0
LINE
  5
66C
330
630
100
AcDbEntity
  8
2
  6
AUSGEZOGEN
 62
     7
370
    35
100
AcDbLine
 10
151.130859375
 20
-591.338775402501
 30
0.0
 11
151.130859375
 21
-573.705701595738
 31
0.0
  0
LINE
  5
66D
330
630
100
AcDbEntity
  8
2
  6
AUSGEZOGEN
 62
     7
370
    35
100
AcDbLine
 10
151.130859375
 20
-573.705701595738
 30
0.0
 11
183.20703125
 21
-495.177701717808
 31
0.0
  0
LINE
  5
66E
330
630
100
AcDbEntity
  8
2
  6
AUSGEZOGEN
 62
     7
370
    35
100
AcDbLine
 10
183.20703125
 20
-495.177701717808
 30
0.0
 11
147.384765625
 21
-582.874505764439
 31
0.0
  0
LINE
  5
66F
330
630
100
AcDbEntity
  8
2
  6
AUSGEZOGEN
 62
     7
370
    35
100
AcDbLine
 10
147.384765625
 20
-582.874505764439
 30
0.0
 11
151.130859375
 21
-573.705701595738
 31
0.0
  0
LINE
  5
670
330
630
100
AcDbEntity
  8
2
  6
AUSGEZOGEN
 62
     7
370
    35
100
AcDbLine
 10
183.20703125
 20
-495.177701717808
 30
0.0
 11
180.61328125
 21
-494.122388607457
 31
0.0
  0
LINE
  5
671
330
630
100
AcDbEntity
  8
2
  6
AUSGEZOGEN
 62
     7
370
    35
100
AcDbLine
 10
180.61328125
 20
-494.122388607457
 30
0.0
 11
183.20703125
 21
-495.177701717808
 31
0.0
  0
LINE
  5
672
330
630
100
AcDbEntity
  8
2
  6
AUSGEZOGEN
 62
     7
370
    35
100
AcDbLine
 10
180.61328125
 20
-494.122388607457
 30
0.0
 11
185.873046875
 21
-480.99473357816
 31
0.0
  0
LINE
  5
673
330
630
100
AcDbEntity
  8
2
  6
AUSGEZOGEN
 62
     7
370
    35
100
AcDbLine
 10
185.072265625
 20
-482.994420772984
 30
0.0
 11
180.61328125
 21
-494.122388607457
 31
0.0
  0
LINE
  5
674
330
630
100
AcDbEntity
  8
2
  6
AUSGEZOGEN
 62
     7
370
    35
100
AcDbLine
 10
206.654296875
 20
-429.137265926793
 30
0.0
 11
185.873046875
 21
-480.99473357816
 31
0.0
  0
LINE
  5
675
330
630
100
AcDbEntity
  8
2
  6
AUSGEZOGEN
 62
     7
370
    35
100
AcDbLine
 10
186.673828125
 20
-478.99505401273
 30
0.0
 11
206.654296875
 21
-429.137265926793
 31
0.0
  0
LINE
  5
676
330
630
100
AcDbEntity
  8
2
  6
AUSGEZOGEN
 62
     7
370
    35
100
AcDbLine
 10
185.072025094647
 20
-482.994417619868
 30
0.0
 11
185.873350917347
 21
-480.994736262167
 31
0.0
  0
LINE
  5
677
330
630
100
AcDbEntity
  8
2
  6
AUSGEZOGEN
 62
     7
370
    35
100
AcDbLine
 10
186.674676740047
 20
-478.995054904466
 30
0.0
 11
185.873350917347
 21
-480.994736262167
 31
0.0
  0
LINE
  5
678
330
630
100
AcDbEntity
  8
2
  6
AUSGEZOGEN
 62
     7
370
    35
100
AcDbLine
 10
308.052734375
 20
-481.043340450718
 30
0.0
 11
185.873046875
 21
-480.99473357816
 31
0.0
  0
LINE
  5
679
330
630
100
AcDbEntity
  8
2
  6
AUSGEZOGEN
 62
     7
370
    35
100
AcDbLine
 10
185.873046875
 20
-480.99473357816
 30
0.0
 11
308.052734375
 21
-481.043340450718
 31
0.0
  0
LINE
  5
67A
330
630
100
AcDbEntity
  8
2
  6
AUSGEZOGEN
 62
     7
370
    35
100
AcDbLine
 10
308.052734375
 20
-481.043340450718
 30
0.0
 11
308.052734375
 21
-593.339198833897
 31
0.0
  0
LINE
  5
67B
330
630
100
AcDbEntity
  8
2
  6
AUSGEZOGEN
 62
     7
370
    35
100
AcDbLine
 10
308.052734375
 20
-722.022825008824
 30
0.0
 11
308.052734375
 21
-483.043340450718
 31
0.0
  0
LINE
  5
67C
330
630
100
AcDbEntity
  8
2
  6
AUSGEZOGEN
 62
     7
370
    35
100
AcDbLine
 10
308.052734375
 20
-432.690137630894
 30
0.0
 11
308.052734375
 21
-479.043340450718
 31
0.0
  0
LINE
  5
67D
330
630
100
AcDbEntity
  8
2
  6
AUSGEZOGEN
 62
     7
370
    35
100
AcDbLine
 10
308.052734375
 20
-481.043340450718
 30
0.0
 11
308.052734375
 21
-432.690137630894
 31
0.0
  0
LINE
  5
67E
330
630
100
AcDbEntity
  8
2
  6
AUSGEZOGEN
 62
     7
370
    35
100
AcDbLine
 10
308.052734375
 20
-593.339198833897
 30
0.0
 11
308.052734375
 21
-722.022825008824
 31
0.0
  0
LINE
  5
67F
330
630
100
AcDbEntity
  8
2
  6
AUSGEZOGEN
 62
     7
370
    35
100
AcDbLine
 10
308.052131279233
 20
-483.043344198657
 30
0.0
 11
308.052131279233
 21
-481.043344037574
 31
0.0
  0
LINE
  5
680
330
630
100
AcDbEntity
  8
2
  6
AUSGEZOGEN
 62
     7
370
    35
100
AcDbLine
 10
308.052131279233
 20
-479.04334387649
 30
0.0
 11
308.052131279233
 21
-481.043344037573
 31
0.0
  0
LINE
  5
681
330
630
100
AcDbEntity
  8
2
  6
AUSGEZOGEN
 62
     7
370
    35
100
AcDbLine
 10
180.61328125
 20
-494.122388607457
 30
0.0
 11
183.20703125
 21
-495.177701717808
 31
0.0
  0
LINE
  5
682
330
630
100
AcDbEntity
  8
2
  6
AUSGEZOGEN
 62
     7
370
    35
100
AcDbLine
 10
185.873046875
 20
-480.99473357816
 30
0.0
 11
180.61328125
 21
-494.122388607457
 31
0.0
  0
LINE
  5
683
330
630
100
AcDbEntity
  8
2
  6
AUSGEZOGEN
 62
     7
370
    35
100
AcDbLine
 10
308.052734375
 20
-481.043340450718
 30
0.0
 11
185.873046875
 21
-480.99473357816
 31
0.0
  0
LINE
  5
684
330
630
100
AcDbEntity
  8
2
  6
AUSGEZOGEN
 62
     7
370
    35
100
AcDbLine
 10
154.130859375
 20
-593.33874869962
 30
0.0
 11
308.052734375
 21
-593.339198833897
 31
0.0
  0
LINE
  5
685
330
630
100
AcDbEntity
  8
2
  6
AUSGEZOGEN
 62
     7
370
    35
100
AcDbLine
 10
183.20703125
 20
-495.177701717808
 30
0.0
 11
151.130859375
 21
-573.705701595738
 31
0.0
  0
LINE
  5
686
330
630
100
AcDbEntity
  8
2
  6
AUSGEZOGEN
 62
     7
370
    35
100
AcDbLine
 10
308.052734375
 20
-593.339198833897
 30
0.0
 11
308.052734375
 21
-481.043340450718
 31
0.0
  0
LINE
  5
687
330
630
100
AcDbEntity
  8
2
  6
AUSGEZOGEN
 62
     7
370
    35
100
AcDbLine
 10
151.130859375
 20
-591.338775402501
 30
0.0
 11
154.130859375
 21
-593.33874869962
 31
0.0
  0
LINE
  5
688
330
630
100
AcDbEntity
  8
2
  6
AUSGEZOGEN
 62
     7
370
    35
100
AcDbLine
 10
151.130859375
 20
-573.705701595738
 30
0.0
 11
151.130859375
 21
-591.338775402501
 31
0.0
  0
CIRCLE
  5
689
330
630
100
AcDbEntity
  8
2
  6
AUSGEZOGEN
 62
     7
370
    35
100
AcDbCircle
 10
244.4811307522
 20
-512.028665194187
 30
0.0
 40
10.25
  0
CIRCLE
  5
68A
330
630
100
AcDbEntity
  8
2
  6
AUSGEZOGEN
 62
     7
370
    35
100
AcDbCircle
 10
223.821080568076
 20
-562.556531673863
 30
0.0
 40
10.25
  0
LINE
  5
68B
330
630
100
AcDbEntity
  8
2
  6
AUSGEZOGEN
 62
     7
370
    35
100
AcDbLine
 10
307.552734375
 20
-753.328611141636
 30
0.0
 11
-25.947265625
 21
-753.339872127965
 31
0.0
  0
LINE
  5
68C
330
630
100
AcDbEntity
  8
2
  6
AUSGEZOGEN
 62
     7
370
    35
100
AcDbLine
 10
-25.947265625
 20
-753.339872127965
 30
0.0
 11
307.552734375
 21
-753.328611141636
 31
0.0
  0
LINE
  5
68D
330
630
100
AcDbEntity
  8
2
  6
AUSGEZOGEN
 62
     7
370
    35
100
AcDbLine
 10
-192.970703125
 20
-593.33874869962
 30
0.0
 11
120.125
 21
-593.33874869962
 31
0.0
  0
LINE
  5
68E
330
630
100
AcDbEntity
  8
2
  6
AUSGEZOGEN
 62
     7
370
    35
100
AcDbLine
 10
120.125
 20
-593.33874869962
 30
0.0
 11
-192.970703125
 21
-593.33874869962
 31
0.0
  0
LINE
  5
68F
330
630
100
AcDbEntity
  8
2
  6
AUSGEZOGEN
 62
     7
370
    35
100
AcDbLine
 10
120.125
 20
-593.33874869962
 30
0.0
 11
128.00390625
 21
-595.32695937772
 31
0.0
  0
LINE
  5
690
330
630
100
AcDbEntity
  8
2
  6
AUSGEZOGEN
 62
     7
370
    35
100
AcDbLine
 10
136.0234375
 20
-594.016658550694
 30
0.0
 11
128.00390625
 21
-595.32695937772
 31
0.0
  0
LINE
  5
691
330
630
100
AcDbEntity
  8
2
  6
AUSGEZOGEN
 62
     7
370
    35
100
AcDbLine
 10
142.859375
 20
-589.62414146085
 30
0.0
 11
136.0234375
 21
-594.016658550694
 31
0.0
  0
LINE
  5
692
330
630
100
AcDbEntity
  8
2
  6
AUSGEZOGEN
 62
     7
370
    35
100
AcDbLine
 10
147.384765625
 20
-582.874505764439
 30
0.0
 11
142.859375
 21
-589.62414146085
 31
0.0
  0
LINE
  5
693
330
630
100
AcDbEntity
  8
2
  6
AUSGEZOGEN
 62
     7
370
    35
100
AcDbLine
 10
147.384765625
 20
-582.874505764439
 30
0.0
 11
151.130859375
 21
-573.705701595738
 31
0.0
  0
LINE
  5
694
330
630
100
AcDbEntity
  8
2
  6
AUSGEZOGEN
 62
     7
370
    35
100
AcDbLine
 10
151.130859375
 20
-573.705701595738
 30
0.0
 11
147.384765625
 21
-582.874505764439
 31
0.0
  0
LINE
  5
695
330
630
100
AcDbEntity
  8
2
  6
AUSGEZOGEN
 62
     7
370
    35
100
AcDbLine
 10
151.130859375
 20
-573.705701595738
 30
0.0
 11
151.130859375
 21
-591.338775402501
 31
0.0
  0
LINE
  5
696
330
630
100
AcDbEntity
  8
2
  6
AUSGEZOGEN
 62
     7
370
    35
100
AcDbLine
 10
151.130859375
 20
-591.338775402501
 30
0.0
 11
151.130859375
 21
-573.705701595738
 31
0.0
  0
LINE
  5
697
330
630
100
AcDbEntity
  8
2
  6
AUSGEZOGEN
 62
     7
370
    35
100
AcDbLine
 10
151.130859375
 20
-591.338775402501
 30
0.0
 11
154.130859375
 21
-593.33874869962
 31
0.0
  0
LINE
  5
698
330
630
100
AcDbEntity
  8
2
  6
AUSGEZOGEN
 62
     7
370
    35
100
AcDbLine
 10
154.130859375
 20
-593.33874869962
 30
0.0
 11
151.130859375
 21
-591.338775402501
 31
0.0
  0
LINE
  5
699
330
630
100
AcDbEntity
  8
2
  6
AUSGEZOGEN
 62
     7
370
    35
100
AcDbLine
 10
154.130859375
 20
-593.33874869962
 30
0.0
 11
308.052734375
 21
-593.339198833897
 31
0.0
  0
LINE
  5
69A
330
630
100
AcDbEntity
  8
2
  6
AUSGEZOGEN
 62
     7
370
    35
100
AcDbLine
 10
308.052734375
 20
-593.339198833897
 30
0.0
 11
154.130859375
 21
-593.33874869962
 31
0.0
  0
LINE
  5
69B
330
630
100
AcDbEntity
  8
2
  6
AUSGEZOGEN
 62
     7
370
    35
100
AcDbLine
 10
308.052734375
 20
-593.339198833897
 30
0.0
 11
308.052734375
 21
-722.022825008824
 31
0.0
  0
LINE
  5
69C
330
630
100
AcDbEntity
  8
2
  6
AUSGEZOGEN
 62
     7
370
    35
100
AcDbLine
 10
308.052734375
 20
-722.022825008824
 30
0.0
 11
308.052734375
 21
-593.339198833897
 31
0.0
  0
LINE
  5
69D
330
630
100
AcDbEntity
  8
2
  6
AUSGEZOGEN
 62
     7
370
    35
100
AcDbLine
 10
308.052734375
 20
-722.022825008824
 30
0.0
 11
307.552734375
 21
-722.022825008824
 31
0.0
  0
LINE
  5
69E
330
630
100
AcDbEntity
  8
2
  6
AUSGEZOGEN
 62
     7
370
    35
100
AcDbLine
 10
307.552734375
 20
-722.022825008824
 30
0.0
 11
308.052734375
 21
-722.022825008824
 31
0.0
  0
LINE
  5
69F
330
630
100
AcDbEntity
  8
2
  6
AUSGEZOGEN
 62
     7
370
    35
100
AcDbLine
 10
307.552734375
 20
-722.022825008824
 30
0.0
 11
307.552734375
 21
-753.328611141636
 31
0.0
  0
LINE
  5
6A0
330
630
100
AcDbEntity
  8
2
  6
AUSGEZOGEN
 62
     7
370
    35
100
AcDbLine
 10
307.552734375
 20
-753.328611141636
 30
0.0
 11
307.552734375
 21
-722.022825008824
 31
0.0
  0
ARC
  5
6A1
330
630
100
AcDbEntity
  8
2
  6
AUSGEZOGEN
 62
     7
370
    35
100
AcDbCircle
 10
128.85639460024
 20
-575.345117221205
 30
0.0
 40
19.99999999999999
100
AcDbArc
 50
244.11623762307
 51
337.884840533953
  0
ARC
  5
6A2
330
630
100
AcDbEntity
  8
2
  6
AUSGEZOGEN
 62
     7
370
    35
100
AcDbCircle
 10
128.85639460024
 20
-575.345117221205
 30
0.0
 40
19.99999999999999
100
AcDbArc
 50
244.11623762307
 51
337.884840533953
  0
ENDBLK
  5
632
330
630
100
AcDbEntity
  8
0
100
AcDbBlockEnd
  0
BLOCK
  5
6A7
330
6A6
100
AcDbEntity
  8
0
100
AcDbBlockBegin
  2
AnonymMegaMac_nNn027
 70
     0
 10
0.0
 20
0.0
 30
0.0
  3
AnonymMegaMac_nNn027
  1

  0
LINE
  5
6A9
330
6A6
100
AcDbEntity
  8
2
  6
AUSGEZOGEN
 62
     7
370
    35
100
AcDbLine
 10
308.052734375
 20
-479.043340450718
 30
0.0
 11
186.673828125
 21
-478.99505401273
 31
0.0
  0
LINE
  5
6AA
330
6A6
100
AcDbEntity
  8
2
  6
AUSGEZOGEN
 62
     7
370
    35
100
AcDbLine
 10
186.673828125
 20
-478.99505401273
 30
0.0
 11
308.052734375
 21
-479.043340450718
 31
0.0
  0
LINE
  5
6AB
330
6A6
100
AcDbEntity
  8
2
  6
AUSGEZOGEN
 62
     7
370
    35
100
AcDbLine
 10
308.052734375
 20
-479.043340450718
 30
0.0
 11
308.052734375
 21
-432.690137630894
 31
0.0
  0
LINE
  5
6AC
330
6A6
100
AcDbEntity
  8
2
  6
AUSGEZOGEN
 62
     7
370
    35
100
AcDbLine
 10
308.052734375
 20
-432.690137630894
 30
0.0
 11
267.451171875
 21
-404.737745052769
 31
0.0
  0
LINE
  5
6AD
330
6A6
100
AcDbEntity
  8
2
  6
AUSGEZOGEN
 62
     7
370
    35
100
AcDbLine
 10
267.451171875
 20
-404.737745052769
 30
0.0
 11
241.169921875
 21
-404.737302547886
 31
0.0
  0
LINE
  5
6AE
330
6A6
100
AcDbEntity
  8
2
  6
AUSGEZOGEN
 62
     7
370
    35
100
AcDbLine
 10
186.673828125
 20
-478.99505401273
 30
0.0
 11
308.052734375
 21
-479.043340450718
 31
0.0
  0
LINE
  5
6AF
330
6A6
100
AcDbEntity
  8
2
  6
AUSGEZOGEN
 62
     7
370
    35
100
AcDbLine
 10
206.654296875
 20
-429.137265926793
 30
0.0
 11
186.673828125
 21
-478.99505401273
 31
0.0
  0
LINE
  5
6B0
330
6A6
100
AcDbEntity
  8
2
  6
AUSGEZOGEN
 62
     7
370
    35
100
AcDbLine
 10
207.896484375
 20
-428.587247616246
 30
0.0
 11
206.654296875
 21
-429.137265926793
 31
0.0
  0
ARC
  5
6B1
330
6A6
100
AcDbEntity
  8
2
  6
AUSGEZOGEN
 62
     7
370
    35
100
AcDbCircle
 10
232.895034576261
 20
-428.328285194188
 30
0.0
 40
25.00000000000001
100
AcDbArc
 50
180.593520249443
 51
70.672034529184
  0
LINE
  5
6B2
330
6A6
100
AcDbEntity
  8
2
  6
AUSGEZOGEN
 62
     7
370
    35
100
AcDbLine
 10
206.654296875
 20
-429.137265926793
 30
0.0
 11
207.896484375
 21
-428.587247616246
 31
0.0
  0
LINE
  5
6B3
330
6A6
100
AcDbEntity
  8
2
  6
AUSGEZOGEN
 62
     7
370
    35
100
AcDbLine
 10
207.896484375
 20
-428.587247616246
 30
0.0
 11
206.654296875
 21
-429.137265926793
 31
0.0
  0
LINE
  5
6B4
330
6A6
100
AcDbEntity
  8
2
  6
AUSGEZOGEN
 62
     7
370
    35
100
AcDbLine
 10
241.169921875
 20
-404.737302547886
 30
0.0
 11
267.451171875
 21
-404.737745052769
 31
0.0
  0
LINE
  5
6B5
330
6A6
100
AcDbEntity
  8
2
  6
AUSGEZOGEN
 62
     7
370
    35
100
AcDbLine
 10
267.451171875
 20
-404.737745052769
 30
0.0
 11
241.169921875
 21
-404.737302547886
 31
0.0
  0
LINE
  5
6B6
330
6A6
100
AcDbEntity
  8
2
  6
AUSGEZOGEN
 62
     7
370
    35
100
AcDbLine
 10
267.451171875
 20
-404.737745052769
 30
0.0
 11
308.052734375
 21
-432.690137630894
 31
0.0
  0
LINE
  5
6B7
330
6A6
100
AcDbEntity
  8
2
  6
AUSGEZOGEN
 62
     7
370
    35
100
AcDbLine
 10
308.052734375
 20
-432.690137630894
 30
0.0
 11
267.451171875
 21
-404.737745052769
 31
0.0
  0
LINE
  5
6B8
330
6A6
100
AcDbEntity
  8
2
  6
AUSGEZOGEN
 62
     7
370
    35
100
AcDbLine
 10
186.673828125
 20
-478.99505401273
 30
0.0
 11
206.654296875
 21
-429.137265926793
 31
0.0
  0
LINE
  5
6B9
330
6A6
100
AcDbEntity
  8
2
  6
AUSGEZOGEN
 62
     7
370
    35
100
AcDbLine
 10
206.654296875
 20
-429.137265926793
 30
0.0
 11
207.896484375
 21
-428.587247616246
 31
0.0
  0
LINE
  5
6BA
330
6A6
100
AcDbEntity
  8
2
  6
AUSGEZOGEN
 62
     7
370
    35
100
AcDbLine
 10
308.052734375
 20
-479.043340450718
 30
0.0
 11
186.673828125
 21
-478.99505401273
 31
0.0
  0
LINE
  5
6BB
330
6A6
100
AcDbEntity
  8
2
  6
AUSGEZOGEN
 62
     7
370
    35
100
AcDbLine
 10
308.052734375
 20
-432.690137630894
 30
0.0
 11
308.052734375
 21
-479.043340450718
 31
0.0
  0
LINE
  5
6BC
330
6A6
100
AcDbEntity
  8
2
  6
AUSGEZOGEN
 62
     7
370
    35
100
AcDbLine
 10
241.169921875
 20
-404.737302547886
 30
0.0
 11
267.451171875
 21
-404.737745052769
 31
0.0
  0
LINE
  5
6BD
330
6A6
100
AcDbEntity
  8
2
  6
AUSGEZOGEN
 62
     7
370
    35
100
AcDbLine
 10
267.451171875
 20
-404.737745052769
 30
0.0
 11
308.052734375
 21
-432.690137630894
 31
0.0
  0
ARC
  5
6BE
330
6A6
100
AcDbEntity
  8
2
  6
AUSGEZOGEN
 62
     7
370
    35
100
AcDbCircle
 10
232.895034576261
 20
-428.328285194188
 30
0.0
 40
25.00000000000001
100
AcDbArc
 50
180.593520249443
 51
70.672034529184
  0
LINE
  5
6BF
330
6A6
100
AcDbEntity
  8
2
  6
AUSGEZOGEN
 62
     7
370
    35
100
AcDbLine
 10
154.130859375
 20
-593.339875942662
 30
0.0
 11
308.052734375
 21
-593.339198833897
 31
0.0
  0
LINE
  5
6C0
330
6A6
100
AcDbEntity
  8
2
  6
AUSGEZOGEN
 62
     7
370
    35
100
AcDbLine
 10
308.052734375
 20
-593.339198833897
 30
0.0
 11
154.130859375
 21
-593.339875942662
 31
0.0
  0
LINE
  5
6C1
330
6A6
100
AcDbEntity
  8
2
  6
AUSGEZOGEN
 62
     7
370
    35
100
AcDbLine
 10
151.130859375
 20
-591.338775402501
 30
0.0
 11
154.130859375
 21
-593.339875942662
 31
0.0
  0
LINE
  5
6C2
330
6A6
100
AcDbEntity
  8
2
  6
AUSGEZOGEN
 62
     7
370
    35
100
AcDbLine
 10
154.130859375
 20
-593.339875942662
 30
0.0
 11
151.130859375
 21
-591.338775402501
 31
0.0
  0
LINE
  5
6C3
330
6A6
100
AcDbEntity
  8
2
  6
AUSGEZOGEN
 62
     7
370
    35
100
AcDbLine
 10
151.130859375
 20
-573.705701595738
 30
0.0
 11
151.130859375
 21
-591.338775402501
 31
0.0
  0
LINE
  5
6C4
330
6A6
100
AcDbEntity
  8
2
  6
AUSGEZOGEN
 62
     7
370
    35
100
AcDbLine
 10
151.130859375
 20
-591.338775402501
 30
0.0
 11
151.130859375
 21
-573.705701595738
 31
0.0
  0
LINE
  5
6C5
330
6A6
100
AcDbEntity
  8
2
  6
AUSGEZOGEN
 62
     7
370
    35
100
AcDbLine
 10
183.20703125
 20
-495.177701717808
 30
0.0
 11
180.61328125
 21
-494.122388607457
 31
0.0
  0
LINE
  5
6C6
330
6A6
100
AcDbEntity
  8
2
  6
AUSGEZOGEN
 62
     7
370
    35
100
AcDbLine
 10
180.61328125
 20
-494.122388607457
 30
0.0
 11
183.20703125
 21
-495.177701717808
 31
0.0
  0
LINE
  5
6C7
330
6A6
100
AcDbEntity
  8
2
  6
AUSGEZOGEN
 62
     7
370
    35
100
AcDbLine
 10
180.61328125
 20
-494.122388607457
 30
0.0
 11
185.873046875
 21
-480.99473357816
 31
0.0
  0
LINE
  5
6C8
330
6A6
100
AcDbEntity
  8
2
  6
AUSGEZOGEN
 62
     7
370
    35
100
AcDbLine
 10
185.873046875
 20
-480.99473357816
 30
0.0
 11
180.61328125
 21
-494.122388607457
 31
0.0
  0
LINE
  5
6C9
330
6A6
100
AcDbEntity
  8
2
  6
AUSGEZOGEN
 62
     7
370
    35
100
AcDbLine
 10
186.673828125
 20
-478.99505401273
 30
0.0
 11
206.654296875
 21
-429.137265926793
 31
0.0
  0
LINE
  5
6CA
330
6A6
100
AcDbEntity
  8
2
  6
AUSGEZOGEN
 62
     7
370
    35
100
AcDbLine
 10
206.654296875
 20
-429.137265926793
 30
0.0
 11
186.673828125
 21
-478.99505401273
 31
0.0
  0
LINE
  5
6CB
330
6A6
100
AcDbEntity
  8
2
  6
AUSGEZOGEN
 62
     7
370
    35
100
AcDbLine
 10
186.674676740047
 20
-478.995054904466
 30
0.0
 11
185.873350917347
 21
-480.994736262167
 31
0.0
  0
LINE
  5
6CC
330
6A6
100
AcDbEntity
  8
2
  6
AUSGEZOGEN
 62
     7
370
    35
100
AcDbLine
 10
185.873350917347
 20
-480.994736262167
 30
0.0
 11
186.674676740047
 21
-478.995054904466
 31
0.0
  0
LINE
  5
6CD
330
6A6
100
AcDbEntity
  8
2
  6
AUSGEZOGEN
 62
     7
370
    35
100
AcDbLine
 10
308.052734375
 20
-481.043340450718
 30
0.0
 11
185.873046875
 21
-480.99473357816
 31
0.0
  0
LINE
  5
6CE
330
6A6
100
AcDbEntity
  8
2
  6
AUSGEZOGEN
 62
     7
370
    35
100
AcDbLine
 10
185.873046875
 20
-480.99473357816
 30
0.0
 11
308.052734375
 21
-481.043340450718
 31
0.0
  0
LINE
  5
6CF
330
6A6
100
AcDbEntity
  8
2
  6
AUSGEZOGEN
 62
     7
370
    35
100
AcDbLine
 10
151.130859375
 20
-573.705701595738
 30
0.0
 11
151.130859375
 21
-591.338775402501
 31
0.0
  0
LINE
  5
6D0
330
6A6
100
AcDbEntity
  8
2
  6
AUSGEZOGEN
 62
     7
370
    35
100
AcDbLine
 10
151.130859375
 20
-591.338775402501
 30
0.0
 11
154.130859375
 21
-593.339875942662
 31
0.0
  0
LINE
  5
6D1
330
6A6
100
AcDbEntity
  8
2
  6
AUSGEZOGEN
 62
     7
370
    35
100
AcDbLine
 10
154.130859375
 20
-593.339875942662
 30
0.0
 11
308.052734375
 21
-593.339198833897
 31
0.0
  0
LINE
  5
6D2
330
6A6
100
AcDbEntity
  8
2
  6
AUSGEZOGEN
 62
     7
370
    35
100
AcDbLine
 10
180.61328125
 20
-494.122388607457
 30
0.0
 11
183.20703125
 21
-495.177701717808
 31
0.0
  0
LINE
  5
6D3
330
6A6
100
AcDbEntity
  8
2
  6
AUSGEZOGEN
 62
     7
370
    35
100
AcDbLine
 10
185.873046875
 20
-480.99473357816
 30
0.0
 11
180.61328125
 21
-494.122388607457
 31
0.0
  0
LINE
  5
6D4
330
6A6
100
AcDbEntity
  8
2
  6
AUSGEZOGEN
 62
     7
370
    35
100
AcDbLine
 10
308.052734375
 20
-593.339198833897
 30
0.0
 11
308.052734375
 21
-481.043340450718
 31
0.0
  0
LINE
  5
6D5
330
6A6
100
AcDbEntity
  8
2
  6
AUSGEZOGEN
 62
     7
370
    35
100
AcDbLine
 10
308.052734375
 20
-481.043340450718
 30
0.0
 11
185.873046875
 21
-480.99473357816
 31
0.0
  0
LINE
  5
6D6
330
6A6
100
AcDbEntity
  8
2
  6
AUSGEZOGEN
 62
     7
370
    35
100
AcDbLine
 10
183.20703125
 20
-495.177701717808
 30
0.0
 11
151.130859375
 21
-573.705701595738
 31
0.0
  0
CIRCLE
  5
6D7
330
6A6
100
AcDbEntity
  8
2
  6
AUSGEZOGEN
 62
     7
370
    35
100
AcDbCircle
 10
223.821080568072
 20
-562.556531673863
 30
0.0
 40
10.25
  0
CIRCLE
  5
6D8
330
6A6
100
AcDbEntity
  8
2
  6
AUSGEZOGEN
 62
     7
370
    35
100
AcDbCircle
 10
244.4811307522
 20
-512.028665194187
 30
0.0
 40
10.25
  0
LINE
  5
6D9
330
6A6
100
AcDbEntity
  8
2
  6
AUSGEZOGEN
 62
     7
370
    35
100
AcDbLine
 10
308.052734375
 20
-593.339198833897
 30
0.0
 11
308.052734375
 21
-722.022825008824
 31
0.0
  0
LINE
  5
6DA
330
6A6
100
AcDbEntity
  8
2
  6
AUSGEZOGEN
 62
     7
370
    35
100
AcDbLine
 10
308.052734375
 20
-722.022825008824
 30
0.0
 11
308.052734375
 21
-481.043340450718
 31
0.0
  0
LINE
  5
6DB
330
6A6
100
AcDbEntity
  8
2
  6
AUSGEZOGEN
 62
     7
370
    35
100
AcDbLine
 10
308.052734375
 20
-432.690137630894
 30
0.0
 11
308.052734375
 21
-479.043340450718
 31
0.0
  0
LINE
  5
6DC
330
6A6
100
AcDbEntity
  8
2
  6
AUSGEZOGEN
 62
     7
370
    35
100
AcDbLine
 10
308.052734375
 20
-479.043340450718
 30
0.0
 11
308.052734375
 21
-432.690137630894
 31
0.0
  0
LINE
  5
6DD
330
6A6
100
AcDbEntity
  8
2
  6
AUSGEZOGEN
 62
     7
370
    35
100
AcDbLine
 10
308.052734375
 20
-481.043340450718
 30
0.0
 11
308.052734375
 21
-593.339198833897
 31
0.0
  0
LINE
  5
6DE
330
6A6
100
AcDbEntity
  8
2
  6
AUSGEZOGEN
 62
     7
370
    35
100
AcDbLine
 10
308.052131279233
 20
-481.043344038977
 30
0.0
 11
308.052131279233
 21
-479.043343879296
 31
0.0
  0
LINE
  5
6DF
330
6A6
100
AcDbEntity
  8
2
  6
AUSGEZOGEN
 62
     7
370
    35
100
AcDbLine
 10
308.052131279233
 20
-479.043343877893
 30
0.0
 11
308.052131279233
 21
-481.043344037574
 31
0.0
  0
LINE
  5
6E0
330
6A6
100
AcDbEntity
  8
2
  6
AUSGEZOGEN
 62
     7
370
    35
100
AcDbLine
 10
308.052734375
 20
-722.022825008824
 30
0.0
 11
307.552734375
 21
-722.022825008824
 31
0.0
  0
LINE
  5
6E1
330
6A6
100
AcDbEntity
  8
2
  6
AUSGEZOGEN
 62
     7
370
    35
100
AcDbLine
 10
307.552734375
 20
-722.022825008824
 30
0.0
 11
308.052734375
 21
-722.022825008824
 31
0.0
  0
LINE
  5
6E2
330
6A6
100
AcDbEntity
  8
2
  6
AUSGEZOGEN
 62
     7
370
    35
100
AcDbLine
 10
307.552734375
 20
-722.022825008824
 30
0.0
 11
307.552734375
 21
-753.328611141636
 31
0.0
  0
LINE
  5
6E3
330
6A6
100
AcDbEntity
  8
2
  6
AUSGEZOGEN
 62
     7
370
    35
100
AcDbLine
 10
307.552734375
 20
-753.328611141636
 30
0.0
 11
307.552734375
 21
-722.022825008824
 31
0.0
  0
LINE
  5
6E4
330
6A6
100
AcDbEntity
  8
2
  6
AUSGEZOGEN
 62
     7
370
    35
100
AcDbLine
 10
307.552734375
 20
-753.328611141636
 30
0.0
 11
-25.947265625
 21
-753.339872127965
 31
0.0
  0
LINE
  5
6E5
330
6A6
100
AcDbEntity
  8
2
  6
AUSGEZOGEN
 62
     7
370
    35
100
AcDbLine
 10
-25.947265625
 20
-753.339872127965
 30
0.0
 11
307.552734375
 21
-753.328611141636
 31
0.0
  0
LINE
  5
6E6
330
6A6
100
AcDbEntity
  8
2
  6
AUSGEZOGEN
 62
     7
370
    35
100
AcDbLine
 10
-192.970703125
 20
-593.33874869962
 30
0.0
 11
120.125
 21
-593.33874869962
 31
0.0
  0
LINE
  5
6E7
330
6A6
100
AcDbEntity
  8
2
  6
AUSGEZOGEN
 62
     7
370
    35
100
AcDbLine
 10
120.125
 20
-593.33874869962
 30
0.0
 11
-192.970703125
 21
-593.33874869962
 31
0.0
  0
LINE
  5
6E8
330
6A6
100
AcDbEntity
  8
2
  6
AUSGEZOGEN
 62
     7
370
    35
100
AcDbLine
 10
147.384765625
 20
-582.874505764439
 30
0.0
 11
151.130859375
 21
-573.705701595738
 31
0.0
  0
LINE
  5
6E9
330
6A6
100
AcDbEntity
  8
2
  6
AUSGEZOGEN
 62
     7
370
    35
100
AcDbLine
 10
151.130859375
 20
-573.705701595738
 30
0.0
 11
183.20703125
 21
-495.177701717808
 31
0.0
  0
LINE
  5
6EA
330
6A6
100
AcDbEntity
  8
2
  6
AUSGEZOGEN
 62
     7
370
    35
100
AcDbLine
 10
183.20703125
 20
-495.177701717808
 30
0.0
 11
147.384765625
 21
-582.874505764439
 31
0.0
  0
LINE
  5
6EB
330
6A6
100
AcDbEntity
  8
2
  6
AUSGEZOGEN
 62
     7
370
    35
100
AcDbLine
 10
308.052734375
 20
-593.339198833897
 30
0.0
 11
154.130859375
 21
-593.339875942662
 31
0.0
  0
LINE
  5
6EC
330
6A6
100
AcDbEntity
  8
2
  6
AUSGEZOGEN
 62
     7
370
    35
100
AcDbLine
 10
308.052734375
 20
-722.022825008824
 30
0.0
 11
308.052734375
 21
-593.339198833897
 31
0.0
  0
LINE
  5
6ED
330
6A6
100
AcDbEntity
  8
2
  6
AUSGEZOGEN
 62
     7
370
    35
100
AcDbLine
 10
-25.947265625
 20
-753.339872127965
 30
0.0
 11
307.552734375
 21
-753.328611141636
 31
0.0
  0
LINE
  5
6EE
330
6A6
100
AcDbEntity
  8
2
  6
AUSGEZOGEN
 62
     7
370
    35
100
AcDbLine
 10
307.552734375
 20
-753.328611141636
 30
0.0
 11
307.552734375
 21
-722.022825008824
 31
0.0
  0
LINE
  5
6EF
330
6A6
100
AcDbEntity
  8
2
  6
AUSGEZOGEN
 62
     7
370
    35
100
AcDbLine
 10
154.130859375
 20
-593.339875942662
 30
0.0
 11
151.130859375
 21
-591.338775402501
 31
0.0
  0
LINE
  5
6F0
330
6A6
100
AcDbEntity
  8
2
  6
AUSGEZOGEN
 62
     7
370
    35
100
AcDbLine
 10
151.130859375
 20
-591.338775402501
 30
0.0
 11
151.130859375
 21
-573.705701595738
 31
0.0
  0
LINE
  5
6F1
330
6A6
100
AcDbEntity
  8
2
  6
AUSGEZOGEN
 62
     7
370
    35
100
AcDbLine
 10
151.130859375
 20
-573.705701595738
 30
0.0
 11
147.384765625
 21
-582.874505764439
 31
0.0
  0
LINE
  5
6F2
330
6A6
100
AcDbEntity
  8
2
  6
AUSGEZOGEN
 62
     7
370
    35
100
AcDbLine
 10
120.125
 20
-593.33874869962
 30
0.0
 11
-192.970703125
 21
-593.33874869962
 31
0.0
  0
LINE
  5
6F3
330
6A6
100
AcDbEntity
  8
2
  6
AUSGEZOGEN
 62
     7
370
    35
100
AcDbLine
 10
307.552734375
 20
-722.022825008824
 30
0.0
 11
308.052734375
 21
-722.022825008824
 31
0.0
  0
ARC
  5
6F4
330
6A6
100
AcDbEntity
  8
2
  6
AUSGEZOGEN
 62
     7
370
    35
100
AcDbCircle
 10
128.856394600236
 20
-575.345117221206
 30
0.0
 40
19.99999999999998
100
AcDbArc
 50
244.116237623067
 51
337.884840534358
  0
LINE
  5
6F5
330
6A6
100
AcDbEntity
  8
2
  6
AUSGEZOGEN
 62
     7
370
    35
100
AcDbLine
 10
185.873046875
 20
-480.99473357816
 30
0.0
 11
308.052734375
 21
-481.043340450718
 31
0.0
  0
LINE
  5
6F6
330
6A6
100
AcDbEntity
  8
2
  6
AUSGEZOGEN
 62
     7
370
    35
100
AcDbLine
 10
180.61328125
 20
-494.122388607457
 30
0.0
 11
185.873046875
 21
-480.99473357816
 31
0.0
  0
LINE
  5
6F7
330
6A6
100
AcDbEntity
  8
2
  6
AUSGEZOGEN
 62
     7
370
    35
100
AcDbLine
 10
183.20703125
 20
-495.177701717808
 30
0.0
 11
180.61328125
 21
-494.122388607457
 31
0.0
  0
LINE
  5
6F8
330
6A6
100
AcDbEntity
  8
2
  6
AUSGEZOGEN
 62
     7
370
    35
100
AcDbLine
 10
147.384765625
 20
-582.874505764439
 30
0.0
 11
183.20703125
 21
-495.177701717808
 31
0.0
  0
LINE
  5
6F9
330
6A6
100
AcDbEntity
  8
2
  6
AUSGEZOGEN
 62
     7
370
    35
100
AcDbLine
 10
308.052734375
 20
-481.043340450718
 30
0.0
 11
308.052734375
 21
-722.022825008824
 31
0.0
  0
LINE
  5
6FA
330
6A6
100
AcDbEntity
  8
2
  6
AUSGEZOGEN
 62
     7
370
    35
100
AcDbLine
 10
308.052734375
 20
-722.022825008824
 30
0.0
 11
307.552734375
 21
-722.022825008824
 31
0.0
  0
LINE
  5
6FB
330
6A6
100
AcDbEntity
  8
2
  6
AUSGEZOGEN
 62
     7
370
    35
100
AcDbLine
 10
307.552734375
 20
-722.022825008824
 30
0.0
 11
307.552734375
 21
-753.328611141636
 31
0.0
  0
LINE
  5
6FC
330
6A6
100
AcDbEntity
  8
2
  6
AUSGEZOGEN
 62
     7
370
    35
100
AcDbLine
 10
307.552734375
 20
-753.328611141636
 30
0.0
 11
-25.947265625
 21
-753.339872127965
 31
0.0
  0
LINE
  5
6FD
330
6A6
100
AcDbEntity
  8
2
  6
AUSGEZOGEN
 62
     7
370
    35
100
AcDbLine
 10
-192.970703125
 20
-593.33874869962
 30
0.0
 11
120.125
 21
-593.33874869962
 31
0.0
  0
CIRCLE
  5
6FE
330
6A6
100
AcDbEntity
  8
2
  6
AUSGEZOGEN
 62
     7
370
    35
100
AcDbCircle
 10
244.4811307522
 20
-512.028665194187
 30
0.0
 40
10.25
  0
CIRCLE
  5
6FF
330
6A6
100
AcDbEntity
  8
2
  6
AUSGEZOGEN
 62
     7
370
    35
100
AcDbCircle
 10
223.821080568072
 20
-562.556531673863
 30
0.0
 40
10.25
  0
ARC
  5
700
330
6A6
100
AcDbEntity
  8
2
  6
AUSGEZOGEN
 62
     7
370
    35
100
AcDbCircle
 10
128.856394600236
 20
-575.345117221206
 30
0.0
 40
19.99999999999998
100
AcDbArc
 50
244.116237623067
 51
337.884840534358
  0
ENDBLK
  5
6A8
330
6A6
100
AcDbEntity
  8
0
100
AcDbBlockEnd
  0
BLOCK
  5
71F
330
71E
100
AcDbEntity
  8
0
100
AcDbBlockBegin
  2
AnonymMegaMac_nNn028
 70
     0
 10
0.0
 20
0.0
 30
0.0
  3
AnonymMegaMac_nNn028
  1

  0
LINE
  5
721
330
71E
100
AcDbEntity
  8
2
  6
AUSGEZOGEN
 62
     7
370
    35
100
AcDbLine
 10
183.20703125
 20
-495.177701717808
 30
0.0
 11
151.130859375
 21
-573.705701595738
 31
0.0
  0
LINE
  5
722
330
71E
100
AcDbEntity
  8
2
  6
AUSGEZOGEN
 62
     7
370
    35
100
AcDbLine
 10
308.052734375
 20
-481.043340450718
 30
0.0
 11
185.873046875
 21
-480.99473357816
 31
0.0
  0
LINE
  5
723
330
71E
100
AcDbEntity
  8
2
  6
AUSGEZOGEN
 62
     7
370
    35
100
AcDbLine
 10
154.130859375
 20
-593.339875942662
 30
0.0
 11
308.052734375
 21
-593.339198833897
 31
0.0
  0
LINE
  5
724
330
71E
100
AcDbEntity
  8
2
  6
AUSGEZOGEN
 62
     7
370
    35
100
AcDbLine
 10
151.130859375
 20
-573.705701595738
 30
0.0
 11
151.130859375
 21
-591.338775402501
 31
0.0
  0
LINE
  5
725
330
71E
100
AcDbEntity
  8
2
  6
AUSGEZOGEN
 62
     7
370
    35
100
AcDbLine
 10
151.130859375
 20
-591.338775402501
 30
0.0
 11
154.130859375
 21
-593.339875942662
 31
0.0
  0
LINE
  5
726
330
71E
100
AcDbEntity
  8
2
  6
AUSGEZOGEN
 62
     7
370
    35
100
AcDbLine
 10
308.052734375
 20
-593.339198833897
 30
0.0
 11
308.052734375
 21
-481.043340450718
 31
0.0
  0
LINE
  5
727
330
71E
100
AcDbEntity
  8
2
  6
AUSGEZOGEN
 62
     7
370
    35
100
AcDbLine
 10
185.873046875
 20
-480.99473357816
 30
0.0
 11
180.61328125
 21
-494.122388607457
 31
0.0
  0
LINE
  5
728
330
71E
100
AcDbEntity
  8
2
  6
AUSGEZOGEN
 62
     7
370
    35
100
AcDbLine
 10
180.61328125
 20
-494.122388607457
 30
0.0
 11
183.20703125
 21
-495.177701717808
 31
0.0
  0
CIRCLE
  5
729
330
71E
100
AcDbEntity
  8
2
  6
AUSGEZOGEN
 62
     7
370
    35
100
AcDbCircle
 10
244.4811307522
 20
-512.028665194187
 30
0.0
 40
15.25
  0
CIRCLE
  5
72A
330
71E
100
AcDbEntity
  8
2
  6
AUSGEZOGEN
 62
     7
370
    35
100
AcDbCircle
 10
223.821080568072
 20
-562.556531673863
 30
0.0
 40
15.25
  0
LINE
  5
72B
330
71E
100
AcDbEntity
  8
2
  6
AUSGEZOGEN
 62
     7
370
    35
100
AcDbLine
 10
308.052734375
 20
-479.043340450718
 30
0.0
 11
186.673828125
 21
-478.99505401273
 31
0.0
  0
LINE
  5
72C
330
71E
100
AcDbEntity
  8
2
  6
AUSGEZOGEN
 62
     7
370
    35
100
AcDbLine
 10
186.673828125
 20
-478.99505401273
 30
0.0
 11
308.052734375
 21
-479.043340450718
 31
0.0
  0
LINE
  5
72D
330
71E
100
AcDbEntity
  8
2
  6
AUSGEZOGEN
 62
     7
370
    35
100
AcDbLine
 10
308.052734375
 20
-479.043340450718
 30
0.0
 11
308.052734375
 21
-432.690137630894
 31
0.0
  0
LINE
  5
72E
330
71E
100
AcDbEntity
  8
2
  6
AUSGEZOGEN
 62
     7
370
    35
100
AcDbLine
 10
308.052734375
 20
-432.690137630894
 30
0.0
 11
267.451171875
 21
-404.737745052769
 31
0.0
  0
LINE
  5
72F
330
71E
100
AcDbEntity
  8
2
  6
AUSGEZOGEN
 62
     7
370
    35
100
AcDbLine
 10
267.451171875
 20
-404.737745052769
 30
0.0
 11
241.169921875
 21
-404.737302547886
 31
0.0
  0
LINE
  5
730
330
71E
100
AcDbEntity
  8
2
  6
AUSGEZOGEN
 62
     7
370
    35
100
AcDbLine
 10
186.673828125
 20
-478.99505401273
 30
0.0
 11
308.052734375
 21
-479.043340450718
 31
0.0
  0
LINE
  5
731
330
71E
100
AcDbEntity
  8
2
  6
AUSGEZOGEN
 62
     7
370
    35
100
AcDbLine
 10
206.654296875
 20
-429.137265926793
 30
0.0
 11
186.673828125
 21
-478.99505401273
 31
0.0
  0
LINE
  5
732
330
71E
100
AcDbEntity
  8
2
  6
AUSGEZOGEN
 62
     7
370
    35
100
AcDbLine
 10
207.896484375
 20
-428.587247616246
 30
0.0
 11
206.654296875
 21
-429.137265926793
 31
0.0
  0
ARC
  5
733
330
71E
100
AcDbEntity
  8
2
  6
AUSGEZOGEN
 62
     7
370
    35
100
AcDbCircle
 10
232.895034576261
 20
-428.328285194188
 30
0.0
 40
25.00000000000001
100
AcDbArc
 50
180.593520249443
 51
70.672034529184
  0
LINE
  5
734
330
71E
100
AcDbEntity
  8
2
  6
AUSGEZOGEN
 62
     7
370
    35
100
AcDbLine
 10
206.654296875
 20
-429.137265926793
 30
0.0
 11
207.896484375
 21
-428.587247616246
 31
0.0
  0
LINE
  5
735
330
71E
100
AcDbEntity
  8
2
  6
AUSGEZOGEN
 62
     7
370
    35
100
AcDbLine
 10
207.896484375
 20
-428.587247616246
 30
0.0
 11
206.654296875
 21
-429.137265926793
 31
0.0
  0
LINE
  5
736
330
71E
100
AcDbEntity
  8
2
  6
AUSGEZOGEN
 62
     7
370
    35
100
AcDbLine
 10
241.169921875
 20
-404.737302547886
 30
0.0
 11
267.451171875
 21
-404.737745052769
 31
0.0
  0
LINE
  5
737
330
71E
100
AcDbEntity
  8
2
  6
AUSGEZOGEN
 62
     7
370
    35
100
AcDbLine
 10
267.451171875
 20
-404.737745052769
 30
0.0
 11
241.169921875
 21
-404.737302547886
 31
0.0
  0
LINE
  5
738
330
71E
100
AcDbEntity
  8
2
  6
AUSGEZOGEN
 62
     7
370
    35
100
AcDbLine
 10
267.451171875
 20
-404.737745052769
 30
0.0
 11
308.052734375
 21
-432.690137630894
 31
0.0
  0
LINE
  5
739
330
71E
100
AcDbEntity
  8
2
  6
AUSGEZOGEN
 62
     7
370
    35
100
AcDbLine
 10
308.052734375
 20
-432.690137630894
 30
0.0
 11
267.451171875
 21
-404.737745052769
 31
0.0
  0
LINE
  5
73A
330
71E
100
AcDbEntity
  8
2
  6
AUSGEZOGEN
 62
     7
370
    35
100
AcDbLine
 10
186.673828125
 20
-478.99505401273
 30
0.0
 11
206.654296875
 21
-429.137265926793
 31
0.0
  0
LINE
  5
73B
330
71E
100
AcDbEntity
  8
2
  6
AUSGEZOGEN
 62
     7
370
    35
100
AcDbLine
 10
206.654296875
 20
-429.137265926793
 30
0.0
 11
207.896484375
 21
-428.587247616246
 31
0.0
  0
LINE
  5
73C
330
71E
100
AcDbEntity
  8
2
  6
AUSGEZOGEN
 62
     7
370
    35
100
AcDbLine
 10
308.052734375
 20
-479.043340450718
 30
0.0
 11
186.673828125
 21
-478.99505401273
 31
0.0
  0
LINE
  5
73D
330
71E
100
AcDbEntity
  8
2
  6
AUSGEZOGEN
 62
     7
370
    35
100
AcDbLine
 10
308.052734375
 20
-432.690137630894
 30
0.0
 11
308.052734375
 21
-479.043340450718
 31
0.0
  0
LINE
  5
73E
330
71E
100
AcDbEntity
  8
2
  6
AUSGEZOGEN
 62
     7
370
    35
100
AcDbLine
 10
241.169921875
 20
-404.737302547886
 30
0.0
 11
267.451171875
 21
-404.737745052769
 31
0.0
  0
LINE
  5
73F
330
71E
100
AcDbEntity
  8
2
  6
AUSGEZOGEN
 62
     7
370
    35
100
AcDbLine
 10
267.451171875
 20
-404.737745052769
 30
0.0
 11
308.052734375
 21
-432.690137630894
 31
0.0
  0
ARC
  5
740
330
71E
100
AcDbEntity
  8
2
  6
AUSGEZOGEN
 62
     7
370
    35
100
AcDbCircle
 10
232.895034576261
 20
-428.328285194188
 30
0.0
 40
25.00000000000001
100
AcDbArc
 50
180.593520249443
 51
70.672034529184
  0
LINE
  5
741
330
71E
100
AcDbEntity
  8
2
  6
AUSGEZOGEN
 62
     7
370
    35
100
AcDbLine
 10
154.130859375
 20
-593.339875942662
 30
0.0
 11
308.052734375
 21
-593.339198833897
 31
0.0
  0
LINE
  5
742
330
71E
100
AcDbEntity
  8
2
  6
AUSGEZOGEN
 62
     7
370
    35
100
AcDbLine
 10
308.052734375
 20
-593.339198833897
 30
0.0
 11
154.130859375
 21
-593.339875942662
 31
0.0
  0
LINE
  5
743
330
71E
100
AcDbEntity
  8
2
  6
AUSGEZOGEN
 62
     7
370
    35
100
AcDbLine
 10
151.130859375
 20
-591.338775402501
 30
0.0
 11
154.130859375
 21
-593.339875942662
 31
0.0
  0
LINE
  5
744
330
71E
100
AcDbEntity
  8
2
  6
AUSGEZOGEN
 62
     7
370
    35
100
AcDbLine
 10
154.130859375
 20
-593.339875942662
 30
0.0
 11
151.130859375
 21
-591.338775402501
 31
0.0
  0
LINE
  5
745
330
71E
100
AcDbEntity
  8
2
  6
AUSGEZOGEN
 62
     7
370
    35
100
AcDbLine
 10
151.130859375
 20
-573.705701595738
 30
0.0
 11
151.130859375
 21
-591.338775402501
 31
0.0
  0
LINE
  5
746
330
71E
100
AcDbEntity
  8
2
  6
AUSGEZOGEN
 62
     7
370
    35
100
AcDbLine
 10
151.130859375
 20
-591.338775402501
 30
0.0
 11
151.130859375
 21
-573.705701595738
 31
0.0
  0
LINE
  5
747
330
71E
100
AcDbEntity
  8
2
  6
AUSGEZOGEN
 62
     7
370
    35
100
AcDbLine
 10
183.20703125
 20
-495.177701717808
 30
0.0
 11
180.61328125
 21
-494.122388607457
 31
0.0
  0
LINE
  5
748
330
71E
100
AcDbEntity
  8
2
  6
AUSGEZOGEN
 62
     7
370
    35
100
AcDbLine
 10
180.61328125
 20
-494.122388607457
 30
0.0
 11
183.20703125
 21
-495.177701717808
 31
0.0
  0
LINE
  5
749
330
71E
100
AcDbEntity
  8
2
  6
AUSGEZOGEN
 62
     7
370
    35
100
AcDbLine
 10
180.61328125
 20
-494.122388607457
 30
0.0
 11
185.873046875
 21
-480.99473357816
 31
0.0
  0
LINE
  5
74A
330
71E
100
AcDbEntity
  8
2
  6
AUSGEZOGEN
 62
     7
370
    35
100
AcDbLine
 10
185.873046875
 20
-480.99473357816
 30
0.0
 11
180.61328125
 21
-494.122388607457
 31
0.0
  0
LINE
  5
74B
330
71E
100
AcDbEntity
  8
2
  6
AUSGEZOGEN
 62
     7
370
    35
100
AcDbLine
 10
186.673828125
 20
-478.99505401273
 30
0.0
 11
206.654296875
 21
-429.137265926793
 31
0.0
  0
LINE
  5
74C
330
71E
100
AcDbEntity
  8
2
  6
AUSGEZOGEN
 62
     7
370
    35
100
AcDbLine
 10
206.654296875
 20
-429.137265926793
 30
0.0
 11
186.673828125
 21
-478.99505401273
 31
0.0
  0
LINE
  5
74D
330
71E
100
AcDbEntity
  8
2
  6
AUSGEZOGEN
 62
     7
370
    35
100
AcDbLine
 10
186.674676740047
 20
-478.995054904466
 30
0.0
 11
185.873350917347
 21
-480.994736262167
 31
0.0
  0
LINE
  5
74E
330
71E
100
AcDbEntity
  8
2
  6
AUSGEZOGEN
 62
     7
370
    35
100
AcDbLine
 10
185.873350917347
 20
-480.994736262167
 30
0.0
 11
186.674676740047
 21
-478.995054904466
 31
0.0
  0
LINE
  5
74F
330
71E
100
AcDbEntity
  8
2
  6
AUSGEZOGEN
 62
     7
370
    35
100
AcDbLine
 10
308.052734375
 20
-481.043340450718
 30
0.0
 11
185.873046875
 21
-480.99473357816
 31
0.0
  0
LINE
  5
750
330
71E
100
AcDbEntity
  8
2
  6
AUSGEZOGEN
 62
     7
370
    35
100
AcDbLine
 10
185.873046875
 20
-480.99473357816
 30
0.0
 11
308.052734375
 21
-481.043340450718
 31
0.0
  0
LINE
  5
751
330
71E
100
AcDbEntity
  8
2
  6
AUSGEZOGEN
 62
     7
370
    35
100
AcDbLine
 10
308.052734375
 20
-593.339198833897
 30
0.0
 11
308.052734375
 21
-722.022825008824
 31
0.0
  0
LINE
  5
752
330
71E
100
AcDbEntity
  8
2
  6
AUSGEZOGEN
 62
     7
370
    35
100
AcDbLine
 10
308.052734375
 20
-722.022825008824
 30
0.0
 11
308.052734375
 21
-481.043340450718
 31
0.0
  0
LINE
  5
753
330
71E
100
AcDbEntity
  8
2
  6
AUSGEZOGEN
 62
     7
370
    35
100
AcDbLine
 10
308.052734375
 20
-432.690137630894
 30
0.0
 11
308.052734375
 21
-479.043340450718
 31
0.0
  0
LINE
  5
754
330
71E
100
AcDbEntity
  8
2
  6
AUSGEZOGEN
 62
     7
370
    35
100
AcDbLine
 10
308.052734375
 20
-479.043340450718
 30
0.0
 11
308.052734375
 21
-432.690137630894
 31
0.0
  0
LINE
  5
755
330
71E
100
AcDbEntity
  8
2
  6
AUSGEZOGEN
 62
     7
370
    35
100
AcDbLine
 10
308.052734375
 20
-481.043340450718
 30
0.0
 11
308.052734375
 21
-593.339198833897
 31
0.0
  0
LINE
  5
756
330
71E
100
AcDbEntity
  8
2
  6
AUSGEZOGEN
 62
     7
370
    35
100
AcDbLine
 10
308.052131279233
 20
-481.043344038977
 30
0.0
 11
308.052131279233
 21
-479.043343879296
 31
0.0
  0
LINE
  5
757
330
71E
100
AcDbEntity
  8
2
  6
AUSGEZOGEN
 62
     7
370
    35
100
AcDbLine
 10
308.052131279233
 20
-479.043343877893
 30
0.0
 11
308.052131279233
 21
-481.043344037574
 31
0.0
  0
LINE
  5
758
330
71E
100
AcDbEntity
  8
2
  6
AUSGEZOGEN
 62
     7
370
    35
100
AcDbLine
 10
308.052734375
 20
-722.022825008824
 30
0.0
 11
307.552734375
 21
-722.022825008824
 31
0.0
  0
LINE
  5
759
330
71E
100
AcDbEntity
  8
2
  6
AUSGEZOGEN
 62
     7
370
    35
100
AcDbLine
 10
307.552734375
 20
-722.022825008824
 30
0.0
 11
308.052734375
 21
-722.022825008824
 31
0.0
  0
LINE
  5
75A
330
71E
100
AcDbEntity
  8
2
  6
AUSGEZOGEN
 62
     7
370
    35
100
AcDbLine
 10
307.552734375
 20
-722.022825008824
 30
0.0
 11
307.552734375
 21
-753.328611141636
 31
0.0
  0
LINE
  5
75B
330
71E
100
AcDbEntity
  8
2
  6
AUSGEZOGEN
 62
     7
370
    35
100
AcDbLine
 10
307.552734375
 20
-753.328611141636
 30
0.0
 11
307.552734375
 21
-722.022825008824
 31
0.0
  0
LINE
  5
75C
330
71E
100
AcDbEntity
  8
2
  6
AUSGEZOGEN
 62
     7
370
    35
100
AcDbLine
 10
307.552734375
 20
-753.328611141636
 30
0.0
 11
-25.947265625
 21
-753.339872127965
 31
0.0
  0
LINE
  5
75D
330
71E
100
AcDbEntity
  8
2
  6
AUSGEZOGEN
 62
     7
370
    35
100
AcDbLine
 10
-25.947265625
 20
-753.339872127965
 30
0.0
 11
307.552734375
 21
-753.328611141636
 31
0.0
  0
LINE
  5
75E
330
71E
100
AcDbEntity
  8
2
  6
AUSGEZOGEN
 62
     7
370
    35
100
AcDbLine
 10
-192.970703125
 20
-593.33874869962
 30
0.0
 11
120.125
 21
-593.33874869962
 31
0.0
  0
LINE
  5
75F
330
71E
100
AcDbEntity
  8
2
  6
AUSGEZOGEN
 62
     7
370
    35
100
AcDbLine
 10
120.125
 20
-593.33874869962
 30
0.0
 11
-192.970703125
 21
-593.33874869962
 31
0.0
  0
LINE
  5
760
330
71E
100
AcDbEntity
  8
2
  6
AUSGEZOGEN
 62
     7
370
    35
100
AcDbLine
 10
147.384765625
 20
-582.874505764439
 30
0.0
 11
151.130859375
 21
-573.705701595738
 31
0.0
  0
LINE
  5
761
330
71E
100
AcDbEntity
  8
2
  6
AUSGEZOGEN
 62
     7
370
    35
100
AcDbLine
 10
151.130859375
 20
-573.705701595738
 30
0.0
 11
183.20703125
 21
-495.177701717808
 31
0.0
  0
LINE
  5
762
330
71E
100
AcDbEntity
  8
2
  6
AUSGEZOGEN
 62
     7
370
    35
100
AcDbLine
 10
183.20703125
 20
-495.177701717808
 30
0.0
 11
147.384765625
 21
-582.874505764439
 31
0.0
  0
LINE
  5
763
330
71E
100
AcDbEntity
  8
2
  6
AUSGEZOGEN
 62
     7
370
    35
100
AcDbLine
 10
308.052734375
 20
-593.339198833897
 30
0.0
 11
154.130859375
 21
-593.339875942662
 31
0.0
  0
LINE
  5
764
330
71E
100
AcDbEntity
  8
2
  6
AUSGEZOGEN
 62
     7
370
    35
100
AcDbLine
 10
308.052734375
 20
-722.022825008824
 30
0.0
 11
308.052734375
 21
-593.339198833897
 31
0.0
  0
LINE
  5
765
330
71E
100
AcDbEntity
  8
2
  6
AUSGEZOGEN
 62
     7
370
    35
100
AcDbLine
 10
-25.947265625
 20
-753.339872127965
 30
0.0
 11
307.552734375
 21
-753.328611141636
 31
0.0
  0
LINE
  5
766
330
71E
100
AcDbEntity
  8
2
  6
AUSGEZOGEN
 62
     7
370
    35
100
AcDbLine
 10
307.552734375
 20
-753.328611141636
 30
0.0
 11
307.552734375
 21
-722.022825008824
 31
0.0
  0
LINE
  5
767
330
71E
100
AcDbEntity
  8
2
  6
AUSGEZOGEN
 62
     7
370
    35
100
AcDbLine
 10
154.130859375
 20
-593.339875942662
 30
0.0
 11
151.130859375
 21
-591.338775402501
 31
0.0
  0
LINE
  5
768
330
71E
100
AcDbEntity
  8
2
  6
AUSGEZOGEN
 62
     7
370
    35
100
AcDbLine
 10
151.130859375
 20
-591.338775402501
 30
0.0
 11
151.130859375
 21
-573.705701595738
 31
0.0
  0
LINE
  5
769
330
71E
100
AcDbEntity
  8
2
  6
AUSGEZOGEN
 62
     7
370
    35
100
AcDbLine
 10
151.130859375
 20
-573.705701595738
 30
0.0
 11
147.384765625
 21
-582.874505764439
 31
0.0
  0
LINE
  5
76A
330
71E
100
AcDbEntity
  8
2
  6
AUSGEZOGEN
 62
     7
370
    35
100
AcDbLine
 10
120.125
 20
-593.33874869962
 30
0.0
 11
-192.970703125
 21
-593.33874869962
 31
0.0
  0
LINE
  5
76B
330
71E
100
AcDbEntity
  8
2
  6
AUSGEZOGEN
 62
     7
370
    35
100
AcDbLine
 10
307.552734375
 20
-722.022825008824
 30
0.0
 11
308.052734375
 21
-722.022825008824
 31
0.0
  0
ARC
  5
76C
330
71E
100
AcDbEntity
  8
2
  6
AUSGEZOGEN
 62
     7
370
    35
100
AcDbCircle
 10
128.856394600236
 20
-575.345117221206
 30
0.0
 40
19.99999999999998
100
AcDbArc
 50
244.116237623067
 51
337.884840534358
  0
LINE
  5
76D
330
71E
100
AcDbEntity
  8
2
  6
AUSGEZOGEN
 62
     7
370
    35
100
AcDbLine
 10
185.873046875
 20
-480.99473357816
 30
0.0
 11
308.052734375
 21
-481.043340450718
 31
0.0
  0
LINE
  5
76E
330
71E
100
AcDbEntity
  8
2
  6
AUSGEZOGEN
 62
     7
370
    35
100
AcDbLine
 10
180.61328125
 20
-494.122388607457
 30
0.0
 11
185.873046875
 21
-480.99473357816
 31
0.0
  0
LINE
  5
76F
330
71E
100
AcDbEntity
  8
2
  6
AUSGEZOGEN
 62
     7
370
    35
100
AcDbLine
 10
183.20703125
 20
-495.177701717808
 30
0.0
 11
180.61328125
 21
-494.122388607457
 31
0.0
  0
LINE
  5
770
330
71E
100
AcDbEntity
  8
2
  6
AUSGEZOGEN
 62
     7
370
    35
100
AcDbLine
 10
147.384765625
 20
-582.874505764439
 30
0.0
 11
183.20703125
 21
-495.177701717808
 31
0.0
  0
LINE
  5
771
330
71E
100
AcDbEntity
  8
2
  6
AUSGEZOGEN
 62
     7
370
    35
100
AcDbLine
 10
308.052734375
 20
-481.043340450718
 30
0.0
 11
308.052734375
 21
-722.022825008824
 31
0.0
  0
LINE
  5
772
330
71E
100
AcDbEntity
  8
2
  6
AUSGEZOGEN
 62
     7
370
    35
100
AcDbLine
 10
308.052734375
 20
-722.022825008824
 30
0.0
 11
307.552734375
 21
-722.022825008824
 31
0.0
  0
LINE
  5
773
330
71E
100
AcDbEntity
  8
2
  6
AUSGEZOGEN
 62
     7
370
    35
100
AcDbLine
 10
307.552734375
 20
-722.022825008824
 30
0.0
 11
307.552734375
 21
-753.328611141636
 31
0.0
  0
LINE
  5
774
330
71E
100
AcDbEntity
  8
2
  6
AUSGEZOGEN
 62
     7
370
    35
100
AcDbLine
 10
307.552734375
 20
-753.328611141636
 30
0.0
 11
-25.947265625
 21
-753.339872127965
 31
0.0
  0
LINE
  5
775
330
71E
100
AcDbEntity
  8
2
  6
AUSGEZOGEN
 62
     7
370
    35
100
AcDbLine
 10
-192.970703125
 20
-593.33874869962
 30
0.0
 11
120.125
 21
-593.33874869962
 31
0.0
  0
CIRCLE
  5
776
330
71E
100
AcDbEntity
  8
2
  6
AUSGEZOGEN
 62
     7
370
    35
100
AcDbCircle
 10
244.4811307522
 20
-512.028665194187
 30
0.0
 40
10.25
  0
CIRCLE
  5
777
330
71E
100
AcDbEntity
  8
2
  6
AUSGEZOGEN
 62
     7
370
    35
100
AcDbCircle
 10
223.821080568072
 20
-562.556531673863
 30
0.0
 40
10.25
  0
ARC
  5
778
330
71E
100
AcDbEntity
  8
2
  6
AUSGEZOGEN
 62
     7
370
    35
100
AcDbCircle
 10
128.856394600236
 20
-575.345117221206
 30
0.0
 40
19.99999999999998
100
AcDbArc
 50
244.116237623067
 51
337.884840534358
  0
ENDBLK
  5
720
330
71E
100
AcDbEntity
  8
0
100
AcDbBlockEnd
  0
BLOCK
  5
77B
330
77A
100
AcDbEntity
  8
0
100
AcDbBlockBegin
  2
AnonymMegaMac_nNn029
 70
     0
 10
0.0
 20
0.0
 30
0.0
  3
AnonymMegaMac_nNn029
  1

  0
LINE
  5
77D
330
77A
100
AcDbEntity
  8
2
  6
AUSGEZOGEN
 62
     7
370
    35
100
AcDbLine
 10
252.552734375
 20
-577.339443928196
 30
0.0
 11
252.552734375
 21
-593.339442974522
 31
0.0
  0
LINE
  5
77E
330
77A
100
AcDbEntity
  8
2
  6
AUSGEZOGEN
 62
     7
370
    35
100
AcDbLine
 10
252.552734375
 20
-593.339442974522
 30
0.0
 11
202.552734375
 21
-593.339664226964
 31
0.0
  0
LINE
  5
77F
330
77A
100
AcDbEntity
  8
2
  6
AUSGEZOGEN
 62
     7
370
    35
100
AcDbLine
 10
202.552734375
 20
-593.339664226964
 30
0.0
 11
202.552734375
 21
-577.339663273289
 31
0.0
  0
LINE
  5
780
330
77A
100
AcDbEntity
  8
2
  6
AUSGEZOGEN
 62
     7
370
    35
100
AcDbLine
 10
202.552734375
 20
-577.339663273289
 30
0.0
 11
252.552734375
 21
-577.339443928196
 31
0.0
  0
LINE
  5
781
330
77A
100
AcDbEntity
  8
2
  6
AUSGEZOGEN
 62
     7
370
    35
100
AcDbLine
 10
252.552734375
 20
-593.339442974522
 30
0.0
 11
252.552734375
 21
-577.339443928196
 31
0.0
  0
LINE
  5
782
330
77A
100
AcDbEntity
  8
2
  6
AUSGEZOGEN
 62
     7
370
    35
100
AcDbLine
 10
252.552734375
 20
-577.339443928196
 30
0.0
 11
202.552734375
 21
-577.339663273289
 31
0.0
  0
LINE
  5
783
330
77A
100
AcDbEntity
  8
2
  6
AUSGEZOGEN
 62
     7
370
    35
100
AcDbLine
 10
202.552734375
 20
-577.339663273289
 30
0.0
 11
202.552734375
 21
-593.339664226964
 31
0.0
  0
LINE
  5
784
330
77A
100
AcDbEntity
  8
2
  6
AUSGEZOGEN
 62
     7
370
    35
100
AcDbLine
 10
202.552734375
 20
-593.339664226964
 30
0.0
 11
252.552734375
 21
-593.339442974522
 31
0.0
  0
LINE
  5
785
330
77A
100
AcDbEntity
  8
2
  6
AUSGEZOGEN
 62
     7
370
    35
100
AcDbLine
 10
202.552734375
 20
-577.339663273289
 30
0.0
 11
252.552734375
 21
-577.339443928196
 31
0.0
  0
LINE
  5
786
330
77A
100
AcDbEntity
  8
2
  6
AUSGEZOGEN
 62
     7
370
    35
100
AcDbLine
 10
252.552734375
 20
-577.339443928196
 30
0.0
 11
202.552734375
 21
-577.339663273289
 31
0.0
  0
LINE
  5
787
330
77A
100
AcDbEntity
  8
2
  6
AUSGEZOGEN
 62
     7
370
    35
100
AcDbLine
 10
260.552060896291
 20
-577.33940841766
 30
0.0
 11
252.552060896367
 21
-577.339443609361
 31
0.0
  0
LINE
  5
788
330
77A
100
AcDbEntity
  8
2
  6
AUSGEZOGEN
 62
     7
370
    35
100
AcDbLine
 10
202.552060896851
 20
-577.339663557493
 30
0.0
 11
194.552060896927
 21
-577.339698749194
 31
0.0
  0
LINE
  5
789
330
77A
100
AcDbEntity
  8
2
  6
AUSGEZOGEN
 62
     7
370
    35
100
AcDbLine
 10
308.052734375
 20
-479.043340450718
 30
0.0
 11
186.673828125
 21
-478.99505401273
 31
0.0
  0
LINE
  5
78A
330
77A
100
AcDbEntity
  8
2
  6
AUSGEZOGEN
 62
     7
370
    35
100
AcDbLine
 10
186.673828125
 20
-478.99505401273
 30
0.0
 11
308.052734375
 21
-479.043340450718
 31
0.0
  0
LINE
  5
78B
330
77A
100
AcDbEntity
  8
2
  6
AUSGEZOGEN
 62
     7
370
    35
100
AcDbLine
 10
308.052734375
 20
-479.043340450718
 30
0.0
 11
308.052734375
 21
-432.690137630894
 31
0.0
  0
LINE
  5
78C
330
77A
100
AcDbEntity
  8
2
  6
AUSGEZOGEN
 62
     7
370
    35
100
AcDbLine
 10
308.052734375
 20
-432.690137630894
 30
0.0
 11
267.451171875
 21
-404.737745052769
 31
0.0
  0
LINE
  5
78D
330
77A
100
AcDbEntity
  8
2
  6
AUSGEZOGEN
 62
     7
370
    35
100
AcDbLine
 10
267.451171875
 20
-404.737745052769
 30
0.0
 11
241.169921875
 21
-404.737302547886
 31
0.0
  0
LINE
  5
78E
330
77A
100
AcDbEntity
  8
2
  6
AUSGEZOGEN
 62
     7
370
    35
100
AcDbLine
 10
186.673828125
 20
-478.99505401273
 30
0.0
 11
308.052734375
 21
-479.043340450718
 31
0.0
  0
LINE
  5
78F
330
77A
100
AcDbEntity
  8
2
  6
AUSGEZOGEN
 62
     7
370
    35
100
AcDbLine
 10
206.654296875
 20
-429.137265926793
 30
0.0
 11
186.673828125
 21
-478.99505401273
 31
0.0
  0
LINE
  5
790
330
77A
100
AcDbEntity
  8
2
  6
AUSGEZOGEN
 62
     7
370
    35
100
AcDbLine
 10
207.896484375
 20
-428.587247616246
 30
0.0
 11
206.654296875
 21
-429.137265926793
 31
0.0
  0
ARC
  5
791
330
77A
100
AcDbEntity
  8
2
  6
AUSGEZOGEN
 62
     7
370
    35
100
AcDbCircle
 10
232.895034576261
 20
-428.328285194188
 30
0.0
 40
25.00000000000001
100
AcDbArc
 50
180.593520249443
 51
70.672034529184
  0
LINE
  5
792
330
77A
100
AcDbEntity
  8
2
  6
AUSGEZOGEN
 62
     7
370
    35
100
AcDbLine
 10
206.654296875
 20
-429.137265926793
 30
0.0
 11
207.896484375
 21
-428.587247616246
 31
0.0
  0
LINE
  5
793
330
77A
100
AcDbEntity
  8
2
  6
AUSGEZOGEN
 62
     7
370
    35
100
AcDbLine
 10
207.896484375
 20
-428.587247616246
 30
0.0
 11
206.654296875
 21
-429.137265926793
 31
0.0
  0
LINE
  5
794
330
77A
100
AcDbEntity
  8
2
  6
AUSGEZOGEN
 62
     7
370
    35
100
AcDbLine
 10
241.169921875
 20
-404.737302547886
 30
0.0
 11
267.451171875
 21
-404.737745052769
 31
0.0
  0
LINE
  5
795
330
77A
100
AcDbEntity
  8
2
  6
AUSGEZOGEN
 62
     7
370
    35
100
AcDbLine
 10
267.451171875
 20
-404.737745052769
 30
0.0
 11
241.169921875
 21
-404.737302547886
 31
0.0
  0
LINE
  5
796
330
77A
100
AcDbEntity
  8
2
  6
AUSGEZOGEN
 62
     7
370
    35
100
AcDbLine
 10
267.451171875
 20
-404.737745052769
 30
0.0
 11
308.052734375
 21
-432.690137630894
 31
0.0
  0
LINE
  5
797
330
77A
100
AcDbEntity
  8
2
  6
AUSGEZOGEN
 62
     7
370
    35
100
AcDbLine
 10
308.052734375
 20
-432.690137630894
 30
0.0
 11
267.451171875
 21
-404.737745052769
 31
0.0
  0
LINE
  5
798
330
77A
100
AcDbEntity
  8
2
  6
AUSGEZOGEN
 62
     7
370
    35
100
AcDbLine
 10
186.673828125
 20
-478.99505401273
 30
0.0
 11
206.654296875
 21
-429.137265926793
 31
0.0
  0
LINE
  5
799
330
77A
100
AcDbEntity
  8
2
  6
AUSGEZOGEN
 62
     7
370
    35
100
AcDbLine
 10
206.654296875
 20
-429.137265926793
 30
0.0
 11
207.896484375
 21
-428.587247616246
 31
0.0
  0
LINE
  5
79A
330
77A
100
AcDbEntity
  8
2
  6
AUSGEZOGEN
 62
     7
370
    35
100
AcDbLine
 10
308.052734375
 20
-479.043340450718
 30
0.0
 11
186.673828125
 21
-478.99505401273
 31
0.0
  0
LINE
  5
79B
330
77A
100
AcDbEntity
  8
2
  6
AUSGEZOGEN
 62
     7
370
    35
100
AcDbLine
 10
308.052734375
 20
-432.690137630894
 30
0.0
 11
308.052734375
 21
-479.043340450718
 31
0.0
  0
LINE
  5
79C
330
77A
100
AcDbEntity
  8
2
  6
AUSGEZOGEN
 62
     7
370
    35
100
AcDbLine
 10
241.169921875
 20
-404.737302547886
 30
0.0
 11
267.451171875
 21
-404.737745052769
 31
0.0
  0
LINE
  5
79D
330
77A
100
AcDbEntity
  8
2
  6
AUSGEZOGEN
 62
     7
370
    35
100
AcDbLine
 10
267.451171875
 20
-404.737745052769
 30
0.0
 11
308.052734375
 21
-432.690137630894
 31
0.0
  0
ARC
  5
79E
330
77A
100
AcDbEntity
  8
2
  6
AUSGEZOGEN
 62
     7
370
    35
100
AcDbCircle
 10
232.895034576261
 20
-428.328285194188
 30
0.0
 40
25.00000000000001
100
AcDbArc
 50
180.593520249443
 51
70.672034529184
  0
LINE
  5
79F
330
77A
100
AcDbEntity
  8
2
  6
AUSGEZOGEN
 62
     7
370
    35
100
AcDbLine
 10
308.052734375
 20
-593.339198833897
 30
0.0
 11
154.130859375
 21
-593.339875942662
 31
0.0
  0
LINE
  5
7A0
330
77A
100
AcDbEntity
  8
2
  6
AUSGEZOGEN
 62
     7
370
    35
100
AcDbLine
 10
202.552734375
 20
-593.339664226964
 30
0.0
 11
252.552734375
 21
-593.339442974522
 31
0.0
  0
LINE
  5
7A1
330
77A
100
AcDbEntity
  8
2
  6
AUSGEZOGEN
 62
     7
370
    35
100
AcDbLine
 10
252.552734375
 20
-593.339442974522
 30
0.0
 11
202.552734375
 21
-593.339664226964
 31
0.0
  0
LINE
  5
7A2
330
77A
100
AcDbEntity
  8
2
  6
AUSGEZOGEN
 62
     7
370
    35
100
AcDbLine
 10
154.130859375
 20
-593.339875942662
 30
0.0
 11
308.052734375
 21
-593.339198833897
 31
0.0
  0
LINE
  5
7A3
330
77A
100
AcDbEntity
  8
2
  6
AUSGEZOGEN
 62
     7
370
    35
100
AcDbLine
 10
252.552131279772
 20
-593.339443609207
 30
0.0
 11
260.552131279695
 21
-593.339408417506
 31
0.0
  0
LINE
  5
7A4
330
77A
100
AcDbEntity
  8
2
  6
AUSGEZOGEN
 62
     7
370
    35
100
AcDbLine
 10
202.552131280256
 20
-593.339663557339
 30
0.0
 11
194.552131280332
 21
-593.33969874904
 31
0.0
  0
LINE
  5
7A5
330
77A
100
AcDbEntity
  8
2
  6
AUSGEZOGEN
 62
     7
370
    35
100
AcDbLine
 10
151.130859375
 20
-591.338775402501
 30
0.0
 11
154.130859375
 21
-593.339875942662
 31
0.0
  0
LINE
  5
7A6
330
77A
100
AcDbEntity
  8
2
  6
AUSGEZOGEN
 62
     7
370
    35
100
AcDbLine
 10
154.130859375
 20
-593.339875942662
 30
0.0
 11
151.130859375
 21
-591.338775402501
 31
0.0
  0
LINE
  5
7A7
330
77A
100
AcDbEntity
  8
2
  6
AUSGEZOGEN
 62
     7
370
    35
100
AcDbLine
 10
151.130859375
 20
-573.705701595738
 30
0.0
 11
151.130859375
 21
-591.338775402501
 31
0.0
  0
LINE
  5
7A8
330
77A
100
AcDbEntity
  8
2
  6
AUSGEZOGEN
 62
     7
370
    35
100
AcDbLine
 10
151.130859375
 20
-591.338775402501
 30
0.0
 11
151.130859375
 21
-573.705701595738
 31
0.0
  0
LINE
  5
7A9
330
77A
100
AcDbEntity
  8
2
  6
AUSGEZOGEN
 62
     7
370
    35
100
AcDbLine
 10
183.20703125
 20
-495.177701717808
 30
0.0
 11
180.61328125
 21
-494.122388607457
 31
0.0
  0
LINE
  5
7AA
330
77A
100
AcDbEntity
  8
2
  6
AUSGEZOGEN
 62
     7
370
    35
100
AcDbLine
 10
180.61328125
 20
-494.122388607457
 30
0.0
 11
183.20703125
 21
-495.177701717808
 31
0.0
  0
LINE
  5
7AB
330
77A
100
AcDbEntity
  8
2
  6
AUSGEZOGEN
 62
     7
370
    35
100
AcDbLine
 10
180.61328125
 20
-494.122388607457
 30
0.0
 11
185.873046875
 21
-480.99473357816
 31
0.0
  0
LINE
  5
7AC
330
77A
100
AcDbEntity
  8
2
  6
AUSGEZOGEN
 62
     7
370
    35
100
AcDbLine
 10
185.873046875
 20
-480.99473357816
 30
0.0
 11
180.61328125
 21
-494.122388607457
 31
0.0
  0
LINE
  5
7AD
330
77A
100
AcDbEntity
  8
2
  6
AUSGEZOGEN
 62
     7
370
    35
100
AcDbLine
 10
186.673828125
 20
-478.99505401273
 30
0.0
 11
206.654296875
 21
-429.137265926793
 31
0.0
  0
LINE
  5
7AE
330
77A
100
AcDbEntity
  8
2
  6
AUSGEZOGEN
 62
     7
370
    35
100
AcDbLine
 10
206.654296875
 20
-429.137265926793
 30
0.0
 11
186.673828125
 21
-478.99505401273
 31
0.0
  0
LINE
  5
7AF
330
77A
100
AcDbEntity
  8
2
  6
AUSGEZOGEN
 62
     7
370
    35
100
AcDbLine
 10
186.674676740047
 20
-478.995054904466
 30
0.0
 11
185.873350917347
 21
-480.994736262167
 31
0.0
  0
LINE
  5
7B0
330
77A
100
AcDbEntity
  8
2
  6
AUSGEZOGEN
 62
     7
370
    35
100
AcDbLine
 10
185.873350917347
 20
-480.994736262167
 30
0.0
 11
186.674676740047
 21
-478.995054904466
 31
0.0
  0
LINE
  5
7B1
330
77A
100
AcDbEntity
  8
2
  6
AUSGEZOGEN
 62
     7
370
    35
100
AcDbLine
 10
308.052734375
 20
-481.043340450718
 30
0.0
 11
185.873046875
 21
-480.99473357816
 31
0.0
  0
LINE
  5
7B2
330
77A
100
AcDbEntity
  8
2
  6
AUSGEZOGEN
 62
     7
370
    35
100
AcDbLine
 10
185.873046875
 20
-480.99473357816
 30
0.0
 11
308.052734375
 21
-481.043340450718
 31
0.0
  0
LINE
  5
7B3
330
77A
100
AcDbEntity
  8
2
  6
AUSGEZOGEN
 62
     7
370
    35
100
AcDbLine
 10
151.130859375
 20
-573.705701595738
 30
0.0
 11
151.130859375
 21
-591.338775402501
 31
0.0
  0
LINE
  5
7B4
330
77A
100
AcDbEntity
  8
2
  6
AUSGEZOGEN
 62
     7
370
    35
100
AcDbLine
 10
151.130859375
 20
-591.338775402501
 30
0.0
 11
154.130859375
 21
-593.339875942662
 31
0.0
  0
LINE
  5
7B5
330
77A
100
AcDbEntity
  8
2
  6
AUSGEZOGEN
 62
     7
370
    35
100
AcDbLine
 10
154.130859375
 20
-593.339875942662
 30
0.0
 11
308.052734375
 21
-593.339198833897
 31
0.0
  0
LINE
  5
7B6
330
77A
100
AcDbEntity
  8
2
  6
AUSGEZOGEN
 62
     7
370
    35
100
AcDbLine
 10
180.61328125
 20
-494.122388607457
 30
0.0
 11
183.20703125
 21
-495.177701717808
 31
0.0
  0
LINE
  5
7B7
330
77A
100
AcDbEntity
  8
2
  6
AUSGEZOGEN
 62
     7
370
    35
100
AcDbLine
 10
185.873046875
 20
-480.99473357816
 30
0.0
 11
180.61328125
 21
-494.122388607457
 31
0.0
  0
LINE
  5
7B8
330
77A
100
AcDbEntity
  8
2
  6
AUSGEZOGEN
 62
     7
370
    35
100
AcDbLine
 10
308.052734375
 20
-593.339198833897
 30
0.0
 11
308.052734375
 21
-481.043340450718
 31
0.0
  0
LINE
  5
7B9
330
77A
100
AcDbEntity
  8
2
  6
AUSGEZOGEN
 62
     7
370
    35
100
AcDbLine
 10
308.052734375
 20
-481.043340450718
 30
0.0
 11
185.873046875
 21
-480.99473357816
 31
0.0
  0
LINE
  5
7BA
330
77A
100
AcDbEntity
  8
2
  6
AUSGEZOGEN
 62
     7
370
    35
100
AcDbLine
 10
183.20703125
 20
-495.177701717808
 30
0.0
 11
151.130859375
 21
-573.705701595738
 31
0.0
  0
CIRCLE
  5
7BB
330
77A
100
AcDbEntity
  8
2
  6
AUSGEZOGEN
 62
     7
370
    35
100
AcDbCircle
 10
223.821080568072
 20
-562.556531673863
 30
0.0
 40
10.25
  0
CIRCLE
  5
7BC
330
77A
100
AcDbEntity
  8
2
  6
AUSGEZOGEN
 62
     7
370
    35
100
AcDbCircle
 10
244.4811307522
 20
-512.028665194187
 30
0.0
 40
10.25
  0
LINE
  5
7BD
330
77A
100
AcDbEntity
  8
2
  6
AUSGEZOGEN
 62
     7
370
    35
100
AcDbLine
 10
308.052734375
 20
-593.339198833897
 30
0.0
 11
308.052734375
 21
-722.022825008824
 31
0.0
  0
LINE
  5
7BE
330
77A
100
AcDbEntity
  8
2
  6
AUSGEZOGEN
 62
     7
370
    35
100
AcDbLine
 10
308.052734375
 20
-722.022825008824
 30
0.0
 11
308.052734375
 21
-481.043340450718
 31
0.0
  0
LINE
  5
7BF
330
77A
100
AcDbEntity
  8
2
  6
AUSGEZOGEN
 62
     7
370
    35
100
AcDbLine
 10
308.052734375
 20
-432.690137630894
 30
0.0
 11
308.052734375
 21
-479.043340450718
 31
0.0
  0
LINE
  5
7C0
330
77A
100
AcDbEntity
  8
2
  6
AUSGEZOGEN
 62
     7
370
    35
100
AcDbLine
 10
308.052734375
 20
-479.043340450718
 30
0.0
 11
308.052734375
 21
-432.690137630894
 31
0.0
  0
LINE
  5
7C1
330
77A
100
AcDbEntity
  8
2
  6
AUSGEZOGEN
 62
     7
370
    35
100
AcDbLine
 10
308.052734375
 20
-481.043340450718
 30
0.0
 11
308.052734375
 21
-593.339198833897
 31
0.0
  0
LINE
  5
7C2
330
77A
100
AcDbEntity
  8
2
  6
AUSGEZOGEN
 62
     7
370
    35
100
AcDbLine
 10
308.052131279233
 20
-481.043344040379
 30
0.0
 11
308.052131279233
 21
-479.043343879296
 31
0.0
  0
LINE
  5
7C3
330
77A
100
AcDbEntity
  8
2
  6
AUSGEZOGEN
 62
     7
370
    35
100
AcDbLine
 10
308.052131279233
 20
-479.04334387649
 30
0.0
 11
308.052131279233
 21
-481.043344037574
 31
0.0
  0
LINE
  5
7C4
330
77A
100
AcDbEntity
  8
2
  6
AUSGEZOGEN
 62
     7
370
    35
100
AcDbLine
 10
308.052734375
 20
-722.022825008824
 30
0.0
 11
307.552734375
 21
-722.022825008824
 31
0.0
  0
LINE
  5
7C5
330
77A
100
AcDbEntity
  8
2
  6
AUSGEZOGEN
 62
     7
370
    35
100
AcDbLine
 10
307.552734375
 20
-722.022825008824
 30
0.0
 11
308.052734375
 21
-722.022825008824
 31
0.0
  0
LINE
  5
7C6
330
77A
100
AcDbEntity
  8
2
  6
AUSGEZOGEN
 62
     7
370
    35
100
AcDbLine
 10
307.552734375
 20
-722.022825008824
 30
0.0
 11
307.552734375
 21
-753.328611141636
 31
0.0
  0
LINE
  5
7C7
330
77A
100
AcDbEntity
  8
2
  6
AUSGEZOGEN
 62
     7
370
    35
100
AcDbLine
 10
307.552734375
 20
-753.328611141636
 30
0.0
 11
307.552734375
 21
-722.022825008824
 31
0.0
  0
LINE
  5
7C8
330
77A
100
AcDbEntity
  8
2
  6
AUSGEZOGEN
 62
     7
370
    35
100
AcDbLine
 10
307.552734375
 20
-753.328611141636
 30
0.0
 11
-25.947265625
 21
-753.339872127965
 31
0.0
  0
LINE
  5
7C9
330
77A
100
AcDbEntity
  8
2
  6
AUSGEZOGEN
 62
     7
370
    35
100
AcDbLine
 10
-25.947265625
 20
-753.339872127965
 30
0.0
 11
307.552734375
 21
-753.328611141636
 31
0.0
  0
LINE
  5
7CA
330
77A
100
AcDbEntity
  8
2
  6
AUSGEZOGEN
 62
     7
370
    35
100
AcDbLine
 10
-192.970703125
 20
-593.33874869962
 30
0.0
 11
120.125
 21
-593.33874869962
 31
0.0
  0
LINE
  5
7CB
330
77A
100
AcDbEntity
  8
2
  6
AUSGEZOGEN
 62
     7
370
    35
100
AcDbLine
 10
120.125
 20
-593.33874869962
 30
0.0
 11
-192.970703125
 21
-593.33874869962
 31
0.0
  0
LINE
  5
7CC
330
77A
100
AcDbEntity
  8
2
  6
AUSGEZOGEN
 62
     7
370
    35
100
AcDbLine
 10
147.384765625
 20
-582.874505764439
 30
0.0
 11
151.130859375
 21
-573.705701595738
 31
0.0
  0
LINE
  5
7CD
330
77A
100
AcDbEntity
  8
2
  6
AUSGEZOGEN
 62
     7
370
    35
100
AcDbLine
 10
151.130859375
 20
-573.705701595738
 30
0.0
 11
183.20703125
 21
-495.177701717808
 31
0.0
  0
LINE
  5
7CE
330
77A
100
AcDbEntity
  8
2
  6
AUSGEZOGEN
 62
     7
370
    35
100
AcDbLine
 10
183.20703125
 20
-495.177701717808
 30
0.0
 11
147.384765625
 21
-582.874505764439
 31
0.0
  0
LINE
  5
7CF
330
77A
100
AcDbEntity
  8
2
  6
AUSGEZOGEN
 62
     7
370
    35
100
AcDbLine
 10
308.052734375
 20
-593.339198833897
 30
0.0
 11
154.130859375
 21
-593.339875942662
 31
0.0
  0
LINE
  5
7D0
330
77A
100
AcDbEntity
  8
2
  6
AUSGEZOGEN
 62
     7
370
    35
100
AcDbLine
 10
308.052734375
 20
-722.022825008824
 30
0.0
 11
308.052734375
 21
-593.339198833897
 31
0.0
  0
LINE
  5
7D1
330
77A
100
AcDbEntity
  8
2
  6
AUSGEZOGEN
 62
     7
370
    35
100
AcDbLine
 10
-25.947265625
 20
-753.339872127965
 30
0.0
 11
307.552734375
 21
-753.328611141636
 31
0.0
  0
LINE
  5
7D2
330
77A
100
AcDbEntity
  8
2
  6
AUSGEZOGEN
 62
     7
370
    35
100
AcDbLine
 10
307.552734375
 20
-753.328611141636
 30
0.0
 11
307.552734375
 21
-722.022825008824
 31
0.0
  0
LINE
  5
7D3
330
77A
100
AcDbEntity
  8
2
  6
AUSGEZOGEN
 62
     7
370
    35
100
AcDbLine
 10
154.130859375
 20
-593.339875942662
 30
0.0
 11
151.130859375
 21
-591.338775402501
 31
0.0
  0
LINE
  5
7D4
330
77A
100
AcDbEntity
  8
2
  6
AUSGEZOGEN
 62
     7
370
    35
100
AcDbLine
 10
151.130859375
 20
-591.338775402501
 30
0.0
 11
151.130859375
 21
-573.705701595738
 31
0.0
  0
LINE
  5
7D5
330
77A
100
AcDbEntity
  8
2
  6
AUSGEZOGEN
 62
     7
370
    35
100
AcDbLine
 10
151.130859375
 20
-573.705701595738
 30
0.0
 11
147.384765625
 21
-582.874505764439
 31
0.0
  0
LINE
  5
7D6
330
77A
100
AcDbEntity
  8
2
  6
AUSGEZOGEN
 62
     7
370
    35
100
AcDbLine
 10
120.125
 20
-593.33874869962
 30
0.0
 11
-192.970703125
 21
-593.33874869962
 31
0.0
  0
LINE
  5
7D7
330
77A
100
AcDbEntity
  8
2
  6
AUSGEZOGEN
 62
     7
370
    35
100
AcDbLine
 10
307.552734375
 20
-722.022825008824
 30
0.0
 11
308.052734375
 21
-722.022825008824
 31
0.0
  0
ARC
  5
7D8
330
77A
100
AcDbEntity
  8
2
  6
AUSGEZOGEN
 62
     7
370
    35
100
AcDbCircle
 10
128.856394600236
 20
-575.345117221206
 30
0.0
 40
19.99999999999998
100
AcDbArc
 50
244.116237623067
 51
337.884840534358
  0
LINE
  5
7D9
330
77A
100
AcDbEntity
  8
2
  6
AUSGEZOGEN
 62
     7
370
    35
100
AcDbLine
 10
185.873046875
 20
-480.99473357816
 30
0.0
 11
308.052734375
 21
-481.043340450718
 31
0.0
  0
LINE
  5
7DA
330
77A
100
AcDbEntity
  8
2
  6
AUSGEZOGEN
 62
     7
370
    35
100
AcDbLine
 10
180.61328125
 20
-494.122388607457
 30
0.0
 11
185.873046875
 21
-480.99473357816
 31
0.0
  0
LINE
  5
7DB
330
77A
100
AcDbEntity
  8
2
  6
AUSGEZOGEN
 62
     7
370
    35
100
AcDbLine
 10
183.20703125
 20
-495.177701717808
 30
0.0
 11
180.61328125
 21
-494.122388607457
 31
0.0
  0
LINE
  5
7DC
330
77A
100
AcDbEntity
  8
2
  6
AUSGEZOGEN
 62
     7
370
    35
100
AcDbLine
 10
147.384765625
 20
-582.874505764439
 30
0.0
 11
183.20703125
 21
-495.177701717808
 31
0.0
  0
LINE
  5
7DD
330
77A
100
AcDbEntity
  8
2
  6
AUSGEZOGEN
 62
     7
370
    35
100
AcDbLine
 10
308.052734375
 20
-481.043340450718
 30
0.0
 11
308.052734375
 21
-722.022825008824
 31
0.0
  0
LINE
  5
7DE
330
77A
100
AcDbEntity
  8
2
  6
AUSGEZOGEN
 62
     7
370
    35
100
AcDbLine
 10
308.052734375
 20
-722.022825008824
 30
0.0
 11
307.552734375
 21
-722.022825008824
 31
0.0
  0
LINE
  5
7DF
330
77A
100
AcDbEntity
  8
2
  6
AUSGEZOGEN
 62
     7
370
    35
100
AcDbLine
 10
307.552734375
 20
-722.022825008824
 30
0.0
 11
307.552734375
 21
-753.328611141636
 31
0.0
  0
LINE
  5
7E0
330
77A
100
AcDbEntity
  8
2
  6
AUSGEZOGEN
 62
     7
370
    35
100
AcDbLine
 10
307.552734375
 20
-753.328611141636
 30
0.0
 11
-25.947265625
 21
-753.339872127965
 31
0.0
  0
LINE
  5
7E1
330
77A
100
AcDbEntity
  8
2
  6
AUSGEZOGEN
 62
     7
370
    35
100
AcDbLine
 10
-192.970703125
 20
-593.33874869962
 30
0.0
 11
120.125
 21
-593.33874869962
 31
0.0
  0
CIRCLE
  5
7E2
330
77A
100
AcDbEntity
  8
2
  6
AUSGEZOGEN
 62
     7
370
    35
100
AcDbCircle
 10
244.4811307522
 20
-512.028665194187
 30
0.0
 40
10.25
  0
CIRCLE
  5
7E3
330
77A
100
AcDbEntity
  8
2
  6
AUSGEZOGEN
 62
     7
370
    35
100
AcDbCircle
 10
223.821080568072
 20
-562.556531673863
 30
0.0
 40
10.25
  0
ARC
  5
7E4
330
77A
100
AcDbEntity
  8
2
  6
AUSGEZOGEN
 62
     7
370
    35
100
AcDbCircle
 10
128.856394600236
 20
-575.345117221206
 30
0.0
 40
19.99999999999998
100
AcDbArc
 50
244.116237623067
 51
337.884840534358
  0
ENDBLK
  5
77C
330
77A
100
AcDbEntity
  8
0
100
AcDbBlockEnd
  0
BLOCK
  5
7E7
330
7E6
100
AcDbEntity
  8
0
100
AcDbBlockBegin
  2
AnonymMegaMac_nNn030
 70
     0
 10
0.0
 20
0.0
 30
0.0
  3
AnonymMegaMac_nNn030
  1

  0
LINE
  5
7E9
330
7E6
100
AcDbEntity
  8
2
  6
AUSGEZOGEN
 62
     7
370
    35
100
AcDbLine
 10
252.552734375
 20
-577.339443928196
 30
0.0
 11
252.552734375
 21
-593.339442974522
 31
0.0
  0
LINE
  5
7EA
330
7E6
100
AcDbEntity
  8
2
  6
AUSGEZOGEN
 62
     7
370
    35
100
AcDbLine
 10
252.552734375
 20
-593.339442974522
 30
0.0
 11
202.552734375
 21
-593.339664226964
 31
0.0
  0
LINE
  5
7EB
330
7E6
100
AcDbEntity
  8
2
  6
AUSGEZOGEN
 62
     7
370
    35
100
AcDbLine
 10
202.552734375
 20
-593.339664226964
 30
0.0
 11
202.552734375
 21
-577.339663273289
 31
0.0
  0
LINE
  5
7EC
330
7E6
100
AcDbEntity
  8
2
  6
AUSGEZOGEN
 62
     7
370
    35
100
AcDbLine
 10
202.552734375
 20
-577.339663273289
 30
0.0
 11
252.552734375
 21
-577.339443928196
 31
0.0
  0
LINE
  5
7ED
330
7E6
100
AcDbEntity
  8
2
  6
AUSGEZOGEN
 62
     7
370
    35
100
AcDbLine
 10
252.552734375
 20
-593.339442974522
 30
0.0
 11
252.552734375
 21
-577.339443928196
 31
0.0
  0
LINE
  5
7EE
330
7E6
100
AcDbEntity
  8
2
  6
AUSGEZOGEN
 62
     7
370
    35
100
AcDbLine
 10
252.552734375
 20
-577.339443928196
 30
0.0
 11
202.552734375
 21
-577.339663273289
 31
0.0
  0
LINE
  5
7EF
330
7E6
100
AcDbEntity
  8
2
  6
AUSGEZOGEN
 62
     7
370
    35
100
AcDbLine
 10
202.552734375
 20
-577.339663273289
 30
0.0
 11
202.552734375
 21
-593.339664226964
 31
0.0
  0
LINE
  5
7F0
330
7E6
100
AcDbEntity
  8
2
  6
AUSGEZOGEN
 62
     7
370
    35
100
AcDbLine
 10
202.552734375
 20
-593.339664226964
 30
0.0
 11
252.552734375
 21
-593.339442974522
 31
0.0
  0
LINE
  5
7F1
330
7E6
100
AcDbEntity
  8
2
  6
AUSGEZOGEN
 62
     7
370
    35
100
AcDbLine
 10
202.552734375
 20
-577.339663273289
 30
0.0
 11
252.552734375
 21
-577.339443928196
 31
0.0
  0
LINE
  5
7F2
330
7E6
100
AcDbEntity
  8
2
  6
AUSGEZOGEN
 62
     7
370
    35
100
AcDbLine
 10
252.552734375
 20
-577.339443928196
 30
0.0
 11
202.552734375
 21
-577.339663273289
 31
0.0
  0
LINE
  5
7F3
330
7E6
100
AcDbEntity
  8
2
  6
AUSGEZOGEN
 62
     7
370
    35
100
AcDbLine
 10
260.552060896291
 20
-577.33940841766
 30
0.0
 11
252.552060896367
 21
-577.339443609361
 31
0.0
  0
LINE
  5
7F4
330
7E6
100
AcDbEntity
  8
2
  6
AUSGEZOGEN
 62
     7
370
    35
100
AcDbLine
 10
202.552060896851
 20
-577.339663557493
 30
0.0
 11
194.552060896927
 21
-577.339698749194
 31
0.0
  0
LINE
  5
7F5
330
7E6
100
AcDbEntity
  8
2
  6
AUSGEZOGEN
 62
     7
370
    35
100
AcDbLine
 10
308.052734375
 20
-479.043340450718
 30
0.0
 11
186.673828125
 21
-478.99505401273
 31
0.0
  0
LINE
  5
7F6
330
7E6
100
AcDbEntity
  8
2
  6
AUSGEZOGEN
 62
     7
370
    35
100
AcDbLine
 10
186.673828125
 20
-478.99505401273
 30
0.0
 11
308.052734375
 21
-479.043340450718
 31
0.0
  0
LINE
  5
7F7
330
7E6
100
AcDbEntity
  8
2
  6
AUSGEZOGEN
 62
     7
370
    35
100
AcDbLine
 10
308.052734375
 20
-479.043340450718
 30
0.0
 11
308.052734375
 21
-432.690137630894
 31
0.0
  0
LINE
  5
7F8
330
7E6
100
AcDbEntity
  8
2
  6
AUSGEZOGEN
 62
     7
370
    35
100
AcDbLine
 10
308.052734375
 20
-432.690137630894
 30
0.0
 11
267.451171875
 21
-404.737745052769
 31
0.0
  0
LINE
  5
7F9
330
7E6
100
AcDbEntity
  8
2
  6
AUSGEZOGEN
 62
     7
370
    35
100
AcDbLine
 10
267.451171875
 20
-404.737745052769
 30
0.0
 11
241.169921875
 21
-404.737302547886
 31
0.0
  0
LINE
  5
7FA
330
7E6
100
AcDbEntity
  8
2
  6
AUSGEZOGEN
 62
     7
370
    35
100
AcDbLine
 10
186.673828125
 20
-478.99505401273
 30
0.0
 11
308.052734375
 21
-479.043340450718
 31
0.0
  0
LINE
  5
7FB
330
7E6
100
AcDbEntity
  8
2
  6
AUSGEZOGEN
 62
     7
370
    35
100
AcDbLine
 10
206.654296875
 20
-429.137265926793
 30
0.0
 11
186.673828125
 21
-478.99505401273
 31
0.0
  0
LINE
  5
7FC
330
7E6
100
AcDbEntity
  8
2
  6
AUSGEZOGEN
 62
     7
370
    35
100
AcDbLine
 10
207.896484375
 20
-428.587247616246
 30
0.0
 11
206.654296875
 21
-429.137265926793
 31
0.0
  0
ARC
  5
7FD
330
7E6
100
AcDbEntity
  8
2
  6
AUSGEZOGEN
 62
     7
370
    35
100
AcDbCircle
 10
232.895034576261
 20
-428.328285194188
 30
0.0
 40
25.00000000000001
100
AcDbArc
 50
180.593520249443
 51
70.672034529184
  0
LINE
  5
7FE
330
7E6
100
AcDbEntity
  8
2
  6
AUSGEZOGEN
 62
     7
370
    35
100
AcDbLine
 10
206.654296875
 20
-429.137265926793
 30
0.0
 11
207.896484375
 21
-428.587247616246
 31
0.0
  0
LINE
  5
7FF
330
7E6
100
AcDbEntity
  8
2
  6
AUSGEZOGEN
 62
     7
370
    35
100
AcDbLine
 10
207.896484375
 20
-428.587247616246
 30
0.0
 11
206.654296875
 21
-429.137265926793
 31
0.0
  0
LINE
  5
800
330
7E6
100
AcDbEntity
  8
2
  6
AUSGEZOGEN
 62
     7
370
    35
100
AcDbLine
 10
241.169921875
 20
-404.737302547886
 30
0.0
 11
267.451171875
 21
-404.737745052769
 31
0.0
  0
LINE
  5
801
330
7E6
100
AcDbEntity
  8
2
  6
AUSGEZOGEN
 62
     7
370
    35
100
AcDbLine
 10
267.451171875
 20
-404.737745052769
 30
0.0
 11
241.169921875
 21
-404.737302547886
 31
0.0
  0
LINE
  5
802
330
7E6
100
AcDbEntity
  8
2
  6
AUSGEZOGEN
 62
     7
370
    35
100
AcDbLine
 10
267.451171875
 20
-404.737745052769
 30
0.0
 11
308.052734375
 21
-432.690137630894
 31
0.0
  0
LINE
  5
803
330
7E6
100
AcDbEntity
  8
2
  6
AUSGEZOGEN
 62
     7
370
    35
100
AcDbLine
 10
308.052734375
 20
-432.690137630894
 30
0.0
 11
267.451171875
 21
-404.737745052769
 31
0.0
  0
LINE
  5
804
330
7E6
100
AcDbEntity
  8
2
  6
AUSGEZOGEN
 62
     7
370
    35
100
AcDbLine
 10
186.673828125
 20
-478.99505401273
 30
0.0
 11
206.654296875
 21
-429.137265926793
 31
0.0
  0
LINE
  5
805
330
7E6
100
AcDbEntity
  8
2
  6
AUSGEZOGEN
 62
     7
370
    35
100
AcDbLine
 10
206.654296875
 20
-429.137265926793
 30
0.0
 11
207.896484375
 21
-428.587247616246
 31
0.0
  0
LINE
  5
806
330
7E6
100
AcDbEntity
  8
2
  6
AUSGEZOGEN
 62
     7
370
    35
100
AcDbLine
 10
308.052734375
 20
-479.043340450718
 30
0.0
 11
186.673828125
 21
-478.99505401273
 31
0.0
  0
LINE
  5
807
330
7E6
100
AcDbEntity
  8
2
  6
AUSGEZOGEN
 62
     7
370
    35
100
AcDbLine
 10
308.052734375
 20
-432.690137630894
 30
0.0
 11
308.052734375
 21
-479.043340450718
 31
0.0
  0
LINE
  5
808
330
7E6
100
AcDbEntity
  8
2
  6
AUSGEZOGEN
 62
     7
370
    35
100
AcDbLine
 10
241.169921875
 20
-404.737302547886
 30
0.0
 11
267.451171875
 21
-404.737745052769
 31
0.0
  0
LINE
  5
809
330
7E6
100
AcDbEntity
  8
2
  6
AUSGEZOGEN
 62
     7
370
    35
100
AcDbLine
 10
267.451171875
 20
-404.737745052769
 30
0.0
 11
308.052734375
 21
-432.690137630894
 31
0.0
  0
ARC
  5
80A
330
7E6
100
AcDbEntity
  8
2
  6
AUSGEZOGEN
 62
     7
370
    35
100
AcDbCircle
 10
232.895034576261
 20
-428.328285194188
 30
0.0
 40
25.00000000000001
100
AcDbArc
 50
180.593520249443
 51
70.672034529184
  0
LINE
  5
80B
330
7E6
100
AcDbEntity
  8
2
  6
AUSGEZOGEN
 62
     7
370
    35
100
AcDbLine
 10
308.052734375
 20
-593.339198833897
 30
0.0
 11
154.130859375
 21
-593.339875942662
 31
0.0
  0
LINE
  5
80C
330
7E6
100
AcDbEntity
  8
2
  6
AUSGEZOGEN
 62
     7
370
    35
100
AcDbLine
 10
202.552734375
 20
-593.339664226964
 30
0.0
 11
252.552734375
 21
-593.339442974522
 31
0.0
  0
LINE
  5
80D
330
7E6
100
AcDbEntity
  8
2
  6
AUSGEZOGEN
 62
     7
370
    35
100
AcDbLine
 10
252.552734375
 20
-593.339442974522
 30
0.0
 11
202.552734375
 21
-593.339664226964
 31
0.0
  0
LINE
  5
80E
330
7E6
100
AcDbEntity
  8
2
  6
AUSGEZOGEN
 62
     7
370
    35
100
AcDbLine
 10
154.130859375
 20
-593.339875942662
 30
0.0
 11
308.052734375
 21
-593.339198833897
 31
0.0
  0
LINE
  5
80F
330
7E6
100
AcDbEntity
  8
2
  6
AUSGEZOGEN
 62
     7
370
    35
100
AcDbLine
 10
252.552131279772
 20
-593.339443609207
 30
0.0
 11
260.552131279695
 21
-593.339408417506
 31
0.0
  0
LINE
  5
810
330
7E6
100
AcDbEntity
  8
2
  6
AUSGEZOGEN
 62
     7
370
    35
100
AcDbLine
 10
202.552131280256
 20
-593.339663557339
 30
0.0
 11
194.552131280332
 21
-593.33969874904
 31
0.0
  0
LINE
  5
811
330
7E6
100
AcDbEntity
  8
2
  6
AUSGEZOGEN
 62
     7
370
    35
100
AcDbLine
 10
151.130859375
 20
-591.338775402501
 30
0.0
 11
154.130859375
 21
-593.339875942662
 31
0.0
  0
LINE
  5
812
330
7E6
100
AcDbEntity
  8
2
  6
AUSGEZOGEN
 62
     7
370
    35
100
AcDbLine
 10
154.130859375
 20
-593.339875942662
 30
0.0
 11
151.130859375
 21
-591.338775402501
 31
0.0
  0
LINE
  5
813
330
7E6
100
AcDbEntity
  8
2
  6
AUSGEZOGEN
 62
     7
370
    35
100
AcDbLine
 10
151.130859375
 20
-573.705701595738
 30
0.0
 11
151.130859375
 21
-591.338775402501
 31
0.0
  0
LINE
  5
814
330
7E6
100
AcDbEntity
  8
2
  6
AUSGEZOGEN
 62
     7
370
    35
100
AcDbLine
 10
151.130859375
 20
-591.338775402501
 30
0.0
 11
151.130859375
 21
-573.705701595738
 31
0.0
  0
LINE
  5
815
330
7E6
100
AcDbEntity
  8
2
  6
AUSGEZOGEN
 62
     7
370
    35
100
AcDbLine
 10
183.20703125
 20
-495.177701717808
 30
0.0
 11
180.61328125
 21
-494.122388607457
 31
0.0
  0
LINE
  5
816
330
7E6
100
AcDbEntity
  8
2
  6
AUSGEZOGEN
 62
     7
370
    35
100
AcDbLine
 10
180.61328125
 20
-494.122388607457
 30
0.0
 11
183.20703125
 21
-495.177701717808
 31
0.0
  0
LINE
  5
817
330
7E6
100
AcDbEntity
  8
2
  6
AUSGEZOGEN
 62
     7
370
    35
100
AcDbLine
 10
180.61328125
 20
-494.122388607457
 30
0.0
 11
185.873046875
 21
-480.99473357816
 31
0.0
  0
LINE
  5
818
330
7E6
100
AcDbEntity
  8
2
  6
AUSGEZOGEN
 62
     7
370
    35
100
AcDbLine
 10
185.873046875
 20
-480.99473357816
 30
0.0
 11
180.61328125
 21
-494.122388607457
 31
0.0
  0
LINE
  5
819
330
7E6
100
AcDbEntity
  8
2
  6
AUSGEZOGEN
 62
     7
370
    35
100
AcDbLine
 10
186.673828125
 20
-478.99505401273
 30
0.0
 11
206.654296875
 21
-429.137265926793
 31
0.0
  0
LINE
  5
81A
330
7E6
100
AcDbEntity
  8
2
  6
AUSGEZOGEN
 62
     7
370
    35
100
AcDbLine
 10
206.654296875
 20
-429.137265926793
 30
0.0
 11
186.673828125
 21
-478.99505401273
 31
0.0
  0
LINE
  5
81B
330
7E6
100
AcDbEntity
  8
2
  6
AUSGEZOGEN
 62
     7
370
    35
100
AcDbLine
 10
186.674676740047
 20
-478.995054904466
 30
0.0
 11
185.873350917347
 21
-480.994736262167
 31
0.0
  0
LINE
  5
81C
330
7E6
100
AcDbEntity
  8
2
  6
AUSGEZOGEN
 62
     7
370
    35
100
AcDbLine
 10
185.873350917347
 20
-480.994736262167
 30
0.0
 11
186.674676740047
 21
-478.995054904466
 31
0.0
  0
LINE
  5
81D
330
7E6
100
AcDbEntity
  8
2
  6
AUSGEZOGEN
 62
     7
370
    35
100
AcDbLine
 10
308.052734375
 20
-481.043340450718
 30
0.0
 11
185.873046875
 21
-480.99473357816
 31
0.0
  0
LINE
  5
81E
330
7E6
100
AcDbEntity
  8
2
  6
AUSGEZOGEN
 62
     7
370
    35
100
AcDbLine
 10
185.873046875
 20
-480.99473357816
 30
0.0
 11
308.052734375
 21
-481.043340450718
 31
0.0
  0
LINE
  5
81F
330
7E6
100
AcDbEntity
  8
2
  6
AUSGEZOGEN
 62
     7
370
    35
100
AcDbLine
 10
151.130859375
 20
-573.705701595738
 30
0.0
 11
151.130859375
 21
-591.338775402501
 31
0.0
  0
LINE
  5
820
330
7E6
100
AcDbEntity
  8
2
  6
AUSGEZOGEN
 62
     7
370
    35
100
AcDbLine
 10
151.130859375
 20
-591.338775402501
 30
0.0
 11
154.130859375
 21
-593.339875942662
 31
0.0
  0
LINE
  5
821
330
7E6
100
AcDbEntity
  8
2
  6
AUSGEZOGEN
 62
     7
370
    35
100
AcDbLine
 10
154.130859375
 20
-593.339875942662
 30
0.0
 11
308.052734375
 21
-593.339198833897
 31
0.0
  0
LINE
  5
822
330
7E6
100
AcDbEntity
  8
2
  6
AUSGEZOGEN
 62
     7
370
    35
100
AcDbLine
 10
180.61328125
 20
-494.122388607457
 30
0.0
 11
183.20703125
 21
-495.177701717808
 31
0.0
  0
LINE
  5
823
330
7E6
100
AcDbEntity
  8
2
  6
AUSGEZOGEN
 62
     7
370
    35
100
AcDbLine
 10
185.873046875
 20
-480.99473357816
 30
0.0
 11
180.61328125
 21
-494.122388607457
 31
0.0
  0
LINE
  5
824
330
7E6
100
AcDbEntity
  8
2
  6
AUSGEZOGEN
 62
     7
370
    35
100
AcDbLine
 10
308.052734375
 20
-593.339198833897
 30
0.0
 11
308.052734375
 21
-481.043340450718
 31
0.0
  0
LINE
  5
825
330
7E6
100
AcDbEntity
  8
2
  6
AUSGEZOGEN
 62
     7
370
    35
100
AcDbLine
 10
308.052734375
 20
-481.043340450718
 30
0.0
 11
185.873046875
 21
-480.99473357816
 31
0.0
  0
LINE
  5
826
330
7E6
100
AcDbEntity
  8
2
  6
AUSGEZOGEN
 62
     7
370
    35
100
AcDbLine
 10
183.20703125
 20
-495.177701717808
 30
0.0
 11
151.130859375
 21
-573.705701595738
 31
0.0
  0
CIRCLE
  5
827
330
7E6
100
AcDbEntity
  8
2
  6
AUSGEZOGEN
 62
     7
370
    35
100
AcDbCircle
 10
223.821080568072
 20
-562.556531673863
 30
0.0
 40
10.25
  0
CIRCLE
  5
828
330
7E6
100
AcDbEntity
  8
2
  6
AUSGEZOGEN
 62
     7
370
    35
100
AcDbCircle
 10
244.4811307522
 20
-512.028665194187
 30
0.0
 40
10.25
  0
LINE
  5
829
330
7E6
100
AcDbEntity
  8
2
  6
AUSGEZOGEN
 62
     7
370
    35
100
AcDbLine
 10
308.052734375
 20
-593.339198833897
 30
0.0
 11
308.052734375
 21
-722.022825008824
 31
0.0
  0
LINE
  5
82A
330
7E6
100
AcDbEntity
  8
2
  6
AUSGEZOGEN
 62
     7
370
    35
100
AcDbLine
 10
308.052734375
 20
-722.022825008824
 30
0.0
 11
308.052734375
 21
-481.043340450718
 31
0.0
  0
LINE
  5
82B
330
7E6
100
AcDbEntity
  8
2
  6
AUSGEZOGEN
 62
     7
370
    35
100
AcDbLine
 10
308.052734375
 20
-432.690137630894
 30
0.0
 11
308.052734375
 21
-479.043340450718
 31
0.0
  0
LINE
  5
82C
330
7E6
100
AcDbEntity
  8
2
  6
AUSGEZOGEN
 62
     7
370
    35
100
AcDbLine
 10
308.052734375
 20
-479.043340450718
 30
0.0
 11
308.052734375
 21
-432.690137630894
 31
0.0
  0
LINE
  5
82D
330
7E6
100
AcDbEntity
  8
2
  6
AUSGEZOGEN
 62
     7
370
    35
100
AcDbLine
 10
308.052734375
 20
-481.043340450718
 30
0.0
 11
308.052734375
 21
-593.339198833897
 31
0.0
  0
LINE
  5
82E
330
7E6
100
AcDbEntity
  8
2
  6
AUSGEZOGEN
 62
     7
370
    35
100
AcDbLine
 10
308.052131279233
 20
-481.043344040379
 30
0.0
 11
308.052131279233
 21
-479.043343879296
 31
0.0
  0
LINE
  5
82F
330
7E6
100
AcDbEntity
  8
2
  6
AUSGEZOGEN
 62
     7
370
    35
100
AcDbLine
 10
308.052131279233
 20
-479.04334387649
 30
0.0
 11
308.052131279233
 21
-481.043344037574
 31
0.0
  0
LINE
  5
830
330
7E6
100
AcDbEntity
  8
2
  6
AUSGEZOGEN
 62
     7
370
    35
100
AcDbLine
 10
308.052734375
 20
-722.022825008824
 30
0.0
 11
307.552734375
 21
-722.022825008824
 31
0.0
  0
LINE
  5
831
330
7E6
100
AcDbEntity
  8
2
  6
AUSGEZOGEN
 62
     7
370
    35
100
AcDbLine
 10
307.552734375
 20
-722.022825008824
 30
0.0
 11
308.052734375
 21
-722.022825008824
 31
0.0
  0
LINE
  5
832
330
7E6
100
AcDbEntity
  8
2
  6
AUSGEZOGEN
 62
     7
370
    35
100
AcDbLine
 10
307.552734375
 20
-722.022825008824
 30
0.0
 11
307.552734375
 21
-753.328611141636
 31
0.0
  0
LINE
  5
833
330
7E6
100
AcDbEntity
  8
2
  6
AUSGEZOGEN
 62
     7
370
    35
100
AcDbLine
 10
307.552734375
 20
-753.328611141636
 30
0.0
 11
307.552734375
 21
-722.022825008824
 31
0.0
  0
LINE
  5
834
330
7E6
100
AcDbEntity
  8
2
  6
AUSGEZOGEN
 62
     7
370
    35
100
AcDbLine
 10
307.552734375
 20
-753.328611141636
 30
0.0
 11
-25.947265625
 21
-753.339872127965
 31
0.0
  0
LINE
  5
835
330
7E6
100
AcDbEntity
  8
2
  6
AUSGEZOGEN
 62
     7
370
    35
100
AcDbLine
 10
-25.947265625
 20
-753.339872127965
 30
0.0
 11
307.552734375
 21
-753.328611141636
 31
0.0
  0
LINE
  5
836
330
7E6
100
AcDbEntity
  8
2
  6
AUSGEZOGEN
 62
     7
370
    35
100
AcDbLine
 10
-192.970703125
 20
-593.33874869962
 30
0.0
 11
120.125
 21
-593.33874869962
 31
0.0
  0
LINE
  5
837
330
7E6
100
AcDbEntity
  8
2
  6
AUSGEZOGEN
 62
     7
370
    35
100
AcDbLine
 10
120.125
 20
-593.33874869962
 30
0.0
 11
-192.970703125
 21
-593.33874869962
 31
0.0
  0
LINE
  5
838
330
7E6
100
AcDbEntity
  8
2
  6
AUSGEZOGEN
 62
     7
370
    35
100
AcDbLine
 10
147.384765625
 20
-582.874505764439
 30
0.0
 11
151.130859375
 21
-573.705701595738
 31
0.0
  0
LINE
  5
839
330
7E6
100
AcDbEntity
  8
2
  6
AUSGEZOGEN
 62
     7
370
    35
100
AcDbLine
 10
151.130859375
 20
-573.705701595738
 30
0.0
 11
183.20703125
 21
-495.177701717808
 31
0.0
  0
LINE
  5
83A
330
7E6
100
AcDbEntity
  8
2
  6
AUSGEZOGEN
 62
     7
370
    35
100
AcDbLine
 10
183.20703125
 20
-495.177701717808
 30
0.0
 11
147.384765625
 21
-582.874505764439
 31
0.0
  0
LINE
  5
83B
330
7E6
100
AcDbEntity
  8
2
  6
AUSGEZOGEN
 62
     7
370
    35
100
AcDbLine
 10
308.052734375
 20
-593.339198833897
 30
0.0
 11
154.130859375
 21
-593.339875942662
 31
0.0
  0
LINE
  5
83C
330
7E6
100
AcDbEntity
  8
2
  6
AUSGEZOGEN
 62
     7
370
    35
100
AcDbLine
 10
308.052734375
 20
-722.022825008824
 30
0.0
 11
308.052734375
 21
-593.339198833897
 31
0.0
  0
LINE
  5
83D
330
7E6
100
AcDbEntity
  8
2
  6
AUSGEZOGEN
 62
     7
370
    35
100
AcDbLine
 10
-25.947265625
 20
-753.339872127965
 30
0.0
 11
307.552734375
 21
-753.328611141636
 31
0.0
  0
LINE
  5
83E
330
7E6
100
AcDbEntity
  8
2
  6
AUSGEZOGEN
 62
     7
370
    35
100
AcDbLine
 10
307.552734375
 20
-753.328611141636
 30
0.0
 11
307.552734375
 21
-722.022825008824
 31
0.0
  0
LINE
  5
83F
330
7E6
100
AcDbEntity
  8
2
  6
AUSGEZOGEN
 62
     7
370
    35
100
AcDbLine
 10
154.130859375
 20
-593.339875942662
 30
0.0
 11
151.130859375
 21
-591.338775402501
 31
0.0
  0
LINE
  5
840
330
7E6
100
AcDbEntity
  8
2
  6
AUSGEZOGEN
 62
     7
370
    35
100
AcDbLine
 10
151.130859375
 20
-591.338775402501
 30
0.0
 11
151.130859375
 21
-573.705701595738
 31
0.0
  0
LINE
  5
841
330
7E6
100
AcDbEntity
  8
2
  6
AUSGEZOGEN
 62
     7
370
    35
100
AcDbLine
 10
151.130859375
 20
-573.705701595738
 30
0.0
 11
147.384765625
 21
-582.874505764439
 31
0.0
  0
LINE
  5
842
330
7E6
100
AcDbEntity
  8
2
  6
AUSGEZOGEN
 62
     7
370
    35
100
AcDbLine
 10
120.125
 20
-593.33874869962
 30
0.0
 11
-192.970703125
 21
-593.33874869962
 31
0.0
  0
LINE
  5
843
330
7E6
100
AcDbEntity
  8
2
  6
AUSGEZOGEN
 62
     7
370
    35
100
AcDbLine
 10
307.552734375
 20
-722.022825008824
 30
0.0
 11
308.052734375
 21
-722.022825008824
 31
0.0
  0
ARC
  5
844
330
7E6
100
AcDbEntity
  8
2
  6
AUSGEZOGEN
 62
     7
370
    35
100
AcDbCircle
 10
128.856394600236
 20
-575.345117221206
 30
0.0
 40
19.99999999999998
100
AcDbArc
 50
244.116237623067
 51
337.884840534358
  0
LINE
  5
845
330
7E6
100
AcDbEntity
  8
2
  6
AUSGEZOGEN
 62
     7
370
    35
100
AcDbLine
 10
185.873046875
 20
-480.99473357816
 30
0.0
 11
308.052734375
 21
-481.043340450718
 31
0.0
  0
LINE
  5
846
330
7E6
100
AcDbEntity
  8
2
  6
AUSGEZOGEN
 62
     7
370
    35
100
AcDbLine
 10
180.61328125
 20
-494.122388607457
 30
0.0
 11
185.873046875
 21
-480.99473357816
 31
0.0
  0
LINE
  5
847
330
7E6
100
AcDbEntity
  8
2
  6
AUSGEZOGEN
 62
     7
370
    35
100
AcDbLine
 10
183.20703125
 20
-495.177701717808
 30
0.0
 11
180.61328125
 21
-494.122388607457
 31
0.0
  0
LINE
  5
848
330
7E6
100
AcDbEntity
  8
2
  6
AUSGEZOGEN
 62
     7
370
    35
100
AcDbLine
 10
147.384765625
 20
-582.874505764439
 30
0.0
 11
183.20703125
 21
-495.177701717808
 31
0.0
  0
LINE
  5
849
330
7E6
100
AcDbEntity
  8
2
  6
AUSGEZOGEN
 62
     7
370
    35
100
AcDbLine
 10
308.052734375
 20
-481.043340450718
 30
0.0
 11
308.052734375
 21
-722.022825008824
 31
0.0
  0
LINE
  5
84A
330
7E6
100
AcDbEntity
  8
2
  6
AUSGEZOGEN
 62
     7
370
    35
100
AcDbLine
 10
308.052734375
 20
-722.022825008824
 30
0.0
 11
307.552734375
 21
-722.022825008824
 31
0.0
  0
LINE
  5
84B
330
7E6
100
AcDbEntity
  8
2
  6
AUSGEZOGEN
 62
     7
370
    35
100
AcDbLine
 10
307.552734375
 20
-722.022825008824
 30
0.0
 11
307.552734375
 21
-753.328611141636
 31
0.0
  0
LINE
  5
84C
330
7E6
100
AcDbEntity
  8
2
  6
AUSGEZOGEN
 62
     7
370
    35
100
AcDbLine
 10
307.552734375
 20
-753.328611141636
 30
0.0
 11
-25.947265625
 21
-753.339872127965
 31
0.0
  0
LINE
  5
84D
330
7E6
100
AcDbEntity
  8
2
  6
AUSGEZOGEN
 62
     7
370
    35
100
AcDbLine
 10
-192.970703125
 20
-593.33874869962
 30
0.0
 11
120.125
 21
-593.33874869962
 31
0.0
  0
CIRCLE
  5
84E
330
7E6
100
AcDbEntity
  8
2
  6
AUSGEZOGEN
 62
     7
370
    35
100
AcDbCircle
 10
244.4811307522
 20
-512.028665194187
 30
0.0
 40
10.25
  0
CIRCLE
  5
84F
330
7E6
100
AcDbEntity
  8
2
  6
AUSGEZOGEN
 62
     7
370
    35
100
AcDbCircle
 10
223.821080568072
 20
-562.556531673863
 30
0.0
 40
10.25
  0
ARC
  5
850
330
7E6
100
AcDbEntity
  8
2
  6
AUSGEZOGEN
 62
     7
370
    35
100
AcDbCircle
 10
128.856394600236
 20
-575.345117221206
 30
0.0
 40
19.99999999999998
100
AcDbArc
 50
244.116237623067
 51
337.884840534358
  0
ENDBLK
  5
7E8
330
7E6
100
AcDbEntity
  8
0
100
AcDbBlockEnd
  0
BLOCK
  5
853
330
852
100
AcDbEntity
  8
0
100
AcDbBlockBegin
  2
AnonymMegaMac_nNn031
 70
     0
 10
0.0
 20
0.0
 30
0.0
  3
AnonymMegaMac_nNn031
  1

  0
LINE
  5
855
330
852
100
AcDbEntity
  8
2
  6
AUSGEZOGEN
 62
     7
370
    35
100
AcDbLine
 10
308.052734375
 20
-479.043340450718
 30
0.0
 11
186.673828125
 21
-478.99505401273
 31
0.0
  0
LINE
  5
856
330
852
100
AcDbEntity
  8
2
  6
AUSGEZOGEN
 62
     7
370
    35
100
AcDbLine
 10
186.673828125
 20
-478.99505401273
 30
0.0
 11
308.052734375
 21
-479.043340450718
 31
0.0
  0
LINE
  5
857
330
852
100
AcDbEntity
  8
2
  6
AUSGEZOGEN
 62
     7
370
    35
100
AcDbLine
 10
308.052734375
 20
-479.043340450718
 30
0.0
 11
308.052734375
 21
-432.690137630894
 31
0.0
  0
LINE
  5
858
330
852
100
AcDbEntity
  8
2
  6
AUSGEZOGEN
 62
     7
370
    35
100
AcDbLine
 10
308.052734375
 20
-432.690137630894
 30
0.0
 11
267.451171875
 21
-404.737745052769
 31
0.0
  0
LINE
  5
859
330
852
100
AcDbEntity
  8
2
  6
AUSGEZOGEN
 62
     7
370
    35
100
AcDbLine
 10
267.451171875
 20
-404.737745052769
 30
0.0
 11
241.169921875
 21
-404.737302547886
 31
0.0
  0
LINE
  5
85A
330
852
100
AcDbEntity
  8
2
  6
AUSGEZOGEN
 62
     7
370
    35
100
AcDbLine
 10
186.673828125
 20
-478.99505401273
 30
0.0
 11
308.052734375
 21
-479.043340450718
 31
0.0
  0
LINE
  5
85B
330
852
100
AcDbEntity
  8
2
  6
AUSGEZOGEN
 62
     7
370
    35
100
AcDbLine
 10
206.654296875
 20
-429.137265926793
 30
0.0
 11
186.673828125
 21
-478.99505401273
 31
0.0
  0
LINE
  5
85C
330
852
100
AcDbEntity
  8
2
  6
AUSGEZOGEN
 62
     7
370
    35
100
AcDbLine
 10
207.896484375
 20
-428.587247616246
 30
0.0
 11
206.654296875
 21
-429.137265926793
 31
0.0
  0
ARC
  5
85D
330
852
100
AcDbEntity
  8
2
  6
AUSGEZOGEN
 62
     7
370
    35
100
AcDbCircle
 10
232.895034576261
 20
-428.328285194188
 30
0.0
 40
25.00000000000001
100
AcDbArc
 50
180.593520249443
 51
70.672034529184
  0
LINE
  5
85E
330
852
100
AcDbEntity
  8
2
  6
AUSGEZOGEN
 62
     7
370
    35
100
AcDbLine
 10
206.654296875
 20
-429.137265926793
 30
0.0
 11
207.896484375
 21
-428.587247616246
 31
0.0
  0
LINE
  5
85F
330
852
100
AcDbEntity
  8
2
  6
AUSGEZOGEN
 62
     7
370
    35
100
AcDbLine
 10
207.896484375
 20
-428.587247616246
 30
0.0
 11
206.654296875
 21
-429.137265926793
 31
0.0
  0
LINE
  5
860
330
852
100
AcDbEntity
  8
2
  6
AUSGEZOGEN
 62
     7
370
    35
100
AcDbLine
 10
241.169921875
 20
-404.737302547886
 30
0.0
 11
267.451171875
 21
-404.737745052769
 31
0.0
  0
LINE
  5
861
330
852
100
AcDbEntity
  8
2
  6
AUSGEZOGEN
 62
     7
370
    35
100
AcDbLine
 10
267.451171875
 20
-404.737745052769
 30
0.0
 11
241.169921875
 21
-404.737302547886
 31
0.0
  0
LINE
  5
862
330
852
100
AcDbEntity
  8
2
  6
AUSGEZOGEN
 62
     7
370
    35
100
AcDbLine
 10
267.451171875
 20
-404.737745052769
 30
0.0
 11
308.052734375
 21
-432.690137630894
 31
0.0
  0
LINE
  5
863
330
852
100
AcDbEntity
  8
2
  6
AUSGEZOGEN
 62
     7
370
    35
100
AcDbLine
 10
308.052734375
 20
-432.690137630894
 30
0.0
 11
267.451171875
 21
-404.737745052769
 31
0.0
  0
LINE
  5
864
330
852
100
AcDbEntity
  8
2
  6
AUSGEZOGEN
 62
     7
370
    35
100
AcDbLine
 10
186.673828125
 20
-478.99505401273
 30
0.0
 11
206.654296875
 21
-429.137265926793
 31
0.0
  0
LINE
  5
865
330
852
100
AcDbEntity
  8
2
  6
AUSGEZOGEN
 62
     7
370
    35
100
AcDbLine
 10
206.654296875
 20
-429.137265926793
 30
0.0
 11
207.896484375
 21
-428.587247616246
 31
0.0
  0
LINE
  5
866
330
852
100
AcDbEntity
  8
2
  6
AUSGEZOGEN
 62
     7
370
    35
100
AcDbLine
 10
308.052734375
 20
-479.043340450718
 30
0.0
 11
186.673828125
 21
-478.99505401273
 31
0.0
  0
LINE
  5
867
330
852
100
AcDbEntity
  8
2
  6
AUSGEZOGEN
 62
     7
370
    35
100
AcDbLine
 10
308.052734375
 20
-432.690137630894
 30
0.0
 11
308.052734375
 21
-479.043340450718
 31
0.0
  0
LINE
  5
868
330
852
100
AcDbEntity
  8
2
  6
AUSGEZOGEN
 62
     7
370
    35
100
AcDbLine
 10
241.169921875
 20
-404.737302547886
 30
0.0
 11
267.451171875
 21
-404.737745052769
 31
0.0
  0
LINE
  5
869
330
852
100
AcDbEntity
  8
2
  6
AUSGEZOGEN
 62
     7
370
    35
100
AcDbLine
 10
267.451171875
 20
-404.737745052769
 30
0.0
 11
308.052734375
 21
-432.690137630894
 31
0.0
  0
ARC
  5
86A
330
852
100
AcDbEntity
  8
2
  6
AUSGEZOGEN
 62
     7
370
    35
100
AcDbCircle
 10
232.895034576261
 20
-428.328285194188
 30
0.0
 40
25.00000000000001
100
AcDbArc
 50
180.593520249443
 51
70.672034529184
  0
LINE
  5
86B
330
852
100
AcDbEntity
  8
2
  6
AUSGEZOGEN
 62
     7
370
    35
100
AcDbLine
 10
154.130859375
 20
-593.339875942662
 30
0.0
 11
308.052734375
 21
-593.339198833897
 31
0.0
  0
LINE
  5
86C
330
852
100
AcDbEntity
  8
2
  6
AUSGEZOGEN
 62
     7
370
    35
100
AcDbLine
 10
308.052734375
 20
-593.339198833897
 30
0.0
 11
154.130859375
 21
-593.339875942662
 31
0.0
  0
LINE
  5
86D
330
852
100
AcDbEntity
  8
2
  6
AUSGEZOGEN
 62
     7
370
    35
100
AcDbLine
 10
151.130859375
 20
-591.338775402501
 30
0.0
 11
154.130859375
 21
-593.339875942662
 31
0.0
  0
LINE
  5
86E
330
852
100
AcDbEntity
  8
2
  6
AUSGEZOGEN
 62
     7
370
    35
100
AcDbLine
 10
154.130859375
 20
-593.339875942662
 30
0.0
 11
151.130859375
 21
-591.338775402501
 31
0.0
  0
LINE
  5
86F
330
852
100
AcDbEntity
  8
2
  6
AUSGEZOGEN
 62
     7
370
    35
100
AcDbLine
 10
151.130859375
 20
-573.705701595738
 30
0.0
 11
151.130859375
 21
-591.338775402501
 31
0.0
  0
LINE
  5
870
330
852
100
AcDbEntity
  8
2
  6
AUSGEZOGEN
 62
     7
370
    35
100
AcDbLine
 10
151.130859375
 20
-591.338775402501
 30
0.0
 11
151.130859375
 21
-573.705701595738
 31
0.0
  0
LINE
  5
871
330
852
100
AcDbEntity
  8
2
  6
AUSGEZOGEN
 62
     7
370
    35
100
AcDbLine
 10
183.20703125
 20
-495.177701717808
 30
0.0
 11
180.61328125
 21
-494.122388607457
 31
0.0
  0
LINE
  5
872
330
852
100
AcDbEntity
  8
2
  6
AUSGEZOGEN
 62
     7
370
    35
100
AcDbLine
 10
180.61328125
 20
-494.122388607457
 30
0.0
 11
183.20703125
 21
-495.177701717808
 31
0.0
  0
LINE
  5
873
330
852
100
AcDbEntity
  8
2
  6
AUSGEZOGEN
 62
     7
370
    35
100
AcDbLine
 10
180.61328125
 20
-494.122388607457
 30
0.0
 11
185.873046875
 21
-480.99473357816
 31
0.0
  0
LINE
  5
874
330
852
100
AcDbEntity
  8
2
  6
AUSGEZOGEN
 62
     7
370
    35
100
AcDbLine
 10
185.873046875
 20
-480.99473357816
 30
0.0
 11
180.61328125
 21
-494.122388607457
 31
0.0
  0
LINE
  5
875
330
852
100
AcDbEntity
  8
2
  6
AUSGEZOGEN
 62
     7
370
    35
100
AcDbLine
 10
186.673828125
 20
-478.99505401273
 30
0.0
 11
206.654296875
 21
-429.137265926793
 31
0.0
  0
LINE
  5
876
330
852
100
AcDbEntity
  8
2
  6
AUSGEZOGEN
 62
     7
370
    35
100
AcDbLine
 10
206.654296875
 20
-429.137265926793
 30
0.0
 11
186.673828125
 21
-478.99505401273
 31
0.0
  0
LINE
  5
877
330
852
100
AcDbEntity
  8
2
  6
AUSGEZOGEN
 62
     7
370
    35
100
AcDbLine
 10
186.674676740047
 20
-478.995054904466
 30
0.0
 11
185.873350917347
 21
-480.994736262167
 31
0.0
  0
LINE
  5
878
330
852
100
AcDbEntity
  8
2
  6
AUSGEZOGEN
 62
     7
370
    35
100
AcDbLine
 10
185.873350917347
 20
-480.994736262167
 30
0.0
 11
186.674676740047
 21
-478.995054904466
 31
0.0
  0
LINE
  5
879
330
852
100
AcDbEntity
  8
2
  6
AUSGEZOGEN
 62
     7
370
    35
100
AcDbLine
 10
308.052734375
 20
-481.043340450718
 30
0.0
 11
185.873046875
 21
-480.99473357816
 31
0.0
  0
LINE
  5
87A
330
852
100
AcDbEntity
  8
2
  6
AUSGEZOGEN
 62
     7
370
    35
100
AcDbLine
 10
185.873046875
 20
-480.99473357816
 30
0.0
 11
308.052734375
 21
-481.043340450718
 31
0.0
  0
LINE
  5
87B
330
852
100
AcDbEntity
  8
2
  6
AUSGEZOGEN
 62
     7
370
    35
100
AcDbLine
 10
151.130859375
 20
-573.705701595738
 30
0.0
 11
151.130859375
 21
-591.338775402501
 31
0.0
  0
LINE
  5
87C
330
852
100
AcDbEntity
  8
2
  6
AUSGEZOGEN
 62
     7
370
    35
100
AcDbLine
 10
151.130859375
 20
-591.338775402501
 30
0.0
 11
154.130859375
 21
-593.339875942662
 31
0.0
  0
LINE
  5
87D
330
852
100
AcDbEntity
  8
2
  6
AUSGEZOGEN
 62
     7
370
    35
100
AcDbLine
 10
154.130859375
 20
-593.339875942662
 30
0.0
 11
308.052734375
 21
-593.339198833897
 31
0.0
  0
LINE
  5
87E
330
852
100
AcDbEntity
  8
2
  6
AUSGEZOGEN
 62
     7
370
    35
100
AcDbLine
 10
180.61328125
 20
-494.122388607457
 30
0.0
 11
183.20703125
 21
-495.177701717808
 31
0.0
  0
LINE
  5
87F
330
852
100
AcDbEntity
  8
2
  6
AUSGEZOGEN
 62
     7
370
    35
100
AcDbLine
 10
185.873046875
 20
-480.99473357816
 30
0.0
 11
180.61328125
 21
-494.122388607457
 31
0.0
  0
LINE
  5
880
330
852
100
AcDbEntity
  8
2
  6
AUSGEZOGEN
 62
     7
370
    35
100
AcDbLine
 10
308.052734375
 20
-593.339198833897
 30
0.0
 11
308.052734375
 21
-481.043340450718
 31
0.0
  0
LINE
  5
881
330
852
100
AcDbEntity
  8
2
  6
AUSGEZOGEN
 62
     7
370
    35
100
AcDbLine
 10
308.052734375
 20
-481.043340450718
 30
0.0
 11
185.873046875
 21
-480.99473357816
 31
0.0
  0
LINE
  5
882
330
852
100
AcDbEntity
  8
2
  6
AUSGEZOGEN
 62
     7
370
    35
100
AcDbLine
 10
183.20703125
 20
-495.177701717808
 30
0.0
 11
151.130859375
 21
-573.705701595738
 31
0.0
  0
CIRCLE
  5
883
330
852
100
AcDbEntity
  8
2
  6
AUSGEZOGEN
 62
     7
370
    35
100
AcDbCircle
 10
223.821080568072
 20
-562.556531673863
 30
0.0
 40
10.25
  0
CIRCLE
  5
884
330
852
100
AcDbEntity
  8
2
  6
AUSGEZOGEN
 62
     7
370
    35
100
AcDbCircle
 10
244.4811307522
 20
-512.028665194187
 30
0.0
 40
10.25
  0
LINE
  5
885
330
852
100
AcDbEntity
  8
2
  6
AUSGEZOGEN
 62
     7
370
    35
100
AcDbLine
 10
308.052734375
 20
-593.339198833897
 30
0.0
 11
308.052734375
 21
-722.022825008824
 31
0.0
  0
LINE
  5
886
330
852
100
AcDbEntity
  8
2
  6
AUSGEZOGEN
 62
     7
370
    35
100
AcDbLine
 10
308.052734375
 20
-722.022825008824
 30
0.0
 11
308.052734375
 21
-481.043340450718
 31
0.0
  0
LINE
  5
887
330
852
100
AcDbEntity
  8
2
  6
AUSGEZOGEN
 62
     7
370
    35
100
AcDbLine
 10
308.052734375
 20
-432.690137630894
 30
0.0
 11
308.052734375
 21
-479.043340450718
 31
0.0
  0
LINE
  5
888
330
852
100
AcDbEntity
  8
2
  6
AUSGEZOGEN
 62
     7
370
    35
100
AcDbLine
 10
308.052734375
 20
-479.043340450718
 30
0.0
 11
308.052734375
 21
-432.690137630894
 31
0.0
  0
LINE
  5
889
330
852
100
AcDbEntity
  8
2
  6
AUSGEZOGEN
 62
     7
370
    35
100
AcDbLine
 10
308.052734375
 20
-481.043340450718
 30
0.0
 11
308.052734375
 21
-593.339198833897
 31
0.0
  0
LINE
  5
88A
330
852
100
AcDbEntity
  8
2
  6
AUSGEZOGEN
 62
     7
370
    35
100
AcDbLine
 10
308.052131279233
 20
-481.043344038977
 30
0.0
 11
308.052131279233
 21
-479.043343879296
 31
0.0
  0
LINE
  5
88B
330
852
100
AcDbEntity
  8
2
  6
AUSGEZOGEN
 62
     7
370
    35
100
AcDbLine
 10
308.052131279233
 20
-479.043343877893
 30
0.0
 11
308.052131279233
 21
-481.043344037574
 31
0.0
  0
LINE
  5
88C
330
852
100
AcDbEntity
  8
2
  6
AUSGEZOGEN
 62
     7
370
    35
100
AcDbLine
 10
308.052734375
 20
-722.022825008824
 30
0.0
 11
307.552734375
 21
-722.022825008824
 31
0.0
  0
LINE
  5
88D
330
852
100
AcDbEntity
  8
2
  6
AUSGEZOGEN
 62
     7
370
    35
100
AcDbLine
 10
307.552734375
 20
-722.022825008824
 30
0.0
 11
308.052734375
 21
-722.022825008824
 31
0.0
  0
LINE
  5
88E
330
852
100
AcDbEntity
  8
2
  6
AUSGEZOGEN
 62
     7
370
    35
100
AcDbLine
 10
307.552734375
 20
-722.022825008824
 30
0.0
 11
307.552734375
 21
-753.328611141636
 31
0.0
  0
LINE
  5
88F
330
852
100
AcDbEntity
  8
2
  6
AUSGEZOGEN
 62
     7
370
    35
100
AcDbLine
 10
307.552734375
 20
-753.328611141636
 30
0.0
 11
307.552734375
 21
-722.022825008824
 31
0.0
  0
LINE
  5
890
330
852
100
AcDbEntity
  8
2
  6
AUSGEZOGEN
 62
     7
370
    35
100
AcDbLine
 10
307.552734375
 20
-753.328611141636
 30
0.0
 11
-25.947265625
 21
-753.339872127965
 31
0.0
  0
LINE
  5
891
330
852
100
AcDbEntity
  8
2
  6
AUSGEZOGEN
 62
     7
370
    35
100
AcDbLine
 10
-25.947265625
 20
-753.339872127965
 30
0.0
 11
307.552734375
 21
-753.328611141636
 31
0.0
  0
LINE
  5
892
330
852
100
AcDbEntity
  8
2
  6
AUSGEZOGEN
 62
     7
370
    35
100
AcDbLine
 10
-192.970703125
 20
-593.33874869962
 30
0.0
 11
120.125
 21
-593.33874869962
 31
0.0
  0
LINE
  5
893
330
852
100
AcDbEntity
  8
2
  6
AUSGEZOGEN
 62
     7
370
    35
100
AcDbLine
 10
120.125
 20
-593.33874869962
 30
0.0
 11
-192.970703125
 21
-593.33874869962
 31
0.0
  0
LINE
  5
894
330
852
100
AcDbEntity
  8
2
  6
AUSGEZOGEN
 62
     7
370
    35
100
AcDbLine
 10
147.384765625
 20
-582.874505764439
 30
0.0
 11
151.130859375
 21
-573.705701595738
 31
0.0
  0
LINE
  5
895
330
852
100
AcDbEntity
  8
2
  6
AUSGEZOGEN
 62
     7
370
    35
100
AcDbLine
 10
151.130859375
 20
-573.705701595738
 30
0.0
 11
183.20703125
 21
-495.177701717808
 31
0.0
  0
LINE
  5
896
330
852
100
AcDbEntity
  8
2
  6
AUSGEZOGEN
 62
     7
370
    35
100
AcDbLine
 10
183.20703125
 20
-495.177701717808
 30
0.0
 11
147.384765625
 21
-582.874505764439
 31
0.0
  0
LINE
  5
897
330
852
100
AcDbEntity
  8
2
  6
AUSGEZOGEN
 62
     7
370
    35
100
AcDbLine
 10
308.052734375
 20
-593.339198833897
 30
0.0
 11
154.130859375
 21
-593.339875942662
 31
0.0
  0
LINE
  5
898
330
852
100
AcDbEntity
  8
2
  6
AUSGEZOGEN
 62
     7
370
    35
100
AcDbLine
 10
308.052734375
 20
-722.022825008824
 30
0.0
 11
308.052734375
 21
-593.339198833897
 31
0.0
  0
LINE
  5
899
330
852
100
AcDbEntity
  8
2
  6
AUSGEZOGEN
 62
     7
370
    35
100
AcDbLine
 10
-25.947265625
 20
-753.339872127965
 30
0.0
 11
307.552734375
 21
-753.328611141636
 31
0.0
  0
LINE
  5
89A
330
852
100
AcDbEntity
  8
2
  6
AUSGEZOGEN
 62
     7
370
    35
100
AcDbLine
 10
307.552734375
 20
-753.328611141636
 30
0.0
 11
307.552734375
 21
-722.022825008824
 31
0.0
  0
LINE
  5
89B
330
852
100
AcDbEntity
  8
2
  6
AUSGEZOGEN
 62
     7
370
    35
100
AcDbLine
 10
154.130859375
 20
-593.339875942662
 30
0.0
 11
151.130859375
 21
-591.338775402501
 31
0.0
  0
LINE
  5
89C
330
852
100
AcDbEntity
  8
2
  6
AUSGEZOGEN
 62
     7
370
    35
100
AcDbLine
 10
151.130859375
 20
-591.338775402501
 30
0.0
 11
151.130859375
 21
-573.705701595738
 31
0.0
  0
LINE
  5
89D
330
852
100
AcDbEntity
  8
2
  6
AUSGEZOGEN
 62
     7
370
    35
100
AcDbLine
 10
151.130859375
 20
-573.705701595738
 30
0.0
 11
147.384765625
 21
-582.874505764439
 31
0.0
  0
LINE
  5
89E
330
852
100
AcDbEntity
  8
2
  6
AUSGEZOGEN
 62
     7
370
    35
100
AcDbLine
 10
120.125
 20
-593.33874869962
 30
0.0
 11
-192.970703125
 21
-593.33874869962
 31
0.0
  0
LINE
  5
89F
330
852
100
AcDbEntity
  8
2
  6
AUSGEZOGEN
 62
     7
370
    35
100
AcDbLine
 10
307.552734375
 20
-722.022825008824
 30
0.0
 11
308.052734375
 21
-722.022825008824
 31
0.0
  0
ARC
  5
8A0
330
852
100
AcDbEntity
  8
2
  6
AUSGEZOGEN
 62
     7
370
    35
100
AcDbCircle
 10
128.856394600236
 20
-575.345117221206
 30
0.0
 40
19.99999999999998
100
AcDbArc
 50
244.116237623067
 51
337.884840534358
  0
LINE
  5
8A1
330
852
100
AcDbEntity
  8
2
  6
AUSGEZOGEN
 62
     7
370
    35
100
AcDbLine
 10
185.873046875
 20
-480.99473357816
 30
0.0
 11
308.052734375
 21
-481.043340450718
 31
0.0
  0
LINE
  5
8A2
330
852
100
AcDbEntity
  8
2
  6
AUSGEZOGEN
 62
     7
370
    35
100
AcDbLine
 10
180.61328125
 20
-494.122388607457
 30
0.0
 11
185.873046875
 21
-480.99473357816
 31
0.0
  0
LINE
  5
8A3
330
852
100
AcDbEntity
  8
2
  6
AUSGEZOGEN
 62
     7
370
    35
100
AcDbLine
 10
183.20703125
 20
-495.177701717808
 30
0.0
 11
180.61328125
 21
-494.122388607457
 31
0.0
  0
LINE
  5
8A4
330
852
100
AcDbEntity
  8
2
  6
AUSGEZOGEN
 62
     7
370
    35
100
AcDbLine
 10
147.384765625
 20
-582.874505764439
 30
0.0
 11
183.20703125
 21
-495.177701717808
 31
0.0
  0
LINE
  5
8A5
330
852
100
AcDbEntity
  8
2
  6
AUSGEZOGEN
 62
     7
370
    35
100
AcDbLine
 10
308.052734375
 20
-481.043340450718
 30
0.0
 11
308.052734375
 21
-722.022825008824
 31
0.0
  0
LINE
  5
8A6
330
852
100
AcDbEntity
  8
2
  6
AUSGEZOGEN
 62
     7
370
    35
100
AcDbLine
 10
308.052734375
 20
-722.022825008824
 30
0.0
 11
307.552734375
 21
-722.022825008824
 31
0.0
  0
LINE
  5
8A7
330
852
100
AcDbEntity
  8
2
  6
AUSGEZOGEN
 62
     7
370
    35
100
AcDbLine
 10
307.552734375
 20
-722.022825008824
 30
0.0
 11
307.552734375
 21
-753.328611141636
 31
0.0
  0
LINE
  5
8A8
330
852
100
AcDbEntity
  8
2
  6
AUSGEZOGEN
 62
     7
370
    35
100
AcDbLine
 10
307.552734375
 20
-753.328611141636
 30
0.0
 11
-25.947265625
 21
-753.339872127965
 31
0.0
  0
LINE
  5
8A9
330
852
100
AcDbEntity
  8
2
  6
AUSGEZOGEN
 62
     7
370
    35
100
AcDbLine
 10
-192.970703125
 20
-593.33874869962
 30
0.0
 11
120.125
 21
-593.33874869962
 31
0.0
  0
CIRCLE
  5
8AA
330
852
100
AcDbEntity
  8
2
  6
AUSGEZOGEN
 62
     7
370
    35
100
AcDbCircle
 10
244.4811307522
 20
-512.028665194187
 30
0.0
 40
10.25
  0
CIRCLE
  5
8AB
330
852
100
AcDbEntity
  8
2
  6
AUSGEZOGEN
 62
     7
370
    35
100
AcDbCircle
 10
223.821080568072
 20
-562.556531673863
 30
0.0
 40
10.25
  0
ARC
  5
8AC
330
852
100
AcDbEntity
  8
2
  6
AUSGEZOGEN
 62
     7
370
    35
100
AcDbCircle
 10
128.856394600236
 20
-575.345117221206
 30
0.0
 40
19.99999999999998
100
AcDbArc
 50
244.116237623067
 51
337.884840534358
  0
ENDBLK
  5
854
330
852
100
AcDbEntity
  8
0
100
AcDbBlockEnd
  0
BLOCK
  5
8AF
330
8AE
100
AcDbEntity
  8
0
100
AcDbBlockBegin
  2
AnonymMegaMac_nNn032
 70
     0
 10
0.0
 20
0.0
 30
0.0
  3
AnonymMegaMac_nNn032
  1

  0
INSERT
  5
928
330
8AE
100
AcDbEntity
  8
0
100
AcDbBlockReference
  2
AnonymMegaMac_nNn033
 10
0.0
 20
0.0
 30
0.0
  0
ENDBLK
  5
8B0
330
8AE
100
AcDbEntity
  8
0
100
AcDbBlockEnd
  0
BLOCK
  5
8B2
330
8B1
100
AcDbEntity
  8
0
100
AcDbBlockBegin
  2
AnonymMegaMac_nNn033
 70
     0
 10
0.0
 20
0.0
 30
0.0
  3
AnonymMegaMac_nNn033
  1

  0
INSERT
  5
927
330
8B1
100
AcDbEntity
  8
0
100
AcDbBlockReference
  2
AnonymMegaMac_nNn034
 10
0.0
 20
0.0
 30
0.0
  0
ENDBLK
  5
8B3
330
8B1
100
AcDbEntity
  8
0
100
AcDbBlockEnd
  0
BLOCK
  5
8B5
330
8B4
100
AcDbEntity
  8
0
100
AcDbBlockBegin
  2
AnonymMegaMac_nNn034
 70
     0
 10
0.0
 20
0.0
 30
0.0
  3
AnonymMegaMac_nNn034
  1

  0
LINE
  5
8B7
330
8B4
100
AcDbEntity
  8
2
  6
AUSGEZOGEN
 62
     7
370
    35
100
AcDbLine
 10
308.052734375
 20
-483.043340450718
 30
0.0
 11
308.052734375
 21
-722.022825008824
 31
0.0
  0
LINE
  5
8B8
330
8B4
100
AcDbEntity
  8
2
  6
AUSGEZOGEN
 62
     7
370
    35
100
AcDbLine
 10
185.072265625
 20
-482.994420772984
 30
0.0
 11
308.052734375
 21
-483.043340450718
 31
0.0
  0
LINE
  5
8B9
330
8B4
100
AcDbEntity
  8
2
  6
AUSGEZOGEN
 62
     7
370
    35
100
AcDbLine
 10
147.384765625
 20
-582.874505764439
 30
0.0
 11
183.20703125
 21
-495.177701717808
 31
0.0
  0
LINE
  5
8BA
330
8B4
100
AcDbEntity
  8
2
  6
AUSGEZOGEN
 62
     7
370
    35
100
AcDbLine
 10
308.052734375
 20
-722.022825008824
 30
0.0
 11
307.552734375
 21
-722.022825008824
 31
0.0
  0
LINE
  5
8BB
330
8B4
100
AcDbEntity
  8
2
  6
AUSGEZOGEN
 62
     7
370
    35
100
AcDbLine
 10
307.552734375
 20
-722.022825008824
 30
0.0
 11
307.552734375
 21
-753.328611141636
 31
0.0
  0
LINE
  5
8BC
330
8B4
100
AcDbEntity
  8
2
  6
AUSGEZOGEN
 62
     7
370
    35
100
AcDbLine
 10
307.552734375
 20
-753.328611141636
 30
0.0
 11
-25.947265625
 21
-753.339872127965
 31
0.0
  0
LINE
  5
8BD
330
8B4
100
AcDbEntity
  8
2
  6
AUSGEZOGEN
 62
     7
370
    35
100
AcDbLine
 10
-192.970703125
 20
-593.33874869962
 30
0.0
 11
120.125
 21
-593.33874869962
 31
0.0
  0
LINE
  5
8BE
330
8B4
100
AcDbEntity
  8
2
  6
AUSGEZOGEN
 62
     7
370
    35
100
AcDbLine
 10
180.61328125
 20
-494.122388607457
 30
0.0
 11
185.072265625
 21
-482.994420772984
 31
0.0
  0
LINE
  5
8BF
330
8B4
100
AcDbEntity
  8
2
  6
AUSGEZOGEN
 62
     7
370
    35
100
AcDbLine
 10
183.20703125
 20
-495.177701717808
 30
0.0
 11
180.61328125
 21
-494.122388607457
 31
0.0
  0
CIRCLE
  5
8C0
330
8B4
100
AcDbEntity
  8
2
  6
AUSGEZOGEN
 62
     7
370
    35
100
AcDbCircle
 10
223.821080568076
 20
-562.556531673863
 30
0.0
 40
15.25
  0
CIRCLE
  5
8C1
330
8B4
100
AcDbEntity
  8
2
  6
AUSGEZOGEN
 62
     7
370
    35
100
AcDbCircle
 10
244.4811307522
 20
-512.028665194187
 30
0.0
 40
15.25
  0
ARC
  5
8C2
330
8B4
100
AcDbEntity
  8
2
  6
AUSGEZOGEN
 62
     7
370
    35
100
AcDbCircle
 10
128.85639460024
 20
-575.345117221206
 30
0.0
 40
19.99999999999993
100
AcDbArc
 50
244.116237623067
 51
337.884840534637
  0
LINE
  5
8C3
330
8B4
100
AcDbEntity
  8
2
  6
AUSGEZOGEN
 62
     7
370
    35
100
AcDbLine
 10
308.052734375
 20
-479.043340450718
 30
0.0
 11
308.052734375
 21
-432.690137630894
 31
0.0
  0
LINE
  5
8C4
330
8B4
100
AcDbEntity
  8
2
  6
AUSGEZOGEN
 62
     7
370
    35
100
AcDbLine
 10
308.052734375
 20
-432.690137630894
 30
0.0
 11
267.451171875
 21
-404.737745052769
 31
0.0
  0
LINE
  5
8C5
330
8B4
100
AcDbEntity
  8
2
  6
AUSGEZOGEN
 62
     7
370
    35
100
AcDbLine
 10
267.451171875
 20
-404.737745052769
 30
0.0
 11
241.169921875
 21
-404.737302547886
 31
0.0
  0
LINE
  5
8C6
330
8B4
100
AcDbEntity
  8
2
  6
AUSGEZOGEN
 62
     7
370
    35
100
AcDbLine
 10
186.673828125
 20
-478.99505401273
 30
0.0
 11
308.052734375
 21
-479.043340450718
 31
0.0
  0
LINE
  5
8C7
330
8B4
100
AcDbEntity
  8
2
  6
AUSGEZOGEN
 62
     7
370
    35
100
AcDbLine
 10
206.654296875
 20
-429.137265926793
 30
0.0
 11
186.673828125
 21
-478.99505401273
 31
0.0
  0
LINE
  5
8C8
330
8B4
100
AcDbEntity
  8
2
  6
AUSGEZOGEN
 62
     7
370
    35
100
AcDbLine
 10
207.896484375
 20
-428.587247616246
 30
0.0
 11
206.654296875
 21
-429.137265926793
 31
0.0
  0
ARC
  5
8C9
330
8B4
100
AcDbEntity
  8
2
  6
AUSGEZOGEN
 62
     7
370
    35
100
AcDbCircle
 10
232.895034576261
 20
-428.328285194187
 30
0.0
 40
25.00000000000007
100
AcDbArc
 50
180.593520249443
 51
70.672034529183
  0
LINE
  5
8CA
330
8B4
100
AcDbEntity
  8
2
  6
AUSGEZOGEN
 62
     7
370
    35
100
AcDbLine
 10
307.552734375
 20
-753.328611141636
 30
0.0
 11
-25.947265625
 21
-753.339872127965
 31
0.0
  0
LINE
  5
8CB
330
8B4
100
AcDbEntity
  8
2
  6
AUSGEZOGEN
 62
     7
370
    35
100
AcDbLine
 10
-25.947265625
 20
-753.339872127965
 30
0.0
 11
307.552734375
 21
-753.328611141636
 31
0.0
  0
LINE
  5
8CC
330
8B4
100
AcDbEntity
  8
2
  6
AUSGEZOGEN
 62
     7
370
    35
100
AcDbLine
 10
-192.970703125
 20
-593.33874869962
 30
0.0
 11
120.125
 21
-593.33874869962
 31
0.0
  0
LINE
  5
8CD
330
8B4
100
AcDbEntity
  8
2
  6
AUSGEZOGEN
 62
     7
370
    35
100
AcDbLine
 10
120.125
 20
-593.33874869962
 30
0.0
 11
-192.970703125
 21
-593.33874869962
 31
0.0
  0
LINE
  5
8CE
330
8B4
100
AcDbEntity
  8
2
  6
AUSGEZOGEN
 62
     7
370
    35
100
AcDbLine
 10
308.052734375
 20
-722.022825008824
 30
0.0
 11
307.552734375
 21
-722.022825008824
 31
0.0
  0
LINE
  5
8CF
330
8B4
100
AcDbEntity
  8
2
  6
AUSGEZOGEN
 62
     7
370
    35
100
AcDbLine
 10
307.552734375
 20
-722.022825008824
 30
0.0
 11
308.052734375
 21
-722.022825008824
 31
0.0
  0
LINE
  5
8D0
330
8B4
100
AcDbEntity
  8
2
  6
AUSGEZOGEN
 62
     7
370
    35
100
AcDbLine
 10
307.552734375
 20
-722.022825008824
 30
0.0
 11
307.552734375
 21
-753.328611141636
 31
0.0
  0
LINE
  5
8D1
330
8B4
100
AcDbEntity
  8
2
  6
AUSGEZOGEN
 62
     7
370
    35
100
AcDbLine
 10
307.552734375
 20
-753.328611141636
 30
0.0
 11
307.552734375
 21
-722.022825008824
 31
0.0
  0
LINE
  5
8D2
330
8B4
100
AcDbEntity
  8
2
  6
AUSGEZOGEN
 62
     7
370
    35
100
AcDbLine
 10
-25.947265625
 20
-753.339872127965
 30
0.0
 11
307.552734375
 21
-753.328611141636
 31
0.0
  0
LINE
  5
8D3
330
8B4
100
AcDbEntity
  8
2
  6
AUSGEZOGEN
 62
     7
370
    35
100
AcDbLine
 10
307.552734375
 20
-753.328611141636
 30
0.0
 11
307.552734375
 21
-722.022825008824
 31
0.0
  0
LINE
  5
8D4
330
8B4
100
AcDbEntity
  8
2
  6
AUSGEZOGEN
 62
     7
370
    35
100
AcDbLine
 10
307.552734375
 20
-722.022825008824
 30
0.0
 11
308.052734375
 21
-722.022825008824
 31
0.0
  0
LINE
  5
8D5
330
8B4
100
AcDbEntity
  8
2
  6
AUSGEZOGEN
 62
     7
370
    35
100
AcDbLine
 10
308.052734375
 20
-722.022825008824
 30
0.0
 11
308.052734375
 21
-593.339198833897
 31
0.0
  0
LINE
  5
8D6
330
8B4
100
AcDbEntity
  8
2
  6
AUSGEZOGEN
 62
     7
370
    35
100
AcDbLine
 10
308.052734375
 20
-593.339198833897
 30
0.0
 11
154.130859375
 21
-593.33874869962
 31
0.0
  0
LINE
  5
8D7
330
8B4
100
AcDbEntity
  8
2
  6
AUSGEZOGEN
 62
     7
370
    35
100
AcDbLine
 10
154.130859375
 20
-593.33874869962
 30
0.0
 11
151.130859375
 21
-591.338775402501
 31
0.0
  0
LINE
  5
8D8
330
8B4
100
AcDbEntity
  8
2
  6
AUSGEZOGEN
 62
     7
370
    35
100
AcDbLine
 10
151.130859375
 20
-591.338775402501
 30
0.0
 11
151.130859375
 21
-573.705701595738
 31
0.0
  0
LINE
  5
8D9
330
8B4
100
AcDbEntity
  8
2
  6
AUSGEZOGEN
 62
     7
370
    35
100
AcDbLine
 10
151.130859375
 20
-573.705701595738
 30
0.0
 11
147.384765625
 21
-582.874505764439
 31
0.0
  0
LINE
  5
8DA
330
8B4
100
AcDbEntity
  8
2
  6
AUSGEZOGEN
 62
     7
370
    35
100
AcDbLine
 10
120.125
 20
-593.33874869962
 30
0.0
 11
-192.970703125
 21
-593.33874869962
 31
0.0
  0
ARC
  5
8DB
330
8B4
100
AcDbEntity
  8
2
  6
AUSGEZOGEN
 62
     7
370
    35
100
AcDbCircle
 10
128.85639460024
 20
-575.345117221206
 30
0.0
 40
19.99999999999993
100
AcDbArc
 50
244.116237623067
 51
337.884840534637
  0
LINE
  5
8DC
330
8B4
100
AcDbEntity
  8
2
  6
AUSGEZOGEN
 62
     7
370
    35
100
AcDbLine
 10
308.052734375
 20
-481.043340450718
 30
0.0
 11
185.873046875
 21
-480.99473357816
 31
0.0
  0
LINE
  5
8DD
330
8B4
100
AcDbEntity
  8
2
  6
AUSGEZOGEN
 62
     7
370
    35
100
AcDbLine
 10
185.873046875
 20
-480.99473357816
 30
0.0
 11
308.052734375
 21
-481.043340450718
 31
0.0
  0
LINE
  5
8DE
330
8B4
100
AcDbEntity
  8
2
  6
AUSGEZOGEN
 62
     7
370
    35
100
AcDbLine
 10
206.654296875
 20
-429.137265926793
 30
0.0
 11
207.896484375
 21
-428.587247616246
 31
0.0
  0
LINE
  5
8DF
330
8B4
100
AcDbEntity
  8
2
  6
AUSGEZOGEN
 62
     7
370
    35
100
AcDbLine
 10
207.896484375
 20
-428.587247616246
 30
0.0
 11
206.654296875
 21
-429.137265926793
 31
0.0
  0
LINE
  5
8E0
330
8B4
100
AcDbEntity
  8
2
  6
AUSGEZOGEN
 62
     7
370
    35
100
AcDbLine
 10
241.169921875
 20
-404.737302547886
 30
0.0
 11
267.451171875
 21
-404.737745052769
 31
0.0
  0
LINE
  5
8E1
330
8B4
100
AcDbEntity
  8
2
  6
AUSGEZOGEN
 62
     7
370
    35
100
AcDbLine
 10
267.451171875
 20
-404.737745052769
 30
0.0
 11
241.169921875
 21
-404.737302547886
 31
0.0
  0
LINE
  5
8E2
330
8B4
100
AcDbEntity
  8
2
  6
AUSGEZOGEN
 62
     7
370
    35
100
AcDbLine
 10
267.451171875
 20
-404.737745052769
 30
0.0
 11
308.052734375
 21
-432.690137630894
 31
0.0
  0
LINE
  5
8E3
330
8B4
100
AcDbEntity
  8
2
  6
AUSGEZOGEN
 62
     7
370
    35
100
AcDbLine
 10
308.052734375
 20
-432.690137630894
 30
0.0
 11
267.451171875
 21
-404.737745052769
 31
0.0
  0
LINE
  5
8E4
330
8B4
100
AcDbEntity
  8
2
  6
AUSGEZOGEN
 62
     7
370
    35
100
AcDbLine
 10
308.052734375
 20
-432.690137630894
 30
0.0
 11
308.052734375
 21
-481.043340450718
 31
0.0
  0
LINE
  5
8E5
330
8B4
100
AcDbEntity
  8
2
  6
AUSGEZOGEN
 62
     7
370
    35
100
AcDbLine
 10
308.052734375
 20
-481.043340450718
 30
0.0
 11
185.873046875
 21
-480.99473357816
 31
0.0
  0
LINE
  5
8E6
330
8B4
100
AcDbEntity
  8
2
  6
AUSGEZOGEN
 62
     7
370
    35
100
AcDbLine
 10
185.873046875
 20
-480.99473357816
 30
0.0
 11
206.654296875
 21
-429.137265926793
 31
0.0
  0
LINE
  5
8E7
330
8B4
100
AcDbEntity
  8
2
  6
AUSGEZOGEN
 62
     7
370
    35
100
AcDbLine
 10
206.654296875
 20
-429.137265926793
 30
0.0
 11
207.896484375
 21
-428.587247616246
 31
0.0
  0
LINE
  5
8E8
330
8B4
100
AcDbEntity
  8
2
  6
AUSGEZOGEN
 62
     7
370
    35
100
AcDbLine
 10
267.451171875
 20
-404.737745052769
 30
0.0
 11
308.052734375
 21
-432.690137630894
 31
0.0
  0
LINE
  5
8E9
330
8B4
100
AcDbEntity
  8
2
  6
AUSGEZOGEN
 62
     7
370
    35
100
AcDbLine
 10
241.169921875
 20
-404.737302547886
 30
0.0
 11
267.451171875
 21
-404.737745052769
 31
0.0
  0
ARC
  5
8EA
330
8B4
100
AcDbEntity
  8
2
  6
AUSGEZOGEN
 62
     7
370
    35
100
AcDbCircle
 10
232.895034576261
 20
-428.328285194187
 30
0.0
 40
25.00000000000007
100
AcDbArc
 50
180.593520249443
 51
70.672034529183
  0
LINE
  5
8EB
330
8B4
100
AcDbEntity
  8
2
  6
AUSGEZOGEN
 62
     7
370
    35
100
AcDbLine
 10
154.130859375
 20
-593.33874869962
 30
0.0
 11
308.052734375
 21
-593.339198833897
 31
0.0
  0
LINE
  5
8EC
330
8B4
100
AcDbEntity
  8
2
  6
AUSGEZOGEN
 62
     7
370
    35
100
AcDbLine
 10
308.052734375
 20
-593.339198833897
 30
0.0
 11
154.130859375
 21
-593.33874869962
 31
0.0
  0
LINE
  5
8ED
330
8B4
100
AcDbEntity
  8
2
  6
AUSGEZOGEN
 62
     7
370
    35
100
AcDbLine
 10
151.130859375
 20
-591.338775402501
 30
0.0
 11
154.130859375
 21
-593.33874869962
 31
0.0
  0
LINE
  5
8EE
330
8B4
100
AcDbEntity
  8
2
  6
AUSGEZOGEN
 62
     7
370
    35
100
AcDbLine
 10
154.130859375
 20
-593.33874869962
 30
0.0
 11
151.130859375
 21
-591.338775402501
 31
0.0
  0
LINE
  5
8EF
330
8B4
100
AcDbEntity
  8
2
  6
AUSGEZOGEN
 62
     7
370
    35
100
AcDbLine
 10
151.130859375
 20
-573.705701595738
 30
0.0
 11
151.130859375
 21
-591.338775402501
 31
0.0
  0
LINE
  5
8F0
330
8B4
100
AcDbEntity
  8
2
  6
AUSGEZOGEN
 62
     7
370
    35
100
AcDbLine
 10
151.130859375
 20
-591.338775402501
 30
0.0
 11
151.130859375
 21
-573.705701595738
 31
0.0
  0
LINE
  5
8F1
330
8B4
100
AcDbEntity
  8
2
  6
AUSGEZOGEN
 62
     7
370
    35
100
AcDbLine
 10
151.130859375
 20
-573.705701595738
 30
0.0
 11
183.20703125
 21
-495.177701717808
 31
0.0
  0
LINE
  5
8F2
330
8B4
100
AcDbEntity
  8
2
  6
AUSGEZOGEN
 62
     7
370
    35
100
AcDbLine
 10
183.20703125
 20
-495.177701717808
 30
0.0
 11
147.384765625
 21
-582.874505764439
 31
0.0
  0
LINE
  5
8F3
330
8B4
100
AcDbEntity
  8
2
  6
AUSGEZOGEN
 62
     7
370
    35
100
AcDbLine
 10
147.384765625
 20
-582.874505764439
 30
0.0
 11
151.130859375
 21
-573.705701595738
 31
0.0
  0
LINE
  5
8F4
330
8B4
100
AcDbEntity
  8
2
  6
AUSGEZOGEN
 62
     7
370
    35
100
AcDbLine
 10
183.20703125
 20
-495.177701717808
 30
0.0
 11
180.61328125
 21
-494.122388607457
 31
0.0
  0
LINE
  5
8F5
330
8B4
100
AcDbEntity
  8
2
  6
AUSGEZOGEN
 62
     7
370
    35
100
AcDbLine
 10
180.61328125
 20
-494.122388607457
 30
0.0
 11
183.20703125
 21
-495.177701717808
 31
0.0
  0
LINE
  5
8F6
330
8B4
100
AcDbEntity
  8
2
  6
AUSGEZOGEN
 62
     7
370
    35
100
AcDbLine
 10
180.61328125
 20
-494.122388607457
 30
0.0
 11
185.873046875
 21
-480.99473357816
 31
0.0
  0
LINE
  5
8F7
330
8B4
100
AcDbEntity
  8
2
  6
AUSGEZOGEN
 62
     7
370
    35
100
AcDbLine
 10
185.072265625
 20
-482.994420772984
 30
0.0
 11
180.61328125
 21
-494.122388607457
 31
0.0
  0
LINE
  5
8F8
330
8B4
100
AcDbEntity
  8
2
  6
AUSGEZOGEN
 62
     7
370
    35
100
AcDbLine
 10
206.654296875
 20
-429.137265926793
 30
0.0
 11
185.873046875
 21
-480.99473357816
 31
0.0
  0
LINE
  5
8F9
330
8B4
100
AcDbEntity
  8
2
  6
AUSGEZOGEN
 62
     7
370
    35
100
AcDbLine
 10
186.673828125
 20
-478.99505401273
 30
0.0
 11
206.654296875
 21
-429.137265926793
 31
0.0
  0
LINE
  5
8FA
330
8B4
100
AcDbEntity
  8
2
  6
AUSGEZOGEN
 62
     7
370
    35
100
AcDbLine
 10
185.072025094647
 20
-482.994417619868
 30
0.0
 11
185.873350917347
 21
-480.994736262167
 31
0.0
  0
LINE
  5
8FB
330
8B4
100
AcDbEntity
  8
2
  6
AUSGEZOGEN
 62
     7
370
    35
100
AcDbLine
 10
186.674676740047
 20
-478.995054904466
 30
0.0
 11
185.873350917347
 21
-480.994736262167
 31
0.0
  0
LINE
  5
8FC
330
8B4
100
AcDbEntity
  8
2
  6
AUSGEZOGEN
 62
     7
370
    35
100
AcDbLine
 10
308.052734375
 20
-481.043340450718
 30
0.0
 11
185.873046875
 21
-480.99473357816
 31
0.0
  0
LINE
  5
8FD
330
8B4
100
AcDbEntity
  8
2
  6
AUSGEZOGEN
 62
     7
370
    35
100
AcDbLine
 10
185.873046875
 20
-480.99473357816
 30
0.0
 11
308.052734375
 21
-481.043340450718
 31
0.0
  0
LINE
  5
8FE
330
8B4
100
AcDbEntity
  8
2
  6
AUSGEZOGEN
 62
     7
370
    35
100
AcDbLine
 10
308.052734375
 20
-481.043340450718
 30
0.0
 11
308.052734375
 21
-593.339198833897
 31
0.0
  0
LINE
  5
8FF
330
8B4
100
AcDbEntity
  8
2
  6
AUSGEZOGEN
 62
     7
370
    35
100
AcDbLine
 10
308.052734375
 20
-722.022825008824
 30
0.0
 11
308.052734375
 21
-483.043340450718
 31
0.0
  0
LINE
  5
900
330
8B4
100
AcDbEntity
  8
2
  6
AUSGEZOGEN
 62
     7
370
    35
100
AcDbLine
 10
308.052734375
 20
-432.690137630894
 30
0.0
 11
308.052734375
 21
-479.043340450718
 31
0.0
  0
LINE
  5
901
330
8B4
100
AcDbEntity
  8
2
  6
AUSGEZOGEN
 62
     7
370
    35
100
AcDbLine
 10
308.052734375
 20
-481.043340450718
 30
0.0
 11
308.052734375
 21
-432.690137630894
 31
0.0
  0
LINE
  5
902
330
8B4
100
AcDbEntity
  8
2
  6
AUSGEZOGEN
 62
     7
370
    35
100
AcDbLine
 10
308.052734375
 20
-593.339198833897
 30
0.0
 11
308.052734375
 21
-722.022825008824
 31
0.0
  0
LINE
  5
903
330
8B4
100
AcDbEntity
  8
2
  6
AUSGEZOGEN
 62
     7
370
    35
100
AcDbLine
 10
308.052131279233
 20
-483.043344198657
 30
0.0
 11
308.052131279233
 21
-481.043344037574
 31
0.0
  0
LINE
  5
904
330
8B4
100
AcDbEntity
  8
2
  6
AUSGEZOGEN
 62
     7
370
    35
100
AcDbLine
 10
308.052131279233
 20
-479.04334387649
 30
0.0
 11
308.052131279233
 21
-481.043344037573
 31
0.0
  0
LINE
  5
905
330
8B4
100
AcDbEntity
  8
2
  6
AUSGEZOGEN
 62
     7
370
    35
100
AcDbLine
 10
180.61328125
 20
-494.122388607457
 30
0.0
 11
183.20703125
 21
-495.177701717808
 31
0.0
  0
LINE
  5
906
330
8B4
100
AcDbEntity
  8
2
  6
AUSGEZOGEN
 62
     7
370
    35
100
AcDbLine
 10
185.873046875
 20
-480.99473357816
 30
0.0
 11
180.61328125
 21
-494.122388607457
 31
0.0
  0
LINE
  5
907
330
8B4
100
AcDbEntity
  8
2
  6
AUSGEZOGEN
 62
     7
370
    35
100
AcDbLine
 10
308.052734375
 20
-481.043340450718
 30
0.0
 11
185.873046875
 21
-480.99473357816
 31
0.0
  0
LINE
  5
908
330
8B4
100
AcDbEntity
  8
2
  6
AUSGEZOGEN
 62
     7
370
    35
100
AcDbLine
 10
154.130859375
 20
-593.33874869962
 30
0.0
 11
308.052734375
 21
-593.339198833897
 31
0.0
  0
LINE
  5
909
330
8B4
100
AcDbEntity
  8
2
  6
AUSGEZOGEN
 62
     7
370
    35
100
AcDbLine
 10
183.20703125
 20
-495.177701717808
 30
0.0
 11
151.130859375
 21
-573.705701595738
 31
0.0
  0
LINE
  5
90A
330
8B4
100
AcDbEntity
  8
2
  6
AUSGEZOGEN
 62
     7
370
    35
100
AcDbLine
 10
308.052734375
 20
-593.339198833897
 30
0.0
 11
308.052734375
 21
-481.043340450718
 31
0.0
  0
LINE
  5
90B
330
8B4
100
AcDbEntity
  8
2
  6
AUSGEZOGEN
 62
     7
370
    35
100
AcDbLine
 10
151.130859375
 20
-591.338775402501
 30
0.0
 11
154.130859375
 21
-593.33874869962
 31
0.0
  0
LINE
  5
90C
330
8B4
100
AcDbEntity
  8
2
  6
AUSGEZOGEN
 62
     7
370
    35
100
AcDbLine
 10
151.130859375
 20
-573.705701595738
 30
0.0
 11
151.130859375
 21
-591.338775402501
 31
0.0
  0
CIRCLE
  5
90D
330
8B4
100
AcDbEntity
  8
2
  6
AUSGEZOGEN
 62
     7
370
    35
100
AcDbCircle
 10
244.4811307522
 20
-512.028665194187
 30
0.0
 40
10.25
  0
CIRCLE
  5
90E
330
8B4
100
AcDbEntity
  8
2
  6
AUSGEZOGEN
 62
     7
370
    35
100
AcDbCircle
 10
223.821080568076
 20
-562.556531673863
 30
0.0
 40
10.25
  0
LINE
  5
90F
330
8B4
100
AcDbEntity
  8
2
  6
AUSGEZOGEN
 62
     7
370
    35
100
AcDbLine
 10
307.552734375
 20
-753.328611141636
 30
0.0
 11
-25.947265625
 21
-753.339872127965
 31
0.0
  0
LINE
  5
910
330
8B4
100
AcDbEntity
  8
2
  6
AUSGEZOGEN
 62
     7
370
    35
100
AcDbLine
 10
-25.947265625
 20
-753.339872127965
 30
0.0
 11
307.552734375
 21
-753.328611141636
 31
0.0
  0
LINE
  5
911
330
8B4
100
AcDbEntity
  8
2
  6
AUSGEZOGEN
 62
     7
370
    35
100
AcDbLine
 10
-192.970703125
 20
-593.33874869962
 30
0.0
 11
120.125
 21
-593.33874869962
 31
0.0
  0
LINE
  5
912
330
8B4
100
AcDbEntity
  8
2
  6
AUSGEZOGEN
 62
     7
370
    35
100
AcDbLine
 10
120.125
 20
-593.33874869962
 30
0.0
 11
-192.970703125
 21
-593.33874869962
 31
0.0
  0
LINE
  5
913
330
8B4
100
AcDbEntity
  8
2
  6
AUSGEZOGEN
 62
     7
370
    35
100
AcDbLine
 10
120.125
 20
-593.33874869962
 30
0.0
 11
128.00390625
 21
-595.32695937772
 31
0.0
  0
LINE
  5
914
330
8B4
100
AcDbEntity
  8
2
  6
AUSGEZOGEN
 62
     7
370
    35
100
AcDbLine
 10
136.0234375
 20
-594.016658550694
 30
0.0
 11
128.00390625
 21
-595.32695937772
 31
0.0
  0
LINE
  5
915
330
8B4
100
AcDbEntity
  8
2
  6
AUSGEZOGEN
 62
     7
370
    35
100
AcDbLine
 10
142.859375
 20
-589.62414146085
 30
0.0
 11
136.0234375
 21
-594.016658550694
 31
0.0
  0
LINE
  5
916
330
8B4
100
AcDbEntity
  8
2
  6
AUSGEZOGEN
 62
     7
370
    35
100
AcDbLine
 10
147.384765625
 20
-582.874505764439
 30
0.0
 11
142.859375
 21
-589.62414146085
 31
0.0
  0
LINE
  5
917
330
8B4
100
AcDbEntity
  8
2
  6
AUSGEZOGEN
 62
     7
370
    35
100
AcDbLine
 10
147.384765625
 20
-582.874505764439
 30
0.0
 11
151.130859375
 21
-573.705701595738
 31
0.0
  0
LINE
  5
918
330
8B4
100
AcDbEntity
  8
2
  6
AUSGEZOGEN
 62
     7
370
    35
100
AcDbLine
 10
151.130859375
 20
-573.705701595738
 30
0.0
 11
147.384765625
 21
-582.874505764439
 31
0.0
  0
LINE
  5
919
330
8B4
100
AcDbEntity
  8
2
  6
AUSGEZOGEN
 62
     7
370
    35
100
AcDbLine
 10
151.130859375
 20
-573.705701595738
 30
0.0
 11
151.130859375
 21
-591.338775402501
 31
0.0
  0
LINE
  5
91A
330
8B4
100
AcDbEntity
  8
2
  6
AUSGEZOGEN
 62
     7
370
    35
100
AcDbLine
 10
151.130859375
 20
-591.338775402501
 30
0.0
 11
151.130859375
 21
-573.705701595738
 31
0.0
  0
LINE
  5
91B
330
8B4
100
AcDbEntity
  8
2
  6
AUSGEZOGEN
 62
     7
370
    35
100
AcDbLine
 10
151.130859375
 20
-591.338775402501
 30
0.0
 11
154.130859375
 21
-593.33874869962
 31
0.0
  0
LINE
  5
91C
330
8B4
100
AcDbEntity
  8
2
  6
AUSGEZOGEN
 62
     7
370
    35
100
AcDbLine
 10
154.130859375
 20
-593.33874869962
 30
0.0
 11
151.130859375
 21
-591.338775402501
 31
0.0
  0
LINE
  5
91D
330
8B4
100
AcDbEntity
  8
2
  6
AUSGEZOGEN
 62
     7
370
    35
100
AcDbLine
 10
154.130859375
 20
-593.33874869962
 30
0.0
 11
308.052734375
 21
-593.339198833897
 31
0.0
  0
LINE
  5
91E
330
8B4
100
AcDbEntity
  8
2
  6
AUSGEZOGEN
 62
     7
370
    35
100
AcDbLine
 10
308.052734375
 20
-593.339198833897
 30
0.0
 11
154.130859375
 21
-593.33874869962
 31
0.0
  0
LINE
  5
91F
330
8B4
100
AcDbEntity
  8
2
  6
AUSGEZOGEN
 62
     7
370
    35
100
AcDbLine
 10
308.052734375
 20
-593.339198833897
 30
0.0
 11
308.052734375
 21
-722.022825008824
 31
0.0
  0
LINE
  5
920
330
8B4
100
AcDbEntity
  8
2
  6
AUSGEZOGEN
 62
     7
370
    35
100
AcDbLine
 10
308.052734375
 20
-722.022825008824
 30
0.0
 11
308.052734375
 21
-593.339198833897
 31
0.0
  0
LINE
  5
921
330
8B4
100
AcDbEntity
  8
2
  6
AUSGEZOGEN
 62
     7
370
    35
100
AcDbLine
 10
308.052734375
 20
-722.022825008824
 30
0.0
 11
307.552734375
 21
-722.022825008824
 31
0.0
  0
LINE
  5
922
330
8B4
100
AcDbEntity
  8
2
  6
AUSGEZOGEN
 62
     7
370
    35
100
AcDbLine
 10
307.552734375
 20
-722.022825008824
 30
0.0
 11
308.052734375
 21
-722.022825008824
 31
0.0
  0
LINE
  5
923
330
8B4
100
AcDbEntity
  8
2
  6
AUSGEZOGEN
 62
     7
370
    35
100
AcDbLine
 10
307.552734375
 20
-722.022825008824
 30
0.0
 11
307.552734375
 21
-753.328611141636
 31
0.0
  0
LINE
  5
924
330
8B4
100
AcDbEntity
  8
2
  6
AUSGEZOGEN
 62
     7
370
    35
100
AcDbLine
 10
307.552734375
 20
-753.328611141636
 30
0.0
 11
307.552734375
 21
-722.022825008824
 31
0.0
  0
ARC
  5
925
330
8B4
100
AcDbEntity
  8
2
  6
AUSGEZOGEN
 62
     7
370
    35
100
AcDbCircle
 10
128.85639460024
 20
-575.345117221205
 30
0.0
 40
19.99999999999999
100
AcDbArc
 50
244.11623762307
 51
337.884840533953
  0
ARC
  5
926
330
8B4
100
AcDbEntity
  8
2
  6
AUSGEZOGEN
 62
     7
370
    35
100
AcDbCircle
 10
128.85639460024
 20
-575.345117221205
 30
0.0
 40
19.99999999999999
100
AcDbArc
 50
244.11623762307
 51
337.884840533953
  0
ENDBLK
  5
8B6
330
8B4
100
AcDbEntity
  8
0
100
AcDbBlockEnd
  0
BLOCK
  5
92B
330
92A
100
AcDbEntity
  8
0
100
AcDbBlockBegin
  2
AnonymMegaMac_nNn035
 70
     0
 10
0.0
 20
0.0
 30
0.0
  3
AnonymMegaMac_nNn035
  1

  0
LINE
  5
92D
330
92A
100
AcDbEntity
  8
2
  6
AUSGEZOGEN
 62
     7
370
    35
100
AcDbLine
 10
308.052734375
 20
-479.043340450718
 30
0.0
 11
186.673828125
 21
-478.99505401273
 31
0.0
  0
LINE
  5
92E
330
92A
100
AcDbEntity
  8
2
  6
AUSGEZOGEN
 62
     7
370
    35
100
AcDbLine
 10
186.673828125
 20
-478.99505401273
 30
0.0
 11
308.052734375
 21
-479.043340450718
 31
0.0
  0
LINE
  5
92F
330
92A
100
AcDbEntity
  8
2
  6
AUSGEZOGEN
 62
     7
370
    35
100
AcDbLine
 10
308.052734375
 20
-479.043340450718
 30
0.0
 11
308.052734375
 21
-432.690137630894
 31
0.0
  0
LINE
  5
930
330
92A
100
AcDbEntity
  8
2
  6
AUSGEZOGEN
 62
     7
370
    35
100
AcDbLine
 10
308.052734375
 20
-432.690137630894
 30
0.0
 11
267.451171875
 21
-404.737745052769
 31
0.0
  0
LINE
  5
931
330
92A
100
AcDbEntity
  8
2
  6
AUSGEZOGEN
 62
     7
370
    35
100
AcDbLine
 10
267.451171875
 20
-404.737745052769
 30
0.0
 11
241.169921875
 21
-404.737302547886
 31
0.0
  0
LINE
  5
932
330
92A
100
AcDbEntity
  8
2
  6
AUSGEZOGEN
 62
     7
370
    35
100
AcDbLine
 10
186.673828125
 20
-478.99505401273
 30
0.0
 11
308.052734375
 21
-479.043340450718
 31
0.0
  0
LINE
  5
933
330
92A
100
AcDbEntity
  8
2
  6
AUSGEZOGEN
 62
     7
370
    35
100
AcDbLine
 10
206.654296875
 20
-429.137265926793
 30
0.0
 11
186.673828125
 21
-478.99505401273
 31
0.0
  0
LINE
  5
934
330
92A
100
AcDbEntity
  8
2
  6
AUSGEZOGEN
 62
     7
370
    35
100
AcDbLine
 10
207.896484375
 20
-428.587247616246
 30
0.0
 11
206.654296875
 21
-429.137265926793
 31
0.0
  0
ARC
  5
935
330
92A
100
AcDbEntity
  8
2
  6
AUSGEZOGEN
 62
     7
370
    35
100
AcDbCircle
 10
232.895034576261
 20
-428.328285194188
 30
0.0
 40
25.00000000000001
100
AcDbArc
 50
180.593520249443
 51
70.672034529184
  0
LINE
  5
936
330
92A
100
AcDbEntity
  8
2
  6
AUSGEZOGEN
 62
     7
370
    35
100
AcDbLine
 10
206.654296875
 20
-429.137265926793
 30
0.0
 11
207.896484375
 21
-428.587247616246
 31
0.0
  0
LINE
  5
937
330
92A
100
AcDbEntity
  8
2
  6
AUSGEZOGEN
 62
     7
370
    35
100
AcDbLine
 10
207.896484375
 20
-428.587247616246
 30
0.0
 11
206.654296875
 21
-429.137265926793
 31
0.0
  0
LINE
  5
938
330
92A
100
AcDbEntity
  8
2
  6
AUSGEZOGEN
 62
     7
370
    35
100
AcDbLine
 10
241.169921875
 20
-404.737302547886
 30
0.0
 11
267.451171875
 21
-404.737745052769
 31
0.0
  0
LINE
  5
939
330
92A
100
AcDbEntity
  8
2
  6
AUSGEZOGEN
 62
     7
370
    35
100
AcDbLine
 10
267.451171875
 20
-404.737745052769
 30
0.0
 11
241.169921875
 21
-404.737302547886
 31
0.0
  0
LINE
  5
93A
330
92A
100
AcDbEntity
  8
2
  6
AUSGEZOGEN
 62
     7
370
    35
100
AcDbLine
 10
267.451171875
 20
-404.737745052769
 30
0.0
 11
308.052734375
 21
-432.690137630894
 31
0.0
  0
LINE
  5
93B
330
92A
100
AcDbEntity
  8
2
  6
AUSGEZOGEN
 62
     7
370
    35
100
AcDbLine
 10
308.052734375
 20
-432.690137630894
 30
0.0
 11
267.451171875
 21
-404.737745052769
 31
0.0
  0
LINE
  5
93C
330
92A
100
AcDbEntity
  8
2
  6
AUSGEZOGEN
 62
     7
370
    35
100
AcDbLine
 10
186.673828125
 20
-478.99505401273
 30
0.0
 11
206.654296875
 21
-429.137265926793
 31
0.0
  0
LINE
  5
93D
330
92A
100
AcDbEntity
  8
2
  6
AUSGEZOGEN
 62
     7
370
    35
100
AcDbLine
 10
206.654296875
 20
-429.137265926793
 30
0.0
 11
207.896484375
 21
-428.587247616246
 31
0.0
  0
LINE
  5
93E
330
92A
100
AcDbEntity
  8
2
  6
AUSGEZOGEN
 62
     7
370
    35
100
AcDbLine
 10
308.052734375
 20
-479.043340450718
 30
0.0
 11
186.673828125
 21
-478.99505401273
 31
0.0
  0
LINE
  5
93F
330
92A
100
AcDbEntity
  8
2
  6
AUSGEZOGEN
 62
     7
370
    35
100
AcDbLine
 10
308.052734375
 20
-432.690137630894
 30
0.0
 11
308.052734375
 21
-479.043340450718
 31
0.0
  0
LINE
  5
940
330
92A
100
AcDbEntity
  8
2
  6
AUSGEZOGEN
 62
     7
370
    35
100
AcDbLine
 10
241.169921875
 20
-404.737302547886
 30
0.0
 11
267.451171875
 21
-404.737745052769
 31
0.0
  0
LINE
  5
941
330
92A
100
AcDbEntity
  8
2
  6
AUSGEZOGEN
 62
     7
370
    35
100
AcDbLine
 10
267.451171875
 20
-404.737745052769
 30
0.0
 11
308.052734375
 21
-432.690137630894
 31
0.0
  0
ARC
  5
942
330
92A
100
AcDbEntity
  8
2
  6
AUSGEZOGEN
 62
     7
370
    35
100
AcDbCircle
 10
232.895034576261
 20
-428.328285194188
 30
0.0
 40
25.00000000000001
100
AcDbArc
 50
180.593520249443
 51
70.672034529184
  0
LINE
  5
943
330
92A
100
AcDbEntity
  8
2
  6
AUSGEZOGEN
 62
     7
370
    35
100
AcDbLine
 10
154.130859375
 20
-593.339875942662
 30
0.0
 11
308.052734375
 21
-593.339198833897
 31
0.0
  0
LINE
  5
944
330
92A
100
AcDbEntity
  8
2
  6
AUSGEZOGEN
 62
     7
370
    35
100
AcDbLine
 10
308.052734375
 20
-593.339198833897
 30
0.0
 11
154.130859375
 21
-593.339875942662
 31
0.0
  0
LINE
  5
945
330
92A
100
AcDbEntity
  8
2
  6
AUSGEZOGEN
 62
     7
370
    35
100
AcDbLine
 10
151.130859375
 20
-591.338775402501
 30
0.0
 11
154.130859375
 21
-593.339875942662
 31
0.0
  0
LINE
  5
946
330
92A
100
AcDbEntity
  8
2
  6
AUSGEZOGEN
 62
     7
370
    35
100
AcDbLine
 10
154.130859375
 20
-593.339875942662
 30
0.0
 11
151.130859375
 21
-591.338775402501
 31
0.0
  0
LINE
  5
947
330
92A
100
AcDbEntity
  8
2
  6
AUSGEZOGEN
 62
     7
370
    35
100
AcDbLine
 10
151.130859375
 20
-573.705701595738
 30
0.0
 11
151.130859375
 21
-591.338775402501
 31
0.0
  0
LINE
  5
948
330
92A
100
AcDbEntity
  8
2
  6
AUSGEZOGEN
 62
     7
370
    35
100
AcDbLine
 10
151.130859375
 20
-591.338775402501
 30
0.0
 11
151.130859375
 21
-573.705701595738
 31
0.0
  0
LINE
  5
949
330
92A
100
AcDbEntity
  8
2
  6
AUSGEZOGEN
 62
     7
370
    35
100
AcDbLine
 10
183.20703125
 20
-495.177701717808
 30
0.0
 11
180.61328125
 21
-494.122388607457
 31
0.0
  0
LINE
  5
94A
330
92A
100
AcDbEntity
  8
2
  6
AUSGEZOGEN
 62
     7
370
    35
100
AcDbLine
 10
180.61328125
 20
-494.122388607457
 30
0.0
 11
183.20703125
 21
-495.177701717808
 31
0.0
  0
LINE
  5
94B
330
92A
100
AcDbEntity
  8
2
  6
AUSGEZOGEN
 62
     7
370
    35
100
AcDbLine
 10
180.61328125
 20
-494.122388607457
 30
0.0
 11
185.873046875
 21
-480.99473357816
 31
0.0
  0
LINE
  5
94C
330
92A
100
AcDbEntity
  8
2
  6
AUSGEZOGEN
 62
     7
370
    35
100
AcDbLine
 10
185.873046875
 20
-480.99473357816
 30
0.0
 11
180.61328125
 21
-494.122388607457
 31
0.0
  0
LINE
  5
94D
330
92A
100
AcDbEntity
  8
2
  6
AUSGEZOGEN
 62
     7
370
    35
100
AcDbLine
 10
186.673828125
 20
-478.99505401273
 30
0.0
 11
206.654296875
 21
-429.137265926793
 31
0.0
  0
LINE
  5
94E
330
92A
100
AcDbEntity
  8
2
  6
AUSGEZOGEN
 62
     7
370
    35
100
AcDbLine
 10
206.654296875
 20
-429.137265926793
 30
0.0
 11
186.673828125
 21
-478.99505401273
 31
0.0
  0
LINE
  5
94F
330
92A
100
AcDbEntity
  8
2
  6
AUSGEZOGEN
 62
     7
370
    35
100
AcDbLine
 10
186.674676740047
 20
-478.995054904466
 30
0.0
 11
185.873350917347
 21
-480.994736262167
 31
0.0
  0
LINE
  5
950
330
92A
100
AcDbEntity
  8
2
  6
AUSGEZOGEN
 62
     7
370
    35
100
AcDbLine
 10
185.873350917347
 20
-480.994736262167
 30
0.0
 11
186.674676740047
 21
-478.995054904466
 31
0.0
  0
LINE
  5
951
330
92A
100
AcDbEntity
  8
2
  6
AUSGEZOGEN
 62
     7
370
    35
100
AcDbLine
 10
308.052734375
 20
-481.043340450718
 30
0.0
 11
185.873046875
 21
-480.99473357816
 31
0.0
  0
LINE
  5
952
330
92A
100
AcDbEntity
  8
2
  6
AUSGEZOGEN
 62
     7
370
    35
100
AcDbLine
 10
185.873046875
 20
-480.99473357816
 30
0.0
 11
308.052734375
 21
-481.043340450718
 31
0.0
  0
LINE
  5
953
330
92A
100
AcDbEntity
  8
2
  6
AUSGEZOGEN
 62
     7
370
    35
100
AcDbLine
 10
151.130859375
 20
-573.705701595738
 30
0.0
 11
151.130859375
 21
-591.338775402501
 31
0.0
  0
LINE
  5
954
330
92A
100
AcDbEntity
  8
2
  6
AUSGEZOGEN
 62
     7
370
    35
100
AcDbLine
 10
151.130859375
 20
-591.338775402501
 30
0.0
 11
154.130859375
 21
-593.339875942662
 31
0.0
  0
LINE
  5
955
330
92A
100
AcDbEntity
  8
2
  6
AUSGEZOGEN
 62
     7
370
    35
100
AcDbLine
 10
154.130859375
 20
-593.339875942662
 30
0.0
 11
308.052734375
 21
-593.339198833897
 31
0.0
  0
LINE
  5
956
330
92A
100
AcDbEntity
  8
2
  6
AUSGEZOGEN
 62
     7
370
    35
100
AcDbLine
 10
180.61328125
 20
-494.122388607457
 30
0.0
 11
183.20703125
 21
-495.177701717808
 31
0.0
  0
LINE
  5
957
330
92A
100
AcDbEntity
  8
2
  6
AUSGEZOGEN
 62
     7
370
    35
100
AcDbLine
 10
185.873046875
 20
-480.99473357816
 30
0.0
 11
180.61328125
 21
-494.122388607457
 31
0.0
  0
LINE
  5
958
330
92A
100
AcDbEntity
  8
2
  6
AUSGEZOGEN
 62
     7
370
    35
100
AcDbLine
 10
308.052734375
 20
-593.339198833897
 30
0.0
 11
308.052734375
 21
-481.043340450718
 31
0.0
  0
LINE
  5
959
330
92A
100
AcDbEntity
  8
2
  6
AUSGEZOGEN
 62
     7
370
    35
100
AcDbLine
 10
308.052734375
 20
-481.043340450718
 30
0.0
 11
185.873046875
 21
-480.99473357816
 31
0.0
  0
LINE
  5
95A
330
92A
100
AcDbEntity
  8
2
  6
AUSGEZOGEN
 62
     7
370
    35
100
AcDbLine
 10
183.20703125
 20
-495.177701717808
 30
0.0
 11
151.130859375
 21
-573.705701595738
 31
0.0
  0
CIRCLE
  5
95B
330
92A
100
AcDbEntity
  8
2
  6
AUSGEZOGEN
 62
     7
370
    35
100
AcDbCircle
 10
223.821080568072
 20
-562.556531673863
 30
0.0
 40
10.25
  0
CIRCLE
  5
95C
330
92A
100
AcDbEntity
  8
2
  6
AUSGEZOGEN
 62
     7
370
    35
100
AcDbCircle
 10
244.4811307522
 20
-512.028665194187
 30
0.0
 40
10.25
  0
LINE
  5
95D
330
92A
100
AcDbEntity
  8
2
  6
AUSGEZOGEN
 62
     7
370
    35
100
AcDbLine
 10
308.052734375
 20
-593.339198833897
 30
0.0
 11
308.052734375
 21
-722.022825008824
 31
0.0
  0
LINE
  5
95E
330
92A
100
AcDbEntity
  8
2
  6
AUSGEZOGEN
 62
     7
370
    35
100
AcDbLine
 10
308.052734375
 20
-722.022825008824
 30
0.0
 11
308.052734375
 21
-481.043340450718
 31
0.0
  0
LINE
  5
95F
330
92A
100
AcDbEntity
  8
2
  6
AUSGEZOGEN
 62
     7
370
    35
100
AcDbLine
 10
308.052734375
 20
-432.690137630894
 30
0.0
 11
308.052734375
 21
-479.043340450718
 31
0.0
  0
LINE
  5
960
330
92A
100
AcDbEntity
  8
2
  6
AUSGEZOGEN
 62
     7
370
    35
100
AcDbLine
 10
308.052734375
 20
-479.043340450718
 30
0.0
 11
308.052734375
 21
-432.690137630894
 31
0.0
  0
LINE
  5
961
330
92A
100
AcDbEntity
  8
2
  6
AUSGEZOGEN
 62
     7
370
    35
100
AcDbLine
 10
308.052734375
 20
-481.043340450718
 30
0.0
 11
308.052734375
 21
-593.339198833897
 31
0.0
  0
LINE
  5
962
330
92A
100
AcDbEntity
  8
2
  6
AUSGEZOGEN
 62
     7
370
    35
100
AcDbLine
 10
308.052131279233
 20
-481.043344038977
 30
0.0
 11
308.052131279233
 21
-479.043343879296
 31
0.0
  0
LINE
  5
963
330
92A
100
AcDbEntity
  8
2
  6
AUSGEZOGEN
 62
     7
370
    35
100
AcDbLine
 10
308.052131279233
 20
-479.043343877893
 30
0.0
 11
308.052131279233
 21
-481.043344037574
 31
0.0
  0
LINE
  5
964
330
92A
100
AcDbEntity
  8
2
  6
AUSGEZOGEN
 62
     7
370
    35
100
AcDbLine
 10
308.052734375
 20
-722.022825008824
 30
0.0
 11
307.552734375
 21
-722.022825008824
 31
0.0
  0
LINE
  5
965
330
92A
100
AcDbEntity
  8
2
  6
AUSGEZOGEN
 62
     7
370
    35
100
AcDbLine
 10
307.552734375
 20
-722.022825008824
 30
0.0
 11
308.052734375
 21
-722.022825008824
 31
0.0
  0
LINE
  5
966
330
92A
100
AcDbEntity
  8
2
  6
AUSGEZOGEN
 62
     7
370
    35
100
AcDbLine
 10
307.552734375
 20
-722.022825008824
 30
0.0
 11
307.552734375
 21
-753.328611141636
 31
0.0
  0
LINE
  5
967
330
92A
100
AcDbEntity
  8
2
  6
AUSGEZOGEN
 62
     7
370
    35
100
AcDbLine
 10
307.552734375
 20
-753.328611141636
 30
0.0
 11
307.552734375
 21
-722.022825008824
 31
0.0
  0
LINE
  5
968
330
92A
100
AcDbEntity
  8
2
  6
AUSGEZOGEN
 62
     7
370
    35
100
AcDbLine
 10
307.552734375
 20
-753.328611141636
 30
0.0
 11
-25.947265625
 21
-753.339872127965
 31
0.0
  0
LINE
  5
969
330
92A
100
AcDbEntity
  8
2
  6
AUSGEZOGEN
 62
     7
370
    35
100
AcDbLine
 10
-25.947265625
 20
-753.339872127965
 30
0.0
 11
307.552734375
 21
-753.328611141636
 31
0.0
  0
LINE
  5
96A
330
92A
100
AcDbEntity
  8
2
  6
AUSGEZOGEN
 62
     7
370
    35
100
AcDbLine
 10
-192.970703125
 20
-593.33874869962
 30
0.0
 11
120.125
 21
-593.33874869962
 31
0.0
  0
LINE
  5
96B
330
92A
100
AcDbEntity
  8
2
  6
AUSGEZOGEN
 62
     7
370
    35
100
AcDbLine
 10
120.125
 20
-593.33874869962
 30
0.0
 11
-192.970703125
 21
-593.33874869962
 31
0.0
  0
LINE
  5
96C
330
92A
100
AcDbEntity
  8
2
  6
AUSGEZOGEN
 62
     7
370
    35
100
AcDbLine
 10
147.384765625
 20
-582.874505764439
 30
0.0
 11
151.130859375
 21
-573.705701595738
 31
0.0
  0
LINE
  5
96D
330
92A
100
AcDbEntity
  8
2
  6
AUSGEZOGEN
 62
     7
370
    35
100
AcDbLine
 10
151.130859375
 20
-573.705701595738
 30
0.0
 11
183.20703125
 21
-495.177701717808
 31
0.0
  0
LINE
  5
96E
330
92A
100
AcDbEntity
  8
2
  6
AUSGEZOGEN
 62
     7
370
    35
100
AcDbLine
 10
183.20703125
 20
-495.177701717808
 30
0.0
 11
147.384765625
 21
-582.874505764439
 31
0.0
  0
LINE
  5
96F
330
92A
100
AcDbEntity
  8
2
  6
AUSGEZOGEN
 62
     7
370
    35
100
AcDbLine
 10
308.052734375
 20
-593.339198833897
 30
0.0
 11
154.130859375
 21
-593.339875942662
 31
0.0
  0
LINE
  5
970
330
92A
100
AcDbEntity
  8
2
  6
AUSGEZOGEN
 62
     7
370
    35
100
AcDbLine
 10
308.052734375
 20
-722.022825008824
 30
0.0
 11
308.052734375
 21
-593.339198833897
 31
0.0
  0
LINE
  5
971
330
92A
100
AcDbEntity
  8
2
  6
AUSGEZOGEN
 62
     7
370
    35
100
AcDbLine
 10
-25.947265625
 20
-753.339872127965
 30
0.0
 11
307.552734375
 21
-753.328611141636
 31
0.0
  0
LINE
  5
972
330
92A
100
AcDbEntity
  8
2
  6
AUSGEZOGEN
 62
     7
370
    35
100
AcDbLine
 10
307.552734375
 20
-753.328611141636
 30
0.0
 11
307.552734375
 21
-722.022825008824
 31
0.0
  0
LINE
  5
973
330
92A
100
AcDbEntity
  8
2
  6
AUSGEZOGEN
 62
     7
370
    35
100
AcDbLine
 10
154.130859375
 20
-593.339875942662
 30
0.0
 11
151.130859375
 21
-591.338775402501
 31
0.0
  0
LINE
  5
974
330
92A
100
AcDbEntity
  8
2
  6
AUSGEZOGEN
 62
     7
370
    35
100
AcDbLine
 10
151.130859375
 20
-591.338775402501
 30
0.0
 11
151.130859375
 21
-573.705701595738
 31
0.0
  0
LINE
  5
975
330
92A
100
AcDbEntity
  8
2
  6
AUSGEZOGEN
 62
     7
370
    35
100
AcDbLine
 10
151.130859375
 20
-573.705701595738
 30
0.0
 11
147.384765625
 21
-582.874505764439
 31
0.0
  0
LINE
  5
976
330
92A
100
AcDbEntity
  8
2
  6
AUSGEZOGEN
 62
     7
370
    35
100
AcDbLine
 10
120.125
 20
-593.33874869962
 30
0.0
 11
-192.970703125
 21
-593.33874869962
 31
0.0
  0
LINE
  5
977
330
92A
100
AcDbEntity
  8
2
  6
AUSGEZOGEN
 62
     7
370
    35
100
AcDbLine
 10
307.552734375
 20
-722.022825008824
 30
0.0
 11
308.052734375
 21
-722.022825008824
 31
0.0
  0
ARC
  5
978
330
92A
100
AcDbEntity
  8
2
  6
AUSGEZOGEN
 62
     7
370
    35
100
AcDbCircle
 10
128.856394600236
 20
-575.345117221206
 30
0.0
 40
19.99999999999998
100
AcDbArc
 50
244.116237623067
 51
337.884840534358
  0
LINE
  5
979
330
92A
100
AcDbEntity
  8
2
  6
AUSGEZOGEN
 62
     7
370
    35
100
AcDbLine
 10
185.873046875
 20
-480.99473357816
 30
0.0
 11
308.052734375
 21
-481.043340450718
 31
0.0
  0
LINE
  5
97A
330
92A
100
AcDbEntity
  8
2
  6
AUSGEZOGEN
 62
     7
370
    35
100
AcDbLine
 10
180.61328125
 20
-494.122388607457
 30
0.0
 11
185.873046875
 21
-480.99473357816
 31
0.0
  0
LINE
  5
97B
330
92A
100
AcDbEntity
  8
2
  6
AUSGEZOGEN
 62
     7
370
    35
100
AcDbLine
 10
183.20703125
 20
-495.177701717808
 30
0.0
 11
180.61328125
 21
-494.122388607457
 31
0.0
  0
LINE
  5
97C
330
92A
100
AcDbEntity
  8
2
  6
AUSGEZOGEN
 62
     7
370
    35
100
AcDbLine
 10
147.384765625
 20
-582.874505764439
 30
0.0
 11
183.20703125
 21
-495.177701717808
 31
0.0
  0
LINE
  5
97D
330
92A
100
AcDbEntity
  8
2
  6
AUSGEZOGEN
 62
     7
370
    35
100
AcDbLine
 10
308.052734375
 20
-481.043340450718
 30
0.0
 11
308.052734375
 21
-722.022825008824
 31
0.0
  0
LINE
  5
97E
330
92A
100
AcDbEntity
  8
2
  6
AUSGEZOGEN
 62
     7
370
    35
100
AcDbLine
 10
308.052734375
 20
-722.022825008824
 30
0.0
 11
307.552734375
 21
-722.022825008824
 31
0.0
  0
LINE
  5
97F
330
92A
100
AcDbEntity
  8
2
  6
AUSGEZOGEN
 62
     7
370
    35
100
AcDbLine
 10
307.552734375
 20
-722.022825008824
 30
0.0
 11
307.552734375
 21
-753.328611141636
 31
0.0
  0
LINE
  5
980
330
92A
100
AcDbEntity
  8
2
  6
AUSGEZOGEN
 62
     7
370
    35
100
AcDbLine
 10
307.552734375
 20
-753.328611141636
 30
0.0
 11
-25.947265625
 21
-753.339872127965
 31
0.0
  0
LINE
  5
981
330
92A
100
AcDbEntity
  8
2
  6
AUSGEZOGEN
 62
     7
370
    35
100
AcDbLine
 10
-192.970703125
 20
-593.33874869962
 30
0.0
 11
120.125
 21
-593.33874869962
 31
0.0
  0
CIRCLE
  5
982
330
92A
100
AcDbEntity
  8
2
  6
AUSGEZOGEN
 62
     7
370
    35
100
AcDbCircle
 10
244.4811307522
 20
-512.028665194187
 30
0.0
 40
10.25
  0
CIRCLE
  5
983
330
92A
100
AcDbEntity
  8
2
  6
AUSGEZOGEN
 62
     7
370
    35
100
AcDbCircle
 10
223.821080568072
 20
-562.556531673863
 30
0.0
 40
10.25
  0
ARC
  5
984
330
92A
100
AcDbEntity
  8
2
  6
AUSGEZOGEN
 62
     7
370
    35
100
AcDbCircle
 10
128.856394600236
 20
-575.345117221206
 30
0.0
 40
19.99999999999998
100
AcDbArc
 50
244.116237623067
 51
337.884840534358
  0
ENDBLK
  5
92C
330
92A
100
AcDbEntity
  8
0
100
AcDbBlockEnd
  0
BLOCK
  5
987
330
986
100
AcDbEntity
  8
0
100
AcDbBlockBegin
  2
AnonymMegaMac_nNn036
 70
     0
 10
0.0
 20
0.0
 30
0.0
  3
AnonymMegaMac_nNn036
  1

  0
LINE
  5
989
330
986
100
AcDbEntity
  8
2
  6
AUSGEZOGEN
 62
     7
370
    35
100
AcDbLine
 10
183.20703125
 20
-495.177701717808
 30
0.0
 11
151.130859375
 21
-573.705701595738
 31
0.0
  0
LINE
  5
98A
330
986
100
AcDbEntity
  8
2
  6
AUSGEZOGEN
 62
     7
370
    35
100
AcDbLine
 10
308.052734375
 20
-481.043340450718
 30
0.0
 11
185.873046875
 21
-480.99473357816
 31
0.0
  0
LINE
  5
98B
330
986
100
AcDbEntity
  8
2
  6
AUSGEZOGEN
 62
     7
370
    35
100
AcDbLine
 10
154.130859375
 20
-593.339875942662
 30
0.0
 11
308.052734375
 21
-593.339198833897
 31
0.0
  0
LINE
  5
98C
330
986
100
AcDbEntity
  8
2
  6
AUSGEZOGEN
 62
     7
370
    35
100
AcDbLine
 10
151.130859375
 20
-573.705701595738
 30
0.0
 11
151.130859375
 21
-591.338775402501
 31
0.0
  0
LINE
  5
98D
330
986
100
AcDbEntity
  8
2
  6
AUSGEZOGEN
 62
     7
370
    35
100
AcDbLine
 10
151.130859375
 20
-591.338775402501
 30
0.0
 11
154.130859375
 21
-593.339875942662
 31
0.0
  0
LINE
  5
98E
330
986
100
AcDbEntity
  8
2
  6
AUSGEZOGEN
 62
     7
370
    35
100
AcDbLine
 10
308.052734375
 20
-593.339198833897
 30
0.0
 11
308.052734375
 21
-481.043340450718
 31
0.0
  0
LINE
  5
98F
330
986
100
AcDbEntity
  8
2
  6
AUSGEZOGEN
 62
     7
370
    35
100
AcDbLine
 10
185.873046875
 20
-480.99473357816
 30
0.0
 11
180.61328125
 21
-494.122388607457
 31
0.0
  0
LINE
  5
990
330
986
100
AcDbEntity
  8
2
  6
AUSGEZOGEN
 62
     7
370
    35
100
AcDbLine
 10
180.61328125
 20
-494.122388607457
 30
0.0
 11
183.20703125
 21
-495.177701717808
 31
0.0
  0
CIRCLE
  5
991
330
986
100
AcDbEntity
  8
2
  6
AUSGEZOGEN
 62
     7
370
    35
100
AcDbCircle
 10
244.4811307522
 20
-512.028665194187
 30
0.0
 40
15.25
  0
CIRCLE
  5
992
330
986
100
AcDbEntity
  8
2
  6
AUSGEZOGEN
 62
     7
370
    35
100
AcDbCircle
 10
223.821080568072
 20
-562.556531673863
 30
0.0
 40
15.25
  0
LINE
  5
993
330
986
100
AcDbEntity
  8
2
  6
AUSGEZOGEN
 62
     7
370
    35
100
AcDbLine
 10
308.052734375
 20
-479.043340450718
 30
0.0
 11
186.673828125
 21
-478.99505401273
 31
0.0
  0
LINE
  5
994
330
986
100
AcDbEntity
  8
2
  6
AUSGEZOGEN
 62
     7
370
    35
100
AcDbLine
 10
186.673828125
 20
-478.99505401273
 30
0.0
 11
308.052734375
 21
-479.043340450718
 31
0.0
  0
LINE
  5
995
330
986
100
AcDbEntity
  8
2
  6
AUSGEZOGEN
 62
     7
370
    35
100
AcDbLine
 10
308.052734375
 20
-479.043340450718
 30
0.0
 11
308.052734375
 21
-432.690137630894
 31
0.0
  0
LINE
  5
996
330
986
100
AcDbEntity
  8
2
  6
AUSGEZOGEN
 62
     7
370
    35
100
AcDbLine
 10
308.052734375
 20
-432.690137630894
 30
0.0
 11
267.451171875
 21
-404.737745052769
 31
0.0
  0
LINE
  5
997
330
986
100
AcDbEntity
  8
2
  6
AUSGEZOGEN
 62
     7
370
    35
100
AcDbLine
 10
267.451171875
 20
-404.737745052769
 30
0.0
 11
241.169921875
 21
-404.737302547886
 31
0.0
  0
LINE
  5
998
330
986
100
AcDbEntity
  8
2
  6
AUSGEZOGEN
 62
     7
370
    35
100
AcDbLine
 10
186.673828125
 20
-478.99505401273
 30
0.0
 11
308.052734375
 21
-479.043340450718
 31
0.0
  0
LINE
  5
999
330
986
100
AcDbEntity
  8
2
  6
AUSGEZOGEN
 62
     7
370
    35
100
AcDbLine
 10
206.654296875
 20
-429.137265926793
 30
0.0
 11
186.673828125
 21
-478.99505401273
 31
0.0
  0
LINE
  5
99A
330
986
100
AcDbEntity
  8
2
  6
AUSGEZOGEN
 62
     7
370
    35
100
AcDbLine
 10
207.896484375
 20
-428.587247616246
 30
0.0
 11
206.654296875
 21
-429.137265926793
 31
0.0
  0
ARC
  5
99B
330
986
100
AcDbEntity
  8
2
  6
AUSGEZOGEN
 62
     7
370
    35
100
AcDbCircle
 10
232.895034576261
 20
-428.328285194188
 30
0.0
 40
25.00000000000001
100
AcDbArc
 50
180.593520249443
 51
70.672034529184
  0
LINE
  5
99C
330
986
100
AcDbEntity
  8
2
  6
AUSGEZOGEN
 62
     7
370
    35
100
AcDbLine
 10
206.654296875
 20
-429.137265926793
 30
0.0
 11
207.896484375
 21
-428.587247616246
 31
0.0
  0
LINE
  5
99D
330
986
100
AcDbEntity
  8
2
  6
AUSGEZOGEN
 62
     7
370
    35
100
AcDbLine
 10
207.896484375
 20
-428.587247616246
 30
0.0
 11
206.654296875
 21
-429.137265926793
 31
0.0
  0
LINE
  5
99E
330
986
100
AcDbEntity
  8
2
  6
AUSGEZOGEN
 62
     7
370
    35
100
AcDbLine
 10
241.169921875
 20
-404.737302547886
 30
0.0
 11
267.451171875
 21
-404.737745052769
 31
0.0
  0
LINE
  5
99F
330
986
100
AcDbEntity
  8
2
  6
AUSGEZOGEN
 62
     7
370
    35
100
AcDbLine
 10
267.451171875
 20
-404.737745052769
 30
0.0
 11
241.169921875
 21
-404.737302547886
 31
0.0
  0
LINE
  5
9A0
330
986
100
AcDbEntity
  8
2
  6
AUSGEZOGEN
 62
     7
370
    35
100
AcDbLine
 10
267.451171875
 20
-404.737745052769
 30
0.0
 11
308.052734375
 21
-432.690137630894
 31
0.0
  0
LINE
  5
9A1
330
986
100
AcDbEntity
  8
2
  6
AUSGEZOGEN
 62
     7
370
    35
100
AcDbLine
 10
308.052734375
 20
-432.690137630894
 30
0.0
 11
267.451171875
 21
-404.737745052769
 31
0.0
  0
LINE
  5
9A2
330
986
100
AcDbEntity
  8
2
  6
AUSGEZOGEN
 62
     7
370
    35
100
AcDbLine
 10
186.673828125
 20
-478.99505401273
 30
0.0
 11
206.654296875
 21
-429.137265926793
 31
0.0
  0
LINE
  5
9A3
330
986
100
AcDbEntity
  8
2
  6
AUSGEZOGEN
 62
     7
370
    35
100
AcDbLine
 10
206.654296875
 20
-429.137265926793
 30
0.0
 11
207.896484375
 21
-428.587247616246
 31
0.0
  0
LINE
  5
9A4
330
986
100
AcDbEntity
  8
2
  6
AUSGEZOGEN
 62
     7
370
    35
100
AcDbLine
 10
308.052734375
 20
-479.043340450718
 30
0.0
 11
186.673828125
 21
-478.99505401273
 31
0.0
  0
LINE
  5
9A5
330
986
100
AcDbEntity
  8
2
  6
AUSGEZOGEN
 62
     7
370
    35
100
AcDbLine
 10
308.052734375
 20
-432.690137630894
 30
0.0
 11
308.052734375
 21
-479.043340450718
 31
0.0
  0
LINE
  5
9A6
330
986
100
AcDbEntity
  8
2
  6
AUSGEZOGEN
 62
     7
370
    35
100
AcDbLine
 10
241.169921875
 20
-404.737302547886
 30
0.0
 11
267.451171875
 21
-404.737745052769
 31
0.0
  0
LINE
  5
9A7
330
986
100
AcDbEntity
  8
2
  6
AUSGEZOGEN
 62
     7
370
    35
100
AcDbLine
 10
267.451171875
 20
-404.737745052769
 30
0.0
 11
308.052734375
 21
-432.690137630894
 31
0.0
  0
ARC
  5
9A8
330
986
100
AcDbEntity
  8
2
  6
AUSGEZOGEN
 62
     7
370
    35
100
AcDbCircle
 10
232.895034576261
 20
-428.328285194188
 30
0.0
 40
25.00000000000001
100
AcDbArc
 50
180.593520249443
 51
70.672034529184
  0
LINE
  5
9A9
330
986
100
AcDbEntity
  8
2
  6
AUSGEZOGEN
 62
     7
370
    35
100
AcDbLine
 10
154.130859375
 20
-593.339875942662
 30
0.0
 11
308.052734375
 21
-593.339198833897
 31
0.0
  0
LINE
  5
9AA
330
986
100
AcDbEntity
  8
2
  6
AUSGEZOGEN
 62
     7
370
    35
100
AcDbLine
 10
308.052734375
 20
-593.339198833897
 30
0.0
 11
154.130859375
 21
-593.339875942662
 31
0.0
  0
LINE
  5
9AB
330
986
100
AcDbEntity
  8
2
  6
AUSGEZOGEN
 62
     7
370
    35
100
AcDbLine
 10
151.130859375
 20
-591.338775402501
 30
0.0
 11
154.130859375
 21
-593.339875942662
 31
0.0
  0
LINE
  5
9AC
330
986
100
AcDbEntity
  8
2
  6
AUSGEZOGEN
 62
     7
370
    35
100
AcDbLine
 10
154.130859375
 20
-593.339875942662
 30
0.0
 11
151.130859375
 21
-591.338775402501
 31
0.0
  0
LINE
  5
9AD
330
986
100
AcDbEntity
  8
2
  6
AUSGEZOGEN
 62
     7
370
    35
100
AcDbLine
 10
151.130859375
 20
-573.705701595738
 30
0.0
 11
151.130859375
 21
-591.338775402501
 31
0.0
  0
LINE
  5
9AE
330
986
100
AcDbEntity
  8
2
  6
AUSGEZOGEN
 62
     7
370
    35
100
AcDbLine
 10
151.130859375
 20
-591.338775402501
 30
0.0
 11
151.130859375
 21
-573.705701595738
 31
0.0
  0
LINE
  5
9AF
330
986
100
AcDbEntity
  8
2
  6
AUSGEZOGEN
 62
     7
370
    35
100
AcDbLine
 10
183.20703125
 20
-495.177701717808
 30
0.0
 11
180.61328125
 21
-494.122388607457
 31
0.0
  0
LINE
  5
9B0
330
986
100
AcDbEntity
  8
2
  6
AUSGEZOGEN
 62
     7
370
    35
100
AcDbLine
 10
180.61328125
 20
-494.122388607457
 30
0.0
 11
183.20703125
 21
-495.177701717808
 31
0.0
  0
LINE
  5
9B1
330
986
100
AcDbEntity
  8
2
  6
AUSGEZOGEN
 62
     7
370
    35
100
AcDbLine
 10
180.61328125
 20
-494.122388607457
 30
0.0
 11
185.873046875
 21
-480.99473357816
 31
0.0
  0
LINE
  5
9B2
330
986
100
AcDbEntity
  8
2
  6
AUSGEZOGEN
 62
     7
370
    35
100
AcDbLine
 10
185.873046875
 20
-480.99473357816
 30
0.0
 11
180.61328125
 21
-494.122388607457
 31
0.0
  0
LINE
  5
9B3
330
986
100
AcDbEntity
  8
2
  6
AUSGEZOGEN
 62
     7
370
    35
100
AcDbLine
 10
186.673828125
 20
-478.99505401273
 30
0.0
 11
206.654296875
 21
-429.137265926793
 31
0.0
  0
LINE
  5
9B4
330
986
100
AcDbEntity
  8
2
  6
AUSGEZOGEN
 62
     7
370
    35
100
AcDbLine
 10
206.654296875
 20
-429.137265926793
 30
0.0
 11
186.673828125
 21
-478.99505401273
 31
0.0
  0
LINE
  5
9B5
330
986
100
AcDbEntity
  8
2
  6
AUSGEZOGEN
 62
     7
370
    35
100
AcDbLine
 10
186.674676740047
 20
-478.995054904466
 30
0.0
 11
185.873350917347
 21
-480.994736262167
 31
0.0
  0
LINE
  5
9B6
330
986
100
AcDbEntity
  8
2
  6
AUSGEZOGEN
 62
     7
370
    35
100
AcDbLine
 10
185.873350917347
 20
-480.994736262167
 30
0.0
 11
186.674676740047
 21
-478.995054904466
 31
0.0
  0
LINE
  5
9B7
330
986
100
AcDbEntity
  8
2
  6
AUSGEZOGEN
 62
     7
370
    35
100
AcDbLine
 10
308.052734375
 20
-481.043340450718
 30
0.0
 11
185.873046875
 21
-480.99473357816
 31
0.0
  0
LINE
  5
9B8
330
986
100
AcDbEntity
  8
2
  6
AUSGEZOGEN
 62
     7
370
    35
100
AcDbLine
 10
185.873046875
 20
-480.99473357816
 30
0.0
 11
308.052734375
 21
-481.043340450718
 31
0.0
  0
LINE
  5
9B9
330
986
100
AcDbEntity
  8
2
  6
AUSGEZOGEN
 62
     7
370
    35
100
AcDbLine
 10
308.052734375
 20
-593.339198833897
 30
0.0
 11
308.052734375
 21
-722.022825008824
 31
0.0
  0
LINE
  5
9BA
330
986
100
AcDbEntity
  8
2
  6
AUSGEZOGEN
 62
     7
370
    35
100
AcDbLine
 10
308.052734375
 20
-722.022825008824
 30
0.0
 11
308.052734375
 21
-481.043340450718
 31
0.0
  0
LINE
  5
9BB
330
986
100
AcDbEntity
  8
2
  6
AUSGEZOGEN
 62
     7
370
    35
100
AcDbLine
 10
308.052734375
 20
-432.690137630894
 30
0.0
 11
308.052734375
 21
-479.043340450718
 31
0.0
  0
LINE
  5
9BC
330
986
100
AcDbEntity
  8
2
  6
AUSGEZOGEN
 62
     7
370
    35
100
AcDbLine
 10
308.052734375
 20
-479.043340450718
 30
0.0
 11
308.052734375
 21
-432.690137630894
 31
0.0
  0
LINE
  5
9BD
330
986
100
AcDbEntity
  8
2
  6
AUSGEZOGEN
 62
     7
370
    35
100
AcDbLine
 10
308.052734375
 20
-481.043340450718
 30
0.0
 11
308.052734375
 21
-593.339198833897
 31
0.0
  0
LINE
  5
9BE
330
986
100
AcDbEntity
  8
2
  6
AUSGEZOGEN
 62
     7
370
    35
100
AcDbLine
 10
308.052131279233
 20
-481.043344038977
 30
0.0
 11
308.052131279233
 21
-479.043343879296
 31
0.0
  0
LINE
  5
9BF
330
986
100
AcDbEntity
  8
2
  6
AUSGEZOGEN
 62
     7
370
    35
100
AcDbLine
 10
308.052131279233
 20
-479.043343877893
 30
0.0
 11
308.052131279233
 21
-481.043344037574
 31
0.0
  0
LINE
  5
9C0
330
986
100
AcDbEntity
  8
2
  6
AUSGEZOGEN
 62
     7
370
    35
100
AcDbLine
 10
308.052734375
 20
-722.022825008824
 30
0.0
 11
307.552734375
 21
-722.022825008824
 31
0.0
  0
LINE
  5
9C1
330
986
100
AcDbEntity
  8
2
  6
AUSGEZOGEN
 62
     7
370
    35
100
AcDbLine
 10
307.552734375
 20
-722.022825008824
 30
0.0
 11
308.052734375
 21
-722.022825008824
 31
0.0
  0
LINE
  5
9C2
330
986
100
AcDbEntity
  8
2
  6
AUSGEZOGEN
 62
     7
370
    35
100
AcDbLine
 10
307.552734375
 20
-722.022825008824
 30
0.0
 11
307.552734375
 21
-753.328611141636
 31
0.0
  0
LINE
  5
9C3
330
986
100
AcDbEntity
  8
2
  6
AUSGEZOGEN
 62
     7
370
    35
100
AcDbLine
 10
307.552734375
 20
-753.328611141636
 30
0.0
 11
307.552734375
 21
-722.022825008824
 31
0.0
  0
LINE
  5
9C4
330
986
100
AcDbEntity
  8
2
  6
AUSGEZOGEN
 62
     7
370
    35
100
AcDbLine
 10
307.552734375
 20
-753.328611141636
 30
0.0
 11
-25.947265625
 21
-753.339872127965
 31
0.0
  0
LINE
  5
9C5
330
986
100
AcDbEntity
  8
2
  6
AUSGEZOGEN
 62
     7
370
    35
100
AcDbLine
 10
-25.947265625
 20
-753.339872127965
 30
0.0
 11
307.552734375
 21
-753.328611141636
 31
0.0
  0
LINE
  5
9C6
330
986
100
AcDbEntity
  8
2
  6
AUSGEZOGEN
 62
     7
370
    35
100
AcDbLine
 10
-192.970703125
 20
-593.33874869962
 30
0.0
 11
120.125
 21
-593.33874869962
 31
0.0
  0
LINE
  5
9C7
330
986
100
AcDbEntity
  8
2
  6
AUSGEZOGEN
 62
     7
370
    35
100
AcDbLine
 10
120.125
 20
-593.33874869962
 30
0.0
 11
-192.970703125
 21
-593.33874869962
 31
0.0
  0
LINE
  5
9C8
330
986
100
AcDbEntity
  8
2
  6
AUSGEZOGEN
 62
     7
370
    35
100
AcDbLine
 10
147.384765625
 20
-582.874505764439
 30
0.0
 11
151.130859375
 21
-573.705701595738
 31
0.0
  0
LINE
  5
9C9
330
986
100
AcDbEntity
  8
2
  6
AUSGEZOGEN
 62
     7
370
    35
100
AcDbLine
 10
151.130859375
 20
-573.705701595738
 30
0.0
 11
183.20703125
 21
-495.177701717808
 31
0.0
  0
LINE
  5
9CA
330
986
100
AcDbEntity
  8
2
  6
AUSGEZOGEN
 62
     7
370
    35
100
AcDbLine
 10
183.20703125
 20
-495.177701717808
 30
0.0
 11
147.384765625
 21
-582.874505764439
 31
0.0
  0
LINE
  5
9CB
330
986
100
AcDbEntity
  8
2
  6
AUSGEZOGEN
 62
     7
370
    35
100
AcDbLine
 10
308.052734375
 20
-593.339198833897
 30
0.0
 11
154.130859375
 21
-593.339875942662
 31
0.0
  0
LINE
  5
9CC
330
986
100
AcDbEntity
  8
2
  6
AUSGEZOGEN
 62
     7
370
    35
100
AcDbLine
 10
308.052734375
 20
-722.022825008824
 30
0.0
 11
308.052734375
 21
-593.339198833897
 31
0.0
  0
LINE
  5
9CD
330
986
100
AcDbEntity
  8
2
  6
AUSGEZOGEN
 62
     7
370
    35
100
AcDbLine
 10
-25.947265625
 20
-753.339872127965
 30
0.0
 11
307.552734375
 21
-753.328611141636
 31
0.0
  0
LINE
  5
9CE
330
986
100
AcDbEntity
  8
2
  6
AUSGEZOGEN
 62
     7
370
    35
100
AcDbLine
 10
307.552734375
 20
-753.328611141636
 30
0.0
 11
307.552734375
 21
-722.022825008824
 31
0.0
  0
LINE
  5
9CF
330
986
100
AcDbEntity
  8
2
  6
AUSGEZOGEN
 62
     7
370
    35
100
AcDbLine
 10
154.130859375
 20
-593.339875942662
 30
0.0
 11
151.130859375
 21
-591.338775402501
 31
0.0
  0
LINE
  5
9D0
330
986
100
AcDbEntity
  8
2
  6
AUSGEZOGEN
 62
     7
370
    35
100
AcDbLine
 10
151.130859375
 20
-591.338775402501
 30
0.0
 11
151.130859375
 21
-573.705701595738
 31
0.0
  0
LINE
  5
9D1
330
986
100
AcDbEntity
  8
2
  6
AUSGEZOGEN
 62
     7
370
    35
100
AcDbLine
 10
151.130859375
 20
-573.705701595738
 30
0.0
 11
147.384765625
 21
-582.874505764439
 31
0.0
  0
LINE
  5
9D2
330
986
100
AcDbEntity
  8
2
  6
AUSGEZOGEN
 62
     7
370
    35
100
AcDbLine
 10
120.125
 20
-593.33874869962
 30
0.0
 11
-192.970703125
 21
-593.33874869962
 31
0.0
  0
LINE
  5
9D3
330
986
100
AcDbEntity
  8
2
  6
AUSGEZOGEN
 62
     7
370
    35
100
AcDbLine
 10
307.552734375
 20
-722.022825008824
 30
0.0
 11
308.052734375
 21
-722.022825008824
 31
0.0
  0
ARC
  5
9D4
330
986
100
AcDbEntity
  8
2
  6
AUSGEZOGEN
 62
     7
370
    35
100
AcDbCircle
 10
128.856394600236
 20
-575.345117221206
 30
0.0
 40
19.99999999999998
100
AcDbArc
 50
244.116237623067
 51
337.884840534358
  0
LINE
  5
9D5
330
986
100
AcDbEntity
  8
2
  6
AUSGEZOGEN
 62
     7
370
    35
100
AcDbLine
 10
185.873046875
 20
-480.99473357816
 30
0.0
 11
308.052734375
 21
-481.043340450718
 31
0.0
  0
LINE
  5
9D6
330
986
100
AcDbEntity
  8
2
  6
AUSGEZOGEN
 62
     7
370
    35
100
AcDbLine
 10
180.61328125
 20
-494.122388607457
 30
0.0
 11
185.873046875
 21
-480.99473357816
 31
0.0
  0
LINE
  5
9D7
330
986
100
AcDbEntity
  8
2
  6
AUSGEZOGEN
 62
     7
370
    35
100
AcDbLine
 10
183.20703125
 20
-495.177701717808
 30
0.0
 11
180.61328125
 21
-494.122388607457
 31
0.0
  0
LINE
  5
9D8
330
986
100
AcDbEntity
  8
2
  6
AUSGEZOGEN
 62
     7
370
    35
100
AcDbLine
 10
147.384765625
 20
-582.874505764439
 30
0.0
 11
183.20703125
 21
-495.177701717808
 31
0.0
  0
LINE
  5
9D9
330
986
100
AcDbEntity
  8
2
  6
AUSGEZOGEN
 62
     7
370
    35
100
AcDbLine
 10
308.052734375
 20
-481.043340450718
 30
0.0
 11
308.052734375
 21
-722.022825008824
 31
0.0
  0
LINE
  5
9DA
330
986
100
AcDbEntity
  8
2
  6
AUSGEZOGEN
 62
     7
370
    35
100
AcDbLine
 10
308.052734375
 20
-722.022825008824
 30
0.0
 11
307.552734375
 21
-722.022825008824
 31
0.0
  0
LINE
  5
9DB
330
986
100
AcDbEntity
  8
2
  6
AUSGEZOGEN
 62
     7
370
    35
100
AcDbLine
 10
307.552734375
 20
-722.022825008824
 30
0.0
 11
307.552734375
 21
-753.328611141636
 31
0.0
  0
LINE
  5
9DC
330
986
100
AcDbEntity
  8
2
  6
AUSGEZOGEN
 62
     7
370
    35
100
AcDbLine
 10
307.552734375
 20
-753.328611141636
 30
0.0
 11
-25.947265625
 21
-753.339872127965
 31
0.0
  0
LINE
  5
9DD
330
986
100
AcDbEntity
  8
2
  6
AUSGEZOGEN
 62
     7
370
    35
100
AcDbLine
 10
-192.970703125
 20
-593.33874869962
 30
0.0
 11
120.125
 21
-593.33874869962
 31
0.0
  0
CIRCLE
  5
9DE
330
986
100
AcDbEntity
  8
2
  6
AUSGEZOGEN
 62
     7
370
    35
100
AcDbCircle
 10
244.4811307522
 20
-512.028665194187
 30
0.0
 40
10.25
  0
CIRCLE
  5
9DF
330
986
100
AcDbEntity
  8
2
  6
AUSGEZOGEN
 62
     7
370
    35
100
AcDbCircle
 10
223.821080568072
 20
-562.556531673863
 30
0.0
 40
10.25
  0
ARC
  5
9E0
330
986
100
AcDbEntity
  8
2
  6
AUSGEZOGEN
 62
     7
370
    35
100
AcDbCircle
 10
128.856394600236
 20
-575.345117221206
 30
0.0
 40
19.99999999999998
100
AcDbArc
 50
244.116237623067
 51
337.884840534358
  0
ENDBLK
  5
988
330
986
100
AcDbEntity
  8
0
100
AcDbBlockEnd
  0
BLOCK
  5
9E3
330
9E2
100
AcDbEntity
  8
0
100
AcDbBlockBegin
  2
AnonymMegaMac_nNn037
 70
     0
 10
0.0
 20
0.0
 30
0.0
  3
AnonymMegaMac_nNn037
  1

  0
LINE
  5
9E5
330
9E2
100
AcDbEntity
  8
2
  6
AUSGEZOGEN
 62
     7
370
    35
100
AcDbLine
 10
252.552734375
 20
-577.339443928196
 30
0.0
 11
252.552734375
 21
-593.339442974522
 31
0.0
  0
LINE
  5
9E6
330
9E2
100
AcDbEntity
  8
2
  6
AUSGEZOGEN
 62
     7
370
    35
100
AcDbLine
 10
252.552734375
 20
-593.339442974522
 30
0.0
 11
202.552734375
 21
-593.339664226964
 31
0.0
  0
LINE
  5
9E7
330
9E2
100
AcDbEntity
  8
2
  6
AUSGEZOGEN
 62
     7
370
    35
100
AcDbLine
 10
202.552734375
 20
-593.339664226964
 30
0.0
 11
202.552734375
 21
-577.339663273289
 31
0.0
  0
LINE
  5
9E8
330
9E2
100
AcDbEntity
  8
2
  6
AUSGEZOGEN
 62
     7
370
    35
100
AcDbLine
 10
202.552734375
 20
-577.339663273289
 30
0.0
 11
252.552734375
 21
-577.339443928196
 31
0.0
  0
LINE
  5
9E9
330
9E2
100
AcDbEntity
  8
2
  6
AUSGEZOGEN
 62
     7
370
    35
100
AcDbLine
 10
252.552734375
 20
-593.339442974522
 30
0.0
 11
252.552734375
 21
-577.339443928196
 31
0.0
  0
LINE
  5
9EA
330
9E2
100
AcDbEntity
  8
2
  6
AUSGEZOGEN
 62
     7
370
    35
100
AcDbLine
 10
252.552734375
 20
-577.339443928196
 30
0.0
 11
202.552734375
 21
-577.339663273289
 31
0.0
  0
LINE
  5
9EB
330
9E2
100
AcDbEntity
  8
2
  6
AUSGEZOGEN
 62
     7
370
    35
100
AcDbLine
 10
202.552734375
 20
-577.339663273289
 30
0.0
 11
202.552734375
 21
-593.339664226964
 31
0.0
  0
LINE
  5
9EC
330
9E2
100
AcDbEntity
  8
2
  6
AUSGEZOGEN
 62
     7
370
    35
100
AcDbLine
 10
202.552734375
 20
-593.339664226964
 30
0.0
 11
252.552734375
 21
-593.339442974522
 31
0.0
  0
LINE
  5
9ED
330
9E2
100
AcDbEntity
  8
2
  6
AUSGEZOGEN
 62
     7
370
    35
100
AcDbLine
 10
202.552734375
 20
-577.339663273289
 30
0.0
 11
252.552734375
 21
-577.339443928196
 31
0.0
  0
LINE
  5
9EE
330
9E2
100
AcDbEntity
  8
2
  6
AUSGEZOGEN
 62
     7
370
    35
100
AcDbLine
 10
252.552734375
 20
-577.339443928196
 30
0.0
 11
202.552734375
 21
-577.339663273289
 31
0.0
  0
LINE
  5
9EF
330
9E2
100
AcDbEntity
  8
2
  6
AUSGEZOGEN
 62
     7
370
    35
100
AcDbLine
 10
260.552060896291
 20
-577.33940841766
 30
0.0
 11
252.552060896367
 21
-577.339443609361
 31
0.0
  0
LINE
  5
9F0
330
9E2
100
AcDbEntity
  8
2
  6
AUSGEZOGEN
 62
     7
370
    35
100
AcDbLine
 10
202.552060896851
 20
-577.339663557493
 30
0.0
 11
194.552060896927
 21
-577.339698749194
 31
0.0
  0
LINE
  5
9F1
330
9E2
100
AcDbEntity
  8
2
  6
AUSGEZOGEN
 62
     7
370
    35
100
AcDbLine
 10
308.052734375
 20
-479.043340450718
 30
0.0
 11
186.673828125
 21
-478.99505401273
 31
0.0
  0
LINE
  5
9F2
330
9E2
100
AcDbEntity
  8
2
  6
AUSGEZOGEN
 62
     7
370
    35
100
AcDbLine
 10
186.673828125
 20
-478.99505401273
 30
0.0
 11
308.052734375
 21
-479.043340450718
 31
0.0
  0
LINE
  5
9F3
330
9E2
100
AcDbEntity
  8
2
  6
AUSGEZOGEN
 62
     7
370
    35
100
AcDbLine
 10
308.052734375
 20
-479.043340450718
 30
0.0
 11
308.052734375
 21
-432.690137630894
 31
0.0
  0
LINE
  5
9F4
330
9E2
100
AcDbEntity
  8
2
  6
AUSGEZOGEN
 62
     7
370
    35
100
AcDbLine
 10
308.052734375
 20
-432.690137630894
 30
0.0
 11
267.451171875
 21
-404.737745052769
 31
0.0
  0
LINE
  5
9F5
330
9E2
100
AcDbEntity
  8
2
  6
AUSGEZOGEN
 62
     7
370
    35
100
AcDbLine
 10
267.451171875
 20
-404.737745052769
 30
0.0
 11
241.169921875
 21
-404.737302547886
 31
0.0
  0
LINE
  5
9F6
330
9E2
100
AcDbEntity
  8
2
  6
AUSGEZOGEN
 62
     7
370
    35
100
AcDbLine
 10
186.673828125
 20
-478.99505401273
 30
0.0
 11
308.052734375
 21
-479.043340450718
 31
0.0
  0
LINE
  5
9F7
330
9E2
100
AcDbEntity
  8
2
  6
AUSGEZOGEN
 62
     7
370
    35
100
AcDbLine
 10
206.654296875
 20
-429.137265926793
 30
0.0
 11
186.673828125
 21
-478.99505401273
 31
0.0
  0
LINE
  5
9F8
330
9E2
100
AcDbEntity
  8
2
  6
AUSGEZOGEN
 62
     7
370
    35
100
AcDbLine
 10
207.896484375
 20
-428.587247616246
 30
0.0
 11
206.654296875
 21
-429.137265926793
 31
0.0
  0
ARC
  5
9F9
330
9E2
100
AcDbEntity
  8
2
  6
AUSGEZOGEN
 62
     7
370
    35
100
AcDbCircle
 10
232.895034576261
 20
-428.328285194188
 30
0.0
 40
25.00000000000001
100
AcDbArc
 50
180.593520249443
 51
70.672034529184
  0
LINE
  5
9FA
330
9E2
100
AcDbEntity
  8
2
  6
AUSGEZOGEN
 62
     7
370
    35
100
AcDbLine
 10
206.654296875
 20
-429.137265926793
 30
0.0
 11
207.896484375
 21
-428.587247616246
 31
0.0
  0
LINE
  5
9FB
330
9E2
100
AcDbEntity
  8
2
  6
AUSGEZOGEN
 62
     7
370
    35
100
AcDbLine
 10
207.896484375
 20
-428.587247616246
 30
0.0
 11
206.654296875
 21
-429.137265926793
 31
0.0
  0
LINE
  5
9FC
330
9E2
100
AcDbEntity
  8
2
  6
AUSGEZOGEN
 62
     7
370
    35
100
AcDbLine
 10
241.169921875
 20
-404.737302547886
 30
0.0
 11
267.451171875
 21
-404.737745052769
 31
0.0
  0
LINE
  5
9FD
330
9E2
100
AcDbEntity
  8
2
  6
AUSGEZOGEN
 62
     7
370
    35
100
AcDbLine
 10
267.451171875
 20
-404.737745052769
 30
0.0
 11
241.169921875
 21
-404.737302547886
 31
0.0
  0
LINE
  5
9FE
330
9E2
100
AcDbEntity
  8
2
  6
AUSGEZOGEN
 62
     7
370
    35
100
AcDbLine
 10
267.451171875
 20
-404.737745052769
 30
0.0
 11
308.052734375
 21
-432.690137630894
 31
0.0
  0
LINE
  5
9FF
330
9E2
100
AcDbEntity
  8
2
  6
AUSGEZOGEN
 62
     7
370
    35
100
AcDbLine
 10
308.052734375
 20
-432.690137630894
 30
0.0
 11
267.451171875
 21
-404.737745052769
 31
0.0
  0
LINE
  5
A00
330
9E2
100
AcDbEntity
  8
2
  6
AUSGEZOGEN
 62
     7
370
    35
100
AcDbLine
 10
186.673828125
 20
-478.99505401273
 30
0.0
 11
206.654296875
 21
-429.137265926793
 31
0.0
  0
LINE
  5
A01
330
9E2
100
AcDbEntity
  8
2
  6
AUSGEZOGEN
 62
     7
370
    35
100
AcDbLine
 10
206.654296875
 20
-429.137265926793
 30
0.0
 11
207.896484375
 21
-428.587247616246
 31
0.0
  0
LINE
  5
A02
330
9E2
100
AcDbEntity
  8
2
  6
AUSGEZOGEN
 62
     7
370
    35
100
AcDbLine
 10
308.052734375
 20
-479.043340450718
 30
0.0
 11
186.673828125
 21
-478.99505401273
 31
0.0
  0
LINE
  5
A03
330
9E2
100
AcDbEntity
  8
2
  6
AUSGEZOGEN
 62
     7
370
    35
100
AcDbLine
 10
308.052734375
 20
-432.690137630894
 30
0.0
 11
308.052734375
 21
-479.043340450718
 31
0.0
  0
LINE
  5
A04
330
9E2
100
AcDbEntity
  8
2
  6
AUSGEZOGEN
 62
     7
370
    35
100
AcDbLine
 10
241.169921875
 20
-404.737302547886
 30
0.0
 11
267.451171875
 21
-404.737745052769
 31
0.0
  0
LINE
  5
A05
330
9E2
100
AcDbEntity
  8
2
  6
AUSGEZOGEN
 62
     7
370
    35
100
AcDbLine
 10
267.451171875
 20
-404.737745052769
 30
0.0
 11
308.052734375
 21
-432.690137630894
 31
0.0
  0
ARC
  5
A06
330
9E2
100
AcDbEntity
  8
2
  6
AUSGEZOGEN
 62
     7
370
    35
100
AcDbCircle
 10
232.895034576261
 20
-428.328285194188
 30
0.0
 40
25.00000000000001
100
AcDbArc
 50
180.593520249443
 51
70.672034529184
  0
LINE
  5
A07
330
9E2
100
AcDbEntity
  8
2
  6
AUSGEZOGEN
 62
     7
370
    35
100
AcDbLine
 10
308.052734375
 20
-593.339198833897
 30
0.0
 11
154.130859375
 21
-593.339875942662
 31
0.0
  0
LINE
  5
A08
330
9E2
100
AcDbEntity
  8
2
  6
AUSGEZOGEN
 62
     7
370
    35
100
AcDbLine
 10
202.552734375
 20
-593.339664226964
 30
0.0
 11
252.552734375
 21
-593.339442974522
 31
0.0
  0
LINE
  5
A09
330
9E2
100
AcDbEntity
  8
2
  6
AUSGEZOGEN
 62
     7
370
    35
100
AcDbLine
 10
252.552734375
 20
-593.339442974522
 30
0.0
 11
202.552734375
 21
-593.339664226964
 31
0.0
  0
LINE
  5
A0A
330
9E2
100
AcDbEntity
  8
2
  6
AUSGEZOGEN
 62
     7
370
    35
100
AcDbLine
 10
154.130859375
 20
-593.339875942662
 30
0.0
 11
308.052734375
 21
-593.339198833897
 31
0.0
  0
LINE
  5
A0B
330
9E2
100
AcDbEntity
  8
2
  6
AUSGEZOGEN
 62
     7
370
    35
100
AcDbLine
 10
252.552131279772
 20
-593.339443609207
 30
0.0
 11
260.552131279695
 21
-593.339408417506
 31
0.0
  0
LINE
  5
A0C
330
9E2
100
AcDbEntity
  8
2
  6
AUSGEZOGEN
 62
     7
370
    35
100
AcDbLine
 10
202.552131280256
 20
-593.339663557339
 30
0.0
 11
194.552131280332
 21
-593.33969874904
 31
0.0
  0
LINE
  5
A0D
330
9E2
100
AcDbEntity
  8
2
  6
AUSGEZOGEN
 62
     7
370
    35
100
AcDbLine
 10
151.130859375
 20
-591.338775402501
 30
0.0
 11
154.130859375
 21
-593.339875942662
 31
0.0
  0
LINE
  5
A0E
330
9E2
100
AcDbEntity
  8
2
  6
AUSGEZOGEN
 62
     7
370
    35
100
AcDbLine
 10
154.130859375
 20
-593.339875942662
 30
0.0
 11
151.130859375
 21
-591.338775402501
 31
0.0
  0
LINE
  5
A0F
330
9E2
100
AcDbEntity
  8
2
  6
AUSGEZOGEN
 62
     7
370
    35
100
AcDbLine
 10
151.130859375
 20
-573.705701595738
 30
0.0
 11
151.130859375
 21
-591.338775402501
 31
0.0
  0
LINE
  5
A10
330
9E2
100
AcDbEntity
  8
2
  6
AUSGEZOGEN
 62
     7
370
    35
100
AcDbLine
 10
151.130859375
 20
-591.338775402501
 30
0.0
 11
151.130859375
 21
-573.705701595738
 31
0.0
  0
LINE
  5
A11
330
9E2
100
AcDbEntity
  8
2
  6
AUSGEZOGEN
 62
     7
370
    35
100
AcDbLine
 10
183.20703125
 20
-495.177701717808
 30
0.0
 11
180.61328125
 21
-494.122388607457
 31
0.0
  0
LINE
  5
A12
330
9E2
100
AcDbEntity
  8
2
  6
AUSGEZOGEN
 62
     7
370
    35
100
AcDbLine
 10
180.61328125
 20
-494.122388607457
 30
0.0
 11
183.20703125
 21
-495.177701717808
 31
0.0
  0
LINE
  5
A13
330
9E2
100
AcDbEntity
  8
2
  6
AUSGEZOGEN
 62
     7
370
    35
100
AcDbLine
 10
180.61328125
 20
-494.122388607457
 30
0.0
 11
185.873046875
 21
-480.99473357816
 31
0.0
  0
LINE
  5
A14
330
9E2
100
AcDbEntity
  8
2
  6
AUSGEZOGEN
 62
     7
370
    35
100
AcDbLine
 10
185.873046875
 20
-480.99473357816
 30
0.0
 11
180.61328125
 21
-494.122388607457
 31
0.0
  0
LINE
  5
A15
330
9E2
100
AcDbEntity
  8
2
  6
AUSGEZOGEN
 62
     7
370
    35
100
AcDbLine
 10
186.673828125
 20
-478.99505401273
 30
0.0
 11
206.654296875
 21
-429.137265926793
 31
0.0
  0
LINE
  5
A16
330
9E2
100
AcDbEntity
  8
2
  6
AUSGEZOGEN
 62
     7
370
    35
100
AcDbLine
 10
206.654296875
 20
-429.137265926793
 30
0.0
 11
186.673828125
 21
-478.99505401273
 31
0.0
  0
LINE
  5
A17
330
9E2
100
AcDbEntity
  8
2
  6
AUSGEZOGEN
 62
     7
370
    35
100
AcDbLine
 10
186.674676740047
 20
-478.995054904466
 30
0.0
 11
185.873350917347
 21
-480.994736262167
 31
0.0
  0
LINE
  5
A18
330
9E2
100
AcDbEntity
  8
2
  6
AUSGEZOGEN
 62
     7
370
    35
100
AcDbLine
 10
185.873350917347
 20
-480.994736262167
 30
0.0
 11
186.674676740047
 21
-478.995054904466
 31
0.0
  0
LINE
  5
A19
330
9E2
100
AcDbEntity
  8
2
  6
AUSGEZOGEN
 62
     7
370
    35
100
AcDbLine
 10
308.052734375
 20
-481.043340450718
 30
0.0
 11
185.873046875
 21
-480.99473357816
 31
0.0
  0
LINE
  5
A1A
330
9E2
100
AcDbEntity
  8
2
  6
AUSGEZOGEN
 62
     7
370
    35
100
AcDbLine
 10
185.873046875
 20
-480.99473357816
 30
0.0
 11
308.052734375
 21
-481.043340450718
 31
0.0
  0
LINE
  5
A1B
330
9E2
100
AcDbEntity
  8
2
  6
AUSGEZOGEN
 62
     7
370
    35
100
AcDbLine
 10
151.130859375
 20
-573.705701595738
 30
0.0
 11
151.130859375
 21
-591.338775402501
 31
0.0
  0
LINE
  5
A1C
330
9E2
100
AcDbEntity
  8
2
  6
AUSGEZOGEN
 62
     7
370
    35
100
AcDbLine
 10
151.130859375
 20
-591.338775402501
 30
0.0
 11
154.130859375
 21
-593.339875942662
 31
0.0
  0
LINE
  5
A1D
330
9E2
100
AcDbEntity
  8
2
  6
AUSGEZOGEN
 62
     7
370
    35
100
AcDbLine
 10
154.130859375
 20
-593.339875942662
 30
0.0
 11
308.052734375
 21
-593.339198833897
 31
0.0
  0
LINE
  5
A1E
330
9E2
100
AcDbEntity
  8
2
  6
AUSGEZOGEN
 62
     7
370
    35
100
AcDbLine
 10
180.61328125
 20
-494.122388607457
 30
0.0
 11
183.20703125
 21
-495.177701717808
 31
0.0
  0
LINE
  5
A1F
330
9E2
100
AcDbEntity
  8
2
  6
AUSGEZOGEN
 62
     7
370
    35
100
AcDbLine
 10
185.873046875
 20
-480.99473357816
 30
0.0
 11
180.61328125
 21
-494.122388607457
 31
0.0
  0
LINE
  5
A20
330
9E2
100
AcDbEntity
  8
2
  6
AUSGEZOGEN
 62
     7
370
    35
100
AcDbLine
 10
308.052734375
 20
-593.339198833897
 30
0.0
 11
308.052734375
 21
-481.043340450718
 31
0.0
  0
LINE
  5
A21
330
9E2
100
AcDbEntity
  8
2
  6
AUSGEZOGEN
 62
     7
370
    35
100
AcDbLine
 10
308.052734375
 20
-481.043340450718
 30
0.0
 11
185.873046875
 21
-480.99473357816
 31
0.0
  0
LINE
  5
A22
330
9E2
100
AcDbEntity
  8
2
  6
AUSGEZOGEN
 62
     7
370
    35
100
AcDbLine
 10
183.20703125
 20
-495.177701717808
 30
0.0
 11
151.130859375
 21
-573.705701595738
 31
0.0
  0
CIRCLE
  5
A23
330
9E2
100
AcDbEntity
  8
2
  6
AUSGEZOGEN
 62
     7
370
    35
100
AcDbCircle
 10
223.821080568072
 20
-562.556531673863
 30
0.0
 40
10.25
  0
CIRCLE
  5
A24
330
9E2
100
AcDbEntity
  8
2
  6
AUSGEZOGEN
 62
     7
370
    35
100
AcDbCircle
 10
244.4811307522
 20
-512.028665194187
 30
0.0
 40
10.25
  0
LINE
  5
A25
330
9E2
100
AcDbEntity
  8
2
  6
AUSGEZOGEN
 62
     7
370
    35
100
AcDbLine
 10
308.052734375
 20
-593.339198833897
 30
0.0
 11
308.052734375
 21
-722.022825008824
 31
0.0
  0
LINE
  5
A26
330
9E2
100
AcDbEntity
  8
2
  6
AUSGEZOGEN
 62
     7
370
    35
100
AcDbLine
 10
308.052734375
 20
-722.022825008824
 30
0.0
 11
308.052734375
 21
-481.043340450718
 31
0.0
  0
LINE
  5
A27
330
9E2
100
AcDbEntity
  8
2
  6
AUSGEZOGEN
 62
     7
370
    35
100
AcDbLine
 10
308.052734375
 20
-432.690137630894
 30
0.0
 11
308.052734375
 21
-479.043340450718
 31
0.0
  0
LINE
  5
A28
330
9E2
100
AcDbEntity
  8
2
  6
AUSGEZOGEN
 62
     7
370
    35
100
AcDbLine
 10
308.052734375
 20
-479.043340450718
 30
0.0
 11
308.052734375
 21
-432.690137630894
 31
0.0
  0
LINE
  5
A29
330
9E2
100
AcDbEntity
  8
2
  6
AUSGEZOGEN
 62
     7
370
    35
100
AcDbLine
 10
308.052734375
 20
-481.043340450718
 30
0.0
 11
308.052734375
 21
-593.339198833897
 31
0.0
  0
LINE
  5
A2A
330
9E2
100
AcDbEntity
  8
2
  6
AUSGEZOGEN
 62
     7
370
    35
100
AcDbLine
 10
308.052131279233
 20
-481.043344040379
 30
0.0
 11
308.052131279233
 21
-479.043343879296
 31
0.0
  0
LINE
  5
A2B
330
9E2
100
AcDbEntity
  8
2
  6
AUSGEZOGEN
 62
     7
370
    35
100
AcDbLine
 10
308.052131279233
 20
-479.04334387649
 30
0.0
 11
308.052131279233
 21
-481.043344037574
 31
0.0
  0
LINE
  5
A2C
330
9E2
100
AcDbEntity
  8
2
  6
AUSGEZOGEN
 62
     7
370
    35
100
AcDbLine
 10
308.052734375
 20
-722.022825008824
 30
0.0
 11
307.552734375
 21
-722.022825008824
 31
0.0
  0
LINE
  5
A2D
330
9E2
100
AcDbEntity
  8
2
  6
AUSGEZOGEN
 62
     7
370
    35
100
AcDbLine
 10
307.552734375
 20
-722.022825008824
 30
0.0
 11
308.052734375
 21
-722.022825008824
 31
0.0
  0
LINE
  5
A2E
330
9E2
100
AcDbEntity
  8
2
  6
AUSGEZOGEN
 62
     7
370
    35
100
AcDbLine
 10
307.552734375
 20
-722.022825008824
 30
0.0
 11
307.552734375
 21
-753.328611141636
 31
0.0
  0
LINE
  5
A2F
330
9E2
100
AcDbEntity
  8
2
  6
AUSGEZOGEN
 62
     7
370
    35
100
AcDbLine
 10
307.552734375
 20
-753.328611141636
 30
0.0
 11
307.552734375
 21
-722.022825008824
 31
0.0
  0
LINE
  5
A30
330
9E2
100
AcDbEntity
  8
2
  6
AUSGEZOGEN
 62
     7
370
    35
100
AcDbLine
 10
307.552734375
 20
-753.328611141636
 30
0.0
 11
-25.947265625
 21
-753.339872127965
 31
0.0
  0
LINE
  5
A31
330
9E2
100
AcDbEntity
  8
2
  6
AUSGEZOGEN
 62
     7
370
    35
100
AcDbLine
 10
-25.947265625
 20
-753.339872127965
 30
0.0
 11
307.552734375
 21
-753.328611141636
 31
0.0
  0
LINE
  5
A32
330
9E2
100
AcDbEntity
  8
2
  6
AUSGEZOGEN
 62
     7
370
    35
100
AcDbLine
 10
-192.970703125
 20
-593.33874869962
 30
0.0
 11
120.125
 21
-593.33874869962
 31
0.0
  0
LINE
  5
A33
330
9E2
100
AcDbEntity
  8
2
  6
AUSGEZOGEN
 62
     7
370
    35
100
AcDbLine
 10
120.125
 20
-593.33874869962
 30
0.0
 11
-192.970703125
 21
-593.33874869962
 31
0.0
  0
LINE
  5
A34
330
9E2
100
AcDbEntity
  8
2
  6
AUSGEZOGEN
 62
     7
370
    35
100
AcDbLine
 10
147.384765625
 20
-582.874505764439
 30
0.0
 11
151.130859375
 21
-573.705701595738
 31
0.0
  0
LINE
  5
A35
330
9E2
100
AcDbEntity
  8
2
  6
AUSGEZOGEN
 62
     7
370
    35
100
AcDbLine
 10
151.130859375
 20
-573.705701595738
 30
0.0
 11
183.20703125
 21
-495.177701717808
 31
0.0
  0
LINE
  5
A36
330
9E2
100
AcDbEntity
  8
2
  6
AUSGEZOGEN
 62
     7
370
    35
100
AcDbLine
 10
183.20703125
 20
-495.177701717808
 30
0.0
 11
147.384765625
 21
-582.874505764439
 31
0.0
  0
LINE
  5
A37
330
9E2
100
AcDbEntity
  8
2
  6
AUSGEZOGEN
 62
     7
370
    35
100
AcDbLine
 10
308.052734375
 20
-593.339198833897
 30
0.0
 11
154.130859375
 21
-593.339875942662
 31
0.0
  0
LINE
  5
A38
330
9E2
100
AcDbEntity
  8
2
  6
AUSGEZOGEN
 62
     7
370
    35
100
AcDbLine
 10
308.052734375
 20
-722.022825008824
 30
0.0
 11
308.052734375
 21
-593.339198833897
 31
0.0
  0
LINE
  5
A39
330
9E2
100
AcDbEntity
  8
2
  6
AUSGEZOGEN
 62
     7
370
    35
100
AcDbLine
 10
-25.947265625
 20
-753.339872127965
 30
0.0
 11
307.552734375
 21
-753.328611141636
 31
0.0
  0
LINE
  5
A3A
330
9E2
100
AcDbEntity
  8
2
  6
AUSGEZOGEN
 62
     7
370
    35
100
AcDbLine
 10
307.552734375
 20
-753.328611141636
 30
0.0
 11
307.552734375
 21
-722.022825008824
 31
0.0
  0
LINE
  5
A3B
330
9E2
100
AcDbEntity
  8
2
  6
AUSGEZOGEN
 62
     7
370
    35
100
AcDbLine
 10
154.130859375
 20
-593.339875942662
 30
0.0
 11
151.130859375
 21
-591.338775402501
 31
0.0
  0
LINE
  5
A3C
330
9E2
100
AcDbEntity
  8
2
  6
AUSGEZOGEN
 62
     7
370
    35
100
AcDbLine
 10
151.130859375
 20
-591.338775402501
 30
0.0
 11
151.130859375
 21
-573.705701595738
 31
0.0
  0
LINE
  5
A3D
330
9E2
100
AcDbEntity
  8
2
  6
AUSGEZOGEN
 62
     7
370
    35
100
AcDbLine
 10
151.130859375
 20
-573.705701595738
 30
0.0
 11
147.384765625
 21
-582.874505764439
 31
0.0
  0
LINE
  5
A3E
330
9E2
100
AcDbEntity
  8
2
  6
AUSGEZOGEN
 62
     7
370
    35
100
AcDbLine
 10
120.125
 20
-593.33874869962
 30
0.0
 11
-192.970703125
 21
-593.33874869962
 31
0.0
  0
LINE
  5
A3F
330
9E2
100
AcDbEntity
  8
2
  6
AUSGEZOGEN
 62
     7
370
    35
100
AcDbLine
 10
307.552734375
 20
-722.022825008824
 30
0.0
 11
308.052734375
 21
-722.022825008824
 31
0.0
  0
ARC
  5
A40
330
9E2
100
AcDbEntity
  8
2
  6
AUSGEZOGEN
 62
     7
370
    35
100
AcDbCircle
 10
128.856394600236
 20
-575.345117221206
 30
0.0
 40
19.99999999999998
100
AcDbArc
 50
244.116237623067
 51
337.884840534358
  0
LINE
  5
A41
330
9E2
100
AcDbEntity
  8
2
  6
AUSGEZOGEN
 62
     7
370
    35
100
AcDbLine
 10
185.873046875
 20
-480.99473357816
 30
0.0
 11
308.052734375
 21
-481.043340450718
 31
0.0
  0
LINE
  5
A42
330
9E2
100
AcDbEntity
  8
2
  6
AUSGEZOGEN
 62
     7
370
    35
100
AcDbLine
 10
180.61328125
 20
-494.122388607457
 30
0.0
 11
185.873046875
 21
-480.99473357816
 31
0.0
  0
LINE
  5
A43
330
9E2
100
AcDbEntity
  8
2
  6
AUSGEZOGEN
 62
     7
370
    35
100
AcDbLine
 10
183.20703125
 20
-495.177701717808
 30
0.0
 11
180.61328125
 21
-494.122388607457
 31
0.0
  0
LINE
  5
A44
330
9E2
100
AcDbEntity
  8
2
  6
AUSGEZOGEN
 62
     7
370
    35
100
AcDbLine
 10
147.384765625
 20
-582.874505764439
 30
0.0
 11
183.20703125
 21
-495.177701717808
 31
0.0
  0
LINE
  5
A45
330
9E2
100
AcDbEntity
  8
2
  6
AUSGEZOGEN
 62
     7
370
    35
100
AcDbLine
 10
308.052734375
 20
-481.043340450718
 30
0.0
 11
308.052734375
 21
-722.022825008824
 31
0.0
  0
LINE
  5
A46
330
9E2
100
AcDbEntity
  8
2
  6
AUSGEZOGEN
 62
     7
370
    35
100
AcDbLine
 10
308.052734375
 20
-722.022825008824
 30
0.0
 11
307.552734375
 21
-722.022825008824
 31
0.0
  0
LINE
  5
A47
330
9E2
100
AcDbEntity
  8
2
  6
AUSGEZOGEN
 62
     7
370
    35
100
AcDbLine
 10
307.552734375
 20
-722.022825008824
 30
0.0
 11
307.552734375
 21
-753.328611141636
 31
0.0
  0
LINE
  5
A48
330
9E2
100
AcDbEntity
  8
2
  6
AUSGEZOGEN
 62
     7
370
    35
100
AcDbLine
 10
307.552734375
 20
-753.328611141636
 30
0.0
 11
-25.947265625
 21
-753.339872127965
 31
0.0
  0
LINE
  5
A49
330
9E2
100
AcDbEntity
  8
2
  6
AUSGEZOGEN
 62
     7
370
    35
100
AcDbLine
 10
-192.970703125
 20
-593.33874869962
 30
0.0
 11
120.125
 21
-593.33874869962
 31
0.0
  0
CIRCLE
  5
A4A
330
9E2
100
AcDbEntity
  8
2
  6
AUSGEZOGEN
 62
     7
370
    35
100
AcDbCircle
 10
244.4811307522
 20
-512.028665194187
 30
0.0
 40
10.25
  0
CIRCLE
  5
A4B
330
9E2
100
AcDbEntity
  8
2
  6
AUSGEZOGEN
 62
     7
370
    35
100
AcDbCircle
 10
223.821080568072
 20
-562.556531673863
 30
0.0
 40
10.25
  0
ARC
  5
A4C
330
9E2
100
AcDbEntity
  8
2
  6
AUSGEZOGEN
 62
     7
370
    35
100
AcDbCircle
 10
128.856394600236
 20
-575.345117221206
 30
0.0
 40
19.99999999999998
100
AcDbArc
 50
244.116237623067
 51
337.884840534358
  0
ENDBLK
  5
9E4
330
9E2
100
AcDbEntity
  8
0
100
AcDbBlockEnd
  0
BLOCK
  5
A4F
330
A4E
100
AcDbEntity
  8
0
100
AcDbBlockBegin
  2
AnonymMegaMac_nNn038
 70
     0
 10
0.0
 20
0.0
 30
0.0
  3
AnonymMegaMac_nNn038
  1

  0
LINE
  5
A51
330
A4E
100
AcDbEntity
  8
2
  6
AUSGEZOGEN
 62
     7
370
    35
100
AcDbLine
 10
252.552734375
 20
-577.339443928196
 30
0.0
 11
252.552734375
 21
-593.339442974522
 31
0.0
  0
LINE
  5
A52
330
A4E
100
AcDbEntity
  8
2
  6
AUSGEZOGEN
 62
     7
370
    35
100
AcDbLine
 10
252.552734375
 20
-593.339442974522
 30
0.0
 11
202.552734375
 21
-593.339664226964
 31
0.0
  0
LINE
  5
A53
330
A4E
100
AcDbEntity
  8
2
  6
AUSGEZOGEN
 62
     7
370
    35
100
AcDbLine
 10
202.552734375
 20
-593.339664226964
 30
0.0
 11
202.552734375
 21
-577.339663273289
 31
0.0
  0
LINE
  5
A54
330
A4E
100
AcDbEntity
  8
2
  6
AUSGEZOGEN
 62
     7
370
    35
100
AcDbLine
 10
202.552734375
 20
-577.339663273289
 30
0.0
 11
252.552734375
 21
-577.339443928196
 31
0.0
  0
LINE
  5
A55
330
A4E
100
AcDbEntity
  8
2
  6
AUSGEZOGEN
 62
     7
370
    35
100
AcDbLine
 10
252.552734375
 20
-593.339442974522
 30
0.0
 11
252.552734375
 21
-577.339443928196
 31
0.0
  0
LINE
  5
A56
330
A4E
100
AcDbEntity
  8
2
  6
AUSGEZOGEN
 62
     7
370
    35
100
AcDbLine
 10
252.552734375
 20
-577.339443928196
 30
0.0
 11
202.552734375
 21
-577.339663273289
 31
0.0
  0
LINE
  5
A57
330
A4E
100
AcDbEntity
  8
2
  6
AUSGEZOGEN
 62
     7
370
    35
100
AcDbLine
 10
202.552734375
 20
-577.339663273289
 30
0.0
 11
202.552734375
 21
-593.339664226964
 31
0.0
  0
LINE
  5
A58
330
A4E
100
AcDbEntity
  8
2
  6
AUSGEZOGEN
 62
     7
370
    35
100
AcDbLine
 10
202.552734375
 20
-593.339664226964
 30
0.0
 11
252.552734375
 21
-593.339442974522
 31
0.0
  0
LINE
  5
A59
330
A4E
100
AcDbEntity
  8
2
  6
AUSGEZOGEN
 62
     7
370
    35
100
AcDbLine
 10
202.552734375
 20
-577.339663273289
 30
0.0
 11
252.552734375
 21
-577.339443928196
 31
0.0
  0
LINE
  5
A5A
330
A4E
100
AcDbEntity
  8
2
  6
AUSGEZOGEN
 62
     7
370
    35
100
AcDbLine
 10
252.552734375
 20
-577.339443928196
 30
0.0
 11
202.552734375
 21
-577.339663273289
 31
0.0
  0
LINE
  5
A5B
330
A4E
100
AcDbEntity
  8
2
  6
AUSGEZOGEN
 62
     7
370
    35
100
AcDbLine
 10
260.552060896291
 20
-577.33940841766
 30
0.0
 11
252.552060896367
 21
-577.339443609361
 31
0.0
  0
LINE
  5
A5C
330
A4E
100
AcDbEntity
  8
2
  6
AUSGEZOGEN
 62
     7
370
    35
100
AcDbLine
 10
202.552060896851
 20
-577.339663557493
 30
0.0
 11
194.552060896927
 21
-577.339698749194
 31
0.0
  0
LINE
  5
A5D
330
A4E
100
AcDbEntity
  8
2
  6
AUSGEZOGEN
 62
     7
370
    35
100
AcDbLine
 10
308.052734375
 20
-479.043340450718
 30
0.0
 11
186.673828125
 21
-478.99505401273
 31
0.0
  0
LINE
  5
A5E
330
A4E
100
AcDbEntity
  8
2
  6
AUSGEZOGEN
 62
     7
370
    35
100
AcDbLine
 10
186.673828125
 20
-478.99505401273
 30
0.0
 11
308.052734375
 21
-479.043340450718
 31
0.0
  0
LINE
  5
A5F
330
A4E
100
AcDbEntity
  8
2
  6
AUSGEZOGEN
 62
     7
370
    35
100
AcDbLine
 10
308.052734375
 20
-479.043340450718
 30
0.0
 11
308.052734375
 21
-432.690137630894
 31
0.0
  0
LINE
  5
A60
330
A4E
100
AcDbEntity
  8
2
  6
AUSGEZOGEN
 62
     7
370
    35
100
AcDbLine
 10
308.052734375
 20
-432.690137630894
 30
0.0
 11
267.451171875
 21
-404.737745052769
 31
0.0
  0
LINE
  5
A61
330
A4E
100
AcDbEntity
  8
2
  6
AUSGEZOGEN
 62
     7
370
    35
100
AcDbLine
 10
267.451171875
 20
-404.737745052769
 30
0.0
 11
241.169921875
 21
-404.737302547886
 31
0.0
  0
LINE
  5
A62
330
A4E
100
AcDbEntity
  8
2
  6
AUSGEZOGEN
 62
     7
370
    35
100
AcDbLine
 10
186.673828125
 20
-478.99505401273
 30
0.0
 11
308.052734375
 21
-479.043340450718
 31
0.0
  0
LINE
  5
A63
330
A4E
100
AcDbEntity
  8
2
  6
AUSGEZOGEN
 62
     7
370
    35
100
AcDbLine
 10
206.654296875
 20
-429.137265926793
 30
0.0
 11
186.673828125
 21
-478.99505401273
 31
0.0
  0
LINE
  5
A64
330
A4E
100
AcDbEntity
  8
2
  6
AUSGEZOGEN
 62
     7
370
    35
100
AcDbLine
 10
207.896484375
 20
-428.587247616246
 30
0.0
 11
206.654296875
 21
-429.137265926793
 31
0.0
  0
ARC
  5
A65
330
A4E
100
AcDbEntity
  8
2
  6
AUSGEZOGEN
 62
     7
370
    35
100
AcDbCircle
 10
232.895034576261
 20
-428.328285194188
 30
0.0
 40
25.00000000000001
100
AcDbArc
 50
180.593520249443
 51
70.672034529184
  0
LINE
  5
A66
330
A4E
100
AcDbEntity
  8
2
  6
AUSGEZOGEN
 62
     7
370
    35
100
AcDbLine
 10
206.654296875
 20
-429.137265926793
 30
0.0
 11
207.896484375
 21
-428.587247616246
 31
0.0
  0
LINE
  5
A67
330
A4E
100
AcDbEntity
  8
2
  6
AUSGEZOGEN
 62
     7
370
    35
100
AcDbLine
 10
207.896484375
 20
-428.587247616246
 30
0.0
 11
206.654296875
 21
-429.137265926793
 31
0.0
  0
LINE
  5
A68
330
A4E
100
AcDbEntity
  8
2
  6
AUSGEZOGEN
 62
     7
370
    35
100
AcDbLine
 10
241.169921875
 20
-404.737302547886
 30
0.0
 11
267.451171875
 21
-404.737745052769
 31
0.0
  0
LINE
  5
A69
330
A4E
100
AcDbEntity
  8
2
  6
AUSGEZOGEN
 62
     7
370
    35
100
AcDbLine
 10
267.451171875
 20
-404.737745052769
 30
0.0
 11
241.169921875
 21
-404.737302547886
 31
0.0
  0
LINE
  5
A6A
330
A4E
100
AcDbEntity
  8
2
  6
AUSGEZOGEN
 62
     7
370
    35
100
AcDbLine
 10
267.451171875
 20
-404.737745052769
 30
0.0
 11
308.052734375
 21
-432.690137630894
 31
0.0
  0
LINE
  5
A6B
330
A4E
100
AcDbEntity
  8
2
  6
AUSGEZOGEN
 62
     7
370
    35
100
AcDbLine
 10
308.052734375
 20
-432.690137630894
 30
0.0
 11
267.451171875
 21
-404.737745052769
 31
0.0
  0
LINE
  5
A6C
330
A4E
100
AcDbEntity
  8
2
  6
AUSGEZOGEN
 62
     7
370
    35
100
AcDbLine
 10
186.673828125
 20
-478.99505401273
 30
0.0
 11
206.654296875
 21
-429.137265926793
 31
0.0
  0
LINE
  5
A6D
330
A4E
100
AcDbEntity
  8
2
  6
AUSGEZOGEN
 62
     7
370
    35
100
AcDbLine
 10
206.654296875
 20
-429.137265926793
 30
0.0
 11
207.896484375
 21
-428.587247616246
 31
0.0
  0
LINE
  5
A6E
330
A4E
100
AcDbEntity
  8
2
  6
AUSGEZOGEN
 62
     7
370
    35
100
AcDbLine
 10
308.052734375
 20
-479.043340450718
 30
0.0
 11
186.673828125
 21
-478.99505401273
 31
0.0
  0
LINE
  5
A6F
330
A4E
100
AcDbEntity
  8
2
  6
AUSGEZOGEN
 62
     7
370
    35
100
AcDbLine
 10
308.052734375
 20
-432.690137630894
 30
0.0
 11
308.052734375
 21
-479.043340450718
 31
0.0
  0
LINE
  5
A70
330
A4E
100
AcDbEntity
  8
2
  6
AUSGEZOGEN
 62
     7
370
    35
100
AcDbLine
 10
241.169921875
 20
-404.737302547886
 30
0.0
 11
267.451171875
 21
-404.737745052769
 31
0.0
  0
LINE
  5
A71
330
A4E
100
AcDbEntity
  8
2
  6
AUSGEZOGEN
 62
     7
370
    35
100
AcDbLine
 10
267.451171875
 20
-404.737745052769
 30
0.0
 11
308.052734375
 21
-432.690137630894
 31
0.0
  0
ARC
  5
A72
330
A4E
100
AcDbEntity
  8
2
  6
AUSGEZOGEN
 62
     7
370
    35
100
AcDbCircle
 10
232.895034576261
 20
-428.328285194188
 30
0.0
 40
25.00000000000001
100
AcDbArc
 50
180.593520249443
 51
70.672034529184
  0
LINE
  5
A73
330
A4E
100
AcDbEntity
  8
2
  6
AUSGEZOGEN
 62
     7
370
    35
100
AcDbLine
 10
308.052734375
 20
-593.339198833897
 30
0.0
 11
154.130859375
 21
-593.339875942662
 31
0.0
  0
LINE
  5
A74
330
A4E
100
AcDbEntity
  8
2
  6
AUSGEZOGEN
 62
     7
370
    35
100
AcDbLine
 10
202.552734375
 20
-593.339664226964
 30
0.0
 11
252.552734375
 21
-593.339442974522
 31
0.0
  0
LINE
  5
A75
330
A4E
100
AcDbEntity
  8
2
  6
AUSGEZOGEN
 62
     7
370
    35
100
AcDbLine
 10
252.552734375
 20
-593.339442974522
 30
0.0
 11
202.552734375
 21
-593.339664226964
 31
0.0
  0
LINE
  5
A76
330
A4E
100
AcDbEntity
  8
2
  6
AUSGEZOGEN
 62
     7
370
    35
100
AcDbLine
 10
154.130859375
 20
-593.339875942662
 30
0.0
 11
308.052734375
 21
-593.339198833897
 31
0.0
  0
LINE
  5
A77
330
A4E
100
AcDbEntity
  8
2
  6
AUSGEZOGEN
 62
     7
370
    35
100
AcDbLine
 10
252.552131279772
 20
-593.339443609207
 30
0.0
 11
260.552131279695
 21
-593.339408417506
 31
0.0
  0
LINE
  5
A78
330
A4E
100
AcDbEntity
  8
2
  6
AUSGEZOGEN
 62
     7
370
    35
100
AcDbLine
 10
202.552131280256
 20
-593.339663557339
 30
0.0
 11
194.552131280332
 21
-593.33969874904
 31
0.0
  0
LINE
  5
A79
330
A4E
100
AcDbEntity
  8
2
  6
AUSGEZOGEN
 62
     7
370
    35
100
AcDbLine
 10
151.130859375
 20
-591.338775402501
 30
0.0
 11
154.130859375
 21
-593.339875942662
 31
0.0
  0
LINE
  5
A7A
330
A4E
100
AcDbEntity
  8
2
  6
AUSGEZOGEN
 62
     7
370
    35
100
AcDbLine
 10
154.130859375
 20
-593.339875942662
 30
0.0
 11
151.130859375
 21
-591.338775402501
 31
0.0
  0
LINE
  5
A7B
330
A4E
100
AcDbEntity
  8
2
  6
AUSGEZOGEN
 62
     7
370
    35
100
AcDbLine
 10
151.130859375
 20
-573.705701595738
 30
0.0
 11
151.130859375
 21
-591.338775402501
 31
0.0
  0
LINE
  5
A7C
330
A4E
100
AcDbEntity
  8
2
  6
AUSGEZOGEN
 62
     7
370
    35
100
AcDbLine
 10
151.130859375
 20
-591.338775402501
 30
0.0
 11
151.130859375
 21
-573.705701595738
 31
0.0
  0
LINE
  5
A7D
330
A4E
100
AcDbEntity
  8
2
  6
AUSGEZOGEN
 62
     7
370
    35
100
AcDbLine
 10
183.20703125
 20
-495.177701717808
 30
0.0
 11
180.61328125
 21
-494.122388607457
 31
0.0
  0
LINE
  5
A7E
330
A4E
100
AcDbEntity
  8
2
  6
AUSGEZOGEN
 62
     7
370
    35
100
AcDbLine
 10
180.61328125
 20
-494.122388607457
 30
0.0
 11
183.20703125
 21
-495.177701717808
 31
0.0
  0
LINE
  5
A7F
330
A4E
100
AcDbEntity
  8
2
  6
AUSGEZOGEN
 62
     7
370
    35
100
AcDbLine
 10
180.61328125
 20
-494.122388607457
 30
0.0
 11
185.873046875
 21
-480.99473357816
 31
0.0
  0
LINE
  5
A80
330
A4E
100
AcDbEntity
  8
2
  6
AUSGEZOGEN
 62
     7
370
    35
100
AcDbLine
 10
185.873046875
 20
-480.99473357816
 30
0.0
 11
180.61328125
 21
-494.122388607457
 31
0.0
  0
LINE
  5
A81
330
A4E
100
AcDbEntity
  8
2
  6
AUSGEZOGEN
 62
     7
370
    35
100
AcDbLine
 10
186.673828125
 20
-478.99505401273
 30
0.0
 11
206.654296875
 21
-429.137265926793
 31
0.0
  0
LINE
  5
A82
330
A4E
100
AcDbEntity
  8
2
  6
AUSGEZOGEN
 62
     7
370
    35
100
AcDbLine
 10
206.654296875
 20
-429.137265926793
 30
0.0
 11
186.673828125
 21
-478.99505401273
 31
0.0
  0
LINE
  5
A83
330
A4E
100
AcDbEntity
  8
2
  6
AUSGEZOGEN
 62
     7
370
    35
100
AcDbLine
 10
186.674676740047
 20
-478.995054904466
 30
0.0
 11
185.873350917347
 21
-480.994736262167
 31
0.0
  0
LINE
  5
A84
330
A4E
100
AcDbEntity
  8
2
  6
AUSGEZOGEN
 62
     7
370
    35
100
AcDbLine
 10
185.873350917347
 20
-480.994736262167
 30
0.0
 11
186.674676740047
 21
-478.995054904466
 31
0.0
  0
LINE
  5
A85
330
A4E
100
AcDbEntity
  8
2
  6
AUSGEZOGEN
 62
     7
370
    35
100
AcDbLine
 10
308.052734375
 20
-481.043340450718
 30
0.0
 11
185.873046875
 21
-480.99473357816
 31
0.0
  0
LINE
  5
A86
330
A4E
100
AcDbEntity
  8
2
  6
AUSGEZOGEN
 62
     7
370
    35
100
AcDbLine
 10
185.873046875
 20
-480.99473357816
 30
0.0
 11
308.052734375
 21
-481.043340450718
 31
0.0
  0
LINE
  5
A87
330
A4E
100
AcDbEntity
  8
2
  6
AUSGEZOGEN
 62
     7
370
    35
100
AcDbLine
 10
151.130859375
 20
-573.705701595738
 30
0.0
 11
151.130859375
 21
-591.338775402501
 31
0.0
  0
LINE
  5
A88
330
A4E
100
AcDbEntity
  8
2
  6
AUSGEZOGEN
 62
     7
370
    35
100
AcDbLine
 10
151.130859375
 20
-591.338775402501
 30
0.0
 11
154.130859375
 21
-593.339875942662
 31
0.0
  0
LINE
  5
A89
330
A4E
100
AcDbEntity
  8
2
  6
AUSGEZOGEN
 62
     7
370
    35
100
AcDbLine
 10
154.130859375
 20
-593.339875942662
 30
0.0
 11
308.052734375
 21
-593.339198833897
 31
0.0
  0
LINE
  5
A8A
330
A4E
100
AcDbEntity
  8
2
  6
AUSGEZOGEN
 62
     7
370
    35
100
AcDbLine
 10
180.61328125
 20
-494.122388607457
 30
0.0
 11
183.20703125
 21
-495.177701717808
 31
0.0
  0
LINE
  5
A8B
330
A4E
100
AcDbEntity
  8
2
  6
AUSGEZOGEN
 62
     7
370
    35
100
AcDbLine
 10
185.873046875
 20
-480.99473357816
 30
0.0
 11
180.61328125
 21
-494.122388607457
 31
0.0
  0
LINE
  5
A8C
330
A4E
100
AcDbEntity
  8
2
  6
AUSGEZOGEN
 62
     7
370
    35
100
AcDbLine
 10
308.052734375
 20
-593.339198833897
 30
0.0
 11
308.052734375
 21
-481.043340450718
 31
0.0
  0
LINE
  5
A8D
330
A4E
100
AcDbEntity
  8
2
  6
AUSGEZOGEN
 62
     7
370
    35
100
AcDbLine
 10
308.052734375
 20
-481.043340450718
 30
0.0
 11
185.873046875
 21
-480.99473357816
 31
0.0
  0
LINE
  5
A8E
330
A4E
100
AcDbEntity
  8
2
  6
AUSGEZOGEN
 62
     7
370
    35
100
AcDbLine
 10
183.20703125
 20
-495.177701717808
 30
0.0
 11
151.130859375
 21
-573.705701595738
 31
0.0
  0
CIRCLE
  5
A8F
330
A4E
100
AcDbEntity
  8
2
  6
AUSGEZOGEN
 62
     7
370
    35
100
AcDbCircle
 10
223.821080568072
 20
-562.556531673863
 30
0.0
 40
10.25
  0
CIRCLE
  5
A90
330
A4E
100
AcDbEntity
  8
2
  6
AUSGEZOGEN
 62
     7
370
    35
100
AcDbCircle
 10
244.4811307522
 20
-512.028665194187
 30
0.0
 40
10.25
  0
LINE
  5
A91
330
A4E
100
AcDbEntity
  8
2
  6
AUSGEZOGEN
 62
     7
370
    35
100
AcDbLine
 10
308.052734375
 20
-593.339198833897
 30
0.0
 11
308.052734375
 21
-722.022825008824
 31
0.0
  0
LINE
  5
A92
330
A4E
100
AcDbEntity
  8
2
  6
AUSGEZOGEN
 62
     7
370
    35
100
AcDbLine
 10
308.052734375
 20
-722.022825008824
 30
0.0
 11
308.052734375
 21
-481.043340450718
 31
0.0
  0
LINE
  5
A93
330
A4E
100
AcDbEntity
  8
2
  6
AUSGEZOGEN
 62
     7
370
    35
100
AcDbLine
 10
308.052734375
 20
-432.690137630894
 30
0.0
 11
308.052734375
 21
-479.043340450718
 31
0.0
  0
LINE
  5
A94
330
A4E
100
AcDbEntity
  8
2
  6
AUSGEZOGEN
 62
     7
370
    35
100
AcDbLine
 10
308.052734375
 20
-479.043340450718
 30
0.0
 11
308.052734375
 21
-432.690137630894
 31
0.0
  0
LINE
  5
A95
330
A4E
100
AcDbEntity
  8
2
  6
AUSGEZOGEN
 62
     7
370
    35
100
AcDbLine
 10
308.052734375
 20
-481.043340450718
 30
0.0
 11
308.052734375
 21
-593.339198833897
 31
0.0
  0
LINE
  5
A96
330
A4E
100
AcDbEntity
  8
2
  6
AUSGEZOGEN
 62
     7
370
    35
100
AcDbLine
 10
308.052131279233
 20
-481.043344040379
 30
0.0
 11
308.052131279233
 21
-479.043343879296
 31
0.0
  0
LINE
  5
A97
330
A4E
100
AcDbEntity
  8
2
  6
AUSGEZOGEN
 62
     7
370
    35
100
AcDbLine
 10
308.052131279233
 20
-479.04334387649
 30
0.0
 11
308.052131279233
 21
-481.043344037574
 31
0.0
  0
LINE
  5
A98
330
A4E
100
AcDbEntity
  8
2
  6
AUSGEZOGEN
 62
     7
370
    35
100
AcDbLine
 10
308.052734375
 20
-722.022825008824
 30
0.0
 11
307.552734375
 21
-722.022825008824
 31
0.0
  0
LINE
  5
A99
330
A4E
100
AcDbEntity
  8
2
  6
AUSGEZOGEN
 62
     7
370
    35
100
AcDbLine
 10
307.552734375
 20
-722.022825008824
 30
0.0
 11
308.052734375
 21
-722.022825008824
 31
0.0
  0
LINE
  5
A9A
330
A4E
100
AcDbEntity
  8
2
  6
AUSGEZOGEN
 62
     7
370
    35
100
AcDbLine
 10
307.552734375
 20
-722.022825008824
 30
0.0
 11
307.552734375
 21
-753.328611141636
 31
0.0
  0
LINE
  5
A9B
330
A4E
100
AcDbEntity
  8
2
  6
AUSGEZOGEN
 62
     7
370
    35
100
AcDbLine
 10
307.552734375
 20
-753.328611141636
 30
0.0
 11
307.552734375
 21
-722.022825008824
 31
0.0
  0
LINE
  5
A9C
330
A4E
100
AcDbEntity
  8
2
  6
AUSGEZOGEN
 62
     7
370
    35
100
AcDbLine
 10
307.552734375
 20
-753.328611141636
 30
0.0
 11
-25.947265625
 21
-753.339872127965
 31
0.0
  0
LINE
  5
A9D
330
A4E
100
AcDbEntity
  8
2
  6
AUSGEZOGEN
 62
     7
370
    35
100
AcDbLine
 10
-25.947265625
 20
-753.339872127965
 30
0.0
 11
307.552734375
 21
-753.328611141636
 31
0.0
  0
LINE
  5
A9E
330
A4E
100
AcDbEntity
  8
2
  6
AUSGEZOGEN
 62
     7
370
    35
100
AcDbLine
 10
-192.970703125
 20
-593.33874869962
 30
0.0
 11
120.125
 21
-593.33874869962
 31
0.0
  0
LINE
  5
A9F
330
A4E
100
AcDbEntity
  8
2
  6
AUSGEZOGEN
 62
     7
370
    35
100
AcDbLine
 10
120.125
 20
-593.33874869962
 30
0.0
 11
-192.970703125
 21
-593.33874869962
 31
0.0
  0
LINE
  5
AA0
330
A4E
100
AcDbEntity
  8
2
  6
AUSGEZOGEN
 62
     7
370
    35
100
AcDbLine
 10
147.384765625
 20
-582.874505764439
 30
0.0
 11
151.130859375
 21
-573.705701595738
 31
0.0
  0
LINE
  5
AA1
330
A4E
100
AcDbEntity
  8
2
  6
AUSGEZOGEN
 62
     7
370
    35
100
AcDbLine
 10
151.130859375
 20
-573.705701595738
 30
0.0
 11
183.20703125
 21
-495.177701717808
 31
0.0
  0
LINE
  5
AA2
330
A4E
100
AcDbEntity
  8
2
  6
AUSGEZOGEN
 62
     7
370
    35
100
AcDbLine
 10
183.20703125
 20
-495.177701717808
 30
0.0
 11
147.384765625
 21
-582.874505764439
 31
0.0
  0
LINE
  5
AA3
330
A4E
100
AcDbEntity
  8
2
  6
AUSGEZOGEN
 62
     7
370
    35
100
AcDbLine
 10
308.052734375
 20
-593.339198833897
 30
0.0
 11
154.130859375
 21
-593.339875942662
 31
0.0
  0
LINE
  5
AA4
330
A4E
100
AcDbEntity
  8
2
  6
AUSGEZOGEN
 62
     7
370
    35
100
AcDbLine
 10
308.052734375
 20
-722.022825008824
 30
0.0
 11
308.052734375
 21
-593.339198833897
 31
0.0
  0
LINE
  5
AA5
330
A4E
100
AcDbEntity
  8
2
  6
AUSGEZOGEN
 62
     7
370
    35
100
AcDbLine
 10
-25.947265625
 20
-753.339872127965
 30
0.0
 11
307.552734375
 21
-753.328611141636
 31
0.0
  0
LINE
  5
AA6
330
A4E
100
AcDbEntity
  8
2
  6
AUSGEZOGEN
 62
     7
370
    35
100
AcDbLine
 10
307.552734375
 20
-753.328611141636
 30
0.0
 11
307.552734375
 21
-722.022825008824
 31
0.0
  0
LINE
  5
AA7
330
A4E
100
AcDbEntity
  8
2
  6
AUSGEZOGEN
 62
     7
370
    35
100
AcDbLine
 10
154.130859375
 20
-593.339875942662
 30
0.0
 11
151.130859375
 21
-591.338775402501
 31
0.0
  0
LINE
  5
AA8
330
A4E
100
AcDbEntity
  8
2
  6
AUSGEZOGEN
 62
     7
370
    35
100
AcDbLine
 10
151.130859375
 20
-591.338775402501
 30
0.0
 11
151.130859375
 21
-573.705701595738
 31
0.0
  0
LINE
  5
AA9
330
A4E
100
AcDbEntity
  8
2
  6
AUSGEZOGEN
 62
     7
370
    35
100
AcDbLine
 10
151.130859375
 20
-573.705701595738
 30
0.0
 11
147.384765625
 21
-582.874505764439
 31
0.0
  0
LINE
  5
AAA
330
A4E
100
AcDbEntity
  8
2
  6
AUSGEZOGEN
 62
     7
370
    35
100
AcDbLine
 10
120.125
 20
-593.33874869962
 30
0.0
 11
-192.970703125
 21
-593.33874869962
 31
0.0
  0
LINE
  5
AAB
330
A4E
100
AcDbEntity
  8
2
  6
AUSGEZOGEN
 62
     7
370
    35
100
AcDbLine
 10
307.552734375
 20
-722.022825008824
 30
0.0
 11
308.052734375
 21
-722.022825008824
 31
0.0
  0
ARC
  5
AAC
330
A4E
100
AcDbEntity
  8
2
  6
AUSGEZOGEN
 62
     7
370
    35
100
AcDbCircle
 10
128.856394600236
 20
-575.345117221206
 30
0.0
 40
19.99999999999998
100
AcDbArc
 50
244.116237623067
 51
337.884840534358
  0
LINE
  5
AAD
330
A4E
100
AcDbEntity
  8
2
  6
AUSGEZOGEN
 62
     7
370
    35
100
AcDbLine
 10
185.873046875
 20
-480.99473357816
 30
0.0
 11
308.052734375
 21
-481.043340450718
 31
0.0
  0
LINE
  5
AAE
330
A4E
100
AcDbEntity
  8
2
  6
AUSGEZOGEN
 62
     7
370
    35
100
AcDbLine
 10
180.61328125
 20
-494.122388607457
 30
0.0
 11
185.873046875
 21
-480.99473357816
 31
0.0
  0
LINE
  5
AAF
330
A4E
100
AcDbEntity
  8
2
  6
AUSGEZOGEN
 62
     7
370
    35
100
AcDbLine
 10
183.20703125
 20
-495.177701717808
 30
0.0
 11
180.61328125
 21
-494.122388607457
 31
0.0
  0
LINE
  5
AB0
330
A4E
100
AcDbEntity
  8
2
  6
AUSGEZOGEN
 62
     7
370
    35
100
AcDbLine
 10
147.384765625
 20
-582.874505764439
 30
0.0
 11
183.20703125
 21
-495.177701717808
 31
0.0
  0
LINE
  5
AB1
330
A4E
100
AcDbEntity
  8
2
  6
AUSGEZOGEN
 62
     7
370
    35
100
AcDbLine
 10
308.052734375
 20
-481.043340450718
 30
0.0
 11
308.052734375
 21
-722.022825008824
 31
0.0
  0
LINE
  5
AB2
330
A4E
100
AcDbEntity
  8
2
  6
AUSGEZOGEN
 62
     7
370
    35
100
AcDbLine
 10
308.052734375
 20
-722.022825008824
 30
0.0
 11
307.552734375
 21
-722.022825008824
 31
0.0
  0
LINE
  5
AB3
330
A4E
100
AcDbEntity
  8
2
  6
AUSGEZOGEN
 62
     7
370
    35
100
AcDbLine
 10
307.552734375
 20
-722.022825008824
 30
0.0
 11
307.552734375
 21
-753.328611141636
 31
0.0
  0
LINE
  5
AB4
330
A4E
100
AcDbEntity
  8
2
  6
AUSGEZOGEN
 62
     7
370
    35
100
AcDbLine
 10
307.552734375
 20
-753.328611141636
 30
0.0
 11
-25.947265625
 21
-753.339872127965
 31
0.0
  0
LINE
  5
AB5
330
A4E
100
AcDbEntity
  8
2
  6
AUSGEZOGEN
 62
     7
370
    35
100
AcDbLine
 10
-192.970703125
 20
-593.33874869962
 30
0.0
 11
120.125
 21
-593.33874869962
 31
0.0
  0
CIRCLE
  5
AB6
330
A4E
100
AcDbEntity
  8
2
  6
AUSGEZOGEN
 62
     7
370
    35
100
AcDbCircle
 10
244.4811307522
 20
-512.028665194187
 30
0.0
 40
10.25
  0
CIRCLE
  5
AB7
330
A4E
100
AcDbEntity
  8
2
  6
AUSGEZOGEN
 62
     7
370
    35
100
AcDbCircle
 10
223.821080568072
 20
-562.556531673863
 30
0.0
 40
10.25
  0
ARC
  5
AB8
330
A4E
100
AcDbEntity
  8
2
  6
AUSGEZOGEN
 62
     7
370
    35
100
AcDbCircle
 10
128.856394600236
 20
-575.345117221206
 30
0.0
 40
19.99999999999998
100
AcDbArc
 50
244.116237623067
 51
337.884840534358
  0
ENDBLK
  5
A50
330
A4E
100
AcDbEntity
  8
0
100
AcDbBlockEnd
  0
BLOCK
  5
ABB
330
ABA
100
AcDbEntity
  8
0
100
AcDbBlockBegin
  2
AnonymMegaMac_nNn039
 70
     0
 10
0.0
 20
0.0
 30
0.0
  3
AnonymMegaMac_nNn039
  1

  0
LINE
  5
ABD
330
ABA
100
AcDbEntity
  8
2
  6
AUSGEZOGEN
 62
     7
370
    35
100
AcDbLine
 10
308.052734375
 20
-479.043340450718
 30
0.0
 11
186.673828125
 21
-478.99505401273
 31
0.0
  0
LINE
  5
ABE
330
ABA
100
AcDbEntity
  8
2
  6
AUSGEZOGEN
 62
     7
370
    35
100
AcDbLine
 10
186.673828125
 20
-478.99505401273
 30
0.0
 11
308.052734375
 21
-479.043340450718
 31
0.0
  0
LINE
  5
ABF
330
ABA
100
AcDbEntity
  8
2
  6
AUSGEZOGEN
 62
     7
370
    35
100
AcDbLine
 10
308.052734375
 20
-479.043340450718
 30
0.0
 11
308.052734375
 21
-432.690137630894
 31
0.0
  0
LINE
  5
AC0
330
ABA
100
AcDbEntity
  8
2
  6
AUSGEZOGEN
 62
     7
370
    35
100
AcDbLine
 10
308.052734375
 20
-432.690137630894
 30
0.0
 11
267.451171875
 21
-404.737745052769
 31
0.0
  0
LINE
  5
AC1
330
ABA
100
AcDbEntity
  8
2
  6
AUSGEZOGEN
 62
     7
370
    35
100
AcDbLine
 10
267.451171875
 20
-404.737745052769
 30
0.0
 11
241.169921875
 21
-404.737302547886
 31
0.0
  0
LINE
  5
AC2
330
ABA
100
AcDbEntity
  8
2
  6
AUSGEZOGEN
 62
     7
370
    35
100
AcDbLine
 10
186.673828125
 20
-478.99505401273
 30
0.0
 11
308.052734375
 21
-479.043340450718
 31
0.0
  0
LINE
  5
AC3
330
ABA
100
AcDbEntity
  8
2
  6
AUSGEZOGEN
 62
     7
370
    35
100
AcDbLine
 10
206.654296875
 20
-429.137265926793
 30
0.0
 11
186.673828125
 21
-478.99505401273
 31
0.0
  0
LINE
  5
AC4
330
ABA
100
AcDbEntity
  8
2
  6
AUSGEZOGEN
 62
     7
370
    35
100
AcDbLine
 10
207.896484375
 20
-428.587247616246
 30
0.0
 11
206.654296875
 21
-429.137265926793
 31
0.0
  0
ARC
  5
AC5
330
ABA
100
AcDbEntity
  8
2
  6
AUSGEZOGEN
 62
     7
370
    35
100
AcDbCircle
 10
232.895034576261
 20
-428.328285194188
 30
0.0
 40
25.00000000000001
100
AcDbArc
 50
180.593520249443
 51
70.672034529184
  0
LINE
  5
AC6
330
ABA
100
AcDbEntity
  8
2
  6
AUSGEZOGEN
 62
     7
370
    35
100
AcDbLine
 10
206.654296875
 20
-429.137265926793
 30
0.0
 11
207.896484375
 21
-428.587247616246
 31
0.0
  0
LINE
  5
AC7
330
ABA
100
AcDbEntity
  8
2
  6
AUSGEZOGEN
 62
     7
370
    35
100
AcDbLine
 10
207.896484375
 20
-428.587247616246
 30
0.0
 11
206.654296875
 21
-429.137265926793
 31
0.0
  0
LINE
  5
AC8
330
ABA
100
AcDbEntity
  8
2
  6
AUSGEZOGEN
 62
     7
370
    35
100
AcDbLine
 10
241.169921875
 20
-404.737302547886
 30
0.0
 11
267.451171875
 21
-404.737745052769
 31
0.0
  0
LINE
  5
AC9
330
ABA
100
AcDbEntity
  8
2
  6
AUSGEZOGEN
 62
     7
370
    35
100
AcDbLine
 10
267.451171875
 20
-404.737745052769
 30
0.0
 11
241.169921875
 21
-404.737302547886
 31
0.0
  0
LINE
  5
ACA
330
ABA
100
AcDbEntity
  8
2
  6
AUSGEZOGEN
 62
     7
370
    35
100
AcDbLine
 10
267.451171875
 20
-404.737745052769
 30
0.0
 11
308.052734375
 21
-432.690137630894
 31
0.0
  0
LINE
  5
ACB
330
ABA
100
AcDbEntity
  8
2
  6
AUSGEZOGEN
 62
     7
370
    35
100
AcDbLine
 10
308.052734375
 20
-432.690137630894
 30
0.0
 11
267.451171875
 21
-404.737745052769
 31
0.0
  0
LINE
  5
ACC
330
ABA
100
AcDbEntity
  8
2
  6
AUSGEZOGEN
 62
     7
370
    35
100
AcDbLine
 10
186.673828125
 20
-478.99505401273
 30
0.0
 11
206.654296875
 21
-429.137265926793
 31
0.0
  0
LINE
  5
ACD
330
ABA
100
AcDbEntity
  8
2
  6
AUSGEZOGEN
 62
     7
370
    35
100
AcDbLine
 10
206.654296875
 20
-429.137265926793
 30
0.0
 11
207.896484375
 21
-428.587247616246
 31
0.0
  0
LINE
  5
ACE
330
ABA
100
AcDbEntity
  8
2
  6
AUSGEZOGEN
 62
     7
370
    35
100
AcDbLine
 10
308.052734375
 20
-479.043340450718
 30
0.0
 11
186.673828125
 21
-478.99505401273
 31
0.0
  0
LINE
  5
ACF
330
ABA
100
AcDbEntity
  8
2
  6
AUSGEZOGEN
 62
     7
370
    35
100
AcDbLine
 10
308.052734375
 20
-432.690137630894
 30
0.0
 11
308.052734375
 21
-479.043340450718
 31
0.0
  0
LINE
  5
AD0
330
ABA
100
AcDbEntity
  8
2
  6
AUSGEZOGEN
 62
     7
370
    35
100
AcDbLine
 10
241.169921875
 20
-404.737302547886
 30
0.0
 11
267.451171875
 21
-404.737745052769
 31
0.0
  0
LINE
  5
AD1
330
ABA
100
AcDbEntity
  8
2
  6
AUSGEZOGEN
 62
     7
370
    35
100
AcDbLine
 10
267.451171875
 20
-404.737745052769
 30
0.0
 11
308.052734375
 21
-432.690137630894
 31
0.0
  0
ARC
  5
AD2
330
ABA
100
AcDbEntity
  8
2
  6
AUSGEZOGEN
 62
     7
370
    35
100
AcDbCircle
 10
232.895034576261
 20
-428.328285194188
 30
0.0
 40
25.00000000000001
100
AcDbArc
 50
180.593520249443
 51
70.672034529184
  0
LINE
  5
AD3
330
ABA
100
AcDbEntity
  8
2
  6
AUSGEZOGEN
 62
     7
370
    35
100
AcDbLine
 10
154.130859375
 20
-593.339875942662
 30
0.0
 11
308.052734375
 21
-593.339198833897
 31
0.0
  0
LINE
  5
AD4
330
ABA
100
AcDbEntity
  8
2
  6
AUSGEZOGEN
 62
     7
370
    35
100
AcDbLine
 10
308.052734375
 20
-593.339198833897
 30
0.0
 11
154.130859375
 21
-593.339875942662
 31
0.0
  0
LINE
  5
AD5
330
ABA
100
AcDbEntity
  8
2
  6
AUSGEZOGEN
 62
     7
370
    35
100
AcDbLine
 10
151.130859375
 20
-591.338775402501
 30
0.0
 11
154.130859375
 21
-593.339875942662
 31
0.0
  0
LINE
  5
AD6
330
ABA
100
AcDbEntity
  8
2
  6
AUSGEZOGEN
 62
     7
370
    35
100
AcDbLine
 10
154.130859375
 20
-593.339875942662
 30
0.0
 11
151.130859375
 21
-591.338775402501
 31
0.0
  0
LINE
  5
AD7
330
ABA
100
AcDbEntity
  8
2
  6
AUSGEZOGEN
 62
     7
370
    35
100
AcDbLine
 10
151.130859375
 20
-573.705701595738
 30
0.0
 11
151.130859375
 21
-591.338775402501
 31
0.0
  0
LINE
  5
AD8
330
ABA
100
AcDbEntity
  8
2
  6
AUSGEZOGEN
 62
     7
370
    35
100
AcDbLine
 10
151.130859375
 20
-591.338775402501
 30
0.0
 11
151.130859375
 21
-573.705701595738
 31
0.0
  0
LINE
  5
AD9
330
ABA
100
AcDbEntity
  8
2
  6
AUSGEZOGEN
 62
     7
370
    35
100
AcDbLine
 10
183.20703125
 20
-495.177701717808
 30
0.0
 11
180.61328125
 21
-494.122388607457
 31
0.0
  0
LINE
  5
ADA
330
ABA
100
AcDbEntity
  8
2
  6
AUSGEZOGEN
 62
     7
370
    35
100
AcDbLine
 10
180.61328125
 20
-494.122388607457
 30
0.0
 11
183.20703125
 21
-495.177701717808
 31
0.0
  0
LINE
  5
ADB
330
ABA
100
AcDbEntity
  8
2
  6
AUSGEZOGEN
 62
     7
370
    35
100
AcDbLine
 10
180.61328125
 20
-494.122388607457
 30
0.0
 11
185.873046875
 21
-480.99473357816
 31
0.0
  0
LINE
  5
ADC
330
ABA
100
AcDbEntity
  8
2
  6
AUSGEZOGEN
 62
     7
370
    35
100
AcDbLine
 10
185.873046875
 20
-480.99473357816
 30
0.0
 11
180.61328125
 21
-494.122388607457
 31
0.0
  0
LINE
  5
ADD
330
ABA
100
AcDbEntity
  8
2
  6
AUSGEZOGEN
 62
     7
370
    35
100
AcDbLine
 10
186.673828125
 20
-478.99505401273
 30
0.0
 11
206.654296875
 21
-429.137265926793
 31
0.0
  0
LINE
  5
ADE
330
ABA
100
AcDbEntity
  8
2
  6
AUSGEZOGEN
 62
     7
370
    35
100
AcDbLine
 10
206.654296875
 20
-429.137265926793
 30
0.0
 11
186.673828125
 21
-478.99505401273
 31
0.0
  0
LINE
  5
ADF
330
ABA
100
AcDbEntity
  8
2
  6
AUSGEZOGEN
 62
     7
370
    35
100
AcDbLine
 10
186.674676740047
 20
-478.995054904466
 30
0.0
 11
185.873350917347
 21
-480.994736262167
 31
0.0
  0
LINE
  5
AE0
330
ABA
100
AcDbEntity
  8
2
  6
AUSGEZOGEN
 62
     7
370
    35
100
AcDbLine
 10
185.873350917347
 20
-480.994736262167
 30
0.0
 11
186.674676740047
 21
-478.995054904466
 31
0.0
  0
LINE
  5
AE1
330
ABA
100
AcDbEntity
  8
2
  6
AUSGEZOGEN
 62
     7
370
    35
100
AcDbLine
 10
308.052734375
 20
-481.043340450718
 30
0.0
 11
185.873046875
 21
-480.99473357816
 31
0.0
  0
LINE
  5
AE2
330
ABA
100
AcDbEntity
  8
2
  6
AUSGEZOGEN
 62
     7
370
    35
100
AcDbLine
 10
185.873046875
 20
-480.99473357816
 30
0.0
 11
308.052734375
 21
-481.043340450718
 31
0.0
  0
LINE
  5
AE3
330
ABA
100
AcDbEntity
  8
2
  6
AUSGEZOGEN
 62
     7
370
    35
100
AcDbLine
 10
151.130859375
 20
-573.705701595738
 30
0.0
 11
151.130859375
 21
-591.338775402501
 31
0.0
  0
LINE
  5
AE4
330
ABA
100
AcDbEntity
  8
2
  6
AUSGEZOGEN
 62
     7
370
    35
100
AcDbLine
 10
151.130859375
 20
-591.338775402501
 30
0.0
 11
154.130859375
 21
-593.339875942662
 31
0.0
  0
LINE
  5
AE5
330
ABA
100
AcDbEntity
  8
2
  6
AUSGEZOGEN
 62
     7
370
    35
100
AcDbLine
 10
154.130859375
 20
-593.339875942662
 30
0.0
 11
308.052734375
 21
-593.339198833897
 31
0.0
  0
LINE
  5
AE6
330
ABA
100
AcDbEntity
  8
2
  6
AUSGEZOGEN
 62
     7
370
    35
100
AcDbLine
 10
180.61328125
 20
-494.122388607457
 30
0.0
 11
183.20703125
 21
-495.177701717808
 31
0.0
  0
LINE
  5
AE7
330
ABA
100
AcDbEntity
  8
2
  6
AUSGEZOGEN
 62
     7
370
    35
100
AcDbLine
 10
185.873046875
 20
-480.99473357816
 30
0.0
 11
180.61328125
 21
-494.122388607457
 31
0.0
  0
LINE
  5
AE8
330
ABA
100
AcDbEntity
  8
2
  6
AUSGEZOGEN
 62
     7
370
    35
100
AcDbLine
 10
308.052734375
 20
-593.339198833897
 30
0.0
 11
308.052734375
 21
-481.043340450718
 31
0.0
  0
LINE
  5
AE9
330
ABA
100
AcDbEntity
  8
2
  6
AUSGEZOGEN
 62
     7
370
    35
100
AcDbLine
 10
308.052734375
 20
-481.043340450718
 30
0.0
 11
185.873046875
 21
-480.99473357816
 31
0.0
  0
LINE
  5
AEA
330
ABA
100
AcDbEntity
  8
2
  6
AUSGEZOGEN
 62
     7
370
    35
100
AcDbLine
 10
183.20703125
 20
-495.177701717808
 30
0.0
 11
151.130859375
 21
-573.705701595738
 31
0.0
  0
CIRCLE
  5
AEB
330
ABA
100
AcDbEntity
  8
2
  6
AUSGEZOGEN
 62
     7
370
    35
100
AcDbCircle
 10
223.821080568072
 20
-562.556531673863
 30
0.0
 40
10.25
  0
CIRCLE
  5
AEC
330
ABA
100
AcDbEntity
  8
2
  6
AUSGEZOGEN
 62
     7
370
    35
100
AcDbCircle
 10
244.4811307522
 20
-512.028665194187
 30
0.0
 40
10.25
  0
LINE
  5
AED
330
ABA
100
AcDbEntity
  8
2
  6
AUSGEZOGEN
 62
     7
370
    35
100
AcDbLine
 10
308.052734375
 20
-593.339198833897
 30
0.0
 11
308.052734375
 21
-722.022825008824
 31
0.0
  0
LINE
  5
AEE
330
ABA
100
AcDbEntity
  8
2
  6
AUSGEZOGEN
 62
     7
370
    35
100
AcDbLine
 10
308.052734375
 20
-722.022825008824
 30
0.0
 11
308.052734375
 21
-481.043340450718
 31
0.0
  0
LINE
  5
AEF
330
ABA
100
AcDbEntity
  8
2
  6
AUSGEZOGEN
 62
     7
370
    35
100
AcDbLine
 10
308.052734375
 20
-432.690137630894
 30
0.0
 11
308.052734375
 21
-479.043340450718
 31
0.0
  0
LINE
  5
AF0
330
ABA
100
AcDbEntity
  8
2
  6
AUSGEZOGEN
 62
     7
370
    35
100
AcDbLine
 10
308.052734375
 20
-479.043340450718
 30
0.0
 11
308.052734375
 21
-432.690137630894
 31
0.0
  0
LINE
  5
AF1
330
ABA
100
AcDbEntity
  8
2
  6
AUSGEZOGEN
 62
     7
370
    35
100
AcDbLine
 10
308.052734375
 20
-481.043340450718
 30
0.0
 11
308.052734375
 21
-593.339198833897
 31
0.0
  0
LINE
  5
AF2
330
ABA
100
AcDbEntity
  8
2
  6
AUSGEZOGEN
 62
     7
370
    35
100
AcDbLine
 10
308.052131279233
 20
-481.043344038977
 30
0.0
 11
308.052131279233
 21
-479.043343879296
 31
0.0
  0
LINE
  5
AF3
330
ABA
100
AcDbEntity
  8
2
  6
AUSGEZOGEN
 62
     7
370
    35
100
AcDbLine
 10
308.052131279233
 20
-479.043343877893
 30
0.0
 11
308.052131279233
 21
-481.043344037574
 31
0.0
  0
LINE
  5
AF4
330
ABA
100
AcDbEntity
  8
2
  6
AUSGEZOGEN
 62
     7
370
    35
100
AcDbLine
 10
308.052734375
 20
-722.022825008824
 30
0.0
 11
307.552734375
 21
-722.022825008824
 31
0.0
  0
LINE
  5
AF5
330
ABA
100
AcDbEntity
  8
2
  6
AUSGEZOGEN
 62
     7
370
    35
100
AcDbLine
 10
307.552734375
 20
-722.022825008824
 30
0.0
 11
308.052734375
 21
-722.022825008824
 31
0.0
  0
LINE
  5
AF6
330
ABA
100
AcDbEntity
  8
2
  6
AUSGEZOGEN
 62
     7
370
    35
100
AcDbLine
 10
307.552734375
 20
-722.022825008824
 30
0.0
 11
307.552734375
 21
-753.328611141636
 31
0.0
  0
LINE
  5
AF7
330
ABA
100
AcDbEntity
  8
2
  6
AUSGEZOGEN
 62
     7
370
    35
100
AcDbLine
 10
307.552734375
 20
-753.328611141636
 30
0.0
 11
307.552734375
 21
-722.022825008824
 31
0.0
  0
LINE
  5
AF8
330
ABA
100
AcDbEntity
  8
2
  6
AUSGEZOGEN
 62
     7
370
    35
100
AcDbLine
 10
307.552734375
 20
-753.328611141636
 30
0.0
 11
-25.947265625
 21
-753.339872127965
 31
0.0
  0
LINE
  5
AF9
330
ABA
100
AcDbEntity
  8
2
  6
AUSGEZOGEN
 62
     7
370
    35
100
AcDbLine
 10
-25.947265625
 20
-753.339872127965
 30
0.0
 11
307.552734375
 21
-753.328611141636
 31
0.0
  0
LINE
  5
AFA
330
ABA
100
AcDbEntity
  8
2
  6
AUSGEZOGEN
 62
     7
370
    35
100
AcDbLine
 10
-192.970703125
 20
-593.33874869962
 30
0.0
 11
120.125
 21
-593.33874869962
 31
0.0
  0
LINE
  5
AFB
330
ABA
100
AcDbEntity
  8
2
  6
AUSGEZOGEN
 62
     7
370
    35
100
AcDbLine
 10
120.125
 20
-593.33874869962
 30
0.0
 11
-192.970703125
 21
-593.33874869962
 31
0.0
  0
LINE
  5
AFC
330
ABA
100
AcDbEntity
  8
2
  6
AUSGEZOGEN
 62
     7
370
    35
100
AcDbLine
 10
147.384765625
 20
-582.874505764439
 30
0.0
 11
151.130859375
 21
-573.705701595738
 31
0.0
  0
LINE
  5
AFD
330
ABA
100
AcDbEntity
  8
2
  6
AUSGEZOGEN
 62
     7
370
    35
100
AcDbLine
 10
151.130859375
 20
-573.705701595738
 30
0.0
 11
183.20703125
 21
-495.177701717808
 31
0.0
  0
LINE
  5
AFE
330
ABA
100
AcDbEntity
  8
2
  6
AUSGEZOGEN
 62
     7
370
    35
100
AcDbLine
 10
183.20703125
 20
-495.177701717808
 30
0.0
 11
147.384765625
 21
-582.874505764439
 31
0.0
  0
LINE
  5
AFF
330
ABA
100
AcDbEntity
  8
2
  6
AUSGEZOGEN
 62
     7
370
    35
100
AcDbLine
 10
308.052734375
 20
-593.339198833897
 30
0.0
 11
154.130859375
 21
-593.339875942662
 31
0.0
  0
LINE
  5
B00
330
ABA
100
AcDbEntity
  8
2
  6
AUSGEZOGEN
 62
     7
370
    35
100
AcDbLine
 10
308.052734375
 20
-722.022825008824
 30
0.0
 11
308.052734375
 21
-593.339198833897
 31
0.0
  0
LINE
  5
B01
330
ABA
100
AcDbEntity
  8
2
  6
AUSGEZOGEN
 62
     7
370
    35
100
AcDbLine
 10
-25.947265625
 20
-753.339872127965
 30
0.0
 11
307.552734375
 21
-753.328611141636
 31
0.0
  0
LINE
  5
B02
330
ABA
100
AcDbEntity
  8
2
  6
AUSGEZOGEN
 62
     7
370
    35
100
AcDbLine
 10
307.552734375
 20
-753.328611141636
 30
0.0
 11
307.552734375
 21
-722.022825008824
 31
0.0
  0
LINE
  5
B03
330
ABA
100
AcDbEntity
  8
2
  6
AUSGEZOGEN
 62
     7
370
    35
100
AcDbLine
 10
154.130859375
 20
-593.339875942662
 30
0.0
 11
151.130859375
 21
-591.338775402501
 31
0.0
  0
LINE
  5
B04
330
ABA
100
AcDbEntity
  8
2
  6
AUSGEZOGEN
 62
     7
370
    35
100
AcDbLine
 10
151.130859375
 20
-591.338775402501
 30
0.0
 11
151.130859375
 21
-573.705701595738
 31
0.0
  0
LINE
  5
B05
330
ABA
100
AcDbEntity
  8
2
  6
AUSGEZOGEN
 62
     7
370
    35
100
AcDbLine
 10
151.130859375
 20
-573.705701595738
 30
0.0
 11
147.384765625
 21
-582.874505764439
 31
0.0
  0
LINE
  5
B06
330
ABA
100
AcDbEntity
  8
2
  6
AUSGEZOGEN
 62
     7
370
    35
100
AcDbLine
 10
120.125
 20
-593.33874869962
 30
0.0
 11
-192.970703125
 21
-593.33874869962
 31
0.0
  0
LINE
  5
B07
330
ABA
100
AcDbEntity
  8
2
  6
AUSGEZOGEN
 62
     7
370
    35
100
AcDbLine
 10
307.552734375
 20
-722.022825008824
 30
0.0
 11
308.052734375
 21
-722.022825008824
 31
0.0
  0
ARC
  5
B08
330
ABA
100
AcDbEntity
  8
2
  6
AUSGEZOGEN
 62
     7
370
    35
100
AcDbCircle
 10
128.856394600236
 20
-575.345117221206
 30
0.0
 40
19.99999999999998
100
AcDbArc
 50
244.116237623067
 51
337.884840534358
  0
LINE
  5
B09
330
ABA
100
AcDbEntity
  8
2
  6
AUSGEZOGEN
 62
     7
370
    35
100
AcDbLine
 10
185.873046875
 20
-480.99473357816
 30
0.0
 11
308.052734375
 21
-481.043340450718
 31
0.0
  0
LINE
  5
B0A
330
ABA
100
AcDbEntity
  8
2
  6
AUSGEZOGEN
 62
     7
370
    35
100
AcDbLine
 10
180.61328125
 20
-494.122388607457
 30
0.0
 11
185.873046875
 21
-480.99473357816
 31
0.0
  0
LINE
  5
B0B
330
ABA
100
AcDbEntity
  8
2
  6
AUSGEZOGEN
 62
     7
370
    35
100
AcDbLine
 10
183.20703125
 20
-495.177701717808
 30
0.0
 11
180.61328125
 21
-494.122388607457
 31
0.0
  0
LINE
  5
B0C
330
ABA
100
AcDbEntity
  8
2
  6
AUSGEZOGEN
 62
     7
370
    35
100
AcDbLine
 10
147.384765625
 20
-582.874505764439
 30
0.0
 11
183.20703125
 21
-495.177701717808
 31
0.0
  0
LINE
  5
B0D
330
ABA
100
AcDbEntity
  8
2
  6
AUSGEZOGEN
 62
     7
370
    35
100
AcDbLine
 10
308.052734375
 20
-481.043340450718
 30
0.0
 11
308.052734375
 21
-722.022825008824
 31
0.0
  0
LINE
  5
B0E
330
ABA
100
AcDbEntity
  8
2
  6
AUSGEZOGEN
 62
     7
370
    35
100
AcDbLine
 10
308.052734375
 20
-722.022825008824
 30
0.0
 11
307.552734375
 21
-722.022825008824
 31
0.0
  0
LINE
  5
B0F
330
ABA
100
AcDbEntity
  8
2
  6
AUSGEZOGEN
 62
     7
370
    35
100
AcDbLine
 10
307.552734375
 20
-722.022825008824
 30
0.0
 11
307.552734375
 21
-753.328611141636
 31
0.0
  0
LINE
  5
B10
330
ABA
100
AcDbEntity
  8
2
  6
AUSGEZOGEN
 62
     7
370
    35
100
AcDbLine
 10
307.552734375
 20
-753.328611141636
 30
0.0
 11
-25.947265625
 21
-753.339872127965
 31
0.0
  0
LINE
  5
B11
330
ABA
100
AcDbEntity
  8
2
  6
AUSGEZOGEN
 62
     7
370
    35
100
AcDbLine
 10
-192.970703125
 20
-593.33874869962
 30
0.0
 11
120.125
 21
-593.33874869962
 31
0.0
  0
CIRCLE
  5
B12
330
ABA
100
AcDbEntity
  8
2
  6
AUSGEZOGEN
 62
     7
370
    35
100
AcDbCircle
 10
244.4811307522
 20
-512.028665194187
 30
0.0
 40
10.25
  0
CIRCLE
  5
B13
330
ABA
100
AcDbEntity
  8
2
  6
AUSGEZOGEN
 62
     7
370
    35
100
AcDbCircle
 10
223.821080568072
 20
-562.556531673863
 30
0.0
 40
10.25
  0
ARC
  5
B14
330
ABA
100
AcDbEntity
  8
2
  6
AUSGEZOGEN
 62
     7
370
    35
100
AcDbCircle
 10
128.856394600236
 20
-575.345117221206
 30
0.0
 40
19.99999999999998
100
AcDbArc
 50
244.116237623067
 51
337.884840534358
  0
ENDBLK
  5
ABC
330
ABA
100
AcDbEntity
  8
0
100
AcDbBlockEnd
  0
ENDSEC
  0
SECTION
  2
ENTITIES
  0
LINE
  5
71
330
1F
100
AcDbEntity
  8
2
  6
AUSGEZOGEN
 62
     7
370
    35
100
AcDbLine
 10
307.1171875
 20
-753.328611141636
 30
0.0
 11
-277.552734375
 21
-753.328611141636
 31
0.0
  0
LINE
  5
72
330
1F
100
AcDbEntity
  8
2
  6
AUSGEZOGEN
 62
     7
370
    35
100
AcDbLine
 10
-277.552734375
 20
-753.328611141636
 30
0.0
 11
307.1171875
 21
-753.328611141636
 31
0.0
  0
LINE
  5
73
330
1F
100
AcDbEntity
  8
2
  6
AUSGEZOGEN
 62
     7
370
    35
100
AcDbLine
 10
-277.552734375
 20
-753.328611141636
 30
0.0
 11
-277.552734375
 21
-728.328611141636
 31
0.0
  0
LINE
  5
74
330
1F
100
AcDbEntity
  8
2
  6
AUSGEZOGEN
 62
     7
370
    35
100
AcDbLine
 10
-277.552734375
 20
-728.328611141636
 30
0.0
 11
-277.552734375
 21
-753.328611141636
 31
0.0
  0
INSERT
  5
626
330
1F
100
AcDbEntity
  8
0
100
AcDbBlockReference
  2
AnonymMegaMac_nNn00
 10
0.0
 20
0.0
 30
0.0
  0
INSERT
  5
B16
330
1F
100
AcDbEntity
  8
0
100
AcDbBlockReference
  2
AnonymMegaMac_nNn023
 10
0.0
 20
0.0
 30
0.0
  0
ENDSEC
  0
SECTION
  2
OBJECTS
  0
DICTIONARY
  5
C
330
0
100
AcDbDictionary
281
     1
  3
ACAD_DETAILVIEWSTYLE
350
B4F
  3
ACAD_GROUP
350
D
  3
ACAD_LAYOUT
350
1A
  3
ACAD_MATERIAL
350
43
  3
ACAD_MLEADERSTYLE
350
6B
  3
ACAD_MLINESTYLE
350
17
  3
ACAD_PLOTSETTINGS
350
19
  3
ACAD_PLOTSTYLENAME
350
E
  3
ACAD_SCALELIST
350
47
  3
ACAD_SECTIONVIEWSTYLE
350
B50
  3
ACAD_TABLESTYLE
350
69
  3
ACAD_VISUALSTYLE
350
2A
  3
ACAD_WIPEOUT_VARS
350
B4C
  3
ACDB_RECOMPOSE_DATA
350
B4B
  3
AcDbVariableDictionary
350
B17
  0
SUN
  5
6D
330
29
100
AcDbSun
 90
        1
290
     0
 63
     7
421
 16777215
 40
1.0
291
     1
 91
  2455826
 92
 54000000
292
     0
 70
     2
 71
   256
280
     1
  0
DICTIONARY
  5
B4F
102
{ACAD_REACTORS
330
C
102
}
330
C
100
AcDbDictionary
281
     1
  0
DICTIONARY
  5
D
102
{ACAD_REACTORS
330
C
102
}
330
C
100
AcDbDictionary
281
     1
  0
DICTIONARY
  5
1A
102
{ACAD_REACTORS
330
C
102
}
330
C
100
AcDbDictionary
281
     1
  3
Layout1
350
1E
  3
Layout2
350
26
  3
Model
350
22
  0
DICTIONARY
  5
43
102
{ACAD_REACTORS
330
C
102
}
330
C
100
AcDbDictionary
281
     1
  3
ByBlock
350
45
  3
ByLayer
350
44
  3
Global
350
46
  0
DICTIONARY
  5
6B
102
{ACAD_REACTORS
330
C
102
}
330
C
100
AcDbDictionary
281
     1
  3
Standard
350
6C
  0
DICTIONARY
  5
17
102
{ACAD_REACTORS
330
C
102
}
330
C
100
AcDbDictionary
281
     1
  3
Standard
350
18
  0
DICTIONARY
  5
19
102
{ACAD_REACTORS
330
C
102
}
330
C
100
AcDbDictionary
281
     1
  0
ACDBDICTIONARYWDFLT
  5
E
102
{ACAD_REACTORS
330
C
102
}
330
C
100
AcDbDictionary
281
     1
  3
Normal
350
F
100
AcDbDictionaryWithDefault
340
F
  0
DICTIONARY
  5
47
102
{ACAD_REACTORS
330
C
102
}
330
C
100
AcDbDictionary
281
     1
  3
A0
350
48
  3
A1
350
49
  3
A2
350
4A
  3
A3
350
4B
  3
A4
350
4C
  3
A5
350
4D
  3
A6
350
4E
  3
A7
350
4F
  3
A8
350
50
  3
A9
350
51
  3
B0
350
52
  3
B1
350
53
  3
B2
350
54
  3
B3
350
55
  3
B4
350
56
  3
B5
350
57
  3
B6
350
58
  3
B7
350
59
  3
B8
350
5A
  3
B9
350
5B
  3
C0
350
5C
  3
C1
350
5D
  3
C2
350
5E
  3
C3
350
5F
  3
C4
350
60
  3
C5
350
61
  3
C6
350
62
  3
C7
350
63
  3
C8
350
64
  3
C9
350
65
  3
D0
350
66
  3
D1
350
67
  3
D2
350
68
  0
DICTIONARY
  5
B50
102
{ACAD_REACTORS
330
C
102
}
330
C
100
AcDbDictionary
281
     1
  0
DICTIONARY
  5
69
102
{ACAD_REACTORS
330
C
102
}
330
C
100
AcDbDictionary
281
     1
  3
Standard
350
6A
  0
DICTIONARY
  5
2A
102
{ACAD_REACTORS
330
C
102
}
330
C
100
AcDbDictionary
281
     1
  3
2dWireframe
350
2F
  3
Basic
350
32
  3
Brighten
350
36
  3
ColorChange
350
3A
  3
Conceptual
350
34
  3
Dim
350
35
  3
EdgeColorOff
350
3D
  3
Facepattern
350
39
  3
Flat
350
2B
  3
FlatWithEdges
350
2C
  3
Gouraud
350
2D
  3
GouraudWithEdges
350
2E
  3
Hidden
350
31
  3
JitterOff
350
3B
  3
Linepattern
350
38
  3
OverhangOff
350
3C
  3
Realistic
350
33
  3
Shaded
350
42
  3
Shaded with edges
350
41
  3
Shades of Gray
350
3E
  3
Sketchy
350
3F
  3
Thicken
350
37
  3
Wireframe
350
30
  3
X-Ray
350
40
  0
WIPEOUTVARIABLES
  5
B4C
102
{ACAD_REACTORS
330
C
102
}
330
C
100
AcDbWipeoutVariables
 70
     0
  0
XRECORD
  5
B4B
102
{ACAD_REACTORS
330
C
102
}
330
C
100
AcDbXrecord
280
     1
 90
        1
330
6A
  0
DICTIONARY
  5
B17
102
{ACAD_REACTORS
330
C
102
}
330
C
100
AcDbDictionary
281
     1
  3
CANNOSCALE
350
B18
  3
CENTEREXE
350
B52
  3
CENTERLTYPEFILE
350
B53
  3
CMLEADERSTYLE
350
B4E
  3
CTABLESTYLE
350
B4D
  3
WIPEOUTFRAME
350
B51
  0
LAYOUT
  5
1E
102
{ACAD_REACTORS
330
1A
102
}
330
1A
100
AcDbPlotSettings
  1

  2
none_device
  4

  6

 40
0.0
 41
0.0
 42
0.0
 43
0.0
 44
0.0
 45
0.0
 46
0.0
 47
0.0
 48
0.0
 49
0.0
140
0.0
141
0.0
142
1.0
143
1.0
 70
   688
 72
     1
 73
     0
 74
     5
  7

 75
    16
 76
     0
 77
     2
 78
   300
147
1.0
148
0.0
149
0.0
100
AcDbLayout
  1
Layout1
 70
     1
 71
     1
 10
0.0
 20
0.0
 11
420.0
 21
297.0
 12
0.0
 22
0.0
 32
0.0
 14
1.000000000000E+20
 24
1.000000000000E+20
 34
1.000000000000E+20
 15
-1.000000000000E+20
 25
-1.000000000000E+20
 35
-1.000000000000E+20
146
0.0
 13
0.0
 23
0.0
 33
0.0
 16
1.0
 26
0.0
 36
0.0
 17
0.0
 27
1.0
 37
0.0
 76
     0
330
1B
  0
LAYOUT
  5
26
102
{ACAD_REACTORS
330
1A
102
}
330
1A
100
AcDbPlotSettings
  1

  2
none_device
  4

  6

 40
0.0
 41
0.0
 42
0.0
 43
0.0
 44
0.0
 45
0.0
 46
0.0
 47
0.0
 48
0.0
 49
0.0
140
0.0
141
0.0
142
1.0
143
1.0
 70
   688
 72
     1
 73
     0
 74
     5
  7

 75
    16
 76
     0
 77
     2
 78
   300
147
1.0
148
0.0
149
0.0
100
AcDbLayout
  1
Layout2
 70
     1
 71
     2
 10
0.0
 20
0.0
 11
0.0
 21
0.0
 12
0.0
 22
0.0
 32
0.0
 14
0.0
 24
0.0
 34
0.0
 15
0.0
 25
0.0
 35
0.0
146
0.0
 13
0.0
 23
0.0
 33
0.0
 16
1.0
 26
0.0
 36
0.0
 17
0.0
 27
1.0
 37
0.0
 76
     0
330
23
  0
LAYOUT
  5
22
102
{ACAD_REACTORS
330
1A
102
}
330
1A
100
AcDbPlotSettings
  1

  2
none_device
  4
Letter_(8.50_x_11.00_Inches)
  6

 40
6.35
 41
6.35
 42
6.35000508
 43
6.35000508
 44
215.9
 45
279.4
 46
0.0
 47
0.0
 48
0.0
 49
0.0
140
0.0
141
0.0
142
1.0
143
1.0
 70
  1712
 72
     1
 73
     0
 74
     0
  7

 75
     0
 76
     0
 77
     2
 78
   300
147
1.0
148
0.0
149
0.0
100
AcDbLayout
  1
Model
 70
     1
 71
     0
 10
0.0
 20
0.0
 11
420.0
 21
297.0
 12
0.0
 22
0.0
 32
0.0
 14
-479.304118082961
 24
-770.840451474653
 34
0.0
 15
509.303672558184
 25
-385.827705847499
 35
0.0
146
0.0
 13
0.0
 23
0.0
 33
0.0
 16
1.0
 26
0.0
 36
0.0
 17
0.0
 27
1.0
 37
0.0
 76
     0
330
1F
331
29
  0
MATERIAL
  5
45
102
{ACAD_REACTORS
330
43
102
}
330
43
100
AcDbMaterial
  1
ByBlock
 72
     1
 94
      127
  0
MATERIAL
  5
44
102
{ACAD_REACTORS
330
43
102
}
330
43
100
AcDbMaterial
  1
ByLayer
 72
     1
 94
      127
  0
MATERIAL
  5
46
102
{ACAD_REACTORS
330
43
102
}
330
43
100
AcDbMaterial
  1
Global
 72
     1
 94
      127
  0
MLEADERSTYLE
  5
6C
102
{ACAD_REACTORS
330
6B
102
}
330
6B
100
AcDbMLeaderStyle
179
     2
170
     2
171
     1
172
     0
 90
        2
 40
0.0
 41
0.0
173
     1
 91
-1056964608
340
14
 92
       -2
290
     1
 42
2.0
291
     1
 43
8.0
  3
Standard
341
0
 44
4.0
300

342
11
174
     1
178
     6
175
     1
176
     0
 93
-1056964608
 45
4.0
292
     0
297
     0
 46
4.0
343
0
 94
-1056964608
 47
1.0
 49
1.0
140
1.0
293
     1
141
0.0
294
     1
177
     0
142
1.0
295
     0
296
     0
143
3.75
271
     0
272
     9
273
     9
  0
MLINESTYLE
  5
18
102
{ACAD_REACTORS
330
17
102
}
330
17
100
AcDbMlineStyle
  2
Standard
 70
     0
  3

 62
   256
 51
90.0
 52
90.0
 71
     2
 49
0.5
 62
   256
  6
BYLAYER
 49
-0.5
 62
   256
  6
BYLAYER
  0
ACDBPLACEHOLDER
  5
F
102
{ACAD_REACTORS
330
E
102
}
330
E
  0
SCALE
  5
48
102
{ACAD_REACTORS
330
47
102
}
330
47
100
AcDbScale
 70
     0
300
1:1
140
1.0
141
1.0
290
     1
  0
SCALE
  5
49
102
{ACAD_REACTORS
330
47
102
}
330
47
100
AcDbScale
 70
     0
300
1:2
140
1.0
141
2.0
290
     0
  0
SCALE
  5
4A
102
{ACAD_REACTORS
330
47
102
}
330
47
100
AcDbScale
 70
     0
300
1:4
140
1.0
141
4.0
290
     0
  0
SCALE
  5
4B
102
{ACAD_REACTORS
330
47
102
}
330
47
100
AcDbScale
 70
     0
300
1:5
140
1.0
141
5.0
290
     0
  0
SCALE
  5
4C
102
{ACAD_REACTORS
330
47
102
}
330
47
100
AcDbScale
 70
     0
300
1:8
140
1.0
141
8.0
290
     0
  0
SCALE
  5
4D
102
{ACAD_REACTORS
330
47
102
}
330
47
100
AcDbScale
 70
     0
300
1:10
140
1.0
141
10.0
290
     0
  0
SCALE
  5
4E
102
{ACAD_REACTORS
330
47
102
}
330
47
100
AcDbScale
 70
     0
300
1:16
140
1.0
141
16.0
290
     0
  0
SCALE
  5
4F
102
{ACAD_REACTORS
330
47
102
}
330
47
100
AcDbScale
 70
     0
300
1:20
140
1.0
141
20.0
290
     0
  0
SCALE
  5
50
102
{ACAD_REACTORS
330
47
102
}
330
47
100
AcDbScale
 70
     0
300
1:30
140
1.0
141
30.0
290
     0
  0
SCALE
  5
51
102
{ACAD_REACTORS
330
47
102
}
330
47
100
AcDbScale
 70
     0
300
1:40
140
1.0
141
40.0
290
     0
  0
SCALE
  5
52
102
{ACAD_REACTORS
330
47
102
}
330
47
100
AcDbScale
 70
     0
300
1:50
140
1.0
141
50.0
290
     0
  0
SCALE
  5
53
102
{ACAD_REACTORS
330
47
102
}
330
47
100
AcDbScale
 70
     0
300
1:100
140
1.0
141
100.0
290
     0
  0
SCALE
  5
54
102
{ACAD_REACTORS
330
47
102
}
330
47
100
AcDbScale
 70
     0
300
2:1
140
2.0
141
1.0
290
     0
  0
SCALE
  5
55
102
{ACAD_REACTORS
330
47
102
}
330
47
100
AcDbScale
 70
     0
300
4:1
140
4.0
141
1.0
290
     0
  0
SCALE
  5
56
102
{ACAD_REACTORS
330
47
102
}
330
47
100
AcDbScale
 70
     0
300
8:1
140
8.0
141
1.0
290
     0
  0
SCALE
  5
57
102
{ACAD_REACTORS
330
47
102
}
330
47
100
AcDbScale
 70
     0
300
10:1
140
10.0
141
1.0
290
     0
  0
SCALE
  5
58
102
{ACAD_REACTORS
330
47
102
}
330
47
100
AcDbScale
 70
     0
300
100:1
140
100.0
141
1.0
290
     0
  0
SCALE
  5
59
102
{ACAD_REACTORS
330
47
102
}
330
47
100
AcDbScale
 70
     0
300
1/128" = 1'-0"
140
0.0078125
141
12.0
290
     0
  0
SCALE
  5
5A
102
{ACAD_REACTORS
330
47
102
}
330
47
100
AcDbScale
 70
     0
300
1/64" = 1'-0"
140
0.015625
141
12.0
290
     0
  0
SCALE
  5
5B
102
{ACAD_REACTORS
330
47
102
}
330
47
100
AcDbScale
 70
     0
300
1/32" = 1'-0"
140
0.03125
141
12.0
290
     0
  0
SCALE
  5
5C
102
{ACAD_REACTORS
330
47
102
}
330
47
100
AcDbScale
 70
     0
300
1/16" = 1'-0"
140
0.0625
141
12.0
290
     0
  0
SCALE
  5
5D
102
{ACAD_REACTORS
330
47
102
}
330
47
100
AcDbScale
 70
     0
300
3/32" = 1'-0"
140
0.09375
141
12.0
290
     0
  0
SCALE
  5
5E
102
{ACAD_REACTORS
330
47
102
}
330
47
100
AcDbScale
 70
     0
300
1/8" = 1'-0"
140
0.125
141
12.0
290
     0
  0
SCALE
  5
5F
102
{ACAD_REACTORS
330
47
102
}
330
47
100
AcDbScale
 70
     0
300
3/16" = 1'-0"
140
0.1875
141
12.0
290
     0
  0
SCALE
  5
60
102
{ACAD_REACTORS
330
47
102
}
330
47
100
AcDbScale
 70
     0
300
1/4" = 1'-0"
140
0.25
141
12.0
290
     0
  0
SCALE
  5
61
102
{ACAD_REACTORS
330
47
102
}
330
47
100
AcDbScale
 70
     0
300
3/8" = 1'-0"
140
0.375
141
12.0
290
     0
  0
SCALE
  5
62
102
{ACAD_REACTORS
330
47
102
}
330
47
100
AcDbScale
 70
     0
300
1/2" = 1'-0"
140
0.5
141
12.0
290
     0
  0
SCALE
  5
63
102
{ACAD_REACTORS
330
47
102
}
330
47
100
AcDbScale
 70
     0
300
3/4" = 1'-0"
140
0.75
141
12.0
290
     0
  0
SCALE
  5
64
102
{ACAD_REACTORS
330
47
102
}
330
47
100
AcDbScale
 70
     0
300
1" = 1'-0"
140
1.0
141
12.0
290
     0
  0
SCALE
  5
65
102
{ACAD_REACTORS
330
47
102
}
330
47
100
AcDbScale
 70
     0
300
1-1/2" = 1'-0"
140
1.5
141
12.0
290
     0
  0
SCALE
  5
66
102
{ACAD_REACTORS
330
47
102
}
330
47
100
AcDbScale
 70
     0
300
3" = 1'-0"
140
3.0
141
12.0
290
     0
  0
SCALE
  5
67
102
{ACAD_REACTORS
330
47
102
}
330
47
100
AcDbScale
 70
     0
300
6" = 1'-0"
140
6.0
141
12.0
290
     0
  0
SCALE
  5
68
102
{ACAD_REACTORS
330
47
102
}
330
47
100
AcDbScale
 70
     0
300
1'-0" = 1'-0"
140
12.0
141
12.0
290
     0
  0
TABLESTYLE
  5
6A
102
{ACAD_REACTORS
330
69
102
}
102
{ACAD_XDICTIONARY
360
B49
102
}
330
69
100
AcDbTableStyle
  3
Standard
 70
     0
 71
     0
 40
0.06
 41
0.06
280
     0
281
     0
  7
Standard
140
4.5
170
     2
 62
     0
 63
   257
283
     0
 90
        4
 91
        0
  1

274
    -2
284
     1
 64
     0
275
    -2
285
     1
 65
     0
276
    -2
286
     1
 66
     0
277
    -2
287
     1
 67
     0
278
    -2
288
     1
 68
     0
279
    -2
289
     1
 69
     0
  7
Standard
140
6.0
170
     5
 62
     0
 63
   257
283
     0
 90
        4
 91
        0
  1

274
    -2
284
     1
 64
     0
275
    -2
285
     1
 65
     0
276
    -2
286
     1
 66
     0
277
    -2
287
     1
 67
     0
278
    -2
288
     1
 68
     0
279
    -2
289
     1
 69
     0
  7
Standard
140
4.5
170
     5
 62
     0
 63
   257
283
     0
 90
        4
 91
        0
  1

274
    -2
284
     1
 64
     0
275
    -2
285
     1
 65
     0
276
    -2
286
     1
 66
     0
277
    -2
287
     1
 67
     0
278
    -2
288
     1
 68
     0
279
    -2
289
     1
 69
     0
  0
VISUALSTYLE
  5
2F
102
{ACAD_REACTORS
330
2A
102
}
102
{ACAD_XDICTIONARY
360
B21
102
}
330
2A
100
AcDbVisualStyle
  2
2dWireframe
 70
     4
177
     2
291
     0
 71
     0
176
     1
 72
     2
176
     1
 73
     0
176
     1
 90
        0
176
     1
 40
0.6
176
     1
 41
30.0
176
     1
 62
     5
 63
     7
421
 16777215
176
     1
 74
     1
176
     1
 91
        4
176
     1
 64
     7
176
     1
 65
   257
176
     1
 75
     1
176
     1
175
     1
176
     1
 42
1.0
176
     1
 92
        0
176
     1
 66
   257
176
     1
 43
1.0
176
     1
 76
     1
176
     1
 77
     6
176
     1
 78
     2
176
     1
 67
     7
176
     1
 79
     5
176
     1
170
     0
176
     1
171
     0
176
     1
290
     0
176
     1
 93
        1
176
     1
 44
0.0
176
     1
173
     0
176
     1
  0
VISUALSTYLE
  5
32
102
{ACAD_REACTORS
330
2A
102
}
102
{ACAD_XDICTIONARY
360
B27
102
}
330
2A
100
AcDbVisualStyle
  2
Basic
 70
     7
177
     2
291
     1
 71
     1
176
     1
 72
     0
176
     1
 73
     1
176
     1
 90
        0
176
     1
 40
0.6
176
     1
 41
30.0
176
     1
 62
     5
 63
     7
421
 16777215
176
     1
 74
     0
176
     1
 91
        4
176
     1
 64
     7
176
     1
 65
   257
176
     1
 75
     1
176
     1
175
     1
176
     1
 42
1.0
176
     1
 92
        8
176
     1
 66
     7
176
     1
 43
1.0
176
     1
 76
     1
176
     1
 77
     6
176
     1
 78
     2
176
     1
 67
     7
176
     1
 79
     5
176
     1
170
     0
176
     1
171
     0
176
     1
290
     0
176
     1
 93
        1
176
     1
 44
0.0
176
     1
173
     0
176
     1
  0
VISUALSTYLE
  5
36
102
{ACAD_REACTORS
330
2A
102
}
102
{ACAD_XDICTIONARY
360
B2F
102
}
330
2A
100
AcDbVisualStyle
  2
Brighten
 70
    12
177
     2
291
     1
 71
     2
176
     1
 72
     2
176
     1
 73
     0
176
     1
 90
        0
176
     1
 40
0.6
176
     1
 41
30.0
176
     1
 62
     5
 63
     7
421
 16777215
176
     1
 74
     1
176
     1
 91
        4
176
     1
 64
     7
176
     1
 65
   257
176
     1
 75
     1
176
     1
175
     1
176
     1
 42
1.0
176
     1
 92
        8
176
     1
 66
     7
176
     1
 43
1.0
176
     1
 76
     1
176
     1
 77
     6
176
     1
 78
     2
176
     1
 67
     7
176
     1
 79
     5
176
     1
170
     0
176
     1
171
     0
176
     1
290
     0
176
     1
 93
        1
176
     1
 44
50.0
176
     1
173
     0
176
     1
  0
VISUALSTYLE
  5
3A
102
{ACAD_REACTORS
330
2A
102
}
102
{ACAD_XDICTIONARY
360
B37
102
}
330
2A
100
AcDbVisualStyle
  2
ColorChange
 70
    16
177
     2
291
     1
 71
     2
176
     1
 72
     2
176
     1
 73
     3
176
     1
 90
        0
176
     1
 40
0.6
176
     1
 41
30.0
176
     1
 62
     5
 63
     8
421
  8421504
176
     1
 74
     1
176
     1
 91
        4
176
     1
 64
     7
176
     1
 65
   257
176
     1
 75
     1
176
     1
175
     1
176
     1
 42
1.0
176
     1
 92
        8
176
     1
 66
     8
424
  8421504
176
     1
 43
1.0
176
     1
 76
     1
176
     1
 77
     6
176
     1
 78
     2
176
     1
 67
     7
176
     1
 79
     5
176
     1
170
     0
176
     1
171
     0
176
     1
290
     0
176
     1
 93
        1
176
     1
 44
0.0
176
     1
173
     0
176
     1
  0
VISUALSTYLE
  5
34
102
{ACAD_REACTORS
330
2A
102
}
102
{ACAD_XDICTIONARY
360
B2B
102
}
330
2A
100
AcDbVisualStyle
  2
Conceptual
 70
     9
177
     2
291
     0
 71
     3
176
     1
 72
     2
176
     1
 73
     0
176
     1
 90
        0
176
     1
 40
0.6
176
     1
 41
30.0
176
     1
 62
     5
 63
     7
421
 16777215
176
     1
 74
     2
176
     1
 91
        2
176
     1
 64
     7
176
     1
 65
   257
176
     1
 75
     1
176
     1
175
     1
176
     1
 42
179.0
176
     1
 92
        8
176
     1
 66
     7
176
     1
 43
1.0
176
     1
 76
     1
176
     1
 77
     6
176
     1
 78
     2
176
     1
 67
     7
176
     1
 79
     3
176
     1
170
     0
176
     1
171
     0
176
     1
290
     0
176
     1
 93
        1
176
     1
 44
0.0
176
     1
173
     0
176
     1
  0
VISUALSTYLE
  5
35
102
{ACAD_REACTORS
330
2A
102
}
102
{ACAD_XDICTIONARY
360
B2D
102
}
330
2A
100
AcDbVisualStyle
  2
Dim
 70
    11
177
     2
291
     1
 71
     2
176
     1
 72
     2
176
     1
 73
     0
176
     1
 90
        0
176
     1
 40
0.6
176
     1
 41
30.0
176
     1
 62
     5
 63
     7
421
 16777215
176
     1
 74
     1
176
     1
 91
        4
176
     1
 64
     7
176
     1
 65
   257
176
     1
 75
     1
176
     1
175
     1
176
     1
 42
1.0
176
     1
 92
        8
176
     1
 66
     7
176
     1
 43
1.0
176
     1
 76
     1
176
     1
 77
     6
176
     1
 78
     2
176
     1
 67
     7
176
     1
 79
     5
176
     1
170
     0
176
     1
171
     0
176
     1
290
     0
176
     1
 93
        1
176
     1
 44
-50.0
176
     1
173
     0
176
     1
  0
VISUALSTYLE
  5
3D
102
{ACAD_REACTORS
330
2A
102
}
102
{ACAD_XDICTIONARY
360
B3D
102
}
330
2A
100
AcDbVisualStyle
  2
EdgeColorOff
 70
    22
177
     2
291
     1
 71
     2
176
     0
 72
     2
176
     0
 73
     0
176
     0
 90
        0
176
     0
 40
0.6
176
     0
 41
30.0
176
     0
 62
     5
 63
     7
421
 16777215
176
     0
 74
     1
176
     0
 91
        4
176
     0
 64
     7
176
     0
 65
   257
176
     0
 75
     1
176
     0
175
     1
176
     0
 42
1.0
176
     0
 92
        8
176
     2
 66
     7
176
     0
 43
1.0
176
     0
 76
     1
176
     0
 77
     6
176
     0
 78
     2
176
     0
 67
     7
176
     0
 79
     5
176
     0
170
     0
176
     0
171
     0
176
     0
290
     0
176
     0
 93
        1
176
     0
 44
0.0
176
     0
173
     0
176
     0
  0
VISUALSTYLE
  5
39
102
{ACAD_REACTORS
330
2A
102
}
102
{ACAD_XDICTIONARY
360
B35
102
}
330
2A
100
AcDbVisualStyle
  2
Facepattern
 70
    15
177
     2
291
     1
 71
     2
176
     1
 72
     2
176
     1
 73
     0
176
     1
 90
        0
176
     1
 40
0.6
176
     1
 41
30.0
176
     1
 62
     5
 63
     7
421
 16777215
176
     1
 74
     1
176
     1
 91
        4
176
     1
 64
     7
176
     1
 65
   257
176
     1
 75
     1
176
     1
175
     1
176
     1
 42
1.0
176
     1
 92
        8
176
     1
 66
     7
176
     1
 43
1.0
176
     1
 76
     1
176
     1
 77
     6
176
     1
 78
     2
176
     1
 67
     7
176
     1
 79
     5
176
     1
170
     0
176
     1
171
     0
176
     1
290
     0
176
     1
 93
        1
176
     1
 44
0.0
176
     1
173
     0
176
     1
  0
VISUALSTYLE
  5
2B
102
{ACAD_REACTORS
330
2A
102
}
102
{ACAD_XDICTIONARY
360
B19
102
}
330
2A
100
AcDbVisualStyle
  2
Flat
 70
     0
177
     2
291
     1
 71
     2
176
     1
 72
     1
176
     1
 73
     1
176
     1
 90
        2
176
     1
 40
0.6
176
     1
 41
30.0
176
     1
 62
     5
 63
     7
421
 16777215
176
     1
 74
     0
176
     1
 91
        0
176
     1
 64
     7
176
     1
 65
   257
176
     1
 75
     1
176
     1
175
     1
176
     1
 42
1.0
176
     1
 92
        8
176
     1
 66
     7
176
     1
 43
1.0
176
     1
 76
     1
176
     1
 77
     6
176
     1
 78
     2
176
     1
 67
     7
176
     1
 79
     5
176
     1
170
     0
176
     1
171
     0
176
     1
290
     0
176
     1
 93
       13
176
     1
 44
0.0
176
     1
173
     0
176
     1
  0
VISUALSTYLE
  5
2C
102
{ACAD_REACTORS
330
2A
102
}
102
{ACAD_XDICTIONARY
360
B1B
102
}
330
2A
100
AcDbVisualStyle
  2
FlatWithEdges
 70
     1
177
     2
291
     1
 71
     2
176
     1
 72
     1
176
     1
 73
     1
176
     1
 90
        2
176
     1
 40
0.6
176
     1
 41
30.0
176
     1
 62
     5
 63
     7
421
 16777215
176
     1
 74
     1
176
     1
 91
        0
176
     1
 64
     7
176
     1
 65
   257
176
     1
 75
     1
176
     1
175
     1
176
     1
 42
1.0
176
     1
 92
        0
176
     1
 66
   257
176
     1
 43
1.0
176
     1
 76
     1
176
     1
 77
     6
176
     1
 78
     2
176
     1
 67
     7
176
     1
 79
     5
176
     1
170
     0
176
     1
171
     0
176
     1
290
     0
176
     1
 93
       13
176
     1
 44
0.0
176
     1
173
     0
176
     1
  0
VISUALSTYLE
  5
2D
102
{ACAD_REACTORS
330
2A
102
}
102
{ACAD_XDICTIONARY
360
B1D
102
}
330
2A
100
AcDbVisualStyle
  2
Gouraud
 70
     2
177
     2
291
     1
 71
     2
176
     1
 72
     2
176
     1
 73
     1
176
     1
 90
        2
176
     1
 40
0.6
176
     1
 41
30.0
176
     1
 62
     5
 63
     7
421
 16777215
176
     1
 74
     0
176
     1
 91
        0
176
     1
 64
     7
176
     1
 65
   257
176
     1
 75
     1
176
     1
175
     1
176
     1
 42
1.0
176
     1
 92
        0
176
     1
 66
     7
176
     1
 43
1.0
176
     1
 76
     1
176
     1
 77
     6
176
     1
 78
     2
176
     1
 67
     7
176
     1
 79
     5
176
     1
170
     0
176
     1
171
     0
176
     1
290
     0
176
     1
 93
       13
176
     1
 44
0.0
176
     1
173
     0
176
     1
  0
VISUALSTYLE
  5
2E
102
{ACAD_REACTORS
330
2A
102
}
102
{ACAD_XDICTIONARY
360
B1F
102
}
330
2A
100
AcDbVisualStyle
  2
GouraudWithEdges
 70
     3
177
     2
291
     1
 71
     2
176
     1
 72
     2
176
     1
 73
     1
176
     1
 90
        2
176
     1
 40
0.6
176
     1
 41
30.0
176
     1
 62
     5
 63
     7
421
 16777215
176
     1
 74
     1
176
     1
 91
        0
176
     1
 64
     7
176
     1
 65
   257
176
     1
 75
     1
176
     1
175
     1
176
     1
 42
1.0
176
     1
 92
        0
176
     1
 66
   257
176
     1
 43
1.0
176
     1
 76
     1
176
     1
 77
     6
176
     1
 78
     2
176
     1
 67
     7
176
     1
 79
     5
176
     1
170
     0
176
     1
171
     0
176
     1
290
     0
176
     1
 93
       13
176
     1
 44
0.0
176
     1
173
     0
176
     1
  0
VISUALSTYLE
  5
31
102
{ACAD_REACTORS
330
2A
102
}
102
{ACAD_XDICTIONARY
360
B25
102
}
330
2A
100
AcDbVisualStyle
  2
Hidden
 70
     6
177
     2
291
     0
 71
     1
176
     1
 72
     2
176
     1
 73
     2
176
     1
 90
        0
176
     1
 40
0.6
176
     1
 41
30.0
176
     1
 62
     5
 63
     7
421
 16777215
176
     1
 74
     2
176
     1
 91
        2
176
     1
 64
     7
176
     1
 65
   257
176
     1
 75
     2
176
     1
175
     1
176
     1
 42
40.0
176
     1
 92
        0
176
     1
 66
   257
176
     1
 43
1.0
176
     1
 76
     1
176
     1
 77
     6
176
     1
 78
     2
176
     1
 67
     7
176
     1
 79
     3
176
     1
170
     0
176
     1
171
     0
176
     1
290
     0
176
     1
 93
        1
176
     1
 44
0.0
176
     1
173
     0
176
     1
  0
VISUALSTYLE
  5
3B
102
{ACAD_REACTORS
330
2A
102
}
102
{ACAD_XDICTIONARY
360
B39
102
}
330
2A
100
AcDbVisualStyle
  2
JitterOff
 70
    20
177
     2
291
     1
 71
     2
176
     0
 72
     2
176
     0
 73
     0
176
     0
 90
        0
176
     0
 40
0.6
176
     0
 41
30.0
176
     0
 62
     5
 63
     7
421
 16777215
176
     0
 74
     1
176
     0
 91
        4
176
     0
 64
     7
176
     0
 65
   257
176
     0
 75
     1
176
     0
175
     1
176
     0
 42
1.0
176
     0
 92
       10
176
     2
 66
     7
176
     0
 43
1.0
176
     0
 76
     1
176
     0
 77
     6
176
     0
 78
     2
176
     0
 67
     7
176
     0
 79
     5
176
     0
170
     0
176
     0
171
     0
176
     0
290
     0
176
     0
 93
        1
176
     0
 44
0.0
176
     0
173
     0
176
     0
  0
VISUALSTYLE
  5
38
102
{ACAD_REACTORS
330
2A
102
}
102
{ACAD_XDICTIONARY
360
B33
102
}
330
2A
100
AcDbVisualStyle
  2
Linepattern
 70
    14
177
     2
291
     1
 71
     2
176
     1
 72
     2
176
     1
 73
     0
176
     1
 90
        0
176
     1
 40
0.6
176
     1
 41
30.0
176
     1
 62
     5
 63
     7
421
 16777215
176
     1
 74
     1
176
     1
 91
        4
176
     1
 64
     7
176
     1
 65
   257
176
     1
 75
     7
176
     1
175
     7
176
     1
 42
1.0
176
     1
 92
        8
176
     1
 66
     7
176
     1
 43
1.0
176
     1
 76
     1
176
     1
 77
     6
176
     1
 78
     2
176
     1
 67
     7
176
     1
 79
     5
176
     1
170
     0
176
     1
171
     0
176
     1
290
     0
176
     1
 93
        1
176
     1
 44
0.0
176
     1
173
     0
176
     1
  0
VISUALSTYLE
  5
3C
102
{ACAD_REACTORS
330
2A
102
}
102
{ACAD_XDICTIONARY
360
B3B
102
}
330
2A
100
AcDbVisualStyle
  2
OverhangOff
 70
    21
177
     2
291
     1
 71
     2
176
     0
 72
     2
176
     0
 73
     0
176
     0
 90
        0
176
     0
 40
0.6
176
     0
 41
30.0
176
     0
 62
     5
 63
     7
421
 16777215
176
     0
 74
     1
176
     0
 91
        4
176
     0
 64
     7
176
     0
 65
   257
176
     0
 75
     1
176
     0
175
     1
176
     0
 42
1.0
176
     0
 92
        9
176
     2
 66
     7
176
     0
 43
1.0
176
     0
 76
     1
176
     0
 77
     6
176
     0
 78
     2
176
     0
 67
     7
176
     0
 79
     5
176
     0
170
     0
176
     0
171
     0
176
     0
290
     0
176
     0
 93
        1
176
     0
 44
0.0
176
     0
173
     0
176
     0
  0
VISUALSTYLE
  5
33
102
{ACAD_REACTORS
330
2A
102
}
102
{ACAD_XDICTIONARY
360
B29
102
}
330
2A
100
AcDbVisualStyle
  2
Realistic
 70
     8
177
     2
291
     0
 71
     2
176
     1
 72
     3
176
     1
 73
     0
176
     1
 90
        2
176
     1
 40
0.6
176
     1
 41
30.0
176
     1
 62
     5
 63
     7
421
 16777215
176
     1
 74
     0
176
     1
 91
        0
176
     1
 64
     7
176
     1
 65
   257
176
     1
 75
     1
176
     1
175
     1
176
     1
 42
1.0
176
     1
 92
        8
176
     1
 66
   257
176
     1
 43
1.0
176
     1
 76
     1
176
     1
 77
     6
176
     1
 78
     2
176
     1
 67
     7
176
     1
 79
     3
176
     1
170
     0
176
     1
171
     0
176
     1
290
     0
176
     1
 93
       13
176
     1
 44
0.0
176
     1
173
     0
176
     1
  0
VISUALSTYLE
  5
42
102
{ACAD_REACTORS
330
2A
102
}
102
{ACAD_XDICTIONARY
360
B47
102
}
330
2A
100
AcDbVisualStyle
  2
Shaded
 70
    27
177
     2
291
     0
 71
     2
176
     1
 72
     2
176
     1
 73
     1
176
     1
 90
        2
176
     1
 40
0.6
176
     1
 41
30.0
176
     1
 62
     5
 63
     7
421
 16777215
176
     1
 74
     0
176
     1
 91
        4
176
     1
 64
     7
176
     1
 65
   257
176
     1
 75
     1
176
     1
175
     1
176
     1
 42
1.0
176
     1
 92
        8
176
     1
 66
   257
176
     1
 43
1.0
176
     1
 76
     1
176
     1
 77
     6
176
     1
 78
     2
176
     1
 67
     8
425
  7895160
176
     1
 79
     3
176
     1
170
     0
176
     1
171
     0
176
     1
290
     0
176
     1
 93
        5
176
     1
 44
0.0
176
     1
173
     0
176
     1
  0
VISUALSTYLE
  5
41
102
{ACAD_REACTORS
330
2A
102
}
102
{ACAD_XDICTIONARY
360
B45
102
}
330
2A
100
AcDbVisualStyle
  2
Shaded with edges
 70
    26
177
     2
291
     0
 71
     2
176
     1
 72
     2
176
     1
 73
     1
176
     1
 90
        2
176
     1
 40
0.6
176
     1
 41
30.0
176
     1
 62
     5
 63
     7
421
 16777215
176
     1
 74
     1
176
     1
 91
       10
176
     1
 64
     7
176
     1
 65
   257
176
     1
 75
     2
176
     1
175
     1
176
     1
 42
1.0
176
     1
 92
        8
176
     1
 66
   257
176
     1
 43
1.0
176
     1
 76
     1
176
     1
 77
     6
176
     1
 78
     2
176
     1
 67
     7
176
     1
 79
     3
176
     1
170
     0
176
     1
171
     0
176
     1
290
     0
176
     1
 93
        5
176
     1
 44
0.0
176
     1
173
     0
176
     1
  0
VISUALSTYLE
  5
3E
102
{ACAD_REACTORS
330
2A
102
}
102
{ACAD_XDICTIONARY
360
B3F
102
}
330
2A
100
AcDbVisualStyle
  2
Shades of Gray
 70
    23
177
     2
291
     0
 71
     2
176
     1
 72
     2
176
     1
 73
     3
176
     1
 90
        0
176
     1
 40
0.6
176
     1
 41
30.0
176
     1
 62
     5
 63
     7
421
 16777215
176
     1
 74
     2
176
     1
 91
        2
176
     1
 64
     7
176
     1
 65
     7
176
     1
 75
     1
176
     1
175
     1
176
     1
 42
40.0
176
     1
 92
        8
176
     1
 66
     7
176
     1
 43
1.0
176
     1
 76
     1
176
     1
 77
     6
176
     1
 78
     2
176
     1
 67
     7
176
     1
 79
     3
176
     1
170
     0
176
     1
171
     0
176
     1
290
     0
176
     1
 93
        1
176
     1
 44
0.0
176
     1
173
     0
176
     1
  0
VISUALSTYLE
  5
3F
102
{ACAD_REACTORS
330
2A
102
}
102
{ACAD_XDICTIONARY
360
B41
102
}
330
2A
100
AcDbVisualStyle
  2
Sketchy
 70
    24
177
     2
291
     0
 71
     1
176
     1
 72
     2
176
     1
 73
     2
176
     1
 90
        0
176
     1
 40
0.6
176
     1
 41
30.0
176
     1
 62
     5
 63
     7
421
 16777215
176
     1
 74
     2
176
     1
 91
        2
176
     1
 64
     7
176
     1
 65
     7
176
     1
 75
     1
176
     1
175
     1
176
     1
 42
40.0
176
     1
 92
       11
176
     1
 66
     7
176
     1
 43
1.0
176
     1
 76
     1
176
     1
 77
     6
176
     1
 78
     2
176
     1
 67
     7
176
     1
 79
     6
176
     1
170
     0
176
     1
171
     0
176
     1
290
     0
176
     1
 93
        1
176
     1
 44
0.0
176
     1
173
     0
176
     1
  0
VISUALSTYLE
  5
37
102
{ACAD_REACTORS
330
2A
102
}
102
{ACAD_XDICTIONARY
360
B31
102
}
330
2A
100
AcDbVisualStyle
  2
Thicken
 70
    13
177
     2
291
     1
 71
     2
176
     1
 72
     2
176
     1
 73
     0
176
     1
 90
        0
176
     1
 40
0.6
176
     1
 41
30.0
176
     1
 62
     5
 63
     7
421
 16777215
176
     1
 74
     1
176
     1
 91
        4
176
     1
 64
     7
176
     1
 65
   257
176
     1
 75
     1
176
     1
175
     1
176
     1
 42
1.0
176
     1
 92
       12
176
     1
 66
     7
176
     1
 43
1.0
176
     1
 76
     1
176
     1
 77
     6
176
     1
 78
     2
176
     1
 67
     7
176
     1
 79
     5
176
     1
170
     0
176
     1
171
     0
176
     1
290
     0
176
     1
 93
        1
176
     1
 44
0.0
176
     1
173
     0
176
     1
  0
VISUALSTYLE
  5
30
102
{ACAD_REACTORS
330
2A
102
}
102
{ACAD_XDICTIONARY
360
B23
102
}
330
2A
100
AcDbVisualStyle
  2
Wireframe
 70
     5
177
     2
291
     0
 71
     0
176
     1
 72
     2
176
     1
 73
     0
176
     1
 90
        0
176
     1
 40
0.6
176
     1
 41
30.0
176
     1
 62
     5
 63
     7
421
 16777215
176
     1
 74
     1
176
     1
 91
        4
176
     1
 64
     7
176
     1
 65
   257
176
     1
 75
     1
176
     1
175
     1
176
     1
 42
1.0
176
     1
 92
        0
176
     1
 66
   257
176
     1
 43
1.0
176
     1
 76
     1
176
     1
 77
     6
176
     1
 78
     2
176
     1
 67
     7
176
     1
 79
     3
176
     1
170
     0
176
     1
171
     0
176
     1
290
     0
176
     1
 93
        1
176
     1
 44
0.0
176
     1
173
     0
176
     1
  0
VISUALSTYLE
  5
40
102
{ACAD_REACTORS
330
2A
102
}
102
{ACAD_XDICTIONARY
360
B43
102
}
330
2A
100
AcDbVisualStyle
  2
X-Ray
 70
    25
177
     2
291
     0
 71
     2
176
     1
 72
     2
176
     1
 73
     1
176
     1
 90
        1
176
     1
 40
0.5
176
     1
 41
30.0
176
     1
 62
     5
 63
     7
421
 16777215
176
     1
 74
     1
176
     1
 91
        0
176
     1
 64
     7
176
     1
 65
   257
176
     1
 75
     1
176
     1
175
     1
176
     1
 42
1.0
176
     1
 92
        8
176
     1
 66
     7
176
     1
 43
1.0
176
     1
 76
     1
176
     1
 77
     6
176
     1
 78
     2
176
     1
 67
     7
176
     1
 79
     3
176
     1
170
     0
176
     1
171
     0
176
     1
290
     0
176
     1
 93
       13
176
     1
 44
0.0
176
     1
173
     0
176
     1
  0
DICTIONARYVAR
  5
B18
102
{ACAD_REACTORS
330
B17
102
}
330
B17
100
DictionaryVariables
280
     0
  1
1:1
  0
DICTIONARYVAR
  5
B52
102
{ACAD_REACTORS
330
B17
102
}
330
B17
100
DictionaryVariables
280
     0
  1
3.500000
  0
DICTIONARYVAR
  5
B53
102
{ACAD_REACTORS
330
B17
102
}
330
B17
100
DictionaryVariables
280
     0
  1
acadiso.lin
  0
DICTIONARYVAR
  5
B4E
102
{ACAD_REACTORS
330
B17
102
}
330
B17
100
DictionaryVariables
280
     0
  1
Standard
  0
DICTIONARYVAR
  5
B4D
102
{ACAD_REACTORS
330
B17
102
}
330
B17
100
DictionaryVariables
280
     0
  1
Standard
  0
DICTIONARYVAR
  5
B51
102
{ACAD_REACTORS
330
B17
102
}
330
B17
100
DictionaryVariables
280
     0
  1
0
  0
DICTIONARY
  5
B49
330
6A
100
AcDbDictionary
280
     1
281
     1
  3
ACAD_ROUNDTRIP_2008_TABLESTYLE_CELLSTYLEMAP
360
B4A
  0
DICTIONARY
  5
B21
330
2F
100
AcDbDictionary
280
     1
281
     1
  3
ACAD_XREC_ROUNDTRIP
360
B22
  0
DICTIONARY
  5
B27
330
32
100
AcDbDictionary
280
     1
281
     1
  3
ACAD_XREC_ROUNDTRIP
360
B28
  0
DICTIONARY
  5
B2F
330
36
100
AcDbDictionary
280
     1
281
     1
  3
ACAD_XREC_ROUNDTRIP
360
B30
  0
DICTIONARY
  5
B37
330
3A
100
AcDbDictionary
280
     1
281
     1
  3
ACAD_XREC_ROUNDTRIP
360
B38
  0
DICTIONARY
  5
B2B
330
34
100
AcDbDictionary
280
     1
281
     1
  3
ACAD_XREC_ROUNDTRIP
360
B2C
  0
DICTIONARY
  5
B2D
330
35
100
AcDbDictionary
280
     1
281
     1
  3
ACAD_XREC_ROUNDTRIP
360
B2E
  0
DICTIONARY
  5
B3D
330
3D
100
AcDbDictionary
280
     1
281
     1
  3
ACAD_XREC_ROUNDTRIP
360
B3E
  0
DICTIONARY
  5
B35
330
39
100
AcDbDictionary
280
     1
281
     1
  3
ACAD_XREC_ROUNDTRIP
360
B36
  0
DICTIONARY
  5
B19
330
2B
100
AcDbDictionary
280
     1
281
     1
  3
ACAD_XREC_ROUNDTRIP
360
B1A
  0
DICTIONARY
  5
B1B
330
2C
100
AcDbDictionary
280
     1
281
     1
  3
ACAD_XREC_ROUNDTRIP
360
B1C
  0
DICTIONARY
  5
B1D
330
2D
100
AcDbDictionary
280
     1
281
     1
  3
ACAD_XREC_ROUNDTRIP
360
B1E
  0
DICTIONARY
  5
B1F
330
2E
100
AcDbDictionary
280
     1
281
     1
  3
ACAD_XREC_ROUNDTRIP
360
B20
  0
DICTIONARY
  5
B25
330
31
100
AcDbDictionary
280
     1
281
     1
  3
ACAD_XREC_ROUNDTRIP
360
B26
  0
DICTIONARY
  5
B39
330
3B
100
AcDbDictionary
280
     1
281
     1
  3
ACAD_XREC_ROUNDTRIP
360
B3A
  0
DICTIONARY
  5
B33
330
38
100
AcDbDictionary
280
     1
281
     1
  3
ACAD_XREC_ROUNDTRIP
360
B34
  0
DICTIONARY
  5
B3B
330
3C
100
AcDbDictionary
280
     1
281
     1
  3
ACAD_XREC_ROUNDTRIP
360
B3C
  0
DICTIONARY
  5
B29
330
33
100
AcDbDictionary
280
     1
281
     1
  3
ACAD_XREC_ROUNDTRIP
360
B2A
  0
DICTIONARY
  5
B47
330
42
100
AcDbDictionary
280
     1
281
     1
  3
ACAD_XREC_ROUNDTRIP
360
B48
  0
DICTIONARY
  5
B45
330
41
100
AcDbDictionary
280
     1
281
     1
  3
ACAD_XREC_ROUNDTRIP
360
B46
  0
DICTIONARY
  5
B3F
330
3E
100
AcDbDictionary
280
     1
281
     1
  3
ACAD_XREC_ROUNDTRIP
360
B40
  0
DICTIONARY
  5
B41
330
3F
100
AcDbDictionary
280
     1
281
     1
  3
ACAD_XREC_ROUNDTRIP
360
B42
  0
DICTIONARY
  5
B31
330
37
100
AcDbDictionary
280
     1
281
     1
  3
ACAD_XREC_ROUNDTRIP
360
B32
  0
DICTIONARY
  5
B23
330
30
100
AcDbDictionary
280
     1
281
     1
  3
ACAD_XREC_ROUNDTRIP
360
B24
  0
DICTIONARY
  5
B43
330
40
100
AcDbDictionary
280
     1
281
     1
  3
ACAD_XREC_ROUNDTRIP
360
B44
  0
CELLSTYLEMAP
  5
B4A
102
{ACAD_REACTORS
330
B49
102
}
330
B49
100
AcDbCellStyleMap
 90
        3
300
CELLSTYLE
  1
TABLEFORMAT_BEGIN
 90
        5
170
     1
 91
        0
 92
    32768
 62
   257
 93
        1
300
CONTENTFORMAT
  1
CONTENTFORMAT_BEGIN
 90
        0
 91
        0
 92
        4
 93
        0
300

 40
0.0
140
1.0
 94
        5
 62
     0
340
11
144
6.0
309
CONTENTFORMAT_END
171
     1
301
MARGIN
  1
CELLMARGIN_BEGIN
 40
1.5
 40
1.5
 40
1.5
 40
1.5
 40
1.5
 40
1.5
309
CELLMARGIN_END
 94
        6
 95
        1
302
GRIDFORMAT
  1
GRIDFORMAT_BEGIN
 90
        0
 91
        1
 62
     0
 92
       -2
340
14
 93
        0
 40
0.045
309
GRIDFORMAT_END
 95
        2
302
GRIDFORMAT
  1
GRIDFORMAT_BEGIN
 90
        0
 91
        1
 62
     0
 92
       -2
340
14
 93
        0
 40
0.045
309
GRIDFORMAT_END
 95
        4
302
GRIDFORMAT
  1
GRIDFORMAT_BEGIN
 90
        0
 91
        1
 62
     0
 92
       -2
340
14
 93
        0
 40
0.045
309
GRIDFORMAT_END
 95
        8
302
GRIDFORMAT
  1
GRIDFORMAT_BEGIN
 90
        0
 91
        1
 62
     0
 92
       -2
340
14
 93
        0
 40
0.045
309
GRIDFORMAT_END
 95
       16
302
GRIDFORMAT
  1
GRIDFORMAT_BEGIN
 90
        0
 91
        1
 62
     0
 92
       -2
340
14
 93
        0
 40
0.045
309
GRIDFORMAT_END
 95
       32
302
GRIDFORMAT
  1
GRIDFORMAT_BEGIN
 90
        0
 91
        1
 62
     0
 92
       -2
340
14
 93
        0
 40
0.045
309
GRIDFORMAT_END
309
TABLEFORMAT_END
  1
CELLSTYLE_BEGIN
 90
        1
 91
        1
300
_TITLE
309
CELLSTYLE_END
300
CELLSTYLE
  1
TABLEFORMAT_BEGIN
 90
        5
170
     1
 91
        0
 92
        0
 62
   257
 93
        1
300
CONTENTFORMAT
  1
CONTENTFORMAT_BEGIN
 90
        0
 91
        0
 92
        4
 93
        0
300

 40
0.0
140
1.0
 94
        5
 62
     0
340
11
144
4.5
309
CONTENTFORMAT_END
171
     1
301
MARGIN
  1
CELLMARGIN_BEGIN
 40
1.5
 40
1.5
 40
1.5
 40
1.5
 40
1.5
 40
1.5
309
CELLMARGIN_END
 94
        6
 95
        1
302
GRIDFORMAT
  1
GRIDFORMAT_BEGIN
 90
        0
 91
        1
 62
     0
 92
       -2
340
14
 93
        0
 40
0.045
309
GRIDFORMAT_END
 95
        2
302
GRIDFORMAT
  1
GRIDFORMAT_BEGIN
 90
        0
 91
        1
 62
     0
 92
       -2
340
14
 93
        0
 40
0.045
309
GRIDFORMAT_END
 95
        4
302
GRIDFORMAT
  1
GRIDFORMAT_BEGIN
 90
        0
 91
        1
 62
     0
 92
       -2
340
14
 93
        0
 40
0.045
309
GRIDFORMAT_END
 95
        8
302
GRIDFORMAT
  1
GRIDFORMAT_BEGIN
 90
        0
 91
        1
 62
     0
 92
       -2
340
14
 93
        0
 40
0.045
309
GRIDFORMAT_END
 95
       16
302
GRIDFORMAT
  1
GRIDFORMAT_BEGIN
 90
        0
 91
        1
 62
     0
 92
       -2
340
14
 93
        0
 40
0.045
309
GRIDFORMAT_END
 95
       32
302
GRIDFORMAT
  1
GRIDFORMAT_BEGIN
 90
        0
 91
        1
 62
     0
 92
       -2
340
14
 93
        0
 40
0.045
309
GRIDFORMAT_END
309
TABLEFORMAT_END
  1
CELLSTYLE_BEGIN
 90
        2
 91
        1
300
_HEADER
309
CELLSTYLE_END
300
CELLSTYLE
  1
TABLEFORMAT_BEGIN
 90
        5
170
     1
 91
        0
 92
        0
 62
   257
 93
        1
300
CONTENTFORMAT
  1
CONTENTFORMAT_BEGIN
 90
        0
 91
        0
 92
        4
 93
        0
300

 40
0.0
140
1.0
 94
        2
 62
     0
340
11
144
4.5
309
CONTENTFORMAT_END
171
     1
301
MARGIN
  1
CELLMARGIN_BEGIN
 40
1.5
 40
1.5
 40
1.5
 40
1.5
 40
1.5
 40
1.5
309
CELLMARGIN_END
 94
        6
 95
        1
302
GRIDFORMAT
  1
GRIDFORMAT_BEGIN
 90
        0
 91
        1
 62
     0
 92
       -2
340
14
 93
        0
 40
0.045
309
GRIDFORMAT_END
 95
        2
302
GRIDFORMAT
  1
GRIDFORMAT_BEGIN
 90
        0
 91
        1
 62
     0
 92
       -2
340
14
 93
        0
 40
0.045
309
GRIDFORMAT_END
 95
        4
302
GRIDFORMAT
  1
GRIDFORMAT_BEGIN
 90
        0
 91
        1
 62
     0
 92
       -2
340
14
 93
        0
 40
0.045
309
GRIDFORMAT_END
 95
        8
302
GRIDFORMAT
  1
GRIDFORMAT_BEGIN
 90
        0
 91
        1
 62
     0
 92
       -2
340
14
 93
        0
 40
0.045
309
GRIDFORMAT_END
 95
       16
302
GRIDFORMAT
  1
GRIDFORMAT_BEGIN
 90
        0
 91
        1
 62
     0
 92
       -2
340
14
 93
        0
 40
0.045
309
GRIDFORMAT_END
 95
       32
302
GRIDFORMAT
  1
GRIDFORMAT_BEGIN
 90
        0
 91
        1
 62
     0
 92
       -2
340
14
 93
        0
 40
0.045
309
GRIDFORMAT_END
309
TABLEFORMAT_END
  1
CELLSTYLE_BEGIN
 90
        3
 91
        2
300
_DATA
309
CELLSTYLE_END
  0
XRECORD
  5
B22
102
{ACAD_REACTORS
330
B21
102
}
330
B21
100
AcDbXrecord
280
     1
102
RTVSPost2010Prop28
280
     1
102
RTVSPost2010PropOp28
 70
     1
102
RTVSPost2010Prop29
280
     1
102
RTVSPost2010PropOp29
 70
     1
102
RTVSPost2010Prop30
280
     0
102
RTVSPost2010PropOp30
 70
     1
102
RTVSPost2010Prop31
280
     0
102
RTVSPost2010PropOp31
 70
     1
102
RTVSPost2010Prop32
280
     0
102
RTVSPost2010PropOp32
 70
     1
102
RTVSPost2010Prop33
280
     0
102
RTVSPost2010PropOp33
 70
     1
102
RTVSPost2010Prop34
280
     0
102
RTVSPost2010PropOp34
 70
     1
102
RTVSPost2010Prop35
280
     0
102
RTVSPost2010PropOp35
 70
     1
102
RTVSPost2010Prop36
280
     0
102
RTVSPost2010PropOp36
 70
     1
102
RTVSPost2010Prop37
 90
       50
102
RTVSPost2010PropOp37
 70
     1
102
RTVSPost2010Prop38
140
0.0
102
RTVSPost2010PropOp38
 70
     1
102
RTVSPost2010Prop39
140
1.0
102
RTVSPost2010PropOp39
 70
     1
102
RTVSPost2010Prop40
 90
        0
102
RTVSPost2010PropOp40
 70
     1
102
RTVSPost2010Prop41ColorIndex
 90
       18
102
RTVSPost2010Prop41ColorRGB
 90
        0
102
RTVSPost2010PropOp41
 70
     1
102
RTVSPost2010Prop42
 90
       50
102
RTVSPost2010PropOp42
 70
     1
102
RTVSPost2010Prop43
 90
        3
102
RTVSPost2010PropOp43
 70
     1
102
RTVSPost2010Prop44ColorIndex
 90
        5
102
RTVSPost2010Prop44ColorRGB
 90
      255
102
RTVSPost2010PropOp44
 70
     1
102
RTVSPost2010Prop45
280
     0
102
RTVSPost2010PropOp45
 70
     1
102
RTVSPost2010Prop46
 90
       50
102
RTVSPost2010PropOp46
 70
     1
102
RTVSPost2010Prop47
 90
       50
102
RTVSPost2010PropOp47
 70
     1
102
RTVSPost2010Prop48
 90
       50
102
RTVSPost2010PropOp48
 70
     1
102
RTVSPost2010Prop49
280
     0
102
RTVSPost2010PropOp49
 70
     1
102
RTVSPost2010Prop50
 90
       50
102
RTVSPost2010PropOp50
 70
     1
102
RTVSPost2010Prop51ColorIndex
 90
      256
102
RTVSPost2010Prop51ColorRGB
 90
-16777216
102
RTVSPost2010PropOp51
 70
     0
102
RTVSPost2010Prop52
140
1.0
102
RTVSPost2010PropOp52
 70
     0
102
RTVSPost2010Prop53
 90
        2
102
RTVSPost2010PropOp53
 70
     1
102
RTVSPost2010Prop54
  1
strokes_ogs.tif
102
RTVSPost2010PropOp54
 70
     1
102
RTVSPost2010Prop55
280
     0
102
RTVSPost2010PropOp55
 70
     1
102
RTVSPost2010Prop56
140
1.0
102
RTVSPost2010PropOp56
 70
     1
102
RTVSPost2010Prop57
140
1.0
102
RTVSPost2010PropOp57
 70
     1
  0
XRECORD
  5
B28
102
{ACAD_REACTORS
330
B27
102
}
330
B27
100
AcDbXrecord
280
     1
102
RTVSPost2010Prop28
280
     0
102
RTVSPost2010PropOp28
 70
     1
102
RTVSPost2010Prop29
280
     1
102
RTVSPost2010PropOp29
 70
     1
102
RTVSPost2010Prop30
280
     1
102
RTVSPost2010PropOp30
 70
     1
102
RTVSPost2010Prop31
280
     0
102
RTVSPost2010PropOp31
 70
     1
102
RTVSPost2010Prop32
280
     0
102
RTVSPost2010PropOp32
 70
     1
102
RTVSPost2010Prop33
280
     0
102
RTVSPost2010PropOp33
 70
     1
102
RTVSPost2010Prop34
280
     0
102
RTVSPost2010PropOp34
 70
     1
102
RTVSPost2010Prop35
280
     0
102
RTVSPost2010PropOp35
 70
     1
102
RTVSPost2010Prop36
280
     0
102
RTVSPost2010PropOp36
 70
     1
102
RTVSPost2010Prop37
 90
       50
102
RTVSPost2010PropOp37
 70
     1
102
RTVSPost2010Prop38
140
0.0
102
RTVSPost2010PropOp38
 70
     1
102
RTVSPost2010Prop39
140
1.0
102
RTVSPost2010PropOp39
 70
     1
102
RTVSPost2010Prop40
 90
        0
102
RTVSPost2010PropOp40
 70
     1
102
RTVSPost2010Prop41ColorIndex
 90
       18
102
RTVSPost2010Prop41ColorRGB
 90
        0
102
RTVSPost2010PropOp41
 70
     1
102
RTVSPost2010Prop42
 90
       50
102
RTVSPost2010PropOp42
 70
     1
102
RTVSPost2010Prop43
 90
        3
102
RTVSPost2010PropOp43
 70
     1
102
RTVSPost2010Prop44ColorIndex
 90
        5
102
RTVSPost2010Prop44ColorRGB
 90
      255
102
RTVSPost2010PropOp44
 70
     1
102
RTVSPost2010Prop45
280
     0
102
RTVSPost2010PropOp45
 70
     1
102
RTVSPost2010Prop46
 90
       50
102
RTVSPost2010PropOp46
 70
     1
102
RTVSPost2010Prop47
 90
       50
102
RTVSPost2010PropOp47
 70
     1
102
RTVSPost2010Prop48
 90
       50
102
RTVSPost2010PropOp48
 70
     1
102
RTVSPost2010Prop49
280
     0
102
RTVSPost2010PropOp49
 70
     1
102
RTVSPost2010Prop50
 90
       50
102
RTVSPost2010PropOp50
 70
     1
102
RTVSPost2010Prop51ColorIndex
 90
      256
102
RTVSPost2010Prop51ColorRGB
 90
-16777216
102
RTVSPost2010PropOp51
 70
     0
102
RTVSPost2010Prop52
140
1.0
102
RTVSPost2010PropOp52
 70
     0
102
RTVSPost2010Prop53
 90
        2
102
RTVSPost2010PropOp53
 70
     1
102
RTVSPost2010Prop54
  1
strokes_ogs.tif
102
RTVSPost2010PropOp54
 70
     1
102
RTVSPost2010Prop55
280
     0
102
RTVSPost2010PropOp55
 70
     1
102
RTVSPost2010Prop56
140
1.0
102
RTVSPost2010PropOp56
 70
     1
102
RTVSPost2010Prop57
140
1.0
102
RTVSPost2010PropOp57
 70
     1
  0
XRECORD
  5
B30
102
{ACAD_REACTORS
330
B2F
102
}
330
B2F
100
AcDbXrecord
280
     1
102
RTVSPost2010Prop28
280
     0
102
RTVSPost2010PropOp28
 70
     1
102
RTVSPost2010Prop29
280
     1
102
RTVSPost2010PropOp29
 70
     1
102
RTVSPost2010Prop30
280
     1
102
RTVSPost2010PropOp30
 70
     1
102
RTVSPost2010Prop31
280
     0
102
RTVSPost2010PropOp31
 70
     1
102
RTVSPost2010Prop32
280
     0
102
RTVSPost2010PropOp32
 70
     1
102
RTVSPost2010Prop33
280
     0
102
RTVSPost2010PropOp33
 70
     1
102
RTVSPost2010Prop34
280
     0
102
RTVSPost2010PropOp34
 70
     1
102
RTVSPost2010Prop35
280
     0
102
RTVSPost2010PropOp35
 70
     1
102
RTVSPost2010Prop36
280
     0
102
RTVSPost2010PropOp36
 70
     1
102
RTVSPost2010Prop37
 90
       50
102
RTVSPost2010PropOp37
 70
     1
102
RTVSPost2010Prop38
140
0.0
102
RTVSPost2010PropOp38
 70
     1
102
RTVSPost2010Prop39
140
1.0
102
RTVSPost2010PropOp39
 70
     1
102
RTVSPost2010Prop40
 90
        0
102
RTVSPost2010PropOp40
 70
     1
102
RTVSPost2010Prop41ColorIndex
 90
       18
102
RTVSPost2010Prop41ColorRGB
 90
        0
102
RTVSPost2010PropOp41
 70
     1
102
RTVSPost2010Prop42
 90
       50
102
RTVSPost2010PropOp42
 70
     1
102
RTVSPost2010Prop43
 90
        3
102
RTVSPost2010PropOp43
 70
     1
102
RTVSPost2010Prop44ColorIndex
 90
        5
102
RTVSPost2010Prop44ColorRGB
 90
      255
102
RTVSPost2010PropOp44
 70
     1
102
RTVSPost2010Prop45
280
     0
102
RTVSPost2010PropOp45
 70
     1
102
RTVSPost2010Prop46
 90
       50
102
RTVSPost2010PropOp46
 70
     1
102
RTVSPost2010Prop47
 90
       50
102
RTVSPost2010PropOp47
 70
     1
102
RTVSPost2010Prop48
 90
       50
102
RTVSPost2010PropOp48
 70
     1
102
RTVSPost2010Prop49
280
     0
102
RTVSPost2010PropOp49
 70
     1
102
RTVSPost2010Prop50
 90
       50
102
RTVSPost2010PropOp50
 70
     1
102
RTVSPost2010Prop51ColorIndex
 90
      256
102
RTVSPost2010Prop51ColorRGB
 90
-16777216
102
RTVSPost2010PropOp51
 70
     0
102
RTVSPost2010Prop52
140
1.0
102
RTVSPost2010PropOp52
 70
     0
102
RTVSPost2010Prop53
 90
        2
102
RTVSPost2010PropOp53
 70
     1
102
RTVSPost2010Prop54
  1
strokes_ogs.tif
102
RTVSPost2010PropOp54
 70
     1
102
RTVSPost2010Prop55
280
     0
102
RTVSPost2010PropOp55
 70
     1
102
RTVSPost2010Prop56
140
1.0
102
RTVSPost2010PropOp56
 70
     1
102
RTVSPost2010Prop57
140
1.0
102
RTVSPost2010PropOp57
 70
     1
  0
XRECORD
  5
B38
102
{ACAD_REACTORS
330
B37
102
}
330
B37
100
AcDbXrecord
280
     1
102
RTVSPost2010Prop28
280
     0
102
RTVSPost2010PropOp28
 70
     1
102
RTVSPost2010Prop29
280
     1
102
RTVSPost2010PropOp29
 70
     1
102
RTVSPost2010Prop30
280
     1
102
RTVSPost2010PropOp30
 70
     1
102
RTVSPost2010Prop31
280
     0
102
RTVSPost2010PropOp31
 70
     1
102
RTVSPost2010Prop32
280
     0
102
RTVSPost2010PropOp32
 70
     1
102
RTVSPost2010Prop33
280
     0
102
RTVSPost2010PropOp33
 70
     1
102
RTVSPost2010Prop34
280
     0
102
RTVSPost2010PropOp34
 70
     1
102
RTVSPost2010Prop35
280
     0
102
RTVSPost2010PropOp35
 70
     1
102
RTVSPost2010Prop36
280
     0
102
RTVSPost2010PropOp36
 70
     1
102
RTVSPost2010Prop37
 90
       50
102
RTVSPost2010PropOp37
 70
     1
102
RTVSPost2010Prop38
140
0.0
102
RTVSPost2010PropOp38
 70
     1
102
RTVSPost2010Prop39
140
1.0
102
RTVSPost2010PropOp39
 70
     1
102
RTVSPost2010Prop40
 90
        0
102
RTVSPost2010PropOp40
 70
     1
102
RTVSPost2010Prop41ColorIndex
 90
       18
102
RTVSPost2010Prop41ColorRGB
 90
        0
102
RTVSPost2010PropOp41
 70
     1
102
RTVSPost2010Prop42
 90
       50
102
RTVSPost2010PropOp42
 70
     1
102
RTVSPost2010Prop43
 90
        3
102
RTVSPost2010PropOp43
 70
     1
102
RTVSPost2010Prop44ColorIndex
 90
        5
102
RTVSPost2010Prop44ColorRGB
 90
      255
102
RTVSPost2010PropOp44
 70
     1
102
RTVSPost2010Prop45
280
     0
102
RTVSPost2010PropOp45
 70
     1
102
RTVSPost2010Prop46
 90
       50
102
RTVSPost2010PropOp46
 70
     1
102
RTVSPost2010Prop47
 90
       50
102
RTVSPost2010PropOp47
 70
     1
102
RTVSPost2010Prop48
 90
       50
102
RTVSPost2010PropOp48
 70
     1
102
RTVSPost2010Prop49
280
     0
102
RTVSPost2010PropOp49
 70
     1
102
RTVSPost2010Prop50
 90
       50
102
RTVSPost2010PropOp50
 70
     1
102
RTVSPost2010Prop51ColorIndex
 90
      256
102
RTVSPost2010Prop51ColorRGB
 90
-16777216
102
RTVSPost2010PropOp51
 70
     0
102
RTVSPost2010Prop52
140
1.0
102
RTVSPost2010PropOp52
 70
     0
102
RTVSPost2010Prop53
 90
        2
102
RTVSPost2010PropOp53
 70
     1
102
RTVSPost2010Prop54
  1
strokes_ogs.tif
102
RTVSPost2010PropOp54
 70
     1
102
RTVSPost2010Prop55
280
     0
102
RTVSPost2010PropOp55
 70
     1
102
RTVSPost2010Prop56
140
1.0
102
RTVSPost2010PropOp56
 70
     1
102
RTVSPost2010Prop57
140
1.0
102
RTVSPost2010PropOp57
 70
     1
  0
XRECORD
  5
B2C
102
{ACAD_REACTORS
330
B2B
102
}
330
B2B
100
AcDbXrecord
280
     1
102
RTVSPost2010Prop28
280
     0
102
RTVSPost2010PropOp28
 70
     1
102
RTVSPost2010Prop29
280
     1
102
RTVSPost2010PropOp29
 70
     1
102
RTVSPost2010Prop30
280
     1
102
RTVSPost2010PropOp30
 70
     1
102
RTVSPost2010Prop31
280
     0
102
RTVSPost2010PropOp31
 70
     1
102
RTVSPost2010Prop32
280
     0
102
RTVSPost2010PropOp32
 70
     1
102
RTVSPost2010Prop33
280
     0
102
RTVSPost2010PropOp33
 70
     1
102
RTVSPost2010Prop34
280
     0
102
RTVSPost2010PropOp34
 70
     1
102
RTVSPost2010Prop35
280
     0
102
RTVSPost2010PropOp35
 70
     1
102
RTVSPost2010Prop36
280
     0
102
RTVSPost2010PropOp36
 70
     1
102
RTVSPost2010Prop37
 90
       50
102
RTVSPost2010PropOp37
 70
     1
102
RTVSPost2010Prop38
140
0.0
102
RTVSPost2010PropOp38
 70
     1
102
RTVSPost2010Prop39
140
1.0
102
RTVSPost2010PropOp39
 70
     1
102
RTVSPost2010Prop40
 90
        0
102
RTVSPost2010PropOp40
 70
     1
102
RTVSPost2010Prop41ColorIndex
 90
       18
102
RTVSPost2010Prop41ColorRGB
 90
        0
102
RTVSPost2010PropOp41
 70
     1
102
RTVSPost2010Prop42
 90
       50
102
RTVSPost2010PropOp42
 70
     1
102
RTVSPost2010Prop43
 90
        3
102
RTVSPost2010PropOp43
 70
     1
102
RTVSPost2010Prop44ColorIndex
 90
        5
102
RTVSPost2010Prop44ColorRGB
 90
      255
102
RTVSPost2010PropOp44
 70
     1
102
RTVSPost2010Prop45
280
     0
102
RTVSPost2010PropOp45
 70
     1
102
RTVSPost2010Prop46
 90
       50
102
RTVSPost2010PropOp46
 70
     1
102
RTVSPost2010Prop47
 90
       50
102
RTVSPost2010PropOp47
 70
     1
102
RTVSPost2010Prop48
 90
       50
102
RTVSPost2010PropOp48
 70
     1
102
RTVSPost2010Prop49
280
     0
102
RTVSPost2010PropOp49
 70
     1
102
RTVSPost2010Prop50
 90
       50
102
RTVSPost2010PropOp50
 70
     1
102
RTVSPost2010Prop51ColorIndex
 90
      256
102
RTVSPost2010Prop51ColorRGB
 90
-16777216
102
RTVSPost2010PropOp51
 70
     0
102
RTVSPost2010Prop52
140
1.0
102
RTVSPost2010PropOp52
 70
     0
102
RTVSPost2010Prop53
 90
        2
102
RTVSPost2010PropOp53
 70
     1
102
RTVSPost2010Prop54
  1
strokes_ogs.tif
102
RTVSPost2010PropOp54
 70
     1
102
RTVSPost2010Prop55
280
     0
102
RTVSPost2010PropOp55
 70
     1
102
RTVSPost2010Prop56
140
1.0
102
RTVSPost2010PropOp56
 70
     1
102
RTVSPost2010Prop57
140
1.0
102
RTVSPost2010PropOp57
 70
     1
  0
XRECORD
  5
B2E
102
{ACAD_REACTORS
330
B2D
102
}
330
B2D
100
AcDbXrecord
280
     1
102
RTVSPost2010Prop28
280
     0
102
RTVSPost2010PropOp28
 70
     1
102
RTVSPost2010Prop29
280
     1
102
RTVSPost2010PropOp29
 70
     1
102
RTVSPost2010Prop30
280
     1
102
RTVSPost2010PropOp30
 70
     1
102
RTVSPost2010Prop31
280
     0
102
RTVSPost2010PropOp31
 70
     1
102
RTVSPost2010Prop32
280
     0
102
RTVSPost2010PropOp32
 70
     1
102
RTVSPost2010Prop33
280
     0
102
RTVSPost2010PropOp33
 70
     1
102
RTVSPost2010Prop34
280
     0
102
RTVSPost2010PropOp34
 70
     1
102
RTVSPost2010Prop35
280
     0
102
RTVSPost2010PropOp35
 70
     1
102
RTVSPost2010Prop36
280
     0
102
RTVSPost2010PropOp36
 70
     1
102
RTVSPost2010Prop37
 90
       50
102
RTVSPost2010PropOp37
 70
     1
102
RTVSPost2010Prop38
140
0.0
102
RTVSPost2010PropOp38
 70
     1
102
RTVSPost2010Prop39
140
1.0
102
RTVSPost2010PropOp39
 70
     1
102
RTVSPost2010Prop40
 90
        0
102
RTVSPost2010PropOp40
 70
     1
102
RTVSPost2010Prop41ColorIndex
 90
       18
102
RTVSPost2010Prop41ColorRGB
 90
        0
102
RTVSPost2010PropOp41
 70
     1
102
RTVSPost2010Prop42
 90
       50
102
RTVSPost2010PropOp42
 70
     1
102
RTVSPost2010Prop43
 90
        3
102
RTVSPost2010PropOp43
 70
     1
102
RTVSPost2010Prop44ColorIndex
 90
        5
102
RTVSPost2010Prop44ColorRGB
 90
      255
102
RTVSPost2010PropOp44
 70
     1
102
RTVSPost2010Prop45
280
     0
102
RTVSPost2010PropOp45
 70
     1
102
RTVSPost2010Prop46
 90
       50
102
RTVSPost2010PropOp46
 70
     1
102
RTVSPost2010Prop47
 90
       50
102
RTVSPost2010PropOp47
 70
     1
102
RTVSPost2010Prop48
 90
       50
102
RTVSPost2010PropOp48
 70
     1
102
RTVSPost2010Prop49
280
     0
102
RTVSPost2010PropOp49
 70
     1
102
RTVSPost2010Prop50
 90
       50
102
RTVSPost2010PropOp50
 70
     1
102
RTVSPost2010Prop51ColorIndex
 90
      256
102
RTVSPost2010Prop51ColorRGB
 90
-16777216
102
RTVSPost2010PropOp51
 70
     0
102
RTVSPost2010Prop52
140
1.0
102
RTVSPost2010PropOp52
 70
     0
102
RTVSPost2010Prop53
 90
        2
102
RTVSPost2010PropOp53
 70
     1
102
RTVSPost2010Prop54
  1
strokes_ogs.tif
102
RTVSPost2010PropOp54
 70
     1
102
RTVSPost2010Prop55
280
     0
102
RTVSPost2010PropOp55
 70
     1
102
RTVSPost2010Prop56
140
1.0
102
RTVSPost2010PropOp56
 70
     1
102
RTVSPost2010Prop57
140
1.0
102
RTVSPost2010PropOp57
 70
     1
  0
XRECORD
  5
B3E
102
{ACAD_REACTORS
330
B3D
102
}
330
B3D
100
AcDbXrecord
280
     1
102
RTVSPost2010Prop28
280
     0
102
RTVSPost2010PropOp28
 70
     0
102
RTVSPost2010Prop29
280
     1
102
RTVSPost2010PropOp29
 70
     0
102
RTVSPost2010Prop30
280
     1
102
RTVSPost2010PropOp30
 70
     0
102
RTVSPost2010Prop31
280
     0
102
RTVSPost2010PropOp31
 70
     0
102
RTVSPost2010Prop32
280
     0
102
RTVSPost2010PropOp32
 70
     0
102
RTVSPost2010Prop33
280
     0
102
RTVSPost2010PropOp33
 70
     0
102
RTVSPost2010Prop34
280
     0
102
RTVSPost2010PropOp34
 70
     0
102
RTVSPost2010Prop35
280
     0
102
RTVSPost2010PropOp35
 70
     0
102
RTVSPost2010Prop36
280
     0
102
RTVSPost2010PropOp36
 70
     0
102
RTVSPost2010Prop37
 90
       50
102
RTVSPost2010PropOp37
 70
     0
102
RTVSPost2010Prop38
140
0.0
102
RTVSPost2010PropOp38
 70
     0
102
RTVSPost2010Prop39
140
1.0
102
RTVSPost2010PropOp39
 70
     0
102
RTVSPost2010Prop40
 90
        0
102
RTVSPost2010PropOp40
 70
     0
102
RTVSPost2010Prop41ColorIndex
 90
       18
102
RTVSPost2010Prop41ColorRGB
 90
        0
102
RTVSPost2010PropOp41
 70
     0
102
RTVSPost2010Prop42
 90
       50
102
RTVSPost2010PropOp42
 70
     0
102
RTVSPost2010Prop43
 90
        3
102
RTVSPost2010PropOp43
 70
     0
102
RTVSPost2010Prop44ColorIndex
 90
        5
102
RTVSPost2010Prop44ColorRGB
 90
      255
102
RTVSPost2010PropOp44
 70
     0
102
RTVSPost2010Prop45
280
     0
102
RTVSPost2010PropOp45
 70
     0
102
RTVSPost2010Prop46
 90
       50
102
RTVSPost2010PropOp46
 70
     0
102
RTVSPost2010Prop47
 90
       50
102
RTVSPost2010PropOp47
 70
     0
102
RTVSPost2010Prop48
 90
       50
102
RTVSPost2010PropOp48
 70
     0
102
RTVSPost2010Prop49
280
     0
102
RTVSPost2010PropOp49
 70
     0
102
RTVSPost2010Prop50
 90
       50
102
RTVSPost2010PropOp50
 70
     0
102
RTVSPost2010Prop51ColorIndex
 90
      256
102
RTVSPost2010Prop51ColorRGB
 90
-16777216
102
RTVSPost2010PropOp51
 70
     0
102
RTVSPost2010Prop52
140
1.0
102
RTVSPost2010PropOp52
 70
     0
102
RTVSPost2010Prop53
 90
        2
102
RTVSPost2010PropOp53
 70
     0
102
RTVSPost2010Prop54
  1
strokes_ogs.tif
102
RTVSPost2010PropOp54
 70
     0
102
RTVSPost2010Prop55
280
     0
102
RTVSPost2010PropOp55
 70
     0
102
RTVSPost2010Prop56
140
1.0
102
RTVSPost2010PropOp56
 70
     0
102
RTVSPost2010Prop57
140
1.0
102
RTVSPost2010PropOp57
 70
     0
  0
XRECORD
  5
B36
102
{ACAD_REACTORS
330
B35
102
}
330
B35
100
AcDbXrecord
280
     1
102
RTVSPost2010Prop28
280
     0
102
RTVSPost2010PropOp28
 70
     1
102
RTVSPost2010Prop29
280
     1
102
RTVSPost2010PropOp29
 70
     1
102
RTVSPost2010Prop30
280
     1
102
RTVSPost2010PropOp30
 70
     1
102
RTVSPost2010Prop31
280
     0
102
RTVSPost2010PropOp31
 70
     1
102
RTVSPost2010Prop32
280
     0
102
RTVSPost2010PropOp32
 70
     1
102
RTVSPost2010Prop33
280
     0
102
RTVSPost2010PropOp33
 70
     1
102
RTVSPost2010Prop34
280
     0
102
RTVSPost2010PropOp34
 70
     1
102
RTVSPost2010Prop35
280
     0
102
RTVSPost2010PropOp35
 70
     1
102
RTVSPost2010Prop36
280
     0
102
RTVSPost2010PropOp36
 70
     1
102
RTVSPost2010Prop37
 90
       50
102
RTVSPost2010PropOp37
 70
     1
102
RTVSPost2010Prop38
140
0.0
102
RTVSPost2010PropOp38
 70
     1
102
RTVSPost2010Prop39
140
1.0
102
RTVSPost2010PropOp39
 70
     1
102
RTVSPost2010Prop40
 90
        0
102
RTVSPost2010PropOp40
 70
     1
102
RTVSPost2010Prop41ColorIndex
 90
       18
102
RTVSPost2010Prop41ColorRGB
 90
        0
102
RTVSPost2010PropOp41
 70
     1
102
RTVSPost2010Prop42
 90
       50
102
RTVSPost2010PropOp42
 70
     1
102
RTVSPost2010Prop43
 90
        3
102
RTVSPost2010PropOp43
 70
     1
102
RTVSPost2010Prop44ColorIndex
 90
        5
102
RTVSPost2010Prop44ColorRGB
 90
      255
102
RTVSPost2010PropOp44
 70
     1
102
RTVSPost2010Prop45
280
     0
102
RTVSPost2010PropOp45
 70
     1
102
RTVSPost2010Prop46
 90
       50
102
RTVSPost2010PropOp46
 70
     1
102
RTVSPost2010Prop47
 90
       50
102
RTVSPost2010PropOp47
 70
     1
102
RTVSPost2010Prop48
 90
       50
102
RTVSPost2010PropOp48
 70
     1
102
RTVSPost2010Prop49
280
     0
102
RTVSPost2010PropOp49
 70
     1
102
RTVSPost2010Prop50
 90
       50
102
RTVSPost2010PropOp50
 70
     1
102
RTVSPost2010Prop51ColorIndex
 90
      256
102
RTVSPost2010Prop51ColorRGB
 90
-16777216
102
RTVSPost2010PropOp51
 70
     0
102
RTVSPost2010Prop52
140
1.0
102
RTVSPost2010PropOp52
 70
     0
102
RTVSPost2010Prop53
 90
        2
102
RTVSPost2010PropOp53
 70
     1
102
RTVSPost2010Prop54
  1
strokes_ogs.tif
102
RTVSPost2010PropOp54
 70
     1
102
RTVSPost2010Prop55
280
     0
102
RTVSPost2010PropOp55
 70
     1
102
RTVSPost2010Prop56
140
1.0
102
RTVSPost2010PropOp56
 70
     1
102
RTVSPost2010Prop57
140
1.0
102
RTVSPost2010PropOp57
 70
     1
  0
XRECORD
  5
B1A
102
{ACAD_REACTORS
330
B19
102
}
330
B19
100
AcDbXrecord
280
     1
102
RTVSPost2010Prop28
280
     0
102
RTVSPost2010PropOp28
 70
     1
102
RTVSPost2010Prop29
280
     1
102
RTVSPost2010PropOp29
 70
     1
102
RTVSPost2010Prop30
280
     1
102
RTVSPost2010PropOp30
 70
     1
102
RTVSPost2010Prop31
280
     0
102
RTVSPost2010PropOp31
 70
     1
102
RTVSPost2010Prop32
280
     0
102
RTVSPost2010PropOp32
 70
     1
102
RTVSPost2010Prop33
280
     0
102
RTVSPost2010PropOp33
 70
     1
102
RTVSPost2010Prop34
280
     0
102
RTVSPost2010PropOp34
 70
     1
102
RTVSPost2010Prop35
280
     0
102
RTVSPost2010PropOp35
 70
     1
102
RTVSPost2010Prop36
280
     0
102
RTVSPost2010PropOp36
 70
     1
102
RTVSPost2010Prop37
 90
       50
102
RTVSPost2010PropOp37
 70
     1
102
RTVSPost2010Prop38
140
0.0
102
RTVSPost2010PropOp38
 70
     1
102
RTVSPost2010Prop39
140
1.0
102
RTVSPost2010PropOp39
 70
     1
102
RTVSPost2010Prop40
 90
        0
102
RTVSPost2010PropOp40
 70
     1
102
RTVSPost2010Prop41ColorIndex
 90
       18
102
RTVSPost2010Prop41ColorRGB
 90
        0
102
RTVSPost2010PropOp41
 70
     1
102
RTVSPost2010Prop42
 90
       50
102
RTVSPost2010PropOp42
 70
     1
102
RTVSPost2010Prop43
 90
        3
102
RTVSPost2010PropOp43
 70
     1
102
RTVSPost2010Prop44ColorIndex
 90
        5
102
RTVSPost2010Prop44ColorRGB
 90
      255
102
RTVSPost2010PropOp44
 70
     1
102
RTVSPost2010Prop45
280
     0
102
RTVSPost2010PropOp45
 70
     1
102
RTVSPost2010Prop46
 90
       50
102
RTVSPost2010PropOp46
 70
     1
102
RTVSPost2010Prop47
 90
       50
102
RTVSPost2010PropOp47
 70
     1
102
RTVSPost2010Prop48
 90
       50
102
RTVSPost2010PropOp48
 70
     1
102
RTVSPost2010Prop49
280
     0
102
RTVSPost2010PropOp49
 70
     1
102
RTVSPost2010Prop50
 90
       50
102
RTVSPost2010PropOp50
 70
     1
102
RTVSPost2010Prop51ColorIndex
 90
      256
102
RTVSPost2010Prop51ColorRGB
 90
-16777216
102
RTVSPost2010PropOp51
 70
     0
102
RTVSPost2010Prop52
140
1.0
102
RTVSPost2010PropOp52
 70
     0
102
RTVSPost2010Prop53
 90
        2
102
RTVSPost2010PropOp53
 70
     1
102
RTVSPost2010Prop54
  1
strokes_ogs.tif
102
RTVSPost2010PropOp54
 70
     1
102
RTVSPost2010Prop55
280
     0
102
RTVSPost2010PropOp55
 70
     1
102
RTVSPost2010Prop56
140
1.0
102
RTVSPost2010PropOp56
 70
     1
102
RTVSPost2010Prop57
140
1.0
102
RTVSPost2010PropOp57
 70
     1
  0
XRECORD
  5
B1C
102
{ACAD_REACTORS
330
B1B
102
}
330
B1B
100
AcDbXrecord
280
     1
102
RTVSPost2010Prop28
280
     0
102
RTVSPost2010PropOp28
 70
     1
102
RTVSPost2010Prop29
280
     1
102
RTVSPost2010PropOp29
 70
     1
102
RTVSPost2010Prop30
280
     1
102
RTVSPost2010PropOp30
 70
     1
102
RTVSPost2010Prop31
280
     0
102
RTVSPost2010PropOp31
 70
     1
102
RTVSPost2010Prop32
280
     0
102
RTVSPost2010PropOp32
 70
     1
102
RTVSPost2010Prop33
280
     0
102
RTVSPost2010PropOp33
 70
     1
102
RTVSPost2010Prop34
280
     0
102
RTVSPost2010PropOp34
 70
     1
102
RTVSPost2010Prop35
280
     0
102
RTVSPost2010PropOp35
 70
     1
102
RTVSPost2010Prop36
280
     0
102
RTVSPost2010PropOp36
 70
     1
102
RTVSPost2010Prop37
 90
       50
102
RTVSPost2010PropOp37
 70
     1
102
RTVSPost2010Prop38
140
0.0
102
RTVSPost2010PropOp38
 70
     1
102
RTVSPost2010Prop39
140
1.0
102
RTVSPost2010PropOp39
 70
     1
102
RTVSPost2010Prop40
 90
        0
102
RTVSPost2010PropOp40
 70
     1
102
RTVSPost2010Prop41ColorIndex
 90
       18
102
RTVSPost2010Prop41ColorRGB
 90
        0
102
RTVSPost2010PropOp41
 70
     1
102
RTVSPost2010Prop42
 90
       50
102
RTVSPost2010PropOp42
 70
     1
102
RTVSPost2010Prop43
 90
        3
102
RTVSPost2010PropOp43
 70
     1
102
RTVSPost2010Prop44ColorIndex
 90
        5
102
RTVSPost2010Prop44ColorRGB
 90
      255
102
RTVSPost2010PropOp44
 70
     1
102
RTVSPost2010Prop45
280
     0
102
RTVSPost2010PropOp45
 70
     1
102
RTVSPost2010Prop46
 90
       50
102
RTVSPost2010PropOp46
 70
     1
102
RTVSPost2010Prop47
 90
       50
102
RTVSPost2010PropOp47
 70
     1
102
RTVSPost2010Prop48
 90
       50
102
RTVSPost2010PropOp48
 70
     1
102
RTVSPost2010Prop49
280
     0
102
RTVSPost2010PropOp49
 70
     1
102
RTVSPost2010Prop50
 90
       50
102
RTVSPost2010PropOp50
 70
     1
102
RTVSPost2010Prop51ColorIndex
 90
      256
102
RTVSPost2010Prop51ColorRGB
 90
-16777216
102
RTVSPost2010PropOp51
 70
     0
102
RTVSPost2010Prop52
140
1.0
102
RTVSPost2010PropOp52
 70
     0
102
RTVSPost2010Prop53
 90
        2
102
RTVSPost2010PropOp53
 70
     1
102
RTVSPost2010Prop54
  1
strokes_ogs.tif
102
RTVSPost2010PropOp54
 70
     1
102
RTVSPost2010Prop55
280
     0
102
RTVSPost2010PropOp55
 70
     1
102
RTVSPost2010Prop56
140
1.0
102
RTVSPost2010PropOp56
 70
     1
102
RTVSPost2010Prop57
140
1.0
102
RTVSPost2010PropOp57
 70
     1
  0
XRECORD
  5
B1E
102
{ACAD_REACTORS
330
B1D
102
}
330
B1D
100
AcDbXrecord
280
     1
102
RTVSPost2010Prop28
280
     0
102
RTVSPost2010PropOp28
 70
     1
102
RTVSPost2010Prop29
280
     1
102
RTVSPost2010PropOp29
 70
     1
102
RTVSPost2010Prop30
280
     1
102
RTVSPost2010PropOp30
 70
     1
102
RTVSPost2010Prop31
280
     0
102
RTVSPost2010PropOp31
 70
     1
102
RTVSPost2010Prop32
280
     0
102
RTVSPost2010PropOp32
 70
     1
102
RTVSPost2010Prop33
280
     0
102
RTVSPost2010PropOp33
 70
     1
102
RTVSPost2010Prop34
280
     0
102
RTVSPost2010PropOp34
 70
     1
102
RTVSPost2010Prop35
280
     0
102
RTVSPost2010PropOp35
 70
     1
102
RTVSPost2010Prop36
280
     0
102
RTVSPost2010PropOp36
 70
     1
102
RTVSPost2010Prop37
 90
       50
102
RTVSPost2010PropOp37
 70
     1
102
RTVSPost2010Prop38
140
0.0
102
RTVSPost2010PropOp38
 70
     1
102
RTVSPost2010Prop39
140
1.0
102
RTVSPost2010PropOp39
 70
     1
102
RTVSPost2010Prop40
 90
        0
102
RTVSPost2010PropOp40
 70
     1
102
RTVSPost2010Prop41ColorIndex
 90
       18
102
RTVSPost2010Prop41ColorRGB
 90
        0
102
RTVSPost2010PropOp41
 70
     1
102
RTVSPost2010Prop42
 90
       50
102
RTVSPost2010PropOp42
 70
     1
102
RTVSPost2010Prop43
 90
        3
102
RTVSPost2010PropOp43
 70
     1
102
RTVSPost2010Prop44ColorIndex
 90
        5
102
RTVSPost2010Prop44ColorRGB
 90
      255
102
RTVSPost2010PropOp44
 70
     1
102
RTVSPost2010Prop45
280
     0
102
RTVSPost2010PropOp45
 70
     1
102
RTVSPost2010Prop46
 90
       50
102
RTVSPost2010PropOp46
 70
     1
102
RTVSPost2010Prop47
 90
       50
102
RTVSPost2010PropOp47
 70
     1
102
RTVSPost2010Prop48
 90
       50
102
RTVSPost2010PropOp48
 70
     1
102
RTVSPost2010Prop49
280
     0
102
RTVSPost2010PropOp49
 70
     1
102
RTVSPost2010Prop50
 90
       50
102
RTVSPost2010PropOp50
 70
     1
102
RTVSPost2010Prop51ColorIndex
 90
      256
102
RTVSPost2010Prop51ColorRGB
 90
-16777216
102
RTVSPost2010PropOp51
 70
     0
102
RTVSPost2010Prop52
140
1.0
102
RTVSPost2010PropOp52
 70
     0
102
RTVSPost2010Prop53
 90
        2
102
RTVSPost2010PropOp53
 70
     1
102
RTVSPost2010Prop54
  1
strokes_ogs.tif
102
RTVSPost2010PropOp54
 70
     1
102
RTVSPost2010Prop55
280
     0
102
RTVSPost2010PropOp55
 70
     1
102
RTVSPost2010Prop56
140
1.0
102
RTVSPost2010PropOp56
 70
     1
102
RTVSPost2010Prop57
140
1.0
102
RTVSPost2010PropOp57
 70
     1
  0
XRECORD
  5
B20
102
{ACAD_REACTORS
330
B1F
102
}
330
B1F
100
AcDbXrecord
280
     1
102
RTVSPost2010Prop28
280
     0
102
RTVSPost2010PropOp28
 70
     1
102
RTVSPost2010Prop29
280
     1
102
RTVSPost2010PropOp29
 70
     1
102
RTVSPost2010Prop30
280
     1
102
RTVSPost2010PropOp30
 70
     1
102
RTVSPost2010Prop31
280
     0
102
RTVSPost2010PropOp31
 70
     1
102
RTVSPost2010Prop32
280
     0
102
RTVSPost2010PropOp32
 70
     1
102
RTVSPost2010Prop33
280
     0
102
RTVSPost2010PropOp33
 70
     1
102
RTVSPost2010Prop34
280
     0
102
RTVSPost2010PropOp34
 70
     1
102
RTVSPost2010Prop35
280
     0
102
RTVSPost2010PropOp35
 70
     1
102
RTVSPost2010Prop36
280
     0
102
RTVSPost2010PropOp36
 70
     1
102
RTVSPost2010Prop37
 90
       50
102
RTVSPost2010PropOp37
 70
     1
102
RTVSPost2010Prop38
140
0.0
102
RTVSPost2010PropOp38
 70
     1
102
RTVSPost2010Prop39
140
1.0
102
RTVSPost2010PropOp39
 70
     1
102
RTVSPost2010Prop40
 90
        0
102
RTVSPost2010PropOp40
 70
     1
102
RTVSPost2010Prop41ColorIndex
 90
       18
102
RTVSPost2010Prop41ColorRGB
 90
        0
102
RTVSPost2010PropOp41
 70
     1
102
RTVSPost2010Prop42
 90
       50
102
RTVSPost2010PropOp42
 70
     1
102
RTVSPost2010Prop43
 90
        3
102
RTVSPost2010PropOp43
 70
     1
102
RTVSPost2010Prop44ColorIndex
 90
        5
102
RTVSPost2010Prop44ColorRGB
 90
      255
102
RTVSPost2010PropOp44
 70
     1
102
RTVSPost2010Prop45
280
     0
102
RTVSPost2010PropOp45
 70
     1
102
RTVSPost2010Prop46
 90
       50
102
RTVSPost2010PropOp46
 70
     1
102
RTVSPost2010Prop47
 90
       50
102
RTVSPost2010PropOp47
 70
     1
102
RTVSPost2010Prop48
 90
       50
102
RTVSPost2010PropOp48
 70
     1
102
RTVSPost2010Prop49
280
     0
102
RTVSPost2010PropOp49
 70
     1
102
RTVSPost2010Prop50
 90
       50
102
RTVSPost2010PropOp50
 70
     1
102
RTVSPost2010Prop51ColorIndex
 90
      256
102
RTVSPost2010Prop51ColorRGB
 90
-16777216
102
RTVSPost2010PropOp51
 70
     0
102
RTVSPost2010Prop52
140
1.0
102
RTVSPost2010PropOp52
 70
     0
102
RTVSPost2010Prop53
 90
        2
102
RTVSPost2010PropOp53
 70
     1
102
RTVSPost2010Prop54
  1
strokes_ogs.tif
102
RTVSPost2010PropOp54
 70
     1
102
RTVSPost2010Prop55
280
     0
102
RTVSPost2010PropOp55
 70
     1
102
RTVSPost2010Prop56
140
1.0
102
RTVSPost2010PropOp56
 70
     1
102
RTVSPost2010Prop57
140
1.0
102
RTVSPost2010PropOp57
 70
     1
  0
XRECORD
  5
B26
102
{ACAD_REACTORS
330
B25
102
}
330
B25
100
AcDbXrecord
280
     1
102
RTVSPost2010Prop28
280
     0
102
RTVSPost2010PropOp28
 70
     1
102
RTVSPost2010Prop29
280
     1
102
RTVSPost2010PropOp29
 70
     1
102
RTVSPost2010Prop30
280
     1
102
RTVSPost2010PropOp30
 70
     1
102
RTVSPost2010Prop31
280
     0
102
RTVSPost2010PropOp31
 70
     1
102
RTVSPost2010Prop32
280
     0
102
RTVSPost2010PropOp32
 70
     1
102
RTVSPost2010Prop33
280
     0
102
RTVSPost2010PropOp33
 70
     1
102
RTVSPost2010Prop34
280
     0
102
RTVSPost2010PropOp34
 70
     1
102
RTVSPost2010Prop35
280
     0
102
RTVSPost2010PropOp35
 70
     1
102
RTVSPost2010Prop36
280
     0
102
RTVSPost2010PropOp36
 70
     1
102
RTVSPost2010Prop37
 90
       50
102
RTVSPost2010PropOp37
 70
     1
102
RTVSPost2010Prop38
140
0.0
102
RTVSPost2010PropOp38
 70
     1
102
RTVSPost2010Prop39
140
1.0
102
RTVSPost2010PropOp39
 70
     1
102
RTVSPost2010Prop40
 90
        0
102
RTVSPost2010PropOp40
 70
     1
102
RTVSPost2010Prop41ColorIndex
 90
       18
102
RTVSPost2010Prop41ColorRGB
 90
        0
102
RTVSPost2010PropOp41
 70
     1
102
RTVSPost2010Prop42
 90
       50
102
RTVSPost2010PropOp42
 70
     1
102
RTVSPost2010Prop43
 90
        3
102
RTVSPost2010PropOp43
 70
     1
102
RTVSPost2010Prop44ColorIndex
 90
        5
102
RTVSPost2010Prop44ColorRGB
 90
      255
102
RTVSPost2010PropOp44
 70
     1
102
RTVSPost2010Prop45
280
     0
102
RTVSPost2010PropOp45
 70
     1
102
RTVSPost2010Prop46
 90
       50
102
RTVSPost2010PropOp46
 70
     1
102
RTVSPost2010Prop47
 90
       50
102
RTVSPost2010PropOp47
 70
     1
102
RTVSPost2010Prop48
 90
       50
102
RTVSPost2010PropOp48
 70
     1
102
RTVSPost2010Prop49
280
     0
102
RTVSPost2010PropOp49
 70
     1
102
RTVSPost2010Prop50
 90
       50
102
RTVSPost2010PropOp50
 70
     1
102
RTVSPost2010Prop51ColorIndex
 90
      256
102
RTVSPost2010Prop51ColorRGB
 90
-16777216
102
RTVSPost2010PropOp51
 70
     0
102
RTVSPost2010Prop52
140
1.0
102
RTVSPost2010PropOp52
 70
     0
102
RTVSPost2010Prop53
 90
        2
102
RTVSPost2010PropOp53
 70
     1
102
RTVSPost2010Prop54
  1
strokes_ogs.tif
102
RTVSPost2010PropOp54
 70
     1
102
RTVSPost2010Prop55
280
     0
102
RTVSPost2010PropOp55
 70
     1
102
RTVSPost2010Prop56
140
1.0
102
RTVSPost2010PropOp56
 70
     1
102
RTVSPost2010Prop57
140
1.0
102
RTVSPost2010PropOp57
 70
     1
  0
XRECORD
  5
B3A
102
{ACAD_REACTORS
330
B39
102
}
330
B39
100
AcDbXrecord
280
     1
102
RTVSPost2010Prop28
280
     0
102
RTVSPost2010PropOp28
 70
     0
102
RTVSPost2010Prop29
280
     1
102
RTVSPost2010PropOp29
 70
     0
102
RTVSPost2010Prop30
280
     1
102
RTVSPost2010PropOp30
 70
     0
102
RTVSPost2010Prop31
280
     0
102
RTVSPost2010PropOp31
 70
     0
102
RTVSPost2010Prop32
280
     0
102
RTVSPost2010PropOp32
 70
     0
102
RTVSPost2010Prop33
280
     0
102
RTVSPost2010PropOp33
 70
     0
102
RTVSPost2010Prop34
280
     0
102
RTVSPost2010PropOp34
 70
     0
102
RTVSPost2010Prop35
280
     0
102
RTVSPost2010PropOp35
 70
     0
102
RTVSPost2010Prop36
280
     0
102
RTVSPost2010PropOp36
 70
     0
102
RTVSPost2010Prop37
 90
       50
102
RTVSPost2010PropOp37
 70
     0
102
RTVSPost2010Prop38
140
0.0
102
RTVSPost2010PropOp38
 70
     0
102
RTVSPost2010Prop39
140
1.0
102
RTVSPost2010PropOp39
 70
     0
102
RTVSPost2010Prop40
 90
        0
102
RTVSPost2010PropOp40
 70
     0
102
RTVSPost2010Prop41ColorIndex
 90
       18
102
RTVSPost2010Prop41ColorRGB
 90
        0
102
RTVSPost2010PropOp41
 70
     0
102
RTVSPost2010Prop42
 90
       50
102
RTVSPost2010PropOp42
 70
     0
102
RTVSPost2010Prop43
 90
        3
102
RTVSPost2010PropOp43
 70
     0
102
RTVSPost2010Prop44ColorIndex
 90
        5
102
RTVSPost2010Prop44ColorRGB
 90
      255
102
RTVSPost2010PropOp44
 70
     0
102
RTVSPost2010Prop45
280
     0
102
RTVSPost2010PropOp45
 70
     0
102
RTVSPost2010Prop46
 90
       50
102
RTVSPost2010PropOp46
 70
     0
102
RTVSPost2010Prop47
 90
       50
102
RTVSPost2010PropOp47
 70
     0
102
RTVSPost2010Prop48
 90
       50
102
RTVSPost2010PropOp48
 70
     0
102
RTVSPost2010Prop49
280
     0
102
RTVSPost2010PropOp49
 70
     0
102
RTVSPost2010Prop50
 90
       50
102
RTVSPost2010PropOp50
 70
     0
102
RTVSPost2010Prop51ColorIndex
 90
      256
102
RTVSPost2010Prop51ColorRGB
 90
-16777216
102
RTVSPost2010PropOp51
 70
     0
102
RTVSPost2010Prop52
140
1.0
102
RTVSPost2010PropOp52
 70
     0
102
RTVSPost2010Prop53
 90
        2
102
RTVSPost2010PropOp53
 70
     0
102
RTVSPost2010Prop54
  1
strokes_ogs.tif
102
RTVSPost2010PropOp54
 70
     0
102
RTVSPost2010Prop55
280
     0
102
RTVSPost2010PropOp55
 70
     0
102
RTVSPost2010Prop56
140
1.0
102
RTVSPost2010PropOp56
 70
     0
102
RTVSPost2010Prop57
140
1.0
102
RTVSPost2010PropOp57
 70
     0
  0
XRECORD
  5
B34
102
{ACAD_REACTORS
330
B33
102
}
330
B33
100
AcDbXrecord
280
     1
102
RTVSPost2010Prop28
280
     0
102
RTVSPost2010PropOp28
 70
     1
102
RTVSPost2010Prop29
280
     1
102
RTVSPost2010PropOp29
 70
     1
102
RTVSPost2010Prop30
280
     1
102
RTVSPost2010PropOp30
 70
     1
102
RTVSPost2010Prop31
280
     0
102
RTVSPost2010PropOp31
 70
     1
102
RTVSPost2010Prop32
280
     0
102
RTVSPost2010PropOp32
 70
     1
102
RTVSPost2010Prop33
280
     0
102
RTVSPost2010PropOp33
 70
     1
102
RTVSPost2010Prop34
280
     0
102
RTVSPost2010PropOp34
 70
     1
102
RTVSPost2010Prop35
280
     0
102
RTVSPost2010PropOp35
 70
     1
102
RTVSPost2010Prop36
280
     0
102
RTVSPost2010PropOp36
 70
     1
102
RTVSPost2010Prop37
 90
       50
102
RTVSPost2010PropOp37
 70
     1
102
RTVSPost2010Prop38
140
0.0
102
RTVSPost2010PropOp38
 70
     1
102
RTVSPost2010Prop39
140
1.0
102
RTVSPost2010PropOp39
 70
     1
102
RTVSPost2010Prop40
 90
        0
102
RTVSPost2010PropOp40
 70
     1
102
RTVSPost2010Prop41ColorIndex
 90
       18
102
RTVSPost2010Prop41ColorRGB
 90
        0
102
RTVSPost2010PropOp41
 70
     1
102
RTVSPost2010Prop42
 90
       50
102
RTVSPost2010PropOp42
 70
     1
102
RTVSPost2010Prop43
 90
        3
102
RTVSPost2010PropOp43
 70
     1
102
RTVSPost2010Prop44ColorIndex
 90
        5
102
RTVSPost2010Prop44ColorRGB
 90
      255
102
RTVSPost2010PropOp44
 70
     1
102
RTVSPost2010Prop45
280
     0
102
RTVSPost2010PropOp45
 70
     1
102
RTVSPost2010Prop46
 90
       50
102
RTVSPost2010PropOp46
 70
     1
102
RTVSPost2010Prop47
 90
       50
102
RTVSPost2010PropOp47
 70
     1
102
RTVSPost2010Prop48
 90
       50
102
RTVSPost2010PropOp48
 70
     1
102
RTVSPost2010Prop49
280
     0
102
RTVSPost2010PropOp49
 70
     1
102
RTVSPost2010Prop50
 90
       50
102
RTVSPost2010PropOp50
 70
     1
102
RTVSPost2010Prop51ColorIndex
 90
      256
102
RTVSPost2010Prop51ColorRGB
 90
-16777216
102
RTVSPost2010PropOp51
 70
     0
102
RTVSPost2010Prop52
140
1.0
102
RTVSPost2010PropOp52
 70
     0
102
RTVSPost2010Prop53
 90
        2
102
RTVSPost2010PropOp53
 70
     1
102
RTVSPost2010Prop54
  1
strokes_ogs.tif
102
RTVSPost2010PropOp54
 70
     1
102
RTVSPost2010Prop55
280
     0
102
RTVSPost2010PropOp55
 70
     1
102
RTVSPost2010Prop56
140
1.0
102
RTVSPost2010PropOp56
 70
     1
102
RTVSPost2010Prop57
140
1.0
102
RTVSPost2010PropOp57
 70
     1
  0
XRECORD
  5
B3C
102
{ACAD_REACTORS
330
B3B
102
}
330
B3B
100
AcDbXrecord
280
     1
102
RTVSPost2010Prop28
280
     0
102
RTVSPost2010PropOp28
 70
     0
102
RTVSPost2010Prop29
280
     1
102
RTVSPost2010PropOp29
 70
     0
102
RTVSPost2010Prop30
280
     1
102
RTVSPost2010PropOp30
 70
     0
102
RTVSPost2010Prop31
280
     0
102
RTVSPost2010PropOp31
 70
     0
102
RTVSPost2010Prop32
280
     0
102
RTVSPost2010PropOp32
 70
     0
102
RTVSPost2010Prop33
280
     0
102
RTVSPost2010PropOp33
 70
     0
102
RTVSPost2010Prop34
280
     0
102
RTVSPost2010PropOp34
 70
     0
102
RTVSPost2010Prop35
280
     0
102
RTVSPost2010PropOp35
 70
     0
102
RTVSPost2010Prop36
280
     0
102
RTVSPost2010PropOp36
 70
     0
102
RTVSPost2010Prop37
 90
       50
102
RTVSPost2010PropOp37
 70
     0
102
RTVSPost2010Prop38
140
0.0
102
RTVSPost2010PropOp38
 70
     0
102
RTVSPost2010Prop39
140
1.0
102
RTVSPost2010PropOp39
 70
     0
102
RTVSPost2010Prop40
 90
        0
102
RTVSPost2010PropOp40
 70
     0
102
RTVSPost2010Prop41ColorIndex
 90
       18
102
RTVSPost2010Prop41ColorRGB
 90
        0
102
RTVSPost2010PropOp41
 70
     0
102
RTVSPost2010Prop42
 90
       50
102
RTVSPost2010PropOp42
 70
     0
102
RTVSPost2010Prop43
 90
        3
102
RTVSPost2010PropOp43
 70
     0
102
RTVSPost2010Prop44ColorIndex
 90
        5
102
RTVSPost2010Prop44ColorRGB
 90
      255
102
RTVSPost2010PropOp44
 70
     0
102
RTVSPost2010Prop45
280
     0
102
RTVSPost2010PropOp45
 70
     0
102
RTVSPost2010Prop46
 90
       50
102
RTVSPost2010PropOp46
 70
     0
102
RTVSPost2010Prop47
 90
       50
102
RTVSPost2010PropOp47
 70
     0
102
RTVSPost2010Prop48
 90
       50
102
RTVSPost2010PropOp48
 70
     0
102
RTVSPost2010Prop49
280
     0
102
RTVSPost2010PropOp49
 70
     0
102
RTVSPost2010Prop50
 90
       50
102
RTVSPost2010PropOp50
 70
     0
102
RTVSPost2010Prop51ColorIndex
 90
      256
102
RTVSPost2010Prop51ColorRGB
 90
-16777216
102
RTVSPost2010PropOp51
 70
     0
102
RTVSPost2010Prop52
140
1.0
102
RTVSPost2010PropOp52
 70
     0
102
RTVSPost2010Prop53
 90
        2
102
RTVSPost2010PropOp53
 70
     0
102
RTVSPost2010Prop54
  1
strokes_ogs.tif
102
RTVSPost2010PropOp54
 70
     0
102
RTVSPost2010Prop55
280
     0
102
RTVSPost2010PropOp55
 70
     0
102
RTVSPost2010Prop56
140
1.0
102
RTVSPost2010PropOp56
 70
     0
102
RTVSPost2010Prop57
140
1.0
102
RTVSPost2010PropOp57
 70
     0
  0
XRECORD
  5
B2A
102
{ACAD_REACTORS
330
B29
102
}
330
B29
100
AcDbXrecord
280
     1
102
RTVSPost2010Prop28
280
     0
102
RTVSPost2010PropOp28
 70
     1
102
RTVSPost2010Prop29
280
     1
102
RTVSPost2010PropOp29
 70
     1
102
RTVSPost2010Prop30
280
     1
102
RTVSPost2010PropOp30
 70
     1
102
RTVSPost2010Prop31
280
     0
102
RTVSPost2010PropOp31
 70
     1
102
RTVSPost2010Prop32
280
     0
102
RTVSPost2010PropOp32
 70
     1
102
RTVSPost2010Prop33
280
     0
102
RTVSPost2010PropOp33
 70
     1
102
RTVSPost2010Prop34
280
     0
102
RTVSPost2010PropOp34
 70
     1
102
RTVSPost2010Prop35
280
     0
102
RTVSPost2010PropOp35
 70
     1
102
RTVSPost2010Prop36
280
     0
102
RTVSPost2010PropOp36
 70
     1
102
RTVSPost2010Prop37
 90
       50
102
RTVSPost2010PropOp37
 70
     1
102
RTVSPost2010Prop38
140
0.0
102
RTVSPost2010PropOp38
 70
     1
102
RTVSPost2010Prop39
140
1.0
102
RTVSPost2010PropOp39
 70
     1
102
RTVSPost2010Prop40
 90
        0
102
RTVSPost2010PropOp40
 70
     1
102
RTVSPost2010Prop41ColorIndex
 90
       18
102
RTVSPost2010Prop41ColorRGB
 90
        0
102
RTVSPost2010PropOp41
 70
     1
102
RTVSPost2010Prop42
 90
       50
102
RTVSPost2010PropOp42
 70
     1
102
RTVSPost2010Prop43
 90
        3
102
RTVSPost2010PropOp43
 70
     1
102
RTVSPost2010Prop44ColorIndex
 90
        5
102
RTVSPost2010Prop44ColorRGB
 90
      255
102
RTVSPost2010PropOp44
 70
     1
102
RTVSPost2010Prop45
280
     0
102
RTVSPost2010PropOp45
 70
     1
102
RTVSPost2010Prop46
 90
       50
102
RTVSPost2010PropOp46
 70
     1
102
RTVSPost2010Prop47
 90
       50
102
RTVSPost2010PropOp47
 70
     1
102
RTVSPost2010Prop48
 90
       50
102
RTVSPost2010PropOp48
 70
     1
102
RTVSPost2010Prop49
280
     0
102
RTVSPost2010PropOp49
 70
     1
102
RTVSPost2010Prop50
 90
       50
102
RTVSPost2010PropOp50
 70
     1
102
RTVSPost2010Prop51ColorIndex
 90
      256
102
RTVSPost2010Prop51ColorRGB
 90
-16777216
102
RTVSPost2010PropOp51
 70
     0
102
RTVSPost2010Prop52
140
1.0
102
RTVSPost2010PropOp52
 70
     0
102
RTVSPost2010Prop53
 90
        2
102
RTVSPost2010PropOp53
 70
     1
102
RTVSPost2010Prop54
  1
strokes_ogs.tif
102
RTVSPost2010PropOp54
 70
     1
102
RTVSPost2010Prop55
280
     0
102
RTVSPost2010PropOp55
 70
     1
102
RTVSPost2010Prop56
140
1.0
102
RTVSPost2010PropOp56
 70
     1
102
RTVSPost2010Prop57
140
1.0
102
RTVSPost2010PropOp57
 70
     1
  0
XRECORD
  5
B48
102
{ACAD_REACTORS
330
B47
102
}
330
B47
100
AcDbXrecord
280
     1
102
RTVSPost2010Prop28
280
     0
102
RTVSPost2010PropOp28
 70
     1
102
RTVSPost2010Prop29
280
     1
102
RTVSPost2010PropOp29
 70
     1
102
RTVSPost2010Prop30
280
     1
102
RTVSPost2010PropOp30
 70
     1
102
RTVSPost2010Prop31
280
     0
102
RTVSPost2010PropOp31
 70
     1
102
RTVSPost2010Prop32
280
     0
102
RTVSPost2010PropOp32
 70
     1
102
RTVSPost2010Prop33
280
     0
102
RTVSPost2010PropOp33
 70
     1
102
RTVSPost2010Prop34
280
     0
102
RTVSPost2010PropOp34
 70
     1
102
RTVSPost2010Prop35
280
     0
102
RTVSPost2010PropOp35
 70
     1
102
RTVSPost2010Prop36
280
     0
102
RTVSPost2010PropOp36
 70
     1
102
RTVSPost2010Prop37
 90
       50
102
RTVSPost2010PropOp37
 70
     1
102
RTVSPost2010Prop38
140
0.0
102
RTVSPost2010PropOp38
 70
     1
102
RTVSPost2010Prop39
140
1.0
102
RTVSPost2010PropOp39
 70
     1
102
RTVSPost2010Prop40
 90
        0
102
RTVSPost2010PropOp40
 70
     1
102
RTVSPost2010Prop41ColorIndex
 90
       18
102
RTVSPost2010Prop41ColorRGB
 90
        0
102
RTVSPost2010PropOp41
 70
     1
102
RTVSPost2010Prop42
 90
       50
102
RTVSPost2010PropOp42
 70
     1
102
RTVSPost2010Prop43
 90
        3
102
RTVSPost2010PropOp43
 70
     1
102
RTVSPost2010Prop44ColorIndex
 90
        5
102
RTVSPost2010Prop44ColorRGB
 90
      255
102
RTVSPost2010PropOp44
 70
     1
102
RTVSPost2010Prop45
280
     0
102
RTVSPost2010PropOp45
 70
     1
102
RTVSPost2010Prop46
 90
       50
102
RTVSPost2010PropOp46
 70
     1
102
RTVSPost2010Prop47
 90
       50
102
RTVSPost2010PropOp47
 70
     1
102
RTVSPost2010Prop48
 90
       50
102
RTVSPost2010PropOp48
 70
     1
102
RTVSPost2010Prop49
280
     0
102
RTVSPost2010PropOp49
 70
     1
102
RTVSPost2010Prop50
 90
       50
102
RTVSPost2010PropOp50
 70
     1
102
RTVSPost2010Prop51ColorIndex
 90
      256
102
RTVSPost2010Prop51ColorRGB
 90
-16777216
102
RTVSPost2010PropOp51
 70
     0
102
RTVSPost2010Prop52
140
1.0
102
RTVSPost2010PropOp52
 70
     0
102
RTVSPost2010Prop53
 90
        2
102
RTVSPost2010PropOp53
 70
     1
102
RTVSPost2010Prop54
  1
strokes_ogs.tif
102
RTVSPost2010PropOp54
 70
     1
102
RTVSPost2010Prop55
280
     0
102
RTVSPost2010PropOp55
 70
     1
102
RTVSPost2010Prop56
140
1.0
102
RTVSPost2010PropOp56
 70
     1
102
RTVSPost2010Prop57
140
1.0
102
RTVSPost2010PropOp57
 70
     1
  0
XRECORD
  5
B46
102
{ACAD_REACTORS
330
B45
102
}
330
B45
100
AcDbXrecord
280
     1
102
RTVSPost2010Prop28
280
     0
102
RTVSPost2010PropOp28
 70
     1
102
RTVSPost2010Prop29
280
     1
102
RTVSPost2010PropOp29
 70
     1
102
RTVSPost2010Prop30
280
     1
102
RTVSPost2010PropOp30
 70
     1
102
RTVSPost2010Prop31
280
     0
102
RTVSPost2010PropOp31
 70
     1
102
RTVSPost2010Prop32
280
     0
102
RTVSPost2010PropOp32
 70
     1
102
RTVSPost2010Prop33
280
     0
102
RTVSPost2010PropOp33
 70
     1
102
RTVSPost2010Prop34
280
     0
102
RTVSPost2010PropOp34
 70
     1
102
RTVSPost2010Prop35
280
     0
102
RTVSPost2010PropOp35
 70
     1
102
RTVSPost2010Prop36
280
     0
102
RTVSPost2010PropOp36
 70
     1
102
RTVSPost2010Prop37
 90
       50
102
RTVSPost2010PropOp37
 70
     1
102
RTVSPost2010Prop38
140
0.0
102
RTVSPost2010PropOp38
 70
     1
102
RTVSPost2010Prop39
140
1.0
102
RTVSPost2010PropOp39
 70
     1
102
RTVSPost2010Prop40
 90
        0
102
RTVSPost2010PropOp40
 70
     1
102
RTVSPost2010Prop41ColorIndex
 90
       18
102
RTVSPost2010Prop41ColorRGB
 90
        0
102
RTVSPost2010PropOp41
 70
     1
102
RTVSPost2010Prop42
 90
       50
102
RTVSPost2010PropOp42
 70
     1
102
RTVSPost2010Prop43
 90
        3
102
RTVSPost2010PropOp43
 70
     1
102
RTVSPost2010Prop44ColorIndex
 90
        5
102
RTVSPost2010Prop44ColorRGB
 90
      255
102
RTVSPost2010PropOp44
 70
     1
102
RTVSPost2010Prop45
280
     0
102
RTVSPost2010PropOp45
 70
     1
102
RTVSPost2010Prop46
 90
       50
102
RTVSPost2010PropOp46
 70
     1
102
RTVSPost2010Prop47
 90
       50
102
RTVSPost2010PropOp47
 70
     1
102
RTVSPost2010Prop48
 90
       50
102
RTVSPost2010PropOp48
 70
     1
102
RTVSPost2010Prop49
280
     0
102
RTVSPost2010PropOp49
 70
     1
102
RTVSPost2010Prop50
 90
       50
102
RTVSPost2010PropOp50
 70
     1
102
RTVSPost2010Prop51ColorIndex
 90
      256
102
RTVSPost2010Prop51ColorRGB
 90
-16777216
102
RTVSPost2010PropOp51
 70
     0
102
RTVSPost2010Prop52
140
1.0
102
RTVSPost2010PropOp52
 70
     0
102
RTVSPost2010Prop53
 90
        2
102
RTVSPost2010PropOp53
 70
     1
102
RTVSPost2010Prop54
  1
strokes_ogs.tif
102
RTVSPost2010PropOp54
 70
     1
102
RTVSPost2010Prop55
280
     0
102
RTVSPost2010PropOp55
 70
     1
102
RTVSPost2010Prop56
140
1.0
102
RTVSPost2010PropOp56
 70
     1
102
RTVSPost2010Prop57
140
1.0
102
RTVSPost2010PropOp57
 70
     1
  0
XRECORD
  5
B40
102
{ACAD_REACTORS
330
B3F
102
}
330
B3F
100
AcDbXrecord
280
     1
102
RTVSPost2010Prop28
280
     0
102
RTVSPost2010PropOp28
 70
     1
102
RTVSPost2010Prop29
280
     1
102
RTVSPost2010PropOp29
 70
     1
102
RTVSPost2010Prop30
280
     1
102
RTVSPost2010PropOp30
 70
     1
102
RTVSPost2010Prop31
280
     0
102
RTVSPost2010PropOp31
 70
     1
102
RTVSPost2010Prop32
280
     0
102
RTVSPost2010PropOp32
 70
     1
102
RTVSPost2010Prop33
280
     0
102
RTVSPost2010PropOp33
 70
     1
102
RTVSPost2010Prop34
280
     0
102
RTVSPost2010PropOp34
 70
     1
102
RTVSPost2010Prop35
280
     0
102
RTVSPost2010PropOp35
 70
     1
102
RTVSPost2010Prop36
280
     0
102
RTVSPost2010PropOp36
 70
     1
102
RTVSPost2010Prop37
 90
       50
102
RTVSPost2010PropOp37
 70
     1
102
RTVSPost2010Prop38
140
0.0
102
RTVSPost2010PropOp38
 70
     1
102
RTVSPost2010Prop39
140
1.0
102
RTVSPost2010PropOp39
 70
     1
102
RTVSPost2010Prop40
 90
        0
102
RTVSPost2010PropOp40
 70
     1
102
RTVSPost2010Prop41ColorIndex
 90
       18
102
RTVSPost2010Prop41ColorRGB
 90
        0
102
RTVSPost2010PropOp41
 70
     1
102
RTVSPost2010Prop42
 90
       50
102
RTVSPost2010PropOp42
 70
     1
102
RTVSPost2010Prop43
 90
        3
102
RTVSPost2010PropOp43
 70
     1
102
RTVSPost2010Prop44ColorIndex
 90
        5
102
RTVSPost2010Prop44ColorRGB
 90
      255
102
RTVSPost2010PropOp44
 70
     1
102
RTVSPost2010Prop45
280
     0
102
RTVSPost2010PropOp45
 70
     1
102
RTVSPost2010Prop46
 90
       50
102
RTVSPost2010PropOp46
 70
     1
102
RTVSPost2010Prop47
 90
       50
102
RTVSPost2010PropOp47
 70
     1
102
RTVSPost2010Prop48
 90
       50
102
RTVSPost2010PropOp48
 70
     1
102
RTVSPost2010Prop49
280
     0
102
RTVSPost2010PropOp49
 70
     1
102
RTVSPost2010Prop50
 90
       50
102
RTVSPost2010PropOp50
 70
     1
102
RTVSPost2010Prop51ColorIndex
 90
      256
102
RTVSPost2010Prop51ColorRGB
 90
-16777216
102
RTVSPost2010PropOp51
 70
     0
102
RTVSPost2010Prop52
140
1.0
102
RTVSPost2010PropOp52
 70
     0
102
RTVSPost2010Prop53
 90
        2
102
RTVSPost2010PropOp53
 70
     1
102
RTVSPost2010Prop54
  1
strokes_ogs.tif
102
RTVSPost2010PropOp54
 70
     1
102
RTVSPost2010Prop55
280
     0
102
RTVSPost2010PropOp55
 70
     1
102
RTVSPost2010Prop56
140
1.0
102
RTVSPost2010PropOp56
 70
     1
102
RTVSPost2010Prop57
140
1.0
102
RTVSPost2010PropOp57
 70
     1
  0
XRECORD
  5
B42
102
{ACAD_REACTORS
330
B41
102
}
330
B41
100
AcDbXrecord
280
     1
102
RTVSPost2010Prop28
280
     0
102
RTVSPost2010PropOp28
 70
     1
102
RTVSPost2010Prop29
280
     1
102
RTVSPost2010PropOp29
 70
     1
102
RTVSPost2010Prop30
280
     1
102
RTVSPost2010PropOp30
 70
     1
102
RTVSPost2010Prop31
280
     0
102
RTVSPost2010PropOp31
 70
     1
102
RTVSPost2010Prop32
280
     0
102
RTVSPost2010PropOp32
 70
     1
102
RTVSPost2010Prop33
280
     0
102
RTVSPost2010PropOp33
 70
     1
102
RTVSPost2010Prop34
280
     0
102
RTVSPost2010PropOp34
 70
     1
102
RTVSPost2010Prop35
280
     0
102
RTVSPost2010PropOp35
 70
     1
102
RTVSPost2010Prop36
280
     0
102
RTVSPost2010PropOp36
 70
     1
102
RTVSPost2010Prop37
 90
       50
102
RTVSPost2010PropOp37
 70
     1
102
RTVSPost2010Prop38
140
0.0
102
RTVSPost2010PropOp38
 70
     1
102
RTVSPost2010Prop39
140
1.0
102
RTVSPost2010PropOp39
 70
     1
102
RTVSPost2010Prop40
 90
        0
102
RTVSPost2010PropOp40
 70
     1
102
RTVSPost2010Prop41ColorIndex
 90
       18
102
RTVSPost2010Prop41ColorRGB
 90
        0
102
RTVSPost2010PropOp41
 70
     1
102
RTVSPost2010Prop42
 90
       50
102
RTVSPost2010PropOp42
 70
     1
102
RTVSPost2010Prop43
 90
        3
102
RTVSPost2010PropOp43
 70
     1
102
RTVSPost2010Prop44ColorIndex
 90
        5
102
RTVSPost2010Prop44ColorRGB
 90
      255
102
RTVSPost2010PropOp44
 70
     1
102
RTVSPost2010Prop45
280
     0
102
RTVSPost2010PropOp45
 70
     1
102
RTVSPost2010Prop46
 90
       50
102
RTVSPost2010PropOp46
 70
     1
102
RTVSPost2010Prop47
 90
       50
102
RTVSPost2010PropOp47
 70
     1
102
RTVSPost2010Prop48
 90
       50
102
RTVSPost2010PropOp48
 70
     1
102
RTVSPost2010Prop49
280
     0
102
RTVSPost2010PropOp49
 70
     1
102
RTVSPost2010Prop50
 90
       50
102
RTVSPost2010PropOp50
 70
     1
102
RTVSPost2010Prop51ColorIndex
 90
      256
102
RTVSPost2010Prop51ColorRGB
 90
-16777216
102
RTVSPost2010PropOp51
 70
     0
102
RTVSPost2010Prop52
140
1.0
102
RTVSPost2010PropOp52
 70
     0
102
RTVSPost2010Prop53
 90
        2
102
RTVSPost2010PropOp53
 70
     1
102
RTVSPost2010Prop54
  1
strokes_ogs.tif
102
RTVSPost2010PropOp54
 70
     1
102
RTVSPost2010Prop55
280
     0
102
RTVSPost2010PropOp55
 70
     1
102
RTVSPost2010Prop56
140
1.0
102
RTVSPost2010PropOp56
 70
     1
102
RTVSPost2010Prop57
140
1.0
102
RTVSPost2010PropOp57
 70
     1
  0
XRECORD
  5
B32
102
{ACAD_REACTORS
330
B31
102
}
330
B31
100
AcDbXrecord
280
     1
102
RTVSPost2010Prop28
280
     0
102
RTVSPost2010PropOp28
 70
     1
102
RTVSPost2010Prop29
280
     1
102
RTVSPost2010PropOp29
 70
     1
102
RTVSPost2010Prop30
280
     1
102
RTVSPost2010PropOp30
 70
     1
102
RTVSPost2010Prop31
280
     0
102
RTVSPost2010PropOp31
 70
     1
102
RTVSPost2010Prop32
280
     0
102
RTVSPost2010PropOp32
 70
     1
102
RTVSPost2010Prop33
280
     0
102
RTVSPost2010PropOp33
 70
     1
102
RTVSPost2010Prop34
280
     0
102
RTVSPost2010PropOp34
 70
     1
102
RTVSPost2010Prop35
280
     0
102
RTVSPost2010PropOp35
 70
     1
102
RTVSPost2010Prop36
280
     0
102
RTVSPost2010PropOp36
 70
     1
102
RTVSPost2010Prop37
 90
       50
102
RTVSPost2010PropOp37
 70
     1
102
RTVSPost2010Prop38
140
0.0
102
RTVSPost2010PropOp38
 70
     1
102
RTVSPost2010Prop39
140
1.0
102
RTVSPost2010PropOp39
 70
     1
102
RTVSPost2010Prop40
 90
        0
102
RTVSPost2010PropOp40
 70
     1
102
RTVSPost2010Prop41ColorIndex
 90
       18
102
RTVSPost2010Prop41ColorRGB
 90
        0
102
RTVSPost2010PropOp41
 70
     1
102
RTVSPost2010Prop42
 90
       50
102
RTVSPost2010PropOp42
 70
     1
102
RTVSPost2010Prop43
 90
        3
102
RTVSPost2010PropOp43
 70
     1
102
RTVSPost2010Prop44ColorIndex
 90
        5
102
RTVSPost2010Prop44ColorRGB
 90
      255
102
RTVSPost2010PropOp44
 70
     1
102
RTVSPost2010Prop45
280
     0
102
RTVSPost2010PropOp45
 70
     1
102
RTVSPost2010Prop46
 90
       50
102
RTVSPost2010PropOp46
 70
     1
102
RTVSPost2010Prop47
 90
       50
102
RTVSPost2010PropOp47
 70
     1
102
RTVSPost2010Prop48
 90
       50
102
RTVSPost2010PropOp48
 70
     1
102
RTVSPost2010Prop49
280
     0
102
RTVSPost2010PropOp49
 70
     1
102
RTVSPost2010Prop50
 90
       50
102
RTVSPost2010PropOp50
 70
     1
102
RTVSPost2010Prop51ColorIndex
 90
      256
102
RTVSPost2010Prop51ColorRGB
 90
-16777216
102
RTVSPost2010PropOp51
 70
     0
102
RTVSPost2010Prop52
140
1.0
102
RTVSPost2010PropOp52
 70
     0
102
RTVSPost2010Prop53
 90
        2
102
RTVSPost2010PropOp53
 70
     1
102
RTVSPost2010Prop54
  1
strokes_ogs.tif
102
RTVSPost2010PropOp54
 70
     1
102
RTVSPost2010Prop55
280
     0
102
RTVSPost2010PropOp55
 70
     1
102
RTVSPost2010Prop56
140
1.0
102
RTVSPost2010PropOp56
 70
     1
102
RTVSPost2010Prop57
140
1.0
102
RTVSPost2010PropOp57
 70
     1
  0
XRECORD
  5
B24
102
{ACAD_REACTORS
330
B23
102
}
330
B23
100
AcDbXrecord
280
     1
102
RTVSPost2010Prop28
280
     0
102
RTVSPost2010PropOp28
 70
     1
102
RTVSPost2010Prop29
280
     1
102
RTVSPost2010PropOp29
 70
     1
102
RTVSPost2010Prop30
280
     1
102
RTVSPost2010PropOp30
 70
     1
102
RTVSPost2010Prop31
280
     0
102
RTVSPost2010PropOp31
 70
     1
102
RTVSPost2010Prop32
280
     0
102
RTVSPost2010PropOp32
 70
     1
102
RTVSPost2010Prop33
280
     0
102
RTVSPost2010PropOp33
 70
     1
102
RTVSPost2010Prop34
280
     0
102
RTVSPost2010PropOp34
 70
     1
102
RTVSPost2010Prop35
280
     0
102
RTVSPost2010PropOp35
 70
     1
102
RTVSPost2010Prop36
280
     0
102
RTVSPost2010PropOp36
 70
     1
102
RTVSPost2010Prop37
 90
       50
102
RTVSPost2010PropOp37
 70
     1
102
RTVSPost2010Prop38
140
0.0
102
RTVSPost2010PropOp38
 70
     1
102
RTVSPost2010Prop39
140
1.0
102
RTVSPost2010PropOp39
 70
     1
102
RTVSPost2010Prop40
 90
        0
102
RTVSPost2010PropOp40
 70
     1
102
RTVSPost2010Prop41ColorIndex
 90
       18
102
RTVSPost2010Prop41ColorRGB
 90
        0
102
RTVSPost2010PropOp41
 70
     1
102
RTVSPost2010Prop42
 90
       50
102
RTVSPost2010PropOp42
 70
     1
102
RTVSPost2010Prop43
 90
        3
102
RTVSPost2010PropOp43
 70
     1
102
RTVSPost2010Prop44ColorIndex
 90
        5
102
RTVSPost2010Prop44ColorRGB
 90
      255
102
RTVSPost2010PropOp44
 70
     1
102
RTVSPost2010Prop45
280
     0
102
RTVSPost2010PropOp45
 70
     1
102
RTVSPost2010Prop46
 90
       50
102
RTVSPost2010PropOp46
 70
     1
102
RTVSPost2010Prop47
 90
       50
102
RTVSPost2010PropOp47
 70
     1
102
RTVSPost2010Prop48
 90
       50
102
RTVSPost2010PropOp48
 70
     1
102
RTVSPost2010Prop49
280
     0
102
RTVSPost2010PropOp49
 70
     1
102
RTVSPost2010Prop50
 90
       50
102
RTVSPost2010PropOp50
 70
     1
102
RTVSPost2010Prop51ColorIndex
 90
      256
102
RTVSPost2010Prop51ColorRGB
 90
-16777216
102
RTVSPost2010PropOp51
 70
     0
102
RTVSPost2010Prop52
140
1.0
102
RTVSPost2010PropOp52
 70
     0
102
RTVSPost2010Prop53
 90
        2
102
RTVSPost2010PropOp53
 70
     1
102
RTVSPost2010Prop54
  1
strokes_ogs.tif
102
RTVSPost2010PropOp54
 70
     1
102
RTVSPost2010Prop55
280
     0
102
RTVSPost2010PropOp55
 70
     1
102
RTVSPost2010Prop56
140
1.0
102
RTVSPost2010PropOp56
 70
     1
102
RTVSPost2010Prop57
140
1.0
102
RTVSPost2010PropOp57
 70
     1
  0
XRECORD
  5
B44
102
{ACAD_REACTORS
330
B43
102
}
330
B43
100
AcDbXrecord
280
     1
102
RTVSPost2010Prop28
280
     0
102
RTVSPost2010PropOp28
 70
     1
102
RTVSPost2010Prop29
280
     1
102
RTVSPost2010PropOp29
 70
     1
102
RTVSPost2010Prop30
280
     1
102
RTVSPost2010PropOp30
 70
     1
102
RTVSPost2010Prop31
280
     0
102
RTVSPost2010PropOp31
 70
     1
102
RTVSPost2010Prop32
280
     0
102
RTVSPost2010PropOp32
 70
     1
102
RTVSPost2010Prop33
280
     0
102
RTVSPost2010PropOp33
 70
     1
102
RTVSPost2010Prop34
280
     0
102
RTVSPost2010PropOp34
 70
     1
102
RTVSPost2010Prop35
280
     0
102
RTVSPost2010PropOp35
 70
     1
102
RTVSPost2010Prop36
280
     0
102
RTVSPost2010PropOp36
 70
     1
102
RTVSPost2010Prop37
 90
       50
102
RTVSPost2010PropOp37
 70
     1
102
RTVSPost2010Prop38
140
0.0
102
RTVSPost2010PropOp38
 70
     1
102
RTVSPost2010Prop39
140
1.0
102
RTVSPost2010PropOp39
 70
     1
102
RTVSPost2010Prop40
 90
        0
102
RTVSPost2010PropOp40
 70
     1
102
RTVSPost2010Prop41ColorIndex
 90
       18
102
RTVSPost2010Prop41ColorRGB
 90
        0
102
RTVSPost2010PropOp41
 70
     1
102
RTVSPost2010Prop42
 90
       50
102
RTVSPost2010PropOp42
 70
     1
102
RTVSPost2010Prop43
 90
        3
102
RTVSPost2010PropOp43
 70
     1
102
RTVSPost2010Prop44ColorIndex
 90
        5
102
RTVSPost2010Prop44ColorRGB
 90
      255
102
RTVSPost2010PropOp44
 70
     1
102
RTVSPost2010Prop45
280
     0
102
RTVSPost2010PropOp45
 70
     1
102
RTVSPost2010Prop46
 90
       50
102
RTVSPost2010PropOp46
 70
     1
102
RTVSPost2010Prop47
 90
       50
102
RTVSPost2010PropOp47
 70
     1
102
RTVSPost2010Prop48
 90
       50
102
RTVSPost2010PropOp48
 70
     1
102
RTVSPost2010Prop49
280
     0
102
RTVSPost2010PropOp49
 70
     1
102
RTVSPost2010Prop50
 90
       50
102
RTVSPost2010PropOp50
 70
     1
102
RTVSPost2010Prop51ColorIndex
 90
      256
102
RTVSPost2010Prop51ColorRGB
 90
-16777216
102
RTVSPost2010PropOp51
 70
     0
102
RTVSPost2010Prop52
140
1.0
102
RTVSPost2010PropOp52
 70
     0
102
RTVSPost2010Prop53
 90
        2
102
RTVSPost2010PropOp53
 70
     1
102
RTVSPost2010Prop54
  1
strokes_ogs.tif
102
RTVSPost2010PropOp54
 70
     1
102
RTVSPost2010Prop55
280
     0
102
RTVSPost2010PropOp55
 70
     1
102
RTVSPost2010Prop56
140
1.0
102
RTVSPost2010PropOp56
 70
     1
102
RTVSPost2010Prop57
140
1.0
102
RTVSPost2010PropOp57
 70
     1
  0
ENDSEC
  0
EOF
